basin_id,horizon,MSE,MAE,NSE,RMSE
CA_15013,1,0.15298416,0.20507538,0.9303605556488037,0.39113188
CA_15013,2,0.25122347,0.2674492,0.8856295049190521,0.50122195
CA_15013,3,0.35066134,0.3217365,0.8403470814228058,0.59216666
CA_15013,4,0.43121424,0.35340118,0.8036501556634903,0.6566691
CA_15013,5,0.4874838,0.37565345,0.7780023068189621,0.6982004
CA_15013,6,0.53560066,0.39055932,0.7560464143753052,0.7318474
CA_15013,7,0.58931446,0.40671697,0.7315405309200287,0.7676682
CA_15013,8,0.62812066,0.42300755,0.7138131260871887,0.7925406
CA_15013,9,0.67174035,0.43446365,0.6938817203044891,0.81959766
CA_15013,10,0.6994454,0.44431445,0.6812002658843994,0.83632857
CA_15034,1,0.113175,0.15676078,0.9711375683546066,0.33641493
CA_15034,2,0.21131985,0.20607041,0.9461139738559723,0.4596954
CA_15034,3,0.33549684,0.2509119,0.9144599959254265,0.5792209
CA_15034,4,0.47920644,0.29622886,0.8778363317251205,0.6922474
CA_15034,5,0.6015831,0.3375583,0.8466598838567734,0.7756179
CA_15034,6,0.7134166,0.36390018,0.8181780576705933,0.8446399
CA_15034,7,0.7883581,0.38395855,0.7991038411855698,0.88789535
CA_15034,8,0.8528529,0.4048661,0.7826951146125793,0.92350036
CA_15034,9,0.89730626,0.41838166,0.7713951766490936,0.9472625
CA_15034,10,0.92580235,0.424853,0.7641616612672806,0.9621862
CA_15039,1,0.020604191,0.072525024,0.9472472742199898,0.1435416
CA_15039,2,0.035801265,0.09749234,0.9083261713385582,0.18921222
CA_15039,3,0.049095396,0.11687448,0.8742681294679642,0.22157481
CA_15039,4,0.060654618,0.13242999,0.8446446508169174,0.24628158
CA_15039,5,0.07030182,0.14539622,0.8199112415313721,0.2651449
CA_15039,6,0.077825114,0.15392753,0.8006127029657364,0.27897152
CA_15039,7,0.08324191,0.16153382,0.7867065668106079,0.28851673
CA_15039,8,0.08940165,0.16980426,0.7708928287029266,0.29900107
CA_15039,9,0.09097714,0.17254698,0.7668243497610092,0.30162418
CA_15039,10,0.09191616,0.17306629,0.7643862962722778,0.3031768
CA_15040,1,0.05405201,0.10780899,0.9752675648778677,0.23249088
CA_15040,2,0.080849856,0.1275081,0.9630024880170822,0.2843411
CA_15040,3,0.1103219,0.15212218,0.9495118036866188,0.33214742
CA_15040,4,0.14095032,0.17546383,0.9354899078607559,0.3754335
CA_15040,5,0.17287165,0.19899303,0.9208726286888123,0.41577837
CA_15040,6,0.20073783,0.21698853,0.9081079289317131,0.44803777
CA_15040,7,0.22588836,0.23233627,0.8965838104486465,0.47527713
CA_15040,8,0.24840803,0.2504433,0.8862630128860474,0.4984055
CA_15040,9,0.2637913,0.26054436,0.8792102485895157,0.5136062
CA_15040,10,0.27418506,0.2665522,0.874442845582962,0.52362686
CA_15044,1,0.11708023,0.1441287,0.9680832177400589,0.34216988
CA_15044,2,0.23208067,0.18644457,0.9367186576128006,0.4817475
CA_15044,3,0.34151405,0.22696711,0.9068577960133553,0.584392
CA_15044,4,0.4427055,0.26450253,0.8792324587702751,0.66536117
CA_15044,5,0.5286395,0.29935908,0.8557495176792145,0.727076
CA_15044,6,0.60286134,0.32634634,0.8354472070932388,0.77644145
CA_15044,7,0.65573376,0.35013324,0.820972129702568,0.8097739
CA_15044,8,0.6832364,0.36979273,0.8134063184261322,0.8265812
CA_15044,9,0.7171999,0.38367563,0.8040721863508224,0.84687656
CA_15044,10,0.735989,0.39595523,0.7988795340061188,0.857898
CA_15069,1,0.020033518,0.07928213,0.9798394627869129,0.14153981
CA_15069,2,0.014711803,0.073738374,0.9851949186995625,0.12129222
CA_15069,3,0.01584706,0.079693735,0.984052462503314,0.12588511
CA_15069,4,0.021094035,0.09014832,0.9787716623395681,0.14523786
CA_15069,5,0.030924829,0.108280644,0.9688774570822716,0.17585456
CA_15069,6,0.04275941,0.126166,0.9569660723209381,0.20678349
CA_15069,7,0.056193367,0.14444388,0.9434443786740303,0.2370514
CA_15069,8,0.07008103,0.16230538,0.9294653162360191,0.26472822
CA_15069,9,0.09422782,0.18854783,0.9051639065146446,0.3069655
CA_15069,10,0.11481342,0.20856127,0.8844474628567696,0.3388413
CA_15070,1,0.050255954,0.12800357,0.98317014798522,0.2241784
CA_15070,2,0.07630698,0.1641639,0.9743700232356787,0.27623716
CA_15070,3,0.11594951,0.20064062,0.9609384536743164,0.3405136
CA_15070,4,0.14943823,0.2253209,0.9495055042207241,0.38657242
CA_15070,5,0.18977505,0.25044936,0.9357025399804115,0.43563178
CA_15070,6,0.23287871,0.27349132,0.9208845496177673,0.4825751
CA_15070,7,0.274551,0.29591396,0.9064732491970062,0.52397615
CA_15070,8,0.3145548,0.31849882,0.8926160261034966,0.5608519
CA_15070,9,0.35404283,0.34063762,0.8788754120469093,0.595015
CA_15070,10,0.39489603,0.3618708,0.8646071702241898,0.62840754
CA_15081,1,0.031601913,0.09623987,0.9761899169534445,0.17776927
CA_15081,2,0.059154786,0.13047126,0.9554330445826054,0.24321757
CA_15081,3,0.080876954,0.15376373,0.9390710294246674,0.28438875
CA_15081,4,0.09511466,0.1709459,0.9283489063382149,0.30840665
CA_15081,5,0.10973624,0.18617918,0.9173413813114166,0.33126462
CA_15081,6,0.1238359,0.19932689,0.9067248180508614,0.35190326
CA_15081,7,0.13343744,0.20953852,0.8994845002889633,0.3652909
CA_15081,8,0.14293231,0.22158547,0.8923307284712791,0.3780639
CA_15081,9,0.15503363,0.23153037,0.8832092732191086,0.3937431
CA_15081,10,0.16408634,0.24013807,0.8763836026191711,0.40507573
CA_15083,1,0.09511847,0.16465977,0.9680649563670158,0.30841282
CA_15083,2,0.174176,0.21833126,0.941515326499939,0.41734397
CA_15083,3,0.24074931,0.25153247,0.9191518798470497,0.49066213
CA_15083,4,0.287368,0.27423155,0.9034814089536667,0.5360672
CA_15083,5,0.33296502,0.30007368,0.8881492540240288,0.5770312
CA_15083,6,0.37953064,0.3256755,0.872486874461174,0.61606055
CA_15083,7,0.4179652,0.34429687,0.859551876783371,0.64650226
CA_15083,8,0.44866195,0.3626644,0.8492092788219452,0.66982234
CA_15083,9,0.48593,0.38306096,0.8366539478302002,0.6970868
CA_15083,10,0.5311432,0.40143543,0.8214343935251236,0.7287957
CA_15090,1,0.12973672,0.21535121,0.9465666636824608,0.36018986
CA_15090,2,0.2320397,0.28408438,0.9044935554265976,0.481705
CA_15090,3,0.3337502,0.3352379,0.8627116233110428,0.57771116
CA_15090,4,0.42117754,0.37404135,0.8268511742353439,0.6489819
CA_15090,5,0.500777,0.407777,0.7942425608634949,0.70765597
CA_15090,6,0.5958763,0.44480026,0.7553054243326187,0.7719302
CA_15090,7,0.6773786,0.47181582,0.7219921350479126,0.8230301
CA_15090,8,0.73410106,0.48386577,0.698880523443222,0.856797
CA_15090,9,0.7856994,0.49873123,0.6778952479362488,0.8863969
CA_15090,10,0.84428984,0.521754,0.6540685296058655,0.91885245
CA_15194,1,0.043451432,0.11735023,0.9795867837965488,0.20845006
CA_15194,2,0.07026134,0.14611109,0.9669916555285454,0.26506856
CA_15194,3,0.092578866,0.166845,0.9565077647566795,0.30426776
CA_15194,4,0.11368839,0.180948,0.9465926103293896,0.3371771
CA_15194,5,0.13841495,0.19974709,0.9349789991974831,0.37204158
CA_15194,6,0.16142933,0.21595474,0.9241709932684898,0.4017827
CA_15194,7,0.1827233,0.23011097,0.9141704887151718,0.42746145
CA_15194,8,0.2039478,0.24566685,0.9042047411203384,0.4516058
CA_15194,9,0.22228438,0.2576958,0.895594410598278,0.47147045
CA_15194,10,0.23899163,0.26534852,0.8877497613430023,0.4888677
CA_15214,1,0.024587644,0.08634346,0.9861593879759312,0.15680447
CA_15214,2,0.03314149,0.09795678,0.9813439138233662,0.18204804
CA_15214,3,0.05136539,0.12038095,0.9710840694606304,0.22663935
CA_15214,4,0.070250705,0.13867433,0.9604510217905045,0.2650485
CA_15214,5,0.09004546,0.1597417,0.9493044577538967,0.30007577
CA_15214,6,0.108972624,0.17610353,0.9386451654136181,0.33011
CA_15214,7,0.12601517,0.19234142,0.9290458709001541,0.35498616
CA_15214,8,0.14318997,0.21013135,0.9193710759282112,0.3784045
CA_15214,9,0.16434024,0.2271583,0.907456561923027,0.405389
CA_15214,10,0.18035641,0.23901568,0.8984320387244225,0.4246839
CA_15216,1,0.044109497,0.10707776,0.9798960983753204,0.21002261
CA_15216,2,0.09026891,0.14411333,0.9588763192296028,0.30044785
CA_15216,3,0.13610217,0.1790735,0.9380237907171249,0.36892027
CA_15216,4,0.17922075,0.20595266,0.9184253811836243,0.42334473
CA_15216,5,0.21208264,0.230338,0.9035058543086052,0.46052432
CA_15216,6,0.2365422,0.24556981,0.892390638589859,0.48635605
CA_15216,7,0.25419992,0.25852686,0.8843319043517113,0.50418246
CA_15216,8,0.2754171,0.27161744,0.8746419996023178,0.52480197
CA_15216,9,0.29989272,0.2877168,0.8634534180164337,0.54762465
CA_15216,10,0.32108784,0.30006745,0.8537079840898514,0.56664616
CA_15259,1,0.007558903,0.04947601,0.9517819583415985,0.08694195
CA_15259,2,0.013698687,0.06425123,0.9126630127429962,0.11704139
CA_15259,3,0.018730646,0.076336086,0.8806347772479057,0.13685995
CA_15259,4,0.022876967,0.0855943,0.8542655408382416,0.15125133
CA_15259,5,0.026960643,0.09481768,0.8283172696828842,0.16419697
CA_15259,6,0.031199498,0.10302807,0.80140121281147,0.17663379
CA_15259,7,0.034537107,0.108406685,0.7802826017141342,0.18584162
CA_15259,8,0.038239285,0.115184836,0.7568462044000626,0.19554868
CA_15259,9,0.042889938,0.12382318,0.7273723483085632,0.20709886
CA_15259,10,0.04770321,0.1301879,0.6968807280063629,0.21841064
CA_15283,1,0.02877019,0.090472095,0.9836663547903299,0.16961777
CA_15283,2,0.04962245,0.11332512,0.9718281198292971,0.22276098
CA_15283,3,0.07999489,0.14057907,0.9545852318406105,0.28283367
CA_15283,4,0.11058114,0.16395031,0.9372199699282646,0.3325374
CA_15283,5,0.1343183,0.18505941,0.9237427115440369,0.36649463
CA_15283,6,0.15615039,0.2009723,0.9113467186689377,0.39515868
CA_15283,7,0.17635591,0.21285136,0.8998738676309586,0.4199475
CA_15283,8,0.19323836,0.22452572,0.8902874290943146,0.43958884
CA_15283,9,0.2159781,0.23668021,0.8773743286728859,0.46473444
CA_15283,10,0.23673858,0.24704705,0.8655871599912643,0.4865579
CA_15285,1,0.008987795,0.05348739,0.9884437099099159,0.09480398
CA_15285,2,0.010480306,0.05923213,0.986523556523025,0.10237337
CA_15285,3,0.01462652,0.06863048,0.9811904467642307,0.12094015
CA_15285,4,0.01899591,0.07563447,0.9755694232881069,0.13782565
CA_15285,5,0.025451466,0.08751,0.9672642350196838,0.15953515
CA_15285,6,0.03231515,0.0974214,0.9584326781332493,0.17976415
CA_15285,7,0.03864491,0.10537471,0.950287826359272,0.19658309
CA_15285,8,0.04452835,0.1141611,0.9427162148058414,0.21101741
CA_15285,9,0.053481884,0.12288769,0.931193970143795,0.2312615
CA_15285,10,0.06128732,0.12891786,0.9211475700139999,0.24756277
CA_15287,1,0.0068315933,0.04293256,0.9818100463598967,0.082653455
CA_15287,2,0.0113643315,0.05289757,0.9697394091635942,0.106603615
CA_15287,3,0.016396374,0.062537454,0.9563378468155861,0.12804833
CA_15287,4,0.020901427,0.07108266,0.9443382136523724,0.14457326
CA_15287,5,0.025934668,0.07962109,0.9309305846691132,0.16104244
CA_15287,6,0.03031581,0.08645843,0.919258251786232,0.17411436
CA_15287,7,0.034839876,0.09363893,0.9072039723396301,0.18665443
CA_15287,8,0.03937813,0.10123295,0.8951090276241302,0.19843923
CA_15287,9,0.043916304,0.10660897,0.8830126225948334,0.20956217
CA_15287,10,0.048204377,0.11100053,0.8715808540582657,0.21955495
CA_16100,1,0.029596984,0.097517826,0.9818959720432758,0.17203774
CA_16100,2,0.03916207,0.113461964,0.9760449919849634,0.19789408
CA_16100,3,0.060441196,0.13989249,0.9630285277962685,0.24584791
CA_16100,4,0.08878882,0.16251722,0.9456888474524021,0.29797453
CA_16100,5,0.1176446,0.1818341,0.9280385673046112,0.3429936
CA_16100,6,0.14635968,0.19736399,0.9104745984077454,0.38256985
CA_16100,7,0.17214362,0.21287535,0.8947052359580994,0.41490194
CA_16100,8,0.19346811,0.22619653,0.8816641643643379,0.4398501
CA_16100,9,0.21243204,0.23710085,0.8700674325227737,0.4609035
CA_16100,10,0.23211613,0.246475,0.8580307364463806,0.4817843
CA_16101,1,0.003603721,0.04017428,0.9817765392363071,0.060031
CA_16101,2,0.005494652,0.047012214,0.9722243621945381,0.074125916
CA_16101,3,0.007746309,0.05533088,0.9608562104403973,0.08801312
CA_16101,4,0.010246834,0.06298495,0.9482408203184605,0.10122664
CA_16101,5,0.012998098,0.07136117,0.9343692660331726,0.1140092
CA_16101,6,0.01530973,0.07776874,0.9227275177836418,0.12373249
CA_16101,7,0.017703675,0.08430932,0.9106795787811279,0.13305515
CA_16101,8,0.019597368,0.09144901,0.9011640101671219,0.1399906
CA_16101,9,0.020969717,0.09307871,0.8942896127700806,0.14480925
CA_16101,10,0.022038335,0.09543023,0.888951763510704,0.14845315
CA_16105,1,0.0068699145,0.047113385,0.9821345806121826,0.082884945
CA_16105,2,0.013026788,0.055785514,0.9661094546318054,0.11413495
CA_16105,3,0.021191692,0.06614653,0.9448448233306408,0.14557366
CA_16105,4,0.028830817,0.07387341,0.9249315932393074,0.16979639
CA_16105,5,0.035437457,0.0817065,0.9076913148164749,0.1882484
CA_16105,6,0.0420697,0.08896756,0.8903700336813927,0.205109
CA_16105,7,0.04840159,0.09601,0.8738173842430115,0.22000362
CA_16105,8,0.054048534,0.1029506,0.859037384390831,0.2324834
CA_16105,9,0.060667187,0.10933096,0.8417097628116608,0.2463071
CA_16105,10,0.06761478,0.11656943,0.8235091120004654,0.26002842
CA_16153,1,0.0024850487,0.034432806,0.9788871444761753,0.049850263
CA_16153,2,0.0037597553,0.039563805,0.9680469036102295,0.061316844
CA_16153,3,0.0054814112,0.046499103,0.953399870544672,0.07403655
CA_16153,4,0.0075636203,0.05371608,0.9356770515441895,0.08696908
CA_16153,5,0.010437881,0.06152844,0.9112046733498573,0.102165945
CA_16153,6,0.014266702,0.07032743,0.8785974457859993,0.119443305
CA_16153,7,0.017376961,0.07595637,0.8520876169204712,0.1318217
CA_16153,8,0.019290121,0.07863958,0.8357549756765366,0.13888888
CA_16153,9,0.021866025,0.08592844,0.813768282532692,0.14787166
CA_16153,10,0.024520418,0.089721106,0.7910870611667633,0.15658997
CA_16158,1,0.031973764,0.09398353,0.9769810605794191,0.17881209
CA_16158,2,0.05815268,0.12592213,0.9581319317221642,0.24114867
CA_16158,3,0.09372096,0.15797333,0.9325205460190773,0.30613878
CA_16158,4,0.12763649,0.18335201,0.9080966711044312,0.3572625
CA_16158,5,0.15582836,0.20261411,0.8877918273210526,0.394751
CA_16158,6,0.1798881,0.2170968,0.8704605400562286,0.42413217
CA_16158,7,0.19846934,0.22877483,0.8570728451013565,0.44549897
CA_16158,8,0.21711129,0.24249065,0.8436401039361954,0.46595204
CA_16158,9,0.23152538,0.25157782,0.833251029253006,0.48117083
CA_16158,10,0.24309875,0.2579098,0.8249069303274155,0.49305046
CA_16159,1,0.002909555,0.025383295,0.8506058603525162,0.053940292
CA_16159,2,0.004814903,0.033498947,0.7527738213539124,0.0693895
CA_16159,3,0.0063276053,0.03961367,0.6751124560832977,0.07954624
CA_16159,4,0.007454858,0.044801608,0.6172459721565247,0.08634152
CA_16159,5,0.008400808,0.049422875,0.5686913430690765,0.091655925
CA_16159,6,0.009248829,0.05240281,0.5251527726650238,0.096170835
CA_16159,7,0.010081654,0.055358853,0.4823944568634033,0.100407444
CA_16159,8,0.011094213,0.059469953,0.4304257035255432,0.105329074
CA_16159,9,0.0118665835,0.062087175,0.3908175826072693,0.10893385
CA_16159,10,0.012442822,0.064387664,0.36125534772872925,0.111547396
CA_16160,1,0.02116961,0.08125791,0.9788907486945391,0.1454978
CA_16160,2,0.03791533,0.10488763,0.9621911384165287,0.1947186
CA_16160,3,0.05733563,0.12913227,0.9428228922188282,0.23944859
CA_16160,4,0.07665591,0.14979218,0.9235514476895332,0.27686805
CA_16160,5,0.09561787,0.17081589,0.904635064303875,0.3092214
CA_16160,6,0.10915518,0.18547472,0.8911288380622864,0.3303864
CA_16160,7,0.121970914,0.1974675,0.8783411756157875,0.34924334
CA_16160,8,0.13786425,0.21159953,0.8624837249517441,0.37130076
CA_16160,9,0.14645545,0.21779115,0.8539090901613235,0.382695
CA_16160,10,0.1543329,0.2215043,0.8460471928119659,0.39285228
CA_16161,1,0.033197068,0.091839254,0.9744157027453184,0.18220063
CA_16161,2,0.06436215,0.12045345,0.9504002220928669,0.25369698
CA_16161,3,0.09234835,0.14587931,0.9288370832800865,0.3038887
CA_16161,4,0.120254494,0.1681976,0.9073380753397942,0.3467773
CA_16161,5,0.14740969,0.18952724,0.8864201158285141,0.3839397
CA_16161,6,0.17455645,0.20801662,0.8655110150575638,0.41779953
CA_16161,7,0.19953327,0.22533977,0.8462760299444199,0.44669148
CA_16161,8,0.21995433,0.2408495,0.8305528908967972,0.4689929
CA_16161,9,0.2363782,0.25132635,0.8179106712341309,0.4861874
CA_16161,10,0.25420132,0.26155558,0.804192066192627,0.5041838
CA_16176,1,0.021616632,0.07657656,0.9844646761193871,0.14702596
CA_16176,2,0.042486347,0.101471476,0.969467006623745,0.20612216
CA_16176,3,0.07208729,0.12877487,0.9481956176459789,0.26849076
CA_16176,4,0.103491515,0.15259719,0.9256295785307884,0.32170096
CA_16176,5,0.12971237,0.17163189,0.9067895263433456,0.36015603
CA_16176,6,0.1540064,0.18540777,0.8893351033329964,0.3924365
CA_16176,7,0.17793196,0.199608,0.8721464276313782,0.42181984
CA_16176,8,0.19894111,0.21308413,0.8570542931556702,0.44602814
CA_16176,9,0.22038163,0.22308367,0.8416530340909958,0.4694482
CA_16176,10,0.24135871,0.23307875,0.8265856057405472,0.49128273
CA_16205,1,0.011377178,0.05871545,0.9809392802417278,0.10666385
CA_16205,2,0.01776682,0.07231092,0.9702321533113718,0.13329224
CA_16205,3,0.027474796,0.087481044,0.953962717205286,0.16575523
CA_16205,4,0.037117653,0.10034238,0.9378007873892784,0.19265942
CA_16205,5,0.046006408,0.11251663,0.9228997603058815,0.21449104
CA_16205,6,0.053707566,0.121117316,0.909987673163414,0.23174892
CA_16205,7,0.061168246,0.13009632,0.8974779322743416,0.24732216
CA_16205,8,0.06679613,0.13863772,0.8880388289690018,0.25844947
CA_16205,9,0.07241014,0.1453175,0.8786230310797691,0.2690913
CA_16205,10,0.07681949,0.14970294,0.8712268769741058,0.2771633
CA_17288,1,0.017370904,0.089838,0.984304565936327,0.13179873
CA_17288,2,0.020019004,0.092426054,0.9819034598767757,0.14148854
CA_17288,3,0.026214873,0.10268853,0.9762791283428669,0.16191007
CA_17288,4,0.033456393,0.114931926,0.9696802441030741,0.18291089
CA_17288,5,0.042050272,0.12811694,0.9618181809782982,0.20506163
CA_17288,6,0.05048945,0.14113197,0.9540729261934757,0.22469857
CA_17288,7,0.05960451,0.15340339,0.9456891492009163,0.24414036
CA_17288,8,0.06882009,0.16731228,0.9371714740991592,0.26233584
CA_17288,9,0.07537833,0.17456986,0.9310429468750954,0.27455115
CA_17288,10,0.08150562,0.18269797,0.9252778440713882,0.28549188
CA_17325,1,0.045168146,0.10351917,0.9860587911680341,0.21252799
CA_17325,2,0.040177792,0.10392637,0.9875985067337751,0.20044398
CA_17325,3,0.05450392,0.122075334,0.9831757731735706,0.23346075
CA_17325,4,0.07420679,0.14032465,0.977092869579792,0.27240923
CA_17325,5,0.10154152,0.1629803,0.9686535261571407,0.3186558
CA_17325,6,0.13340436,0.18500027,0.9588161893188953,0.3652456
CA_17325,7,0.16465479,0.20601106,0.9491663798689842,0.40577677
CA_17325,8,0.18979587,0.22122207,0.9414025694131851,0.43565568
CA_17325,9,0.21282335,0.23517409,0.9342910349369049,0.46132782
CA_17325,10,0.24506128,0.2524971,0.9243349581956863,0.49503663
CA_17338,1,0.02639426,0.07183298,0.9579206593334675,0.1624631
CA_17338,2,0.029533269,0.0822809,0.9529123231768608,0.17185247
CA_17338,3,0.034558777,0.092588924,0.9448950737714767,0.18589991
CA_17338,4,0.03855068,0.09999533,0.9385247342288494,0.19634327
CA_17338,5,0.043518126,0.10680939,0.9305975288152695,0.20860998
CA_17338,6,0.04800566,0.11337391,0.9234363287687302,0.21910194
CA_17338,7,0.05125696,0.117034756,0.9182489067316055,0.2264
CA_17338,8,0.054991268,0.1212765,0.9122886657714844,0.23450217
CA_17338,9,0.059961416,0.1266273,0.9043463915586472,0.2448702
CA_17338,10,0.06361222,0.13107562,0.8985174745321274,0.25221464
CH_2009,1,0.21112373,0.30959955,0.9209206253290176,0.459482
CH_2009,2,0.36762625,0.4193814,0.8623489588499069,0.60632193
CH_2009,3,0.4727571,0.4818429,0.823047086596489,0.6875733
CH_2009,4,0.54018074,0.5185667,0.7979203462600708,0.7349699
CH_2009,5,0.59088814,0.54978514,0.7790627926588058,0.7686925
CH_2009,6,0.6138919,0.560083,0.770541787147522,0.78351253
CH_2009,7,0.6407126,0.5734498,0.7605880349874496,0.80044526
CH_2009,8,0.6968579,0.60737514,0.7397556900978088,0.83478016
CH_2009,9,0.7471247,0.62860996,0.7211125195026398,0.86436373
CH_2009,10,0.7912348,0.6434114,0.7048453986644745,0.8895138
CH_2011,1,0.18655708,0.2488111,0.9538625814020634,0.43192255
CH_2011,2,0.29546666,0.32399538,0.926923044025898,0.54356843
CH_2011,3,0.3854706,0.38228348,0.9046687483787537,0.6208628
CH_2011,4,0.48383412,0.4335306,0.8803528323769569,0.69558185
CH_2011,5,0.5524661,0.4655748,0.8633956611156464,0.74328065
CH_2011,6,0.59889865,0.48579872,0.8519209027290344,0.7738854
CH_2011,7,0.63215244,0.503606,0.8437039107084274,0.7950801
CH_2011,8,0.6851642,0.5319264,0.8306060582399368,0.82774645
CH_2011,9,0.7312093,0.5509454,0.8192307651042938,0.8551078
CH_2011,10,0.7764887,0.5636404,0.8080622553825378,0.88118595
CH_2016,1,0.07221314,0.1771637,0.9292491152882576,0.26872504
CH_2016,2,0.1677586,0.27699763,0.8354988247156143,0.40958345
CH_2016,3,0.25882524,0.355683,0.7460699379444122,0.5087487
CH_2016,4,0.35031563,0.4209412,0.656193882226944,0.59187466
CH_2016,5,0.42978567,0.47315103,0.5779670178890228,0.6555804
CH_2016,6,0.49113986,0.512296,0.5170660018920898,0.7008137
CH_2016,7,0.5374036,0.5414519,0.47077256441116333,0.7330782
CH_2016,8,0.57886934,0.5721172,0.429229736328125,0.76083463
CH_2016,9,0.6103541,0.593232,0.3977537751197815,0.78125167
CH_2016,10,0.6342458,0.6081743,0.37397050857543945,0.79639554
CH_2018,1,0.22938217,0.2735492,0.9249391108751297,0.47893858
CH_2018,2,0.4726705,0.40179354,0.8453702330589294,0.6875104
CH_2018,3,0.6504498,0.4932561,0.7871900200843811,0.80650467
CH_2018,4,0.78202045,0.5669719,0.7441025674343109,0.8843192
CH_2018,5,0.90058315,0.6249499,0.7052676975727081,0.9489906
CH_2018,6,0.9864385,0.66812146,0.6771759390830994,0.9931961
CH_2018,7,1.0623442,0.7113926,0.6523453593254089,1.0307008
CH_2018,8,1.137686,0.75290966,0.6277016401290894,1.0666237
CH_2018,9,1.2071191,0.78626436,0.6049895286560059,1.0986897
CH_2018,10,1.2563235,0.8078049,0.5889047980308533,1.1208583
CH_2019,1,2.1883078,0.93743587,0.8328187316656113,1.479293
CH_2019,2,3.0345855,1.13223,0.7681154757738113,1.7420062
CH_2019,3,3.3681452,1.2182856,0.7425402402877808,1.8352507
CH_2019,4,3.4800255,1.2404431,0.7338850200176239,1.8654827
CH_2019,5,3.7474315,1.3112395,0.7133750021457672,1.9358283
CH_2019,6,3.711483,1.2999856,0.7160519957542419,1.926521
CH_2019,7,3.7478497,1.2966044,0.7132035195827484,1.9359363
CH_2019,8,3.9906871,1.3660185,0.6945658624172211,1.9976704
CH_2019,9,4.0891614,1.3871555,0.6869190037250519,2.0221674
CH_2019,10,4.2669077,1.4209787,0.6732191741466522,2.0656495
CH_2020,1,2.993771,0.6297689,0.6607471704483032,1.7302518
CH_2020,2,5.280047,0.8271657,0.40150541067123413,2.2978354
CH_2020,3,5.966999,0.90839726,0.3235161304473877,2.4427443
CH_2020,4,6.3543196,0.9929963,0.27947288751602173,2.5207775
CH_2020,5,6.5878224,1.0469095,0.25284916162490845,2.5666754
CH_2020,6,6.6835012,1.0726475,0.24183934926986694,2.5852468
CH_2020,7,6.7944527,1.0946956,0.2290460467338562,2.606617
CH_2020,8,6.8843527,1.1307524,0.21863895654678345,2.623805
CH_2020,9,7.1014037,1.1556629,0.19379472732543945,2.664846
CH_2020,10,7.234966,1.1785218,0.17842978239059448,2.689789
CH_2024,1,0.30019876,0.36425185,0.9259008690714836,0.54790395
CH_2024,2,0.49672723,0.4859972,0.8774065598845482,0.7047888
CH_2024,3,0.64705175,0.5621547,0.8403606563806534,0.80439526
CH_2024,4,0.7571073,0.6117767,0.8132822215557098,0.87011915
CH_2024,5,0.8401986,0.6516367,0.7928557395935059,0.9166235
CH_2024,6,0.8861566,0.6693534,0.7815455943346024,0.9413589
CH_2024,7,0.9315195,0.68517345,0.7704022377729416,0.96515256
CH_2024,8,1.0251869,0.7293642,0.7474249005317688,1.0125152
CH_2024,9,1.1112573,0.7552405,0.7263023853302002,1.0541619
CH_2024,10,1.1859998,0.7815082,0.708049476146698,1.0890361
CH_2033,1,1.7220018,0.59017164,0.7802955210208893,1.3122506
CH_2033,2,2.8832412,0.75950086,0.6321538388729095,1.6980109
CH_2033,3,3.2781866,0.8542152,0.5817992985248566,1.8105763
CH_2033,4,3.5302713,0.9193184,0.5496208667755127,1.8789016
CH_2033,5,3.6978784,0.9742021,0.5282870531082153,1.9229869
CH_2033,6,3.8251064,0.9990558,0.5120755434036255,1.9557879
CH_2033,7,3.9153728,1.0206116,0.5005583465099335,1.9787301
CH_2033,8,4.019309,1.0491638,0.4873563051223755,2.0048215
CH_2033,9,4.1146483,1.0655673,0.4752916693687439,2.0284595
CH_2033,10,4.2141924,1.0758812,0.46267616748809814,2.0528498
CH_2053,1,0.039933834,0.12163438,0.9453755803406239,0.19983451
CH_2053,2,0.06300006,0.15659511,0.9138540551066399,0.25099814
CH_2053,3,0.076976955,0.1802409,0.894768550992012,0.27744722
CH_2053,4,0.0898072,0.19707868,0.8772684633731842,0.2996785
CH_2053,5,0.09764783,0.20662092,0.8665720522403717,0.31248653
CH_2053,6,0.102409855,0.20862283,0.8600865006446838,0.3200154
CH_2053,7,0.10792387,0.21283898,0.8525955975055695,0.32851768
CH_2053,8,0.12200298,0.23201022,0.8334237784147263,0.34928924
CH_2053,9,0.13066328,0.24255097,0.8216621428728104,0.36147377
CH_2053,10,0.14095423,0.2536056,0.8076863586902618,0.37543872
CH_2056,1,1.5073348,0.5359829,0.8689848929643631,1.2277356
CH_2056,2,2.5581517,0.73581487,0.7776003479957581,1.5994223
CH_2056,3,2.999191,0.8476122,0.7391877174377441,1.7318172
CH_2056,4,3.2874248,0.91975904,0.7140530347824097,1.8131257
CH_2056,5,3.4236557,0.9584506,0.7021288275718689,1.8503124
CH_2056,6,3.4938283,0.9731146,0.6959539949893951,1.8691785
CH_2056,7,3.57604,0.98804235,0.6887201070785522,1.891042
CH_2056,8,3.633645,1.0073944,0.6836283504962921,1.9062122
CH_2056,9,3.70786,1.0244594,0.6770950555801392,1.9255804
CH_2056,10,3.8106704,1.0329969,0.6680674850940704,1.9520938
CH_2063,1,0.080282494,0.18572573,0.933506652712822,0.28334165
CH_2063,2,0.18065494,0.2887769,0.8502681851387024,0.42503524
CH_2063,3,0.28809702,0.3756429,0.7610840946435928,0.5367467
CH_2063,4,0.39900747,0.4486659,0.6689963042736053,0.63167036
CH_2063,5,0.49636713,0.5059755,0.588011771440506,0.7045333
CH_2063,6,0.5711961,0.5497159,0.5253584682941437,0.75577515
CH_2063,7,0.628792,0.58443254,0.47681689262390137,0.79296404
CH_2063,8,0.6808083,0.61937284,0.4329070448875427,0.8251111
CH_2063,9,0.71990275,0.6425089,0.40000802278518677,0.8484708
CH_2063,10,0.7503432,0.6598605,0.37449830770492554,0.8662235
CH_2067,1,0.480354,0.4702731,0.8635748326778412,0.6930758
CH_2067,2,0.6949761,0.5432866,0.8026447743177414,0.83365226
CH_2067,3,0.8266891,0.58559465,0.7653543949127197,0.90922445
CH_2067,4,0.88451475,0.5966391,0.7490104138851166,0.94048643
CH_2067,5,1.0066735,0.6454286,0.7143661379814148,1.0033312
CH_2067,6,1.0385448,0.65419644,0.7053267955780029,1.0190902
CH_2067,7,1.0119575,0.63995945,0.7130145728588104,1.005961
CH_2067,8,1.1203833,0.681365,0.6823887228965759,1.0584816
CH_2067,9,1.1652242,0.6872081,0.6697215139865875,1.0794555
CH_2067,10,1.225521,0.71086633,0.6527910530567169,1.1070325
CH_2078,1,0.61046034,0.3638934,0.8416722863912582,0.7813196
CH_2078,2,1.045343,0.47777724,0.7288932502269745,1.0224202
CH_2078,3,1.2856824,0.5411185,0.6666215062141418,1.1338794
CH_2078,4,1.4242772,0.59549713,0.6307958960533142,1.1934309
CH_2078,5,1.5054314,0.6261244,0.6095803380012512,1.2269602
CH_2078,6,1.5617417,0.65054,0.59482741355896,1.2496966
CH_2078,7,1.5966511,0.67482543,0.585602343082428,1.2635866
CH_2078,8,1.6447004,0.7107601,0.5729704797267914,1.2824588
CH_2078,9,1.7097476,0.7312322,0.5559238195419312,1.3075732
CH_2078,10,1.7652576,0.7469102,0.5413514673709869,1.32863
CH_2084,1,5.084971,1.0661414,0.7277680337429047,2.254988
CH_2084,2,8.573824,1.4757028,0.5409757494926453,2.9281092
CH_2084,3,10.099698,1.7073275,0.4592140316963196,3.178002
CH_2084,4,10.970767,1.8437753,0.41249406337738037,3.3122149
CH_2084,5,11.46816,1.9378798,0.38578641414642334,3.3864672
CH_2084,6,11.782145,2.0023818,0.3688824772834778,3.4325128
CH_2084,7,11.819146,2.0282364,0.36692720651626587,3.4378984
CH_2084,8,11.924556,2.0670123,0.36124008893966675,3.453195
CH_2084,9,12.067132,2.1014128,0.3535943031311035,3.4737778
CH_2084,10,12.016132,2.123324,0.35630863904953003,3.4664292
CH_2085,1,0.1965713,0.30467364,0.8959331065416336,0.44336364
CH_2085,2,0.3733043,0.42603737,0.8023673892021179,0.61098635
CH_2085,3,0.5227068,0.50497395,0.723272830247879,0.7229847
CH_2085,4,0.6288853,0.5629256,0.6671375334262848,0.79302293
CH_2085,5,0.7111017,0.6105088,0.6237532198429108,0.84326845
CH_2085,6,0.76397616,0.6330393,0.5959362089633942,0.8740573
CH_2085,7,0.7987943,0.6471972,0.5775752663612366,0.89375293
CH_2085,8,0.83568233,0.6682925,0.5581337809562683,0.9141566
CH_2085,9,0.87192583,0.68264806,0.5391226410865784,0.9337697
CH_2085,10,0.8941665,0.69469744,0.5276999175548553,0.9456038
CH_2087,1,3.4732053,0.5648778,0.7301746010780334,1.8636538
CH_2087,2,5.1720967,0.7388535,0.598157525062561,2.2742245
CH_2087,3,5.7166157,0.82333165,0.55581334233284,2.3909445
CH_2087,4,6.0560575,0.87642294,0.5294104516506195,2.4609058
CH_2087,5,6.2595415,0.9147032,0.5135667324066162,2.5019076
CH_2087,6,6.434881,0.9448209,0.4999083876609802,2.5367067
CH_2087,7,6.6416054,0.97384006,0.48379814624786377,2.5771313
CH_2087,8,6.778327,0.9930608,0.4731345772743225,2.603522
CH_2087,9,6.87054,1.0006282,0.465925931930542,2.6211715
CH_2087,10,7.025752,1.0178304,0.4538280963897705,2.6506135
CH_2091,1,0.04961469,0.1409441,0.9457827880978584,0.22274356
CH_2091,2,0.13270396,0.2215133,0.8549477308988571,0.36428556
CH_2091,3,0.1986464,0.28389364,0.7828555256128311,0.44569767
CH_2091,4,0.25193325,0.33288932,0.7246247231960297,0.5019295
CH_2091,5,0.29968637,0.3743323,0.6723967492580414,0.5474362
CH_2091,6,0.33967692,0.4081679,0.6285690367221832,0.5828181
CH_2091,7,0.37251765,0.43454063,0.592543751001358,0.61034226
CH_2091,8,0.40175447,0.45969152,0.56051304936409,0.63384104
CH_2091,9,0.42837298,0.47869083,0.5314048826694489,0.6545021
CH_2091,10,0.4451739,0.49271333,0.5131250321865082,0.6672135
CH_2109,1,1.6178596,0.6154836,0.8822313025593758,1.2719511
CH_2109,2,2.1623619,0.75976056,0.8425839245319366,1.4704971
CH_2109,3,2.5355818,0.87021935,0.8153669238090515,1.5923511
CH_2109,4,2.8978245,0.95799065,0.7889502048492432,1.7022998
CH_2109,5,3.1365964,1.018969,0.7715372145175934,1.7710439
CH_2109,6,3.222998,1.0571696,0.7652293145656586,1.795271
CH_2109,7,3.3083775,1.0913539,0.7589928656816483,1.8188946
CH_2109,8,3.3353012,1.1311253,0.7570150047540665,1.8262807
CH_2109,9,3.4623964,1.1583345,0.7477424442768097,1.8607515
CH_2109,10,3.485714,1.1702187,0.7460306286811829,1.8670067
CH_2110,1,0.30107167,0.30904627,0.9179851859807968,0.5487
CH_2110,2,0.53979397,0.43917558,0.8530031442642212,0.7347067
CH_2110,3,0.73422956,0.5322237,0.8000440895557404,0.85687196
CH_2110,4,0.89942545,0.613495,0.7550327926874161,0.9483804
CH_2110,5,1.0416769,0.67519975,0.7162815928459167,1.0206257
CH_2110,6,1.1540788,0.72549367,0.6856988966464996,1.0742806
CH_2110,7,1.2454569,0.7745265,0.6608420312404633,1.1160004
CH_2110,8,1.3301514,0.81502104,0.6378042995929718,1.1533219
CH_2110,9,1.408113,0.85226154,0.6165955066680908,1.1866394
CH_2110,10,1.4698238,0.87433845,0.5998204350471497,1.2123629
CH_2117,1,0.022035679,0.08194512,0.9275677129626274,0.14844419
CH_2117,2,0.03372134,0.106816225,0.8891264647245407,0.18363371
CH_2117,3,0.041203693,0.121917054,0.8644759505987167,0.20298693
CH_2117,4,0.050897975,0.13614509,0.832543820142746,0.2256058
CH_2117,5,0.058881007,0.14498378,0.8062423914670944,0.24265409
CH_2117,6,0.062005464,0.14885136,0.7959164679050446,0.24900897
CH_2117,7,0.06410637,0.15273672,0.7889465093612671,0.25319237
CH_2117,8,0.06577844,0.15574661,0.7833864688873291,0.2564731
CH_2117,9,0.06831842,0.15969938,0.7749738842248917,0.26137793
CH_2117,10,0.069156796,0.16196406,0.7721702009439468,0.2629768
CH_2135,1,0.1765174,0.26596797,0.9533803276717663,0.42013973
CH_2135,2,0.43225124,0.4181656,0.8858443200588226,0.6574582
CH_2135,3,0.6800703,0.537305,0.8203759789466858,0.82466376
CH_2135,4,0.87365466,0.6162887,0.7692177295684814,0.93469495
CH_2135,5,1.0078325,0.67436695,0.7337581813335419,1.0039086
CH_2135,6,1.0912458,0.7078112,0.7117369472980499,1.0446271
CH_2135,7,1.1333194,0.72759914,0.7006455659866333,1.0645747
CH_2135,8,1.1610937,0.7482862,0.6933148801326752,1.0775406
CH_2135,9,1.1900765,0.76065886,0.6856547892093658,1.0909063
CH_2135,10,1.2272476,0.77432674,0.6758434474468231,1.107812
CH_2139,1,4.0988355,0.8296676,0.5467656850814819,2.024558
CH_2139,2,6.7309556,1.1270425,0.2557799220085144,2.5944085
CH_2139,3,7.657873,1.249083,0.15382319688796997,2.7672863
CH_2139,4,8.004457,1.3246341,0.11595487594604492,2.829215
CH_2139,5,8.173236,1.3840028,0.09742146730422974,2.8588872
CH_2139,6,8.209985,1.4199358,0.09335130453109741,2.865307
CH_2139,7,8.243118,1.4505202,0.08965378999710083,2.871083
CH_2139,8,8.2285185,1.479091,0.0912429690361023,2.8685393
CH_2139,9,8.271877,1.4857484,0.08643174171447754,2.8760872
CH_2139,10,8.339724,1.4906528,0.07891815900802612,2.887858
CH_2141,1,0.14962807,0.17790626,0.957555714994669,0.38681787
CH_2141,2,0.2879536,0.24673173,0.9183029532432556,0.53661305
CH_2141,3,0.4000215,0.3040762,0.8864747956395149,0.6324725
CH_2141,4,0.4991045,0.34406236,0.8583255708217621,0.7064733
CH_2141,5,0.58029824,0.37773183,0.8352515995502472,0.7617731
CH_2141,6,0.6476591,0.39949322,0.8160991668701172,0.80477273
CH_2141,7,0.69795257,0.42361885,0.8017818331718445,0.83543557
CH_2141,8,0.74528444,0.4519743,0.7882948666810989,0.8632986
CH_2141,9,0.7829831,0.46473598,0.7775508314371109,0.8848633
CH_2141,10,0.83594304,0.4785022,0.7624553740024567,0.9142992
CH_2143,1,0.04332847,0.12441628,0.9452430307865143,0.20815492
CH_2143,2,0.09759946,0.17804652,0.8766670674085617,0.31240913
CH_2143,3,0.13121653,0.21677895,0.8341910392045975,0.36223823
CH_2143,4,0.15431644,0.2450403,0.8050071001052856,0.39283133
CH_2143,5,0.17503466,0.27414602,0.7788285911083221,0.41837144
CH_2143,6,0.19339494,0.29884523,0.7556468397378922,0.4397669
CH_2143,7,0.21124175,0.31981674,0.7331295013427734,0.45961043
CH_2143,8,0.22808756,0.34038973,0.7118963599205017,0.47758514
CH_2143,9,0.24809991,0.35612503,0.6866789162158966,0.4980963
CH_2143,10,0.26284713,0.36942843,0.6681268215179443,0.5126862
CH_2150,1,0.6459326,0.37977767,0.899039164185524,0.8036993
CH_2150,2,1.1573826,0.5543117,0.819095179438591,1.0758172
CH_2150,3,1.4578727,0.6663019,0.772099182009697,1.207424
CH_2150,4,1.6740078,0.7383056,0.7382900416851044,1.2938346
CH_2150,5,1.8189361,0.79355425,0.7156362533569336,1.3486794
CH_2150,6,1.9122945,0.823216,0.7010342478752136,1.3828573
CH_2150,7,1.9345425,0.84421206,0.6975624859333038,1.3908783
CH_2150,8,1.9676979,0.8805984,0.6923941969871521,1.4027466
CH_2150,9,2.042773,0.9055258,0.6806774437427521,1.4292561
CH_2150,10,2.1251752,0.9248616,0.6678183078765869,1.4577981
CH_2151,1,0.65869266,0.37862656,0.8246158063411713,0.81159884
CH_2151,2,1.2716663,0.57105494,0.6614082753658295,1.1276819
CH_2151,3,1.6075329,0.6881198,0.5720362067222595,1.2678852
CH_2151,4,1.7889681,0.75329036,0.5237088799476624,1.3375231
CH_2151,5,1.894124,0.8017515,0.4957461953163147,1.3762718
CH_2151,6,1.9829012,0.8376488,0.4722193479537964,1.4081552
CH_2151,7,2.0355053,0.8597974,0.4583122134208679,1.4267113
CH_2151,8,2.070962,0.8827886,0.4489681124687195,1.4390837
CH_2151,9,2.1189504,0.8914049,0.4362999200820923,1.4556615
CH_2151,10,2.1329262,0.8981055,0.43268007040023804,1.4604541
CH_2160,1,1.3190722,0.6195494,0.7330855131149292,1.1485087
CH_2160,2,2.4440806,0.8257929,0.5052281618118286,1.5633556
CH_2160,3,2.9698517,0.9367839,0.3998519778251648,1.7233257
CH_2160,4,3.2434611,1.0083954,0.34483569860458374,1.8009611
CH_2160,5,3.394035,1.0536687,0.31440919637680054,1.8422908
CH_2160,6,3.5186975,1.0807962,0.28922712802886963,1.8758192
CH_2160,7,3.583765,1.1005067,0.27612030506134033,1.8930835
CH_2160,8,3.6385357,1.1202209,0.26513534784317017,1.9074947
CH_2160,9,3.7004232,1.1339811,0.2526881694793701,1.9236485
CH_2160,10,3.6922646,1.138901,0.25443392992019653,1.9215267
CH_2161,1,5.347914,1.1770654,0.941198468208313,2.3125558
CH_2161,2,8.067386,1.4822363,0.9112967029213905,2.8403144
CH_2161,3,11.458211,1.7937043,0.874012678861618,3.3849978
CH_2161,4,13.156012,1.929138,0.855343833565712,3.6271217
CH_2161,5,14.734691,2.0441086,0.8379849791526794,3.8385792
CH_2161,6,15.909576,2.1065116,0.8250654339790344,3.988681
CH_2161,7,17.700853,2.2109404,0.80536849796772,4.207238
CH_2161,8,18.261946,2.2552986,0.7991978377103806,4.2734
CH_2161,9,18.792078,2.3211756,0.7933677583932877,4.334983
CH_2161,10,19.562412,2.3706996,0.7848964482545853,4.4229417
CH_2170,1,0.73420495,0.43514428,0.8188401609659195,0.8568576
CH_2170,2,1.5280098,0.66082317,0.6224796175956726,1.2361269
CH_2170,3,1.8800945,0.77370393,0.5356774032115936,1.3711654
CH_2170,4,2.1370118,0.8502892,0.47230851650238037,1.4618522
CH_2170,5,2.272137,0.90375,0.4385908842086792,1.5073609
CH_2170,6,2.3778389,0.9365461,0.41191565990448,1.5420243
CH_2170,7,2.4832273,0.9600211,0.3857536315917969,1.5758259
CH_2170,8,2.5345128,0.9815807,0.3731365203857422,1.5920153
CH_2170,9,2.584382,0.9982499,0.3609027862548828,1.6076013
CH_2170,10,2.6206918,1.011643,0.3520454168319702,1.6188551
CH_2174,1,0.3661814,0.4500245,0.7624622136354446,0.60512924
CH_2174,2,0.5255679,0.5539819,0.6589474976062775,0.7249606
CH_2174,3,0.60864085,0.60138535,0.6049489378929138,0.78015435
CH_2174,4,0.65915334,0.6230315,0.5722731947898865,0.8118826
CH_2174,5,0.71688366,0.657374,0.5350359976291656,0.8466898
CH_2174,6,0.7492264,0.6714279,0.5145356953144073,0.86557865
CH_2174,7,0.7808084,0.67694527,0.4940462112426758,0.8836336
CH_2174,8,0.86945456,0.7262762,0.43656933307647705,0.93244547
CH_2174,9,0.9234372,0.7416182,0.4015687108039856,0.9609564
CH_2174,10,0.9638286,0.7598821,0.37519675493240356,0.98174775
CH_2185,1,0.25695348,0.24958079,0.934938371181488,0.5069058
CH_2185,2,0.4770331,0.34421816,0.8792052417993546,0.69067585
CH_2185,3,0.62892765,0.4129611,0.840728834271431,0.7930496
CH_2185,4,0.76613307,0.47492793,0.8059751242399216,0.8752903
CH_2185,5,0.8650535,0.52479666,0.7809032946825027,0.9300825
CH_2185,6,0.9425392,0.553923,0.7612868696451187,0.97084457
CH_2185,7,0.9844678,0.57009554,0.7506677806377411,0.99220353
CH_2185,8,1.0347462,0.603362,0.7378951013088226,1.0172248
CH_2185,9,1.0998108,0.6268024,0.7214101254940033,1.0487187
CH_2185,10,1.1623683,0.64419806,0.7055666446685791,1.0781319
CH_2187,1,1.6356798,0.4964718,0.6122342646121979,1.278937
CH_2187,2,2.8374712,0.712821,0.3273278474807739,1.6844795
CH_2187,3,3.1941779,0.80145127,0.24273794889450073,1.7872263
CH_2187,4,3.383774,0.8549413,0.19774866104125977,1.8395038
CH_2187,5,3.5250926,0.89653534,0.16423672437667847,1.877523
CH_2187,6,3.595255,0.9234782,0.14765286445617676,1.8961158
CH_2187,7,3.602193,0.9410346,0.14609622955322266,1.8979445
CH_2187,8,3.609207,0.9579559,0.14458894729614258,1.8997912
CH_2187,9,3.6877503,0.9692236,0.12614214420318604,1.9203516
CH_2187,10,3.7349124,0.9775633,0.11516064405441284,1.9325922
CH_2200,1,1.4117521,0.6165374,0.9003071263432503,1.1881717
CH_2200,2,1.8753878,0.7371348,0.8675648123025894,1.369448
CH_2200,3,2.2548516,0.8411918,0.8407575339078903,1.5016164
CH_2200,4,2.5774746,0.9159854,0.817970335483551,1.6054515
CH_2200,5,2.7698312,0.9611946,0.8043907284736633,1.664281
CH_2200,6,2.841384,0.9916564,0.7993440628051758,1.6856405
CH_2200,7,2.8919044,1.0159642,0.795780748128891,1.70056
CH_2200,8,2.9694252,1.0549989,0.7903120964765549,1.723202
CH_2200,9,3.0565143,1.0785779,0.784169390797615,1.748289
CH_2200,10,3.0174499,1.0835233,0.786935493350029,1.7370808
CH_2203,1,0.73278,0.44453448,0.8250289410352707,0.8560257
CH_2203,2,1.2577254,0.5927921,0.6997290253639221,1.1214836
CH_2203,3,1.5706693,0.692207,0.6250154972076416,1.2532635
CH_2203,4,1.747429,0.7601517,0.5828548073768616,1.3219036
CH_2203,5,1.8526529,0.8032151,0.5578412413597107,1.3611219
CH_2203,6,1.9450635,0.83412844,0.5359187424182892,1.3946553
CH_2203,7,2.0271616,0.8496102,0.5164773464202881,1.4237843
CH_2203,8,2.0957396,0.87843204,0.5002865493297577,1.447667
CH_2203,9,2.166592,0.8994406,0.4834882616996765,1.4719348
CH_2203,10,2.1941948,0.90904343,0.4770966172218323,1.4812815
CH_2205,1,0.07639578,0.17730539,0.9411961995065212,0.27639785
CH_2205,2,0.20109577,0.2870271,0.8451776951551437,0.44843704
CH_2205,3,0.3132119,0.37105003,0.7588429003953934,0.55965334
CH_2205,4,0.4105736,0.4385803,0.6838884651660919,0.6407602
CH_2205,5,0.49539915,0.49439672,0.618544727563858,0.703846
CH_2205,6,0.5607346,0.53671145,0.5681122839450836,0.74882215
CH_2205,7,0.61156756,0.56937766,0.528821587562561,0.78202784
CH_2205,8,0.6576021,0.60170174,0.49326759576797485,0.8109267
CH_2205,9,0.6950727,0.6244144,0.4643809199333191,0.8337102
CH_2205,10,0.71952236,0.6402314,0.4456087350845337,0.84824663
CH_2239,1,0.0028843852,0.01166205,0.6781899034976959,0.05370647
CH_2239,2,0.002931175,0.013876211,0.67300084233284,0.054140326
CH_2239,3,0.0030308464,0.016249802,0.6619138717651367,0.055053122
CH_2239,4,0.0032077385,0.01807002,0.6422160267829895,0.0566369
CH_2239,5,0.003287368,0.019957732,0.6333692967891693,0.057335574
CH_2239,6,0.0034920892,0.02130585,0.6105744242668152,0.0590939
CH_2239,7,0.003624737,0.02260557,0.5958206057548523,0.060205787
CH_2239,8,0.0037274512,0.024176015,0.5844070017337799,0.061052855
CH_2239,9,0.003809584,0.025688,0.5752671360969543,0.061721828
CH_2239,10,0.0039156997,0.02682533,0.563454270362854,0.06257555
CH_2243,1,0.2802478,0.323508,0.8888450562953949,0.5293844
CH_2243,2,0.6992627,0.49390802,0.7226283252239227,0.83621925
CH_2243,3,1.0116417,0.60568637,0.5988947153091431,1.0058041
CH_2243,4,1.2260451,0.68178684,0.514246940612793,1.1072692
CH_2243,5,1.3937927,0.738372,0.44789576530456543,1.18059
CH_2243,6,1.5126652,0.7858016,0.40081459283828735,1.2299045
CH_2243,7,1.611732,0.8274012,0.36157745122909546,1.2695401
CH_2243,8,1.6780975,0.86535054,0.3353273868560791,1.295414
CH_2243,9,1.7439435,0.89192426,0.3093084692955017,1.3205845
CH_2243,10,1.7827747,0.9089716,0.2940576672554016,1.3352059
CH_2262,1,1.7966119,0.5568666,0.9004426077008247,1.3403776
CH_2262,2,3.0427525,0.72451156,0.8313740342855453,1.7443488
CH_2262,3,3.691884,0.8588549,0.7953821271657944,1.9214276
CH_2262,4,4.2275286,0.9705119,0.7656753957271576,2.0560954
CH_2262,5,4.52082,1.0223614,0.7493985295295715,2.1262221
CH_2262,6,4.634128,1.0460106,0.7430973052978516,2.1527026
CH_2262,7,4.643121,1.0845501,0.7425790131092072,2.1547902
CH_2262,8,4.704601,1.1272008,0.7391510009765625,2.1690092
CH_2262,9,4.853791,1.1454625,0.7308601140975952,2.2031322
CH_2262,10,4.9439664,1.151513,0.725841224193573,2.223503
CH_2263,1,0.28992575,0.20797752,0.9547371752560139,0.53844756
CH_2263,2,0.5560441,0.29110247,0.9131795167922974,0.74568367
CH_2263,3,0.7514766,0.35442513,0.8826490491628647,0.8668775
CH_2263,4,0.9438579,0.4045393,0.8525873571634293,0.9715235
CH_2263,5,1.1016771,0.44681466,0.8279173821210861,1.049608
CH_2263,6,1.2379134,0.47717142,0.8066127300262451,1.1126156
CH_2263,7,1.3361058,0.5063211,0.7912466824054718,1.1559005
CH_2263,8,1.4287211,0.536091,0.7767480611801147,1.1952912
CH_2263,9,1.5240983,0.55846536,0.7618148326873779,1.2345438
CH_2263,10,1.6315402,0.5779202,0.7449919581413269,1.2773175
CH_2265,1,0.21940711,0.13815223,0.8882632479071617,0.46840912
CH_2265,2,0.3607732,0.19417618,0.8162610232830048,0.600644
CH_2265,3,0.45779184,0.23271085,0.7668374478816986,0.67660314
CH_2265,4,0.5494115,0.2646476,0.7201595604419708,0.741223
CH_2265,5,0.6093758,0.28394833,0.689601331949234,0.7806252
CH_2265,6,0.6551274,0.29858404,0.6662799119949341,0.8093994
CH_2265,7,0.6919717,0.3110863,0.6474937200546265,0.8318484
CH_2265,8,0.7231819,0.32215694,0.6315775513648987,0.85040104
CH_2265,9,0.75228155,0.32858178,0.61673504114151,0.86734164
CH_2265,10,0.7853451,0.33255124,0.5998716950416565,0.886197
CH_2269,1,2.6688044,0.78163594,0.9237010553479195,1.6336476
CH_2269,2,3.938714,1.0187463,0.8873902633786201,1.9846194
CH_2269,3,5.237555,1.2109519,0.8502474427223206,2.2885704
CH_2269,4,6.482957,1.3579566,0.8146298378705978,2.5461652
CH_2269,5,7.0985994,1.4298977,0.7970172464847565,2.6643198
CH_2269,6,7.5144343,1.4866753,0.7851173579692841,2.741247
CH_2269,7,7.8412676,1.5222744,0.7757609039545059,2.8002264
CH_2269,8,8.042396,1.560473,0.7699989229440689,2.8359118
CH_2269,9,8.305873,1.6108881,0.7624542862176895,2.8819911
CH_2269,10,8.346592,1.6178479,0.7612808793783188,2.889047
CH_2289,1,0.051320147,0.1416651,0.9445544853806496,0.22653951
CH_2289,2,0.13874239,0.22520557,0.8500610738992691,0.3724814
CH_2289,3,0.2098625,0.28924954,0.773177832365036,0.45810753
CH_2289,4,0.2673259,0.34006476,0.711079478263855,0.5170357
CH_2289,5,0.31813008,0.3817136,0.6561270356178284,0.56403023
CH_2289,6,0.35943884,0.4152519,0.6112966239452362,0.5995322
CH_2289,7,0.3923719,0.44135553,0.5755033791065216,0.62639594
CH_2289,8,0.42174402,0.4663713,0.5436490476131439,0.64941823
CH_2289,9,0.4480584,0.48499373,0.515174150466919,0.66937166
CH_2289,10,0.4649505,0.49860415,0.49699413776397705,0.6818728
CH_2342,1,0.749352,0.32266265,0.8875838741660118,0.8656512
CH_2342,2,1.3004819,0.4341548,0.8048902451992035,1.1403867
CH_2342,3,1.5876842,0.4960068,0.7617997080087662,1.2600334
CH_2342,4,1.820761,0.54979384,0.7268341481685638,1.3493558
CH_2342,5,2.0051165,0.5883744,0.6991632282733917,1.4160213
CH_2342,6,2.168622,0.6210556,0.6746151447296143,1.4726242
CH_2342,7,2.3335717,0.64965683,0.6498706340789795,1.5276033
CH_2342,8,2.470011,0.6805343,0.629389077425003,1.5716269
CH_2342,9,2.608467,0.7025181,0.6086067855358124,1.615075
CH_2342,10,2.7358694,0.71719,0.5894821584224701,1.6540464
CH_2346,1,1.1185142,0.57901925,0.9385596476495266,1.0575984
CH_2346,2,1.7215691,0.7126371,0.9054310768842697,1.3120857
CH_2346,3,2.0558887,0.79441875,0.8870651125907898,1.433837
CH_2346,4,2.3794966,0.8752254,0.8692814260721207,1.5425617
CH_2346,5,2.7188587,0.9507777,0.8506325334310532,1.6488962
CH_2346,6,2.9693398,0.9896279,0.8368647694587708,1.7231772
CH_2346,7,3.125084,1.0232542,0.8283006697893143,1.7677907
CH_2346,8,3.2966378,1.0639272,0.8188723921775818,1.8156645
CH_2346,9,3.5163362,1.1037942,0.8067967891693115,1.8751897
CH_2346,10,3.7682292,1.1443014,0.792950302362442,1.9411927
CH_2351,1,0.1893645,0.30147454,0.8835139125585556,0.4351603
CH_2351,2,0.31851968,0.3881954,0.8040360063314438,0.56437546
CH_2351,3,0.39461496,0.431575,0.7573006600141525,0.62818384
CH_2351,4,0.45181584,0.4632582,0.722189724445343,0.6721725
CH_2351,5,0.50147927,0.49484918,0.6918273568153381,0.708152
CH_2351,6,0.5318175,0.50759965,0.6733114719390869,0.7292582
CH_2351,7,0.5618639,0.5182593,0.6548950672149658,0.7495758
CH_2351,8,0.59689236,0.5376592,0.6334640979766846,0.7725881
CH_2351,9,0.60707784,0.5399406,0.6272700726985931,0.779152
CH_2351,10,0.6171673,0.55079067,0.6211898624897003,0.78559995
CH_2352,1,1.9340559,0.5485093,0.7754979282617569,1.3907034
CH_2352,2,3.0272052,0.7307435,0.6485549211502075,1.7398865
CH_2352,3,3.340376,0.8018758,0.6121228933334351,1.8276695
CH_2352,4,3.5308044,0.84279525,0.5899453461170197,1.8790435
CH_2352,5,3.6509693,0.8780251,0.5759276151657104,1.910751
CH_2352,6,3.701786,0.9047338,0.5699701607227325,1.9240026
CH_2352,7,3.7534437,0.91590995,0.563906729221344,1.9373807
CH_2352,8,3.9602265,0.9545084,0.5398094654083252,1.9900318
CH_2352,9,4.172854,0.9816541,0.5150309205055237,2.0427566
CH_2352,10,4.215397,0.98826796,0.5100145936012268,2.0531433
CH_2355,1,0.21542437,0.22119515,0.9588058963418007,0.4641383
CH_2355,2,0.4154286,0.3026523,0.9205484613776207,0.6445375
CH_2355,3,0.59513015,0.37464854,0.8861596658825874,0.77144676
CH_2355,4,0.7525137,0.424492,0.8560343682765961,0.86747545
CH_2355,5,0.87019587,0.4609379,0.8334999829530716,0.9328429
CH_2355,6,0.9784569,0.487273,0.8127628564834595,0.98916984
CH_2355,7,1.0532655,0.51421016,0.7984219342470169,1.0262872
CH_2355,8,1.125292,0.54327965,0.7846098244190216,1.0607978
CH_2355,9,1.1788737,0.5536954,0.7743249833583832,1.0857595
CH_2355,10,1.2690347,0.5763844,0.7570349276065826,1.1265144
CH_2364,1,0.8095274,0.2178524,0.6314631700515747,0.8997374
CH_2364,2,1.1722518,0.2775972,0.46631938219070435,1.0827057
CH_2364,3,1.3158991,0.31302282,0.40090298652648926,1.1471264
CH_2364,4,1.3912804,0.33505857,0.3665595054626465,1.1795255
CH_2364,5,1.4569466,0.357042,0.33663874864578247,1.2070404
CH_2364,6,1.5225329,0.372814,0.30675530433654785,1.2339096
CH_2364,7,1.5766946,0.3824366,0.2820645570755005,1.2556651
CH_2364,8,1.6109862,0.39215678,0.26642781496047974,1.2692463
CH_2364,9,1.6407318,0.40038118,0.2528538703918457,1.2809105
CH_2364,10,1.6780635,0.40715674,0.2358216643333435,1.2954009
CH_2372,1,2.025573,0.87034684,0.7321621179580688,1.4232262
CH_2372,2,3.273371,1.1001083,0.5670515894889832,1.809246
CH_2372,3,3.7281013,1.180703,0.5067906975746155,1.9308292
CH_2372,4,3.848969,1.2160063,0.49067777395248413,1.9618789
CH_2372,5,3.9908042,1.2679744,0.4719732403755188,1.9976997
CH_2372,6,4.006885,1.2745444,0.4697692394256592,2.0017204
CH_2372,7,3.9817376,1.2692647,0.4730333685874939,1.9954292
CH_2372,8,4.132613,1.3180312,0.453061580657959,2.032883
CH_2372,9,4.2775545,1.3497055,0.4338832497596741,2.068225
CH_2372,10,4.3714986,1.3694736,0.42146772146224976,2.090813
CH_2387,1,0.9059707,0.57647014,0.7642132490873337,0.9518249
CH_2387,2,1.4781792,0.68482107,0.615220695734024,1.215804
CH_2387,3,1.7194942,0.7432819,0.5524923503398895,1.3112949
CH_2387,4,1.8429192,0.7534265,0.5204963088035583,1.3575416
CH_2387,5,2.0191042,0.8058769,0.4747702479362488,1.4209518
CH_2387,6,2.0314727,0.8016652,0.47150468826293945,1.4252974
CH_2387,7,2.0825508,0.7958903,0.4583434462547302,1.4431045
CH_2387,8,2.2475102,0.845792,0.4155944585800171,1.4991698
CH_2387,9,2.3529422,0.8589497,0.3882933259010315,1.5339303
CH_2387,10,2.4467719,0.8818173,0.3641064167022705,1.564216
CH_2403,1,0.23942779,0.14490493,0.8239425420761108,0.4893136
CH_2403,2,0.3920857,0.19940972,0.7116807997226715,0.6261675
CH_2403,3,0.50193965,0.23194385,0.6308957934379578,0.708477
CH_2403,4,0.59034216,0.25947618,0.5658851563930511,0.76833725
CH_2403,5,0.64246356,0.27933183,0.5275552272796631,0.8015382
CH_2403,6,0.6846195,0.29219505,0.4965372681617737,0.8274174
CH_2403,7,0.715605,0.29786876,0.4737446904182434,0.8459344
CH_2403,8,0.7417337,0.30745798,0.45452332496643066,0.8612396
CH_2403,9,0.769145,0.31266367,0.43435829877853394,0.87700915
CH_2403,10,0.79436177,0.31316864,0.4157983064651489,0.89126974
CH_2409,1,7.7439156,1.2090223,0.4045454263687134,2.7827892
CH_2409,2,11.542389,1.5982692,0.11258524656295776,3.3974092
CH_2409,3,12.436417,1.7352788,0.045859336853027344,3.5265305
CH_2409,4,12.673397,1.7866192,0.02782195806503296,3.5599716
CH_2409,5,12.884896,1.8353553,0.011570930480957031,3.5895538
CH_2409,6,13.030057,1.873096,0.0004506707191467285,3.6097171
CH_2409,7,13.146048,1.8826607,-0.008430123329162598,3.625748
CH_2409,8,13.17853,1.8964465,-0.010907649993896484,3.6302245
CH_2409,9,13.228564,1.8934734,-0.014726996421813965,3.6371093
CH_2409,10,13.166712,1.8911818,-0.009964942932128906,3.6285963
CH_2410,1,0.6492229,0.3784524,0.8300468176603317,0.8057437
CH_2410,2,1.273658,0.53364307,0.6666926443576813,1.1285646
CH_2410,3,1.5785433,0.6077014,0.5870011746883392,1.256401
CH_2410,4,1.7706808,0.6702613,0.5367114543914795,1.3306693
CH_2410,5,1.8843789,0.7126646,0.506726861000061,1.3727268
CH_2410,6,1.9534798,0.74629736,0.48826074600219727,1.3976694
CH_2410,7,2.0172014,0.77428097,0.4712873101234436,1.4202821
CH_2410,8,2.0797532,0.80426323,0.45467841625213623,1.442135
CH_2410,9,2.186727,0.83056104,0.4263862371444702,1.4787586
CH_2410,10,2.2532377,0.846573,0.4086294174194336,1.5010788
CH_2418,1,0.47311178,0.13346243,0.7161896824836731,0.6878312
CH_2418,2,0.66668546,0.16275804,0.6000663042068481,0.8165081
CH_2418,3,0.80942297,0.18004335,0.5144367814064026,0.89967936
CH_2418,4,0.90970445,0.19491,0.45427513122558594,0.9537843
CH_2418,5,0.97015566,0.20760627,0.4180065393447876,0.9849648
CH_2418,6,1.0164461,0.21731418,0.3902333974838257,1.0081896
CH_2418,7,1.0649425,0.22446431,0.36113572120666504,1.0319605
CH_2418,8,1.1057919,0.22894984,0.3366249203681946,1.0515664
CH_2418,9,1.1439301,0.23514757,0.31374049186706543,1.0695467
CH_2418,10,1.1863345,0.24051805,0.2882971167564392,1.0891899
CH_2419,1,1.62482,0.46181718,0.8970828205347061,1.2746843
CH_2419,2,2.596877,0.6152013,0.8355024456977844,1.6114829
CH_2419,3,2.9450884,0.7153872,0.8134339451789856,1.716126
CH_2419,4,3.2029064,0.79382986,0.7970898151397705,1.7896665
CH_2419,5,3.4709148,0.8550898,0.7801001071929932,1.8630391
CH_2419,6,3.6456144,0.8842763,0.7690241783857346,1.9093492
CH_2419,7,3.7346396,0.9136618,0.7633777558803558,1.9325216
CH_2419,8,3.8306196,0.9447383,0.7572908699512482,1.9571968
CH_2419,9,3.906997,0.953999,0.7524462342262268,1.9766124
CH_2419,10,4.036484,0.971367,0.7442355751991272,2.0091002
CH_2420,1,5.254243,0.7727706,0.6598756015300751,2.2922134
CH_2420,2,8.794912,0.979165,0.4305950999259949,2.9656217
CH_2420,3,9.877088,1.0832916,0.36045384407043457,3.1427834
CH_2420,4,10.544599,1.1776226,0.3171178102493286,3.2472448
CH_2420,5,11.00599,1.2530645,0.2871219515800476,3.3175278
CH_2420,6,11.279297,1.2944406,0.2693060040473938,3.3584664
CH_2420,7,11.406918,1.3352425,0.2609328627586365,3.3774128
CH_2420,8,11.549188,1.3853196,0.2516232132911682,3.3984096
CH_2420,9,11.846049,1.4051133,0.23228371143341064,3.441809
CH_2420,10,12.053826,1.4272865,0.21876072883605957,3.471862
CH_2426,1,1.3416966,0.39860734,0.6066449880599976,1.1583163
CH_2426,2,2.1034343,0.5561665,0.3833059072494507,1.4503222
CH_2426,3,2.41542,0.6333208,0.29179900884628296,1.5541621
CH_2426,4,2.5455465,0.6793553,0.25362080335617065,1.5954769
CH_2426,5,2.6003761,0.7200371,0.23754847049713135,1.6125681
CH_2426,6,2.6278527,0.7451083,0.22950369119644165,1.6210653
CH_2426,7,2.615613,0.75518626,0.23308509588241577,1.6172857
CH_2426,8,2.6266367,0.7732183,0.22983688116073608,1.6206902
CH_2426,9,2.6916273,0.7836502,0.2107807993888855,1.640618
CH_2426,10,2.7417748,0.7930822,0.19607073068618774,1.6558305
CH_2469,1,0.9282391,0.44298458,0.849189281463623,0.9634517
CH_2469,2,1.4676919,0.63049334,0.7615549117326736,1.2114834
CH_2469,3,1.7368797,0.73268986,0.7177599966526031,1.3179073
CH_2469,4,1.8865973,0.7921327,0.6933865249156952,1.3735346
CH_2469,5,2.004939,0.8308362,0.6741534173488617,1.4159588
CH_2469,6,2.0710807,0.85602444,0.6634429097175598,1.439125
CH_2469,7,2.0960045,0.8781106,0.6594095826148987,1.4477584
CH_2469,8,2.1101918,0.8976406,0.6571158766746521,1.45265
CH_2469,9,2.1663396,0.9183196,0.6480092704296112,1.4718491
CH_2469,10,2.1905677,0.9309272,0.6440974175930023,1.4800566
CH_2473,1,0.580325,0.41237208,0.8475615531206131,0.76179063
CH_2473,2,1.0290724,0.5425766,0.7296627759933472,1.0144321
CH_2473,3,1.200235,0.59197444,0.6846983432769775,1.0955523
CH_2473,4,1.3122822,0.6259252,0.6552552580833435,1.1455488
CH_2473,5,1.4059073,0.6611979,0.6306833624839783,1.1857096
CH_2473,6,1.4446,0.6796558,0.6205528080463409,1.2019151
CH_2473,7,1.4899611,0.68916285,0.608661025762558,1.2206397
CH_2473,8,1.5350376,0.7194805,0.5969254076480865,1.2389663
CH_2473,9,1.6566612,0.7367623,0.5650635957717896,1.2871135
CH_2473,10,1.7438891,0.7569083,0.5422751605510712,1.3205639
CH_2481,1,1.7033972,0.6089951,0.8665413707494736,1.3051425
CH_2481,2,3.0313103,0.86934155,0.7624740451574326,1.7410659
CH_2481,3,3.6582608,1.0128161,0.7132750153541565,1.9126581
CH_2481,4,4.1330433,1.1109204,0.675978422164917,2.0329888
CH_2481,5,4.4053817,1.172964,0.6546087265014648,2.0989
CH_2481,6,4.5133247,1.2103624,0.6461457908153534,2.1244588
CH_2481,7,4.5790067,1.2374597,0.6410256922245026,2.1398613
CH_2481,8,4.6552157,1.270677,0.6350593268871307,2.157595
CH_2481,9,4.747015,1.2899561,0.6278775632381439,2.1787646
CH_2481,10,4.8208175,1.3023573,0.6220920979976654,2.195636
CH_2488,1,0.708104,0.2929592,0.5624186992645264,0.84148914
CH_2488,2,1.0905614,0.39396274,0.32608264684677124,1.0442995
CH_2488,3,1.2353903,0.43677533,0.236752450466156,1.1114812
CH_2488,4,1.2834276,0.45794073,0.2069871425628662,1.1328846
CH_2488,5,1.3086925,0.47199556,0.19134753942489624,1.143981
CH_2488,6,1.3317852,0.47911555,0.17705869674682617,1.15403
CH_2488,7,1.3503325,0.48168626,0.16558045148849487,1.1620381
CH_2488,8,1.3580211,0.48601818,0.16080212593078613,1.1653416
CH_2488,9,1.3766594,0.4897402,0.14925646781921387,1.1733114
CH_2488,10,1.388201,0.49379247,0.1420915722846985,1.1782194
CH_2491,1,1.4424509,0.5464879,0.8920777663588524,1.2010207
CH_2491,2,2.6233513,0.8032418,0.8037720322608948,1.6196764
CH_2491,3,3.226062,0.9449113,0.7587403357028961,1.7961242
CH_2491,4,3.6056015,1.0318059,0.7304085195064545,1.8988422
CH_2491,5,3.8782191,1.1019273,0.7100814580917358,1.9693195
CH_2491,6,4.0658536,1.1457453,0.6961077749729156,2.0163963
CH_2491,7,4.1156077,1.1630386,0.692436158657074,2.028696
CH_2491,8,4.2093563,1.1973313,0.685477077960968,2.0516715
CH_2491,9,4.2969775,1.2206517,0.6789706647396088,2.0729153
CH_2491,10,4.3791914,1.2369097,0.6728683412075043,2.0926518
CH_2494,1,3.11586,0.59156394,0.6300938725471497,1.7651799
CH_2494,2,5.058823,0.7518332,0.399394154548645,2.2491827
CH_2494,3,5.6057215,0.8146948,0.3344241976737976,2.3676405
CH_2494,4,5.8584805,0.8693246,0.3043689727783203,2.4204297
CH_2494,5,5.981094,0.9086394,0.2897351384162903,2.4456275
CH_2494,6,6.106221,0.94435596,0.2747665047645569,2.471077
CH_2494,7,6.207247,0.9703033,0.2626856565475464,2.4914346
CH_2494,8,6.225474,0.9909814,0.26049160957336426,2.49509
CH_2494,9,6.342458,1.012516,0.24653661251068115,2.5184236
CH_2494,10,6.462016,1.0253783,0.2322741150856018,2.5420496
CH_2498,1,0.88703376,0.2615586,0.7518275529146194,0.9418247
CH_2498,2,1.4931477,0.35231355,0.5822142362594604,1.2219442
CH_2498,3,1.6939164,0.41079298,0.5259549915790558,1.3015054
CH_2498,4,1.7918788,0.44980153,0.49847400188446045,1.3386108
CH_2498,5,1.8528601,0.4831176,0.4813648462295532,1.3611981
CH_2498,6,1.8928473,0.5073312,0.4701377749443054,1.3758079
CH_2498,7,1.9095856,0.5239482,0.4654133915901184,1.3818775
CH_2498,8,1.9218811,0.54347354,0.4619399905204773,1.3863193
CH_2498,9,1.9746674,0.5565152,0.4471381902694702,1.4052286
CH_2498,10,2.0291963,0.56445116,0.43185198307037354,1.4244986
CH_2602,1,0.9057612,0.48026887,0.8177942186594009,0.9517149
CH_2602,2,1.6028738,0.5991811,0.6775730550289154,1.2660465
CH_2602,3,1.8741376,0.6537361,0.6230663359165192,1.3689915
CH_2602,4,2.0649376,0.6958766,0.5847571790218353,1.4369891
CH_2602,5,2.2180371,0.7477045,0.5540082156658173,1.4893076
CH_2602,6,2.2916436,0.77019703,0.5392236709594727,1.5138175
CH_2602,7,2.3604565,0.7772836,0.5255188345909119,1.5363777
CH_2602,8,2.469285,0.8177033,0.5037674307823181,1.5713959
CH_2602,9,2.591173,0.831956,0.47943150997161865,1.6097121
CH_2602,10,2.6798496,0.85633665,0.46182841062545776,1.6370246
CH_2617,1,0.04600752,0.10301925,0.9590239450335503,0.21449363
CH_2617,2,0.073849395,0.13281713,0.9342076256871223,0.27175245
CH_2617,3,0.09757144,0.15590979,0.9130453169345856,0.31236428
CH_2617,4,0.11836016,0.17636485,0.8944863751530647,0.34403512
CH_2617,5,0.13643919,0.19196236,0.878335990011692,0.36937675
CH_2617,6,0.1555995,0.20533013,0.8612130731344223,0.39446104
CH_2617,7,0.17053153,0.21880095,0.8478481769561768,0.41295463
CH_2617,8,0.1871168,0.23220596,0.8330015987157822,0.43257
CH_2617,9,0.2013557,0.24172558,0.8202432096004486,0.44872674
CH_2617,10,0.21772109,0.25251132,0.8055799901485443,0.46660593
CH_3009,1,0.45203355,0.3417673,0.7591116428375244,0.67233443
CH_3009,2,0.7214207,0.45055842,0.6155021488666534,0.8493649
CH_3009,3,0.83597594,0.49173692,0.5543686747550964,0.9143172
CH_3009,4,0.8940072,0.52052045,0.5233582556247711,0.94551957
CH_3009,5,0.9425245,0.54201305,0.4974935054779053,0.970837
CH_3009,6,0.97324884,0.5559732,0.48103052377700806,0.98653376
CH_3009,7,0.9950443,0.5659465,0.469329833984375,0.9975191
CH_3009,8,1.0025171,0.5761996,0.46529990434646606,1.0012578
CH_3009,9,1.0270927,0.5832315,0.45214027166366577,1.0134559
CH_3009,10,1.0473956,0.59051204,0.4411272406578064,1.0234234
CH_3019,1,0.45422605,0.24554819,0.46532922983169556,0.67396295
CH_3019,2,0.57939994,0.2983469,0.31797170639038086,0.76118326
CH_3019,3,0.6506311,0.32499436,0.23411327600479126,0.8066171
CH_3019,4,0.65366197,0.34018564,0.23054230213165283,0.8084936
CH_3019,5,0.69196373,0.35184607,0.18545204401016235,0.83184355
CH_3019,6,0.67855126,0.35587493,0.20122122764587402,0.8237422
CH_3019,7,0.69517887,0.35965592,0.18162745237350464,0.83377385
CH_3019,8,0.6947921,0.36633822,0.18206638097763062,0.83354187
CH_3019,9,0.71136487,0.3662768,0.16252076625823975,0.8434245
CH_3019,10,0.7149504,0.37093014,0.15825414657592773,0.8455474
CH_3032,1,0.35462427,0.25681362,0.9352355822920799,0.5955034
CH_3032,2,0.5681352,0.3607094,0.8962340354919434,0.75374746
CH_3032,3,0.8218468,0.45238826,0.8498831987380981,0.9065577
CH_3032,4,1.0528036,0.51870537,0.8076799660921097,1.0260623
CH_3032,5,1.2310029,0.56379855,0.7751075774431229,1.1095057
CH_3032,6,1.3378868,0.58793086,0.7555573433637619,1.1566706
CH_3032,7,1.4250743,0.62062204,0.7396012842655182,1.1937648
CH_3032,8,1.519013,0.6497128,0.7224083542823792,1.2324824
CH_3032,9,1.6240838,0.6683915,0.7031751871109009,1.2743955
CH_3032,10,1.7125304,0.692323,0.6869752407073975,1.3086368
CH_3033,1,0.38891488,0.42746598,0.8630169481039047,0.6236304
CH_3033,2,0.54644537,0.49830723,0.807611495256424,0.7392194
CH_3033,3,0.6248269,0.5369244,0.7800022661685944,0.79045993
CH_3033,4,0.6963905,0.5558618,0.7550063282251358,0.83450013
CH_3033,5,0.8242582,0.60698044,0.7102503478527069,0.9078867
CH_3033,6,0.8677114,0.617684,0.6950327455997467,0.93151027
CH_3033,7,0.8490074,0.60877365,0.7015921771526337,0.921416
CH_3033,8,0.95225257,0.65930086,0.6653376817703247,0.9758343
CH_3033,9,0.9883754,0.66606957,0.6527712047100067,0.9941707
CH_3033,10,1.0360925,0.6904532,0.6361269354820251,1.0178863
CH_4010,1,0.04794089,0.12401889,0.9605801329016685,0.21895409
CH_4010,2,0.034270257,0.119832255,0.9718279298394918,0.18512228
CH_4010,3,0.03568413,0.13095176,0.9706732388585806,0.18890244
CH_4010,4,0.040961564,0.14358032,0.9663438610732555,0.20238963
CH_4010,5,0.051552672,0.16395389,0.9576508961617947,0.22705214
CH_4010,6,0.064007804,0.18369736,0.9474299475550652,0.25299764
CH_4010,7,0.07751734,0.20279849,0.9363472387194633,0.27841935
CH_4010,8,0.09194376,0.22179493,0.9245147928595543,0.3032223
CH_4010,9,0.10869028,0.23941137,0.9107779935002327,0.32968208
CH_4010,10,0.1279622,0.25889155,0.8949592262506485,0.35771805
CL_10102001,1,10.757331,1.4178293,0.8462674915790558,3.2798371
CL_10102001,2,27.800537,2.4078255,0.601394921541214,5.2726216
CL_10102001,3,37.55906,2.9357212,0.4610246419906616,6.128545
CL_10102001,4,43.56609,3.230725,0.3749098777770996,6.6004615
CL_10102001,5,48.216324,3.41683,0.3077024817466736,6.9437976
CL_10102001,6,51.039444,3.51743,0.2668578624725342,7.1441894
CL_10102001,7,51.71178,3.5438335,0.2572616934776306,7.1910906
CL_10102001,8,51.278534,3.5805526,0.2636316418647766,7.160903
CL_10102001,9,50.811756,3.574891,0.2705778479576111,7.128237
CL_10102001,10,50.77175,3.5833535,0.27153366804122925,7.12543
CL_10111001,1,0.8579625,0.4803503,0.9458408169448376,0.9262626
CL_10111001,2,0.8720588,0.54685795,0.9448460228741169,0.9338409
CL_10111001,3,0.98647726,0.6075343,0.9375316761434078,0.9932156
CL_10111001,4,1.0915021,0.65281296,0.9308255240321159,1.0447497
CL_10111001,5,1.4297532,0.75973636,0.9093790128827095,1.1957228
CL_10111001,6,1.8031069,0.8510627,0.8857364803552628,1.3427981
CL_10111001,7,2.1739829,0.9324637,0.8622821867465973,1.4744432
CL_10111001,8,2.6273549,1.0145031,0.8336305171251297,1.6209117
CL_10111001,9,3.014231,1.083606,0.8094004988670349,1.7361541
CL_10111001,10,3.382967,1.1398433,0.7864342480897903,1.8392844
CL_10121001,1,2.0551999,0.524329,0.8777397945523262,1.4335968
CL_10121001,2,3.387225,0.7777644,0.7984811067581177,1.8404415
CL_10121001,3,4.87743,0.99582684,0.7097659707069397,2.2084904
CL_10121001,4,5.769979,1.1185418,0.65657177567482,2.4020782
CL_10121001,5,6.787408,1.2361468,0.595910519361496,2.6052654
CL_10121001,6,7.683337,1.327327,0.5424478352069855,2.7718832
CL_10121001,7,8.274335,1.3953195,0.5071014761924744,2.8765144
CL_10121001,8,8.640736,1.4456332,0.4850653409957886,2.9395127
CL_10121001,9,8.8545265,1.474169,0.4721289873123169,2.9756556
CL_10121001,10,9.03129,1.4907986,0.46141165494918823,3.0052104
CL_10122001,1,1.8216239,0.5313804,0.9259262531995773,1.3496755
CL_10122001,2,2.3322482,0.69864243,0.9052292853593826,1.52717
CL_10122001,3,2.7141316,0.81676376,0.8901289105415344,1.6474621
CL_10122001,4,2.9038115,0.8773882,0.8827597349882126,1.7040573
CL_10122001,5,3.2594845,0.9472971,0.8687717467546463,1.8054043
CL_10122001,6,3.8733566,1.0375465,0.8445605635643005,1.9680845
CL_10122001,7,4.4169602,1.1281341,0.8231664597988129,2.1016564
CL_10122001,8,4.9740553,1.2147124,0.8012485802173615,2.230259
CL_10122001,9,5.470201,1.2906514,0.7817705869674683,2.338846
CL_10122001,10,6.1763177,1.3769729,0.7535495907068253,2.48522
CL_10134001,1,0.6482689,0.3733106,0.9543101340532303,0.80515146
CL_10134001,2,1.5571378,0.5588598,0.8901355639100075,1.2478533
CL_10134001,3,2.962165,0.76603085,0.7895684987306595,1.7210941
CL_10134001,4,4.0365715,0.9122931,0.7117495536804199,2.0091221
CL_10134001,5,4.735601,1.0076804,0.6605832576751709,2.1761436
CL_10134001,6,5.199872,1.0932505,0.626489520072937,2.2803228
CL_10134001,7,5.54465,1.1529686,0.601123720407486,2.354708
CL_10134001,8,5.846596,1.1989166,0.5789495408535004,2.4179735
CL_10134001,9,6.0603476,1.2471988,0.5632303357124329,2.4617772
CL_10134001,10,6.1716247,1.2683764,0.5548950135707855,2.4842756
CL_10137001,1,0.71070445,0.32800454,0.9362019076943398,0.8430329
CL_10137001,2,1.6271136,0.5298708,0.8539821952581406,1.2755836
CL_10137001,3,2.8609014,0.7299934,0.7432760000228882,1.69142
CL_10137001,4,3.8253706,0.85872877,0.6562992036342621,1.9558555
CL_10137001,5,4.4900174,0.9518725,0.5952921509742737,2.118966
CL_10137001,6,5.089149,1.031385,0.5401366651058197,2.2559142
CL_10137001,7,5.568212,1.101364,0.49612873792648315,2.359706
CL_10137001,8,5.941539,1.1550654,0.4618547558784485,2.4375272
CL_10137001,9,6.1811833,1.1966044,0.4398021101951599,2.4861987
CL_10137001,10,6.3927,1.2199975,0.42031431198120117,2.528379
CL_10140001,1,14.139759,1.2982925,0.6967384815216064,3.760287
CL_10140001,2,22.147074,1.8345485,0.5268063545227051,4.7060676
CL_10140001,3,25.580524,2.0697415,0.45429331064224243,5.057719
CL_10140001,4,26.95913,2.1951609,0.4257291555404663,5.1922183
CL_10140001,5,28.461367,2.320578,0.39494144916534424,5.3349195
CL_10140001,6,29.88271,2.4047418,0.36806297302246094,5.466508
CL_10140001,7,30.679665,2.4822674,0.3580148220062256,5.538923
CL_10140001,8,31.37678,2.588765,0.35524165630340576,5.601498
CL_10140001,9,32.27757,2.6596448,0.3453720211982727,5.681335
CL_10140001,10,33.131645,2.6993845,0.3351166844367981,5.7560096
CL_10142003,1,16.273926,1.2190381,0.6818071007728577,4.0340953
CL_10142003,2,31.398685,1.894048,0.3860663175582886,5.603453
CL_10142003,3,34.98395,2.139631,0.31952089071273804,5.9147234
CL_10142003,4,36.33774,2.2676632,0.3034074306488037,6.0280795
CL_10142003,5,38.723274,2.3963373,0.25979262590408325,6.2228026
CL_10142003,6,40.36129,2.4964564,0.22851908206939697,6.3530536
CL_10142003,7,41.05256,2.5230424,0.21632397174835205,6.407227
CL_10142003,8,40.411686,2.533018,0.2270377278327942,6.3570185
CL_10142003,9,38.650528,2.5086248,0.2346985936164856,6.2169547
CL_10142003,10,37.859203,2.5126545,0.23244357109069824,6.152983
CL_10304001,1,0.62592304,0.5186861,0.9652493633329868,0.79115295
CL_10304001,2,1.4107112,0.7307904,0.9200515598058701,1.1877337
CL_10304001,3,2.5988202,0.96239555,0.8503002524375916,1.6120857
CL_10304001,4,3.731492,1.1728301,0.7812516242265701,1.931707
CL_10304001,5,4.6024466,1.3443052,0.723655641078949,2.1453314
CL_10304001,6,5.2456884,1.4692103,0.6781439781188965,2.2903469
CL_10304001,7,5.8466225,1.5864524,0.6360998749732971,2.417979
CL_10304001,8,6.3986216,1.690633,0.5983847975730896,2.5295496
CL_10304001,9,6.8083158,1.7782022,0.5701462924480438,2.6092749
CL_10304001,10,7.0076075,1.8234226,0.5555117428302765,2.6471887
CL_10305001,1,28.199821,2.160353,0.7098473310470581,5.3103504
CL_10305001,2,54.961304,3.2093735,0.4346524477005005,7.413589
CL_10305001,3,63.029316,3.6687982,0.3526954650878906,7.9391003
CL_10305001,4,66.36454,3.886305,0.3178274631500244,8.146443
CL_10305001,5,71.78748,4.110467,0.26212620735168457,8.47275
CL_10305001,6,75.11549,4.226648,0.22935980558395386,8.66692
CL_10305001,7,75.249535,4.2934427,0.22842031717300415,8.674649
CL_10305001,8,75.04713,4.30419,0.23030459880828857,8.662974
CL_10305001,9,74.67131,4.3079925,0.23381781578063965,8.641256
CL_10305001,10,74.81353,4.326929,0.23257488012313843,8.649482
CL_10306001,1,7.2882233,1.12382,0.6784483194351196,2.699671
CL_10306001,2,13.363339,1.6278888,0.4003642797470093,3.65559
CL_10306001,3,15.8657875,1.8697078,0.28362494707107544,3.9831882
CL_10306001,4,17.268948,2.0520108,0.23239928483963013,4.1555924
CL_10306001,5,19.175837,2.1789355,0.20136815309524536,4.379022
CL_10306001,6,20.466366,2.2682488,0.1914117932319641,4.523977
CL_10306001,7,21.032438,2.3368506,0.19243669509887695,4.5861135
CL_10306001,8,21.145758,2.3898306,0.19573765993118286,4.5984516
CL_10306001,9,20.819803,2.421335,0.21316403150558472,4.5628724
CL_10306001,10,20.455772,2.4130383,0.21777504682540894,4.5228057
CL_10328001,1,0.7740757,0.4409908,0.9307801052927971,0.8798157
CL_10328001,2,1.8612242,0.70028925,0.8340724855661392,1.3642669
CL_10328001,3,2.4649334,0.86654824,0.7807336151599884,1.5700107
CL_10328001,4,2.76818,0.9299459,0.7541030943393707,1.6637849
CL_10328001,5,3.1557615,1.0079944,0.7198944091796875,1.7764463
CL_10328001,6,3.524451,1.0673681,0.6874341070652008,1.8773521
CL_10328001,7,3.8425953,1.1165603,0.6592020392417908,1.960254
CL_10328001,8,4.120793,1.1742684,0.6344566345214844,2.0299735
CL_10328001,9,4.1973143,1.2065549,0.6276936829090118,2.048735
CL_10328001,10,4.312641,1.2366046,0.6175747811794281,2.07669
CL_10340001,1,0.33648795,0.39763835,0.9712749719619751,0.5800758
CL_10340001,2,0.36622736,0.42962557,0.9685341380536556,0.6051672
CL_10340001,3,0.46206594,0.48977405,0.960037887096405,0.6797543
CL_10340001,4,0.52949315,0.52631474,0.9539097286760807,0.7276628
CL_10340001,5,0.6683162,0.59919155,0.9414662830531597,0.8175061
CL_10340001,6,0.8503453,0.67918,0.9250680655241013,0.9221417
CL_10340001,7,1.0208945,0.7493358,0.9094972088932991,1.0103933
CL_10340001,8,1.1755573,0.81004566,0.895158976316452,1.0842311
CL_10340001,9,1.3555248,0.8754031,0.8783877268433571,1.16427
CL_10340001,10,1.5297825,0.9303396,0.8619489818811417,1.2368438
CL_10343001,1,11.969202,1.2471104,0.7715775817632675,3.4596534
CL_10343001,2,28.154255,2.1001163,0.4637565612792969,5.3060584
CL_10343001,3,34.90158,2.6646032,0.34190046787261963,5.907756
CL_10343001,4,38.17098,2.987949,0.28347158432006836,6.1782665
CL_10343001,5,40.87426,3.196959,0.23325783014297485,6.393298
CL_10343001,6,42.52175,3.345427,0.20451223850250244,6.5208707
CL_10343001,7,43.838043,3.4214404,0.18932366371154785,6.6210303
CL_10343001,8,44.09361,3.4830422,0.18787795305252075,6.6403017
CL_10343001,9,43.858074,3.4984474,0.19302934408187866,6.622543
CL_10343001,10,43.59529,3.480809,0.19782954454421997,6.602673
CL_10351001,1,0.6056594,0.3443925,0.8938123509287834,0.7782412
CL_10351001,2,0.8170019,0.42990837,0.8550702631473541,0.90388155
CL_10351001,3,1.4653133,0.5925318,0.7369099855422974,1.2105013
CL_10351001,4,1.9297557,0.7143814,0.6446483731269836,1.3891565
CL_10351001,5,2.3003235,0.8032296,0.579660028219223,1.5166818
CL_10351001,6,2.6677518,0.8658199,0.5256829261779785,1.6333253
CL_10351001,7,2.9758015,0.91724396,0.48002320528030396,1.7250512
CL_10351001,8,3.1940165,0.95923144,0.44777125120162964,1.7871811
CL_10351001,9,3.302948,0.98252237,0.43236780166625977,1.8174014
CL_10351001,10,3.3202615,0.9890915,0.4317026734352112,1.8221585
CL_10356001,1,1.2466576,0.36407873,0.8799884244799614,1.1165382
CL_10356001,2,1.7122576,0.47057903,0.8351718783378601,1.3085326
CL_10356001,3,3.4637375,0.64257497,0.6665767729282379,1.8611119
CL_10356001,4,4.626349,0.77757293,0.5546742379665375,2.1508949
CL_10356001,5,5.270096,0.86134684,0.4927213788032532,2.2956688
CL_10356001,6,5.7062197,0.9197366,0.4507560729980469,2.3887694
CL_10356001,7,6.0608444,0.96791583,0.416639506816864,2.4618783
CL_10356001,8,6.379374,1.0188675,0.38599932193756104,2.5257423
CL_10356001,9,6.5221753,1.041637,0.3722703456878662,2.553855
CL_10356001,10,6.574766,1.0602192,0.36722278594970703,2.5641308
CL_10362001,1,0.5590335,0.26621753,0.9066497907042503,0.74768543
CL_10362001,2,1.7047191,0.43722975,0.7154548168182373,1.3056489
CL_10362001,3,2.431797,0.55678004,0.5855869650840759,1.559422
CL_10362001,4,2.5226915,0.6208932,0.5478498339653015,1.5882983
CL_10362001,5,2.7325063,0.6664641,0.5037709772586823,1.6530294
CL_10362001,6,2.9773405,0.7006654,0.4584468603134155,1.7254971
CL_10362001,7,3.1711757,0.7354061,0.4226458668708801,1.7807795
CL_10362001,8,3.3125904,0.7601454,0.395171582698822,1.8200523
CL_10362001,9,3.3242185,0.7670176,0.3868717551231384,1.823244
CL_10362001,10,3.319435,0.76661515,0.3804537057876587,1.8219316
CL_10363002,1,0.8192722,0.34644416,0.8663275688886642,0.9051366
CL_10363002,2,1.2488091,0.44948694,0.7962301820516586,1.1175013
CL_10363002,3,2.1693385,0.61050963,0.6458901762962341,1.4728675
CL_10363002,4,2.709452,0.7217068,0.5574467778205872,1.6460413
CL_10363002,5,2.9938145,0.7996966,0.5100294649600983,1.7302643
CL_10363002,6,3.1904986,0.83883935,0.4767763018608093,1.7861967
CL_10363002,7,3.353389,0.87370425,0.45004409551620483,1.8312261
CL_10363002,8,3.499327,0.90486133,0.4301917552947998,1.8706489
CL_10363002,9,3.5230906,0.9281857,0.42798835039138794,1.8769897
CL_10363002,10,3.527125,0.9387232,0.4275885224342346,1.8780642
CL_10364001,1,0.98117894,0.36137626,0.8614902645349503,0.9905448
CL_10364001,2,0.577796,0.3634443,0.9181303232908249,0.7601289
CL_10364001,3,0.9170684,0.47990897,0.8695098459720612,0.9576369
CL_10364001,4,1.2400836,0.5712482,0.8228588551282883,1.1135904
CL_10364001,5,1.4511038,0.6417809,0.7919048070907593,1.2046177
CL_10364001,6,1.5958121,0.6780155,0.7700169086456299,1.2632545
CL_10364001,7,1.7431754,0.7248106,0.7480047345161438,1.3202937
CL_10364001,8,1.957726,0.779362,0.7161425650119781,1.3991876
CL_10364001,9,2.0872395,0.81922126,0.696478009223938,1.4447281
CL_10364001,10,2.1311831,0.8419938,0.6894126236438751,1.4598572
CL_10405002,1,38.232742,1.9752936,0.5497536361217499,6.1832633
CL_10405002,2,53.079205,2.7328935,0.3786551356315613,7.2855477
CL_10405002,3,58.145565,3.107202,0.3187571167945862,7.625324
CL_10405002,4,59.489506,3.2971814,0.3030664324760437,7.712944
CL_10405002,5,63.733757,3.488945,0.25998610258102417,7.9833426
CL_10405002,6,67.96846,3.6407657,0.21155095100402832,8.244299
CL_10405002,7,68.74954,3.705896,0.20537400245666504,8.291534
CL_10405002,8,67.42422,3.7380571,0.20503103733062744,8.2112255
CL_10405002,9,67.21451,3.7573254,0.20547723770141602,8.198445
CL_10405002,10,67.33341,3.7660077,0.2019309401512146,8.205694
CL_10432002,1,1.8150669,0.5040582,0.5317858159542084,1.3472441
CL_10432002,2,2.748347,0.73537254,0.29096293449401855,1.6578139
CL_10432002,3,3.1302576,0.8336038,0.19240444898605347,1.7692534
CL_10432002,4,3.3782482,0.8895228,0.1284196376800537,1.8380011
CL_10432002,5,3.5023239,0.91367143,0.09655356407165527,1.8714497
CL_10432002,6,3.5985901,0.93190545,0.07178139686584473,1.8969951
CL_10432002,7,3.637049,0.94248515,0.06190234422683716,1.9071048
CL_10432002,8,3.6736014,0.9548892,0.05252009630203247,1.9166641
CL_10432002,9,3.6702132,0.9603447,0.053860247135162354,1.9157801
CL_10432002,10,3.6690161,0.9606658,0.05435734987258911,1.9154676
CL_12802001,1,0.008159547,0.038486518,0.8359205424785614,0.09033021
CL_12802001,2,0.017784886,0.05478972,0.6423139572143555,0.13335998
CL_12802001,3,0.023588864,0.0648812,0.5254897475242615,0.15358667
CL_12802001,4,0.027878387,0.072116025,0.43904995918273926,0.16696823
CL_12802001,5,0.030908601,0.07674652,0.3779659867286682,0.17580843
CL_12802001,6,0.032200783,0.079564884,0.35183054208755493,0.17944577
CL_12802001,7,0.03272357,0.07991876,0.3411802053451538,0.18089657
CL_12802001,8,0.0328309,0.08077156,0.33866459131240845,0.181193
CL_12802001,9,0.032367453,0.08086249,0.34687525033950806,0.17990957
CL_12802001,10,0.032042608,0.0811652,0.3471947908401489,0.17900449
CL_4400001,1,0.00077201356,0.022853808,-7.1378679275512695,0.027785132
CL_4400001,2,0.0006229627,0.020115644,-5.603030204772949,0.024959221
CL_4400001,3,0.00050763757,0.017277803,-4.41062068939209,0.022530815
CL_4400001,4,0.00046824242,0.016476937,-4.0187201499938965,0.02163891
CL_4400001,5,0.00041963815,0.015395989,-3.504533290863037,0.020485071
CL_4400001,6,0.00034644778,0.013273348,-2.7244980335235596,0.018613108
CL_4400001,7,0.00036180404,0.013396918,-2.8954803943634033,0.019021148
CL_4400001,8,0.000389828,0.014319767,-3.2035932540893555,0.019744063
CL_4400001,9,0.00048125608,0.016272634,-4.197404384613037,0.02193755
CL_4400001,10,0.0006135946,0.018346678,-5.636771202087402,0.024770841
CL_5716001,1,0.4140673,0.099080235,0.5414678156375885,0.6434806
CL_5716001,2,0.6750654,0.13425018,0.25291234254837036,0.8216236
CL_5716001,3,0.78165877,0.15644135,0.1351349949836731,0.8841147
CL_5716001,4,0.83280694,0.1707278,0.07867777347564697,0.9125826
CL_5716001,5,0.85069686,0.18282399,0.05901283025741577,0.9223323
CL_5716001,6,0.8577534,0.19813319,0.05133873224258423,0.9261498
CL_5716001,7,0.85853046,0.20970698,0.05059307813644409,0.92656916
CL_5716001,8,0.8712101,0.21990478,0.03666961193084717,0.9333864
CL_5716001,9,0.8866242,0.24072205,0.019752144813537598,0.94160724
CL_5716001,10,0.8971008,0.2565123,0.00828540325164795,0.94715405
CL_5746001,1,0.022618959,0.060676344,0.6482193768024445,0.150396
CL_5746001,2,0.023629423,0.075191654,0.6338318586349487,0.15371865
CL_5746001,3,0.027632184,0.088846795,0.5737179517745972,0.16622931
CL_5746001,4,0.030124092,0.09872366,0.5375140607357025,0.17356293
CL_5746001,5,0.03285512,0.10817493,0.497774600982666,0.18125981
CL_5746001,6,0.035846528,0.11640886,0.4538382291793823,0.1893318
CL_5746001,7,0.037710913,0.12149353,0.42674267292022705,0.19419298
CL_5746001,8,0.0395776,0.12711337,0.3998064398765564,0.1989412
CL_5746001,9,0.042112473,0.1332802,0.3627627491950989,0.20521323
CL_5746001,10,0.042716365,0.1345865,0.35502851009368896,0.20667937
CL_5748001,1,0.010356241,0.05373625,0.8770629167556763,0.10176562
CL_5748001,2,0.03142024,0.076714434,0.6273263692855835,0.17725755
CL_5748001,3,0.04612016,0.09217647,0.4534183740615845,0.21475604
CL_5748001,4,0.053502858,0.10425289,0.366462767124176,0.23130685
CL_5748001,5,0.05746177,0.111264214,0.320128858089447,0.23971185
CL_5748001,6,0.059461996,0.117746316,0.297027587890625,0.24384831
CL_5748001,7,0.061955538,0.12507772,0.2683400511741638,0.2489087
CL_5748001,8,0.06546272,0.13417117,0.22789406776428223,0.25585684
CL_5748001,9,0.068394415,0.14115612,0.19390422105789185,0.26152325
CL_5748001,10,0.06972687,0.14533666,0.1789814829826355,0.26405847
CL_6034001,1,0.09947457,0.172972,0.9364069625735283,0.3153959
CL_6034001,2,0.22909063,0.23846743,0.8535903990268707,0.47863412
CL_6034001,3,0.326966,0.28332838,0.7909011691808701,0.5718094
CL_6034001,4,0.41326258,0.31986615,0.7356791794300079,0.64285505
CL_6034001,5,0.49024993,0.35003212,0.6863607168197632,0.7001785
CL_6034001,6,0.5526431,0.37573132,0.6451780796051025,0.7433997
CL_6034001,7,0.5957784,0.3978151,0.6132542192935944,0.77186686
CL_6034001,8,0.6377486,0.42022094,0.58544060587883,0.7985916
CL_6034001,9,0.6797271,0.4432955,0.557648092508316,0.8244556
CL_6034001,10,0.7061965,0.46018797,0.5407737493515015,0.840355
CL_7116001,1,0.2916433,0.18939261,0.8121340125799179,0.5400401
CL_7116001,2,0.6224069,0.26898873,0.5665436089038849,0.7889277
CL_7116001,3,0.6997061,0.31221724,0.4957113265991211,0.8364844
CL_7116001,4,0.7776791,0.3541523,0.4287455081939697,0.88186115
CL_7116001,5,0.8627964,0.3793697,0.3585634231567383,0.92886835
CL_7116001,6,0.8710403,0.39870107,0.3471006751060486,0.93329537
CL_7116001,7,0.8864304,0.420867,0.33161526918411255,0.9415043
CL_7116001,8,0.9365768,0.437207,0.2908756732940674,0.96776897
CL_7116001,9,0.9460304,0.44115868,0.2810196876525879,0.97264093
CL_7116001,10,0.941571,0.44383287,0.2825353145599365,0.9703458
CL_7123001,1,0.43982968,0.21643852,0.7853669822216034,0.66319656
CL_7123001,2,0.8967662,0.307442,0.5623058974742889,0.9469774
CL_7123001,3,1.2008795,0.37818006,0.4138602018356323,1.0958464
CL_7123001,4,1.3936539,0.42983782,0.3198566436767578,1.1805311
CL_7123001,5,1.5378089,0.4708474,0.24926865100860596,1.2400842
CL_7123001,6,1.6303433,0.5066486,0.2039617896080017,1.276849
CL_7123001,7,1.6817534,0.5367007,0.17885494232177734,1.2968243
CL_7123001,8,1.7332107,0.56555206,0.15374809503555298,1.3165146
CL_7123001,9,1.7990031,0.57923824,0.12164348363876343,1.3412693
CL_7123001,10,1.8140787,0.58825547,0.11425161361694336,1.3468773
CL_7330001,1,3.2650115,0.61673135,0.7972269207239151,1.8069342
CL_7330001,2,6.847106,0.92877805,0.5717582404613495,2.6166975
CL_7330001,3,7.8504267,1.1099876,0.5075656473636627,2.8018613
CL_7330001,4,8.697401,1.236939,0.4547150135040283,2.9491355
CL_7330001,5,9.6862335,1.358477,0.3927990198135376,3.1122715
CL_7330001,6,10.206923,1.4408329,0.3602116107940674,3.1948276
CL_7330001,7,10.694275,1.5025971,0.3286648392677307,3.2702103
CL_7330001,8,11.2724495,1.5533202,0.2910659909248352,3.357447
CL_7330001,9,11.448445,1.5836247,0.27940142154693604,3.3835552
CL_7330001,10,11.519192,1.5857828,0.2746487259864807,3.3939934
CL_7332001,1,1.0817908,0.36493874,0.9003183767199516,1.0400918
CL_7332001,2,3.331912,0.59551203,0.6929197311401367,1.8253525
CL_7332001,3,4.3657436,0.7492788,0.582291454076767,2.0894363
CL_7332001,4,4.838675,0.8656446,0.5231985151767731,2.199699
CL_7332001,5,5.475174,0.9548348,0.4569026231765747,2.339909
CL_7332001,6,6.007053,1.0272799,0.40296417474746704,2.450929
CL_7332001,7,6.4527307,1.0845461,0.35806190967559814,2.5402226
CL_7332001,8,6.7915573,1.132409,0.3240475654602051,2.6060617
CL_7332001,9,7.0983434,1.1578264,0.2931920289993286,2.6642716
CL_7332001,10,7.188829,1.1666201,0.28381484746932983,2.681199
CL_7335001,1,0.60932726,0.29813603,0.9026209339499474,0.78059417
CL_7335001,2,1.1445862,0.40287504,0.8171097934246063,1.0698533
CL_7335001,3,2.2023592,0.5603165,0.6481146216392517,1.4840348
CL_7335001,4,2.8610513,0.68650156,0.5428386628627777,1.6914643
CL_7335001,5,3.311822,0.7726273,0.47074753046035767,1.8198411
CL_7335001,6,3.8061714,0.8451915,0.3954765200614929,1.9509412
CL_7335001,7,4.180289,0.90304446,0.3392079472541809,2.0445755
CL_7335001,8,4.433052,0.9442811,0.30000418424606323,2.1054814
CL_7335001,9,4.6505427,0.97971594,0.265789270401001,2.1565118
CL_7335001,10,4.753248,0.9920463,0.24976444244384766,2.1801946
CL_7335002,1,0.187536,0.14627488,0.7649215459823608,0.43305427
CL_7335002,2,0.28847322,0.19992828,0.5592938959598541,0.53709704
CL_7335002,3,0.38528785,0.2448212,0.38128960132598877,0.6207156
CL_7335002,4,0.44972733,0.2876484,0.27533209323883057,0.6706171
CL_7335002,5,0.5100909,0.32380825,0.17625075578689575,0.71420646
CL_7335002,6,0.5457293,0.34850967,0.11643147468566895,0.7387349
CL_7335002,7,0.5709351,0.3704316,0.07386589050292969,0.7556025
CL_7335002,8,0.58580285,0.3885663,0.04807966947555542,0.7653776
CL_7335002,9,0.6019967,0.40658262,0.020174920558929443,0.77588445
CL_7335002,10,0.62408984,0.4221247,-0.0112534761428833,0.7899936
CL_7336001,1,0.21898806,0.14369392,0.8932023420929909,0.4679616
CL_7336001,2,0.6096698,0.2200466,0.7026704251766205,0.7808136
CL_7336001,3,0.9480025,0.28820646,0.5376703143119812,0.9736542
CL_7336001,4,1.1543124,0.3271351,0.43705374002456665,1.0743893
CL_7336001,5,1.2976882,0.35420808,0.36712419986724854,1.1391612
CL_7336001,6,1.4020395,0.37713158,0.3162367343902588,1.1840775
CL_7336001,7,1.4823982,0.39503276,0.2770446538925171,1.2175378
CL_7336001,8,1.5292109,0.4047757,0.25522100925445557,1.2366127
CL_7336001,9,1.5927563,0.41413862,0.22922563552856445,1.2620444
CL_7336001,10,1.6460441,0.42446062,0.20845961570739746,1.2829825
CL_7339001,1,0.23026548,0.10938275,0.6640451848506927,0.47985986
CL_7339001,2,0.31389558,0.13044441,0.5416370630264282,0.5602639
CL_7339001,3,0.38385963,0.1630502,0.4417629837989807,0.61956406
CL_7339001,4,0.4836986,0.19452198,0.3060343861579895,0.69548446
CL_7339001,5,0.5348098,0.21703134,0.23436874151229858,0.7313069
CL_7339001,6,0.56222904,0.23269947,0.1954544186592102,0.74981934
CL_7339001,7,0.57830125,0.2461508,0.17312467098236084,0.7604612
CL_7339001,8,0.59069216,0.25420517,0.15602260828018188,0.768565
CL_7339001,9,0.58111644,0.25765482,0.17014694213867188,0.7623099
CL_7339001,10,0.56998897,0.26332366,0.18647420406341553,0.75497615
CL_7343001,1,1.3424022,0.21822642,0.43344587087631226,1.1586208
CL_7343001,2,1.8959122,0.28773513,0.18657219409942627,1.3769213
CL_7343001,3,1.811595,0.3070785,0.22150444984436035,1.345955
CL_7343001,4,1.9032232,0.31776273,0.18157410621643066,1.3795736
CL_7343001,5,1.9772122,0.33322793,0.14942121505737305,1.4061338
CL_7343001,6,2.0374784,0.34757364,0.12328881025314331,1.4274027
CL_7343001,7,2.096771,0.35404843,0.09763079881668091,1.4480231
CL_7343001,8,2.0659406,0.35845327,0.11079025268554688,1.437338
CL_7343001,9,2.0222943,0.35856283,0.12985634803771973,1.422074
CL_7343001,10,2.0413249,0.3639207,0.12262070178985596,1.4287494
CL_7350001,1,7.7154145,0.7076037,0.6506393551826477,2.7776635
CL_7350001,2,12.930062,1.0276365,0.41458868980407715,3.5958395
CL_7350001,3,14.383108,1.1943958,0.348968505859375,3.792507
CL_7350001,4,15.250316,1.3218104,0.30846405029296875,3.9051652
CL_7350001,5,16.293276,1.4336177,0.26126593351364136,4.036493
CL_7350001,6,16.819992,1.5077033,0.23750931024551392,4.101218
CL_7350001,7,17.368355,1.564973,0.21260899305343628,4.167536
CL_7350001,8,17.719872,1.614471,0.19653499126434326,4.209498
CL_7350001,9,17.736006,1.6392466,0.1959015130996704,4.211414
CL_7350001,10,17.807474,1.6612138,0.19286495447158813,4.21989
CL_7350003,1,18.352064,0.99892277,0.5994265377521515,4.283931
CL_7350003,2,29.99499,1.3466793,0.3454989790916443,5.476768
CL_7350003,3,32.278145,1.5663226,0.2959063649177551,5.681386
CL_7350003,4,34.155052,1.7052714,0.255204439163208,5.8442326
CL_7350003,5,36.38921,1.8269048,0.20672303438186646,6.0323467
CL_7350003,6,37.271755,1.9108709,0.18776005506515503,6.1050596
CL_7350003,7,37.61624,1.9718527,0.18053078651428223,6.1332083
CL_7350003,8,38.174534,2.014121,0.16864550113677979,6.1785545
CL_7350003,9,37.97026,2.0294366,0.17329531908035278,6.162001
CL_7350003,10,37.921627,2.0413141,0.17444491386413574,6.158054
CL_7354002,1,3.2140818,0.42824602,0.6667599678039551,1.792786
CL_7354002,2,4.8625855,0.61748624,0.495217502117157,2.205127
CL_7354002,3,5.3796706,0.7266634,0.4411519765853882,2.3194118
CL_7354002,4,5.788577,0.81137824,0.398481547832489,2.4059463
CL_7354002,5,6.33458,0.8830558,0.3416469693183899,2.516859
CL_7354002,6,6.6306725,0.93803555,0.31084901094436646,2.575009
CL_7354002,7,7.028382,0.9873593,0.26953446865081787,2.6511095
CL_7354002,8,7.2582045,1.0196096,0.24572527408599854,2.6941054
CL_7354002,9,7.3547106,1.0403098,0.23582583665847778,2.711957
CL_7354002,10,7.4419584,1.0540426,0.22692334651947021,2.7279954
CL_7355002,1,1.6858354,0.6372198,0.8079473972320557,1.2983972
CL_7355002,2,3.111846,0.9202501,0.6451752781867981,1.7640425
CL_7355002,3,3.3893569,1.0558536,0.6137024760246277,1.8410206
CL_7355002,4,3.9320683,1.1778325,0.5498637557029724,1.9829444
CL_7355002,5,4.3376803,1.2788268,0.4976540207862854,2.0827098
CL_7355002,6,4.698108,1.3765881,0.45349907875061035,2.167512
CL_7355002,7,5.125365,1.4767485,0.40196657180786133,2.2639267
CL_7355002,8,5.3840156,1.5402807,0.3712511658668518,2.3203483
CL_7355002,9,5.7734265,1.6549038,0.3262656331062317,2.4027956
CL_7355002,10,6.155421,1.7374909,0.282214879989624,2.481012
CL_7359001,1,0.8355081,0.2621565,0.8625665158033371,0.9140613
CL_7359001,2,1.2758616,0.40218434,0.7901305854320526,1.1295404
CL_7359001,3,2.1837788,0.5708373,0.640781432390213,1.4777614
CL_7359001,4,2.824885,0.6883304,0.5353183448314667,1.6807394
CL_7359001,5,3.3337727,0.7822262,0.45160382986068726,1.8258622
CL_7359001,6,3.693399,0.8442219,0.3924424648284912,1.9218218
CL_7359001,7,4.054439,0.9049031,0.3330463767051697,2.0135639
CL_7359001,8,4.3026958,0.94603753,0.29220229387283325,2.074294
CL_7359001,9,4.5132027,0.97243524,0.25756746530532837,2.12443
CL_7359001,10,4.6541824,0.9859869,0.23437273502349854,2.1573553
CL_7372001,1,0.62357765,0.26074654,0.822450801730156,0.78966933
CL_7372001,2,1.2297052,0.37976936,0.6498085856437683,1.1089207
CL_7372001,3,1.4520898,0.44997907,0.5864070951938629,1.2050269
CL_7372001,4,1.6469723,0.49764916,0.5308605432510376,1.2833441
CL_7372001,5,1.9209683,0.5458569,0.452791690826416,1.38599
CL_7372001,6,2.0353584,0.58879393,0.4201270341873169,1.42666
CL_7372001,7,2.0949996,0.6210997,0.4029930830001831,1.4474113
CL_7372001,8,2.2231176,0.6458136,0.3666524887084961,1.4910122
CL_7372001,9,2.3083367,0.660846,0.34367185831069946,1.5193211
CL_7372001,10,2.3254857,0.6656535,0.3389439582824707,1.5249543
CL_7374001,1,2.5515125,0.4259343,0.63382688164711,1.5973455
CL_7374001,2,4.211514,0.60349566,0.4085216522216797,2.0521975
CL_7374001,3,4.8979983,0.7097573,0.33895057439804077,2.2131422
CL_7374001,4,5.3618174,0.7773384,0.2782611846923828,2.3155599
CL_7374001,5,6.026296,0.8458113,0.22693926095962524,2.4548516
CL_7374001,6,6.6901665,0.91792786,0.19106775522232056,2.5865357
CL_7374001,7,6.858364,0.96872663,0.1782863736152649,2.6188478
CL_7374001,8,7.0814424,1.0094757,0.15320956707000732,2.661098
CL_7374001,9,7.140814,1.0469012,0.14635324478149414,2.67223
CL_7374001,10,7.157353,1.0806329,0.14435738325119019,2.675323
CL_7379001,1,0.7916679,0.33040047,0.8442295789718628,0.8897572
CL_7379001,2,2.5189714,0.55258566,0.5032975375652313,1.5871267
CL_7379001,3,3.1827445,0.6506368,0.371587872505188,1.7840248
CL_7379001,4,3.3994257,0.71435565,0.3299684524536133,1.8437532
CL_7379001,5,3.6124806,0.7628974,0.2876462936401367,1.9006526
CL_7379001,6,3.9358976,0.8066779,0.22523224353790283,1.9839097
CL_7379001,7,4.1078854,0.8327359,0.1931360960006714,2.0267918
CL_7379001,8,4.167362,0.8441546,0.16970402002334595,2.0414119
CL_7379001,9,4.2162027,0.8480384,0.157398521900177,2.0533395
CL_7379001,10,4.2962255,0.85750186,0.14029377698898315,2.0727339
CL_7379002,1,2.2364883,0.39882237,0.676657110452652,1.4954894
CL_7379002,2,4.031326,0.6095711,0.4172555208206177,2.007816
CL_7379002,3,4.3838983,0.70981365,0.3663800358772278,2.093776
CL_7379002,4,4.577333,0.76061046,0.3385034203529358,2.1394703
CL_7379002,5,4.949465,0.79802597,0.2848246693611145,2.2247393
CL_7379002,6,5.1303444,0.8463434,0.25876039266586304,2.2650263
CL_7379002,7,5.305812,0.88681793,0.23347598314285278,2.3034348
CL_7379002,8,5.4891725,0.92302614,0.2070789337158203,2.3428984
CL_7379002,9,5.674899,0.94161034,0.18036377429962158,2.3822048
CL_7379002,10,5.7694693,0.95005226,0.16691982746124268,2.401972
CL_7381001,1,0.08781435,0.10292914,0.7836968153715134,0.29633486
CL_7381001,2,0.23395704,0.17033233,0.423698365688324,0.48369107
CL_7381001,3,0.31973103,0.21161526,0.21233665943145752,0.5654476
CL_7381001,4,0.36091027,0.23300204,0.11080467700958252,0.6007581
CL_7381001,5,0.38493404,0.24480875,0.05155336856842041,0.6204305
CL_7381001,6,0.39508086,0.25528494,0.026550471782684326,0.6285546
CL_7381001,7,0.40050778,0.26528668,0.013433277606964111,0.63285685
CL_7381001,8,0.41109732,0.27773613,0.0015551447868347168,0.6411687
CL_7381001,9,0.41910145,0.29119763,-0.005487203598022461,0.6473805
CL_7381001,10,0.42824328,0.2990952,-0.02336251735687256,0.654403
CL_7383001,1,0.30760315,0.25624537,0.8672217726707458,0.55461985
CL_7383001,2,0.5093611,0.3394545,0.7804120182991028,0.71369535
CL_7383001,3,0.8010357,0.42062095,0.6546711623668671,0.895006
CL_7383001,4,1.0276765,0.4807154,0.5564785599708557,1.0137438
CL_7383001,5,1.1786484,0.52693313,0.4910302758216858,1.0856557
CL_7383001,6,1.3294252,0.56515497,0.42596006393432617,1.153007
CL_7383001,7,1.4725949,0.599535,0.36431294679641724,1.2135051
CL_7383001,8,1.5838369,0.6330557,0.3166247606277466,1.2585058
CL_7383001,9,1.6812961,0.65220857,0.27513569593429565,1.296648
CL_7383001,10,1.7422523,0.6634222,0.24926650524139404,1.319944
CL_8114001,1,2.5728433,0.5611374,0.8047914505004883,1.6040086
CL_8114001,2,5.239104,0.8329283,0.6027052700519562,2.288909
CL_8114001,3,5.8209577,0.98507077,0.5586389303207397,2.412666
CL_8114001,4,6.497835,1.0816166,0.5073302686214447,2.5490851
CL_8114001,5,7.2199707,1.19226,0.4527215361595154,2.6870003
CL_8114001,6,7.760541,1.2862025,0.412062406539917,2.7857747
CL_8114001,7,8.182806,1.3483886,0.3801897168159485,2.8605604
CL_8114001,8,8.705499,1.4028221,0.34316545724868774,2.950508
CL_8114001,9,8.962735,1.4250755,0.3251648545265198,2.9937828
CL_8114001,10,8.992109,1.4258044,0.325031042098999,2.9986846
CL_8123001,1,2.775695,0.5008844,0.7473483979701996,1.6660417
CL_8123001,2,5.5906816,0.7856295,0.49108827114105225,2.3644621
CL_8123001,3,6.7869067,0.95668346,0.38216084241867065,2.6051693
CL_8123001,4,7.3727016,1.0741179,0.32885080575942993,2.715272
CL_8123001,5,7.983964,1.1700454,0.2732260823249817,2.8255908
CL_8123001,6,8.457648,1.248236,0.23011505603790283,2.9082036
CL_8123001,7,8.826541,1.3069539,0.19655734300613403,2.9709494
CL_8123001,8,9.122963,1.3548892,0.16959577798843384,3.0204244
CL_8123001,9,9.319876,1.3753179,0.15168970823287964,3.0528471
CL_8123001,10,9.458842,1.391772,0.13906508684158325,3.0755231
CL_8124002,1,1.3025442,0.390849,0.846791997551918,1.1412905
CL_8124002,2,3.1167567,0.61061716,0.6333366334438324,1.7654339
CL_8124002,3,3.8252263,0.7460204,0.5506469905376434,1.9558185
CL_8124002,4,4.177744,0.8430247,0.5100813508033752,2.043953
CL_8124002,5,4.6944065,0.9258475,0.4500511884689331,2.166658
CL_8124002,6,5.0970473,0.9912111,0.40369337797164917,2.2576642
CL_8124002,7,5.416524,1.0379733,0.367093026638031,2.3273427
CL_8124002,8,5.6914883,1.080546,0.33537596464157104,2.385684
CL_8124002,9,5.87485,1.0986634,0.31429922580718994,2.423809
CL_8124002,10,5.930849,1.1067034,0.3083917498588562,2.4353335
CL_8130002,1,8.147296,0.78727585,0.6663141548633575,2.8543468
CL_8130002,2,12.61073,1.1350065,0.4833829998970032,3.551159
CL_8130002,3,14.041954,1.3202066,0.4247264862060547,3.7472596
CL_8130002,4,14.9932575,1.4436978,0.38571256399154663,3.8721128
CL_8130002,5,15.943436,1.55176,0.3464513421058655,3.9929233
CL_8130002,6,16.362082,1.618519,0.3289802670478821,4.0450068
CL_8130002,7,16.838469,1.6708912,0.30933910608291626,4.1034703
CL_8130002,8,17.154316,1.7014271,0.29627496004104614,4.141777
CL_8130002,9,16.692114,1.6951848,0.31518691778182983,4.0855985
CL_8130002,10,16.916895,1.6830626,0.30598539113998413,4.113015
CL_8132001,1,0.9687198,0.3188872,0.8429073542356491,0.98423564
CL_8132001,2,2.6661456,0.51838386,0.5726926326751709,1.6328336
CL_8132001,3,3.361238,0.6347628,0.4658464789390564,1.833368
CL_8132001,4,3.5912466,0.71207136,0.43105548620224,1.8950585
CL_8132001,5,3.9997725,0.78988415,0.38023877143859863,1.9999431
CL_8132001,6,4.313027,0.85419077,0.3429473042488098,2.076783
CL_8132001,7,4.5123634,0.8932303,0.3168511390686035,2.1242325
CL_8132001,8,4.6785975,0.934953,0.2953287959098816,2.1630065
CL_8132001,9,4.8445344,0.9567228,0.27178531885147095,2.2010303
CL_8132001,10,4.872076,0.9644429,0.26585280895233154,2.207278
CL_8133001,1,3.251179,0.65977126,0.888215534389019,1.8031026
CL_8133001,2,7.5726857,0.9726509,0.7396207749843597,2.7518513
CL_8133001,3,10.312402,1.179882,0.6454157829284668,3.2112927
CL_8133001,4,11.982351,1.3220336,0.5879869163036346,3.4615533
CL_8133001,5,13.10577,1.4244266,0.549317330121994,3.6201892
CL_8133001,6,13.940542,1.4908372,0.5205607414245605,3.7337036
CL_8133001,7,14.657138,1.5450404,0.4958794116973877,3.8284643
CL_8133001,8,15.223686,1.6073155,0.47635263204574585,3.9017541
CL_8133001,9,15.819015,1.651224,0.4558202624320984,3.9773126
CL_8133001,10,16.329592,1.6875329,0.4381972551345825,4.040989
CL_8134002,1,15.664747,0.89931476,0.4992368817329407,3.9578714
CL_8134002,2,13.642926,1.0559008,0.5638619661331177,3.6936333
CL_8134002,3,15.809664,1.1757343,0.4940900206565857,3.9761367
CL_8134002,4,17.653078,1.2468619,0.4307078719139099,4.2015567
CL_8134002,5,19.07708,1.3156693,0.3843858242034912,4.3677316
CL_8134002,6,19.37709,1.3607883,0.37463998794555664,4.401942
CL_8134002,7,19.255264,1.3844583,0.370141863822937,4.388082
CL_8134002,8,18.857876,1.3892394,0.355928897857666,4.3425655
CL_8134002,9,18.208773,1.3791498,0.3440433144569397,4.267174
CL_8134002,10,17.98379,1.3837074,0.3188619017601013,4.24073
CL_8134003,1,12.11947,0.5336624,0.6250176429748535,3.481303
CL_8134003,2,26.20995,0.8297254,0.19102585315704346,5.1195655
CL_8134003,3,29.049417,0.9221222,0.0885046124458313,5.389751
CL_8134003,4,29.608456,0.96011245,0.06343317031860352,5.4413652
CL_8134003,5,30.599089,1.0171016,0.04924023151397705,5.5316443
CL_8134003,6,30.904095,1.0596961,0.04315143823623657,5.559145
CL_8134003,7,30.909296,1.0793307,0.04284268617630005,5.5596128
CL_8134003,8,30.884066,1.0897999,0.04364889860153198,5.5573435
CL_8134003,9,31.011034,1.0862556,0.03768640756607056,5.568755
CL_8134003,10,31.085093,1.0899438,0.035186707973480225,5.575401
CL_8135002,1,1.2778078,0.31863853,0.7778928279876709,1.1304016
CL_8135002,2,1.5382706,0.4676071,0.7326611578464508,1.2402704
CL_8135002,3,2.2057772,0.5995434,0.617051899433136,1.4851859
CL_8135002,4,2.3955042,0.68644065,0.5842206478118896,1.5477417
CL_8135002,5,2.6284213,0.75393665,0.5438148975372314,1.6212406
CL_8135002,6,2.9403927,0.81611705,0.48969602584838867,1.7147573
CL_8135002,7,3.1988764,0.86517674,0.4448426365852356,1.7885402
CL_8135002,8,3.391813,0.90760505,0.4113461375236511,1.8416876
CL_8135002,9,3.5250685,0.9305369,0.38818079233169556,1.8775166
CL_8135002,10,3.6096363,0.9438943,0.373462975025177,1.8999043
CL_8141001,1,0.6307846,0.32249007,0.9197938069701195,0.7942195
CL_8141001,2,1.2316499,0.42994386,0.8435803949832916,1.1097972
CL_8141001,3,2.0846562,0.5728268,0.7363965511322021,1.4438338
CL_8141001,4,2.5730324,0.67418796,0.674767404794693,1.6040674
CL_8141001,5,3.0505214,0.7605165,0.6156641244888306,1.7465742
CL_8141001,6,3.46194,0.83631194,0.5685243904590607,1.860629
CL_8141001,7,3.8547943,0.90334064,0.5210087299346924,1.963363
CL_8141001,8,4.0932508,0.9519055,0.48875826597213745,2.0231783
CL_8141001,9,4.304448,0.9819183,0.46208250522613525,2.0747163
CL_8141001,10,4.4298797,0.9989952,0.44530606269836426,2.104728
CL_8220001,1,0.21348882,0.16700786,0.7823299020528793,0.4620485
CL_8220001,2,0.35353184,0.2578105,0.6390275955200195,0.5945854
CL_8220001,3,0.508712,0.33452427,0.4817809462547302,0.7132405
CL_8220001,4,0.5576527,0.3688708,0.4339739680290222,0.7467615
CL_8220001,5,0.61193115,0.39636168,0.378967821598053,0.7822603
CL_8220001,6,0.6413614,0.41993922,0.34494298696517944,0.80085045
CL_8220001,7,0.64011675,0.42605886,0.34649157524108887,0.80007297
CL_8220001,8,0.6543461,0.43099877,0.34419089555740356,0.8089166
CL_8220001,9,0.68487257,0.43914038,0.31579458713531494,0.82757026
CL_8220001,10,0.6926539,0.44184563,0.3075276017189026,0.8322583
CL_8317002,1,11.150884,0.9451774,0.7814142554998398,3.339294
CL_8317002,2,22.942934,1.4042333,0.5502232313156128,4.7898784
CL_8317002,3,27.158226,1.666837,0.46749669313430786,5.2113557
CL_8317002,4,29.308084,1.82939,0.4252609610557556,5.4136944
CL_8317002,5,31.105673,1.989796,0.3903299570083618,5.577246
CL_8317002,6,32.643612,2.1286612,0.36019039154052734,5.713459
CL_8317002,7,33.725372,2.2469084,0.3388923406600952,5.807355
CL_8317002,8,34.97366,2.3510835,0.3142842650413513,5.913853
CL_8317002,9,35.304493,2.403455,0.3076205849647522,5.9417586
CL_8317002,10,36.06062,2.446055,0.29260796308517456,6.0050497
CL_8323002,1,3.4024134,0.6930126,0.8436610847711563,1.8445632
CL_8323002,2,7.715399,1.0590588,0.6468831300735474,2.7776606
CL_8323002,3,10.128454,1.3084762,0.5381034314632416,3.1825233
CL_8323002,4,11.838306,1.4877924,0.4616367220878601,3.440684
CL_8323002,5,13.174519,1.6235383,0.4018257260322571,3.629672
CL_8323002,6,14.074121,1.7339095,0.36177390813827515,3.7515492
CL_8323002,7,14.801535,1.8360775,0.3296281099319458,3.8472762
CL_8323002,8,15.484707,1.9228965,0.29932790994644165,3.9350612
CL_8323002,9,15.691331,1.9563657,0.2902151942253113,3.9612284
CL_8323002,10,16.021513,1.9760777,0.2798597812652588,4.0026884
CL_8332001,1,7.969841,1.0000094,0.8240661323070526,2.8230908
CL_8332001,2,13.981816,1.4877255,0.6914566457271576,3.7392266
CL_8332001,3,17.628126,1.8310462,0.6111315190792084,4.198586
CL_8332001,4,19.394499,1.9958538,0.5721949338912964,4.4039187
CL_8332001,5,20.333788,2.1046531,0.5514867305755615,4.5093
CL_8332001,6,21.103487,2.1308331,0.5345034301280975,4.593853
CL_8332001,7,21.640934,2.1805606,0.5226422846317291,4.651982
CL_8332001,8,22.402739,2.2405813,0.5058225989341736,4.7331533
CL_8332001,9,22.09156,2.2716367,0.5126596689224243,4.700166
CL_8332001,10,22.52458,2.2936563,0.5031173229217529,4.746007
CL_8343001,1,0.548516,0.31220672,0.9122208654880524,0.74061865
CL_8343001,2,1.0916405,0.46997222,0.8251358568668365,1.044816
CL_8343001,3,1.4578669,0.5596972,0.766264408826828,1.2074215
CL_8343001,4,1.6867198,0.6235535,0.7293391823768616,1.2987378
CL_8343001,5,1.9297899,0.70027,0.6899060010910034,1.3891687
CL_8343001,6,2.1839728,0.77221036,0.6486351191997528,1.4778271
CL_8343001,7,2.3781543,0.8237886,0.6170395314693451,1.5421265
CL_8343001,8,2.5277357,0.8633506,0.5926210880279541,1.5898855
CL_8343001,9,2.6461232,0.8936214,0.5732144415378571,1.6266909
CL_8343001,10,2.7503552,0.91274107,0.5561076104640961,1.6584195
CL_8351001,1,9.068898,0.8386076,0.7516335994005203,3.0114613
CL_8351001,2,17.881882,1.3143667,0.5096203088760376,4.2286973
CL_8351001,3,22.635876,1.6107988,0.38001543283462524,4.7577176
CL_8351001,4,25.135326,1.8154474,0.31152498722076416,5.0135145
CL_8351001,5,27.191929,1.9677675,0.25478601455688477,5.214588
CL_8351001,6,28.519442,2.076114,0.22008299827575684,5.3403597
CL_8351001,7,29.293135,2.1680925,0.19883793592453003,5.4123135
CL_8351001,8,29.650019,2.2447722,0.18929308652877808,5.4451833
CL_8351001,9,29.512358,2.274521,0.19290858507156372,5.4325275
CL_8351001,10,29.68379,2.2814898,0.1875680685043335,5.448283
CL_8356001,1,0.12928551,0.15461303,0.9045212641358376,0.35956296
CL_8356001,2,0.21865484,0.20388606,0.8384825438261032,0.46760544
CL_8356001,3,0.34497783,0.25866726,0.7451125979423523,0.5873481
CL_8356001,4,0.47592244,0.30729178,0.6482861340045929,0.6898713
CL_8356001,5,0.56810933,0.3456987,0.5800934433937073,0.7537303
CL_8356001,6,0.63135004,0.37237307,0.533237636089325,0.7945754
CL_8356001,7,0.6746931,0.39266935,0.5003813803195953,0.82139707
CL_8356001,8,0.7049132,0.40563557,0.47733813524246216,0.8395911
CL_8356001,9,0.7273336,0.41446048,0.45987242460250854,0.8528386
CL_8356001,10,0.74238247,0.422516,0.4475630521774292,0.8616162
CL_8358001,1,0.47575533,0.22336459,0.8788019195199013,0.6897502
CL_8358001,2,0.8522805,0.30263498,0.7843926846981049,0.9231904
CL_8358001,3,1.2922972,0.41156918,0.6773242354393005,1.1367925
CL_8358001,4,1.6210694,0.499984,0.5968605577945709,1.2732122
CL_8358001,5,1.8963825,0.5703047,0.5323162078857422,1.377092
CL_8358001,6,2.1106672,0.6166752,0.48769789934158325,1.4528135
CL_8358001,7,2.2610831,0.6588024,0.45488667488098145,1.5036899
CL_8358001,8,2.398372,0.7023812,0.42289233207702637,1.5486678
CL_8358001,9,2.489076,0.7276559,0.40063512325286865,1.5776806
CL_8358001,10,2.577556,0.7502272,0.37809497117996216,1.6054769
CL_8383001,1,0.27127898,0.25469235,0.9150618389248848,0.52084446
CL_8383001,2,0.6658052,0.3697581,0.7921816408634186,0.8159689
CL_8383001,3,1.0348245,0.46141765,0.6778146028518677,1.0172633
CL_8383001,4,1.2802035,0.5239578,0.6023293137550354,1.1314608
CL_8383001,5,1.4715471,0.5753306,0.5436787009239197,1.2130734
CL_8383001,6,1.6394031,0.6194009,0.4925679564476013,1.2803918
CL_8383001,7,1.7890104,0.6674117,0.44710302352905273,1.337539
CL_8383001,8,1.9303912,0.7104693,0.4043579697608948,1.3893852
CL_8383001,9,2.0507956,0.74804926,0.36786454916000366,1.4320599
CL_8383001,10,2.107016,0.7673677,0.35132670402526855,1.4515564
CL_8385001,1,3.3323922,0.356885,0.4884358048439026,1.8254842
CL_8385001,2,1.96992,0.46388093,0.697735607624054,1.4035383
CL_8385001,3,2.2695003,0.56092054,0.6519892513751984,1.506486
CL_8385001,4,2.6224844,0.63420886,0.5980901122093201,1.6194087
CL_8385001,5,2.9865656,0.7048817,0.54297736287117,1.7281682
CL_8385001,6,3.2516465,0.76844877,0.5026144087314606,1.8032322
CL_8385001,7,3.441965,0.80995077,0.4737899899482727,1.8552533
CL_8385001,8,3.653018,0.8426262,0.442043662071228,1.911287
CL_8385001,9,3.8125525,0.8658375,0.41817593574523926,1.9525758
CL_8385001,10,3.9819493,0.89203006,0.3926347494125366,1.9954822
CL_8821003,1,0.2747533,0.23425533,0.8532515466213226,0.52416915
CL_8821003,2,0.4202151,0.2906298,0.775284007191658,0.64824003
CL_8821003,3,0.48193187,0.31877702,0.7420389950275421,0.69421315
CL_8821003,4,0.5510038,0.3380568,0.7048494219779968,0.74229634
CL_8821003,5,0.59259313,0.35775876,0.682222992181778,0.7698007
CL_8821003,6,0.62944657,0.37480584,0.662246823310852,0.7933767
CL_8821003,7,0.6637243,0.38803956,0.6437622308731079,0.8146928
CL_8821003,8,0.69472,0.40189692,0.6269331276416779,0.83349866
CL_8821003,9,0.725151,0.4161635,0.6099917888641357,0.85155797
CL_8821003,10,0.75826454,0.42891306,0.5917755961418152,0.87078387
CL_8822002,1,1.1333131,0.4623871,0.918265774846077,1.0645717
CL_8822002,2,1.6306463,0.61477226,0.8823963105678558,1.2769676
CL_8822002,3,2.1134543,0.72180814,0.8475693315267563,1.4537724
CL_8822002,4,2.3871613,0.80180377,0.827815055847168,1.5450441
CL_8822002,5,2.6372561,0.8664826,0.8097444027662277,1.6239631
CL_8822002,6,2.9278696,0.92688346,0.7886913269758224,1.7111019
CL_8822002,7,3.2401438,0.99164194,0.7664972692728043,1.8000399
CL_8822002,8,3.4960604,1.0386676,0.7479775547981262,1.8697755
CL_8822002,9,3.7930074,1.0876603,0.7264865040779114,1.9475645
CL_8822002,10,4.049113,1.1257795,0.7079165577888489,2.0122406
CL_8910001,1,0.33640155,0.24442706,0.9269973635673523,0.58000135
CL_8910001,2,0.31696263,0.26889512,0.9321886748075485,0.56299436
CL_8910001,3,0.33866534,0.3045632,0.9285367354750633,0.5819496
CL_8910001,4,0.3575219,0.3279385,0.9255460500717163,0.5979313
CL_8910001,5,0.4474507,0.37198806,0.9079695045948029,0.66891754
CL_8910001,6,0.5305056,0.41020402,0.8921558111906052,0.72835815
CL_8910001,7,0.6051467,0.4447266,0.8783011883497238,0.7779118
CL_8910001,8,0.69918704,0.47704795,0.860864594578743,0.8361741
CL_8910001,9,0.79057676,0.50607306,0.8442387878894806,0.8891438
CL_8910001,10,0.87170804,0.53038394,0.8298425823450089,0.93365306
CL_9102001,1,0.10250231,0.13298127,0.9633959122002125,0.32015982
CL_9102001,2,0.1879159,0.18622538,0.9326567351818085,0.4334927
CL_9102001,3,0.32210085,0.24468999,0.8831919580698013,0.5675393
CL_9102001,4,0.46024007,0.29565153,0.830792710185051,0.67840993
CL_9102001,5,0.5930998,0.33398464,0.7783430069684982,0.77012974
CL_9102001,6,0.71064496,0.35963812,0.730473667383194,0.8429976
CL_9102001,7,0.8059285,0.38960016,0.6908948421478271,0.89773524
CL_9102001,8,0.88764614,0.41054693,0.6568882167339325,0.94214976
CL_9102001,9,0.9517504,0.42897126,0.629822850227356,0.97557694
CL_9102001,10,0.99601644,0.43945146,0.610707700252533,0.9980062
CL_9104001,1,1.4045789,0.44994286,0.9072701632976532,1.1851493
CL_9104001,2,2.1773767,0.5885446,0.8567141741514206,1.4755937
CL_9104001,3,2.8674934,0.7094206,0.8116850703954697,1.6933675
CL_9104001,4,3.630017,0.82544667,0.7621314078569412,1.9052603
CL_9104001,5,4.434883,0.943895,0.7103706896305084,2.1059163
CL_9104001,6,5.134254,1.0435852,0.6654646992683411,2.2658892
CL_9104001,7,5.725891,1.1320477,0.6275236308574677,2.3928835
CL_9104001,8,6.3709416,1.2140526,0.5860110521316528,2.5240724
CL_9104001,9,6.8758993,1.2651224,0.5535383820533752,2.6221936
CL_9104001,10,7.2243757,1.3096253,0.5312716960906982,2.68782
CL_9104002,1,0.016131932,0.058769573,0.9467220492660999,0.12701154
CL_9104002,2,0.040368076,0.08622614,0.8666271716356277,0.20091808
CL_9104002,3,0.060783528,0.10985512,0.7990849763154984,0.24654315
CL_9104002,4,0.07617289,0.12868549,0.7480868399143219,0.27599436
CL_9104002,5,0.08886968,0.14883827,0.705865889787674,0.2981102
CL_9104002,6,0.09915948,0.16353235,0.6715796291828156,0.314896
CL_9104002,7,0.1074834,0.17457424,0.6438845992088318,0.32784662
CL_9104002,8,0.11338518,0.18287726,0.6241486668586731,0.33672714
CL_9104002,9,0.1180147,0.18973972,0.6085384786128998,0.34353268
CL_9104002,10,0.122894265,0.19547231,0.5923099219799042,0.35056278
CL_9106001,1,3.836442,0.70004296,0.9199190363287926,1.9586837
CL_9106001,2,10.0971575,1.0846742,0.7910189181566238,3.1776025
CL_9106001,3,15.31573,1.4084133,0.6862168312072754,3.9135318
CL_9106001,4,19.771475,1.6651853,0.605248898267746,4.4465127
CL_9106001,5,23.188763,1.8987138,0.5437733829021454,4.815471
CL_9106001,6,25.67171,2.0548298,0.49922043085098267,5.0667257
CL_9106001,7,27.67538,2.1979296,0.4630586504936218,5.2607393
CL_9106001,8,28.926523,2.2952428,0.4408198595046997,5.3783383
CL_9106001,9,29.725601,2.3717072,0.42664986848831177,5.452119
CL_9106001,10,30.743296,2.4342604,0.40788471698760986,5.544664
CL_9113001,1,0.30827957,0.221646,0.9310138076543808,0.5552293
CL_9113001,2,0.89023614,0.33729848,0.8011365681886673,0.9435233
CL_9113001,3,1.3658925,0.45477048,0.699807733297348,1.168714
CL_9113001,4,1.9397258,0.5506812,0.6014472544193268,1.3927404
CL_9113001,5,2.3732285,0.63599116,0.5280410945415497,1.5405287
CL_9113001,6,2.6597412,0.6999736,0.4795111417770386,1.6308713
CL_9113001,7,2.852176,0.7516989,0.4456637501716614,1.6888386
CL_9113001,8,2.992671,0.79082775,0.42031562328338623,1.7299339
CL_9113001,9,3.1100488,0.8202024,0.39855384826660156,1.763533
CL_9113001,10,3.1748898,0.83709484,0.38658058643341064,1.7818221
CL_9116001,1,0.4393595,0.26846322,0.9168343544006348,0.662842
CL_9116001,2,0.45557794,0.2808527,0.9137703329324722,0.67496514
CL_9116001,3,0.77999127,0.3734546,0.8523766249418259,0.88317114
CL_9116001,4,1.1170537,0.46743947,0.7885962724685669,1.0569077
CL_9116001,5,1.4102863,0.5408502,0.7331145703792572,1.1875547
CL_9116001,6,1.6779004,0.59811676,0.6824822127819061,1.2953379
CL_9116001,7,1.9147154,0.6496617,0.637680321931839,1.3837324
CL_9116001,8,2.1122518,0.69553596,0.6003154218196869,1.4533588
CL_9116001,9,2.2736032,0.72187376,0.5697987377643585,1.5078472
CL_9116001,10,2.420929,0.7436937,0.5419392287731171,1.5559335
CL_9122002,1,1.2232103,0.52673686,0.8295128047466278,1.1059884
CL_9122002,2,2.341951,0.7677199,0.6732928454875946,1.5303434
CL_9122002,3,2.8320718,0.8653042,0.6033192276954651,1.682876
CL_9122002,4,3.1781733,0.9364243,0.5543559789657593,1.7827432
CL_9122002,5,3.5977411,1.0092642,0.49486035108566284,1.8967712
CL_9122002,6,3.858545,1.0471106,0.4578629732131958,1.9643179
CL_9122002,7,4.2915916,1.115328,0.4175868034362793,2.0716157
CL_9122002,8,4.5876117,1.1525856,0.3897954821586609,2.141871
CL_9122002,9,4.6786985,1.1859657,0.38184624910354614,2.16303
CL_9122002,10,4.8006654,1.2004706,0.3762548565864563,2.1910422
CL_9123001,1,0.9313634,0.4432403,0.9112580195069313,0.96507174
CL_9123001,2,2.3253298,0.6964116,0.7783809155225754,1.5249032
CL_9123001,3,3.3739028,0.8677903,0.6782620251178741,1.8368187
CL_9123001,4,4.0308003,0.99470097,0.6155241131782532,2.0076854
CL_9123001,5,4.496184,1.0853127,0.5710135698318481,2.1204207
CL_9123001,6,4.7807384,1.1492442,0.5437404811382294,2.18649
CL_9123001,7,5.030208,1.2074461,0.5198205709457397,2.2428126
CL_9123001,8,5.1439743,1.2559326,0.5088804066181183,2.268033
CL_9123001,9,5.173218,1.2843765,0.5059802532196045,2.2744708
CL_9123001,10,5.2715287,1.3017374,0.49647057056427,2.295981
CL_9127001,1,0.809283,0.35459384,0.939531721174717,0.8996016
CL_9127001,2,2.4627144,0.58382356,0.81632299721241,1.5693038
CL_9127001,3,3.9811764,0.7861987,0.7037030160427094,1.9952885
CL_9127001,4,5.155354,0.94247454,0.6185805797576904,2.2705405
CL_9127001,5,5.9529862,1.0637847,0.5624793767929077,2.4398742
CL_9127001,6,6.455664,1.1340725,0.5267143249511719,2.5407999
CL_9127001,7,6.828045,1.2057223,0.500050276517868,2.6130528
CL_9127001,8,7.1283817,1.248082,0.4785153269767761,2.669903
CL_9127001,9,7.2954855,1.2827022,0.466644287109375,2.7010157
CL_9127001,10,7.5015616,1.3119836,0.45198172330856323,2.7388978
CL_9129002,1,0.44367862,0.31384408,0.9550012871623039,0.66609204
CL_9129002,2,1.1532454,0.49083665,0.8830274268984795,1.0738927
CL_9129002,3,1.8657689,0.6563362,0.8107444196939468,1.3659315
CL_9129002,4,2.468783,0.773809,0.7495593726634979,1.5712361
CL_9129002,5,2.9996972,0.8707881,0.6956792175769806,1.7319634
CL_9129002,6,3.424572,0.93708634,0.6525553166866302,1.85056
CL_9129002,7,3.8094158,1.0007534,0.6134857535362244,1.9517725
CL_9129002,8,4.1923065,1.0510662,0.5746094286441803,2.0475123
CL_9129002,9,4.405384,1.0867331,0.5529600381851196,2.0989008
CL_9129002,10,4.5414796,1.1193683,0.539118766784668,2.1310747
CL_9134001,1,2.802281,0.5222394,0.8060301095247269,1.6740015
CL_9134001,2,6.2929664,0.8568415,0.5645974576473236,2.5085785
CL_9134001,3,8.235562,1.0738289,0.4303712248802185,2.869767
CL_9134001,4,9.173634,1.2200618,0.3656127452850342,3.0288007
CL_9134001,5,9.77453,1.3241464,0.32425981760025024,3.1264246
CL_9134001,6,10.173018,1.3899777,0.2970304489135742,3.189517
CL_9134001,7,10.465858,1.4489018,0.2771275043487549,3.235098
CL_9134001,8,10.535007,1.4880259,0.272591233253479,3.2457676
CL_9134001,9,10.490912,1.514122,0.27653932571411133,3.238968
CL_9134001,10,10.492715,1.5182711,0.27842116355895996,3.2392461
CL_9135001,1,1.0765555,0.4622181,0.939900454133749,1.0375719
CL_9135001,2,2.3612914,0.67341226,0.8684330880641937,1.5366495
CL_9135001,3,4.0241847,0.90467685,0.7760582864284515,2.006037
CL_9135001,4,5.2253346,1.0346407,0.7094189822673798,2.2858992
CL_9135001,5,6.2098966,1.1759846,0.6548407971858978,2.4919665
CL_9135001,6,7.0152435,1.2704401,0.6097898781299591,2.6486306
CL_9135001,7,7.5455275,1.3513393,0.580059289932251,2.7469122
CL_9135001,8,7.964057,1.4147224,0.5562328398227692,2.822066
CL_9135001,9,8.196768,1.4445304,0.5423402190208435,2.8629997
CL_9135001,10,8.250208,1.455718,0.5380893647670746,2.8723176
CL_9140001,1,0.7612387,0.4088716,0.9368505254387856,0.8724899
CL_9140001,2,1.2223839,0.5322565,0.8986402377486229,1.1056147
CL_9140001,3,2.1951098,0.7493883,0.8180574923753738,1.4815903
CL_9140001,4,3.137034,0.91416985,0.7400360405445099,1.7711674
CL_9140001,5,3.8940785,1.0270041,0.6772522926330566,1.973342
CL_9140001,6,4.4124465,1.1133834,0.6343721747398376,2.1005824
CL_9140001,7,4.9378777,1.1948292,0.5909770131111145,2.2221336
CL_9140001,8,5.5028076,1.2767029,0.5442761480808258,2.3458064
CL_9140001,9,5.8326473,1.324791,0.516999751329422,2.4150875
CL_9140001,10,6.0229073,1.369616,0.5012446045875549,2.4541612
CL_9404001,1,5.3613653,0.70240617,0.715399831533432,2.315462
CL_9404001,2,8.740838,1.0883565,0.5364674627780914,2.9564908
CL_9404001,3,10.434085,1.3148565,0.4478379487991333,3.2301834
CL_9404001,4,11.237085,1.4535604,0.40739989280700684,3.3521762
CL_9404001,5,11.779986,1.5646865,0.3804090619087219,3.4321985
CL_9404001,6,12.12125,1.6352679,0.3632700443267822,3.4815586
CL_9404001,7,12.514171,1.6932645,0.3430197834968567,3.5375373
CL_9404001,8,12.738432,1.739219,0.3317101001739502,3.569094
CL_9404001,9,12.90057,1.7893156,0.32337260246276855,3.5917363
CL_9404001,10,13.301852,1.8178066,0.30211764574050903,3.6471705
CL_9412001,1,3.0996366,0.84970576,0.8760062158107758,1.7605785
CL_9412001,2,7.449875,1.2689674,0.7014768719673157,2.729446
CL_9412001,3,10.581421,1.559123,0.5755497813224792,3.2529097
CL_9412001,4,12.334685,1.7664152,0.5049754679203033,3.512077
CL_9412001,5,13.633403,1.9174491,0.4528300166130066,3.6923437
CL_9412001,6,14.500704,2.001526,0.4181376099586487,3.8079789
CL_9412001,7,14.99859,2.0756297,0.39833271503448486,3.8728013
CL_9412001,8,15.333835,2.142381,0.3850718140602112,3.915844
CL_9412001,9,15.510857,2.1958725,0.37835830450057983,3.9383824
CL_9412001,10,15.601056,2.2195933,0.3751339316368103,3.9498172
CL_9414001,1,1.3211046,0.5067884,0.935785748064518,1.1493932
CL_9414001,2,3.9792657,0.81230825,0.8058856576681137,1.9948097
CL_9414001,3,6.2844257,1.0245186,0.6927008926868439,2.5068758
CL_9414001,4,7.736941,1.1752045,0.6210649311542511,2.7815356
CL_9414001,5,8.937146,1.2921748,0.5624017417430878,2.989506
CL_9414001,6,9.7176895,1.3582537,0.5246182680130005,3.1173208
CL_9414001,7,10.441971,1.4383154,0.49306392669677734,3.2314038
CL_9414001,8,11.138269,1.5008028,0.46661776304244995,3.3374045
CL_9414001,9,11.423141,1.5380634,0.45664793252944946,3.3798137
CL_9414001,10,11.534391,1.5670356,0.45369911193847656,3.396232
CL_9416001,1,5.3130035,0.81972045,0.871730625629425,2.3049953
CL_9416001,2,12.753459,1.2986077,0.6929431259632111,3.5711985
CL_9416001,3,17.349272,1.6127687,0.5832178890705109,4.1652455
CL_9416001,4,19.923542,1.8451141,0.5220228731632233,4.4635797
CL_9416001,5,22.358505,2.0352707,0.4644400477409363,4.728478
CL_9416001,6,24.32768,2.1569412,0.4177945852279663,4.9323096
CL_9416001,7,25.656948,2.2545543,0.38640695810317993,5.065269
CL_9416001,8,26.239046,2.319286,0.3726215362548828,5.1224065
CL_9416001,9,26.582277,2.3623018,0.36466169357299805,5.1558003
CL_9416001,10,26.877657,2.3945994,0.3579952120780945,5.1843667
CL_9420001,1,0.4963802,0.40248063,0.9575136564671993,0.7045426
CL_9420001,2,0.5600566,0.4467003,0.9520463570952415,0.74836934
CL_9420001,3,0.7129022,0.5228717,0.938938319683075,0.8443354
CL_9420001,4,0.84716344,0.58107495,0.9274137318134308,0.9204148
CL_9420001,5,1.1074761,0.6686695,0.9050776585936546,1.0523669
CL_9420001,6,1.3897715,0.7465634,0.8808435723185539,1.1788857
CL_9420001,7,1.6669241,0.81471086,0.8570356369018555,1.2910942
CL_9420001,8,1.9727392,0.8814383,0.8307527303695679,1.4045423
CL_9420001,9,2.22675,0.93750453,0.8088972717523575,1.4922298
CL_9420001,10,2.444637,0.97571576,0.7901222556829453,1.5635335
CL_9433001,1,0.69119895,0.35080817,0.9331271573901176,0.83138376
CL_9433001,2,1.1976181,0.51271933,0.8837335407733917,1.0943574
CL_9433001,3,2.2327156,0.6920897,0.7822151929140091,1.4942274
CL_9433001,4,3.12251,0.81249475,0.6944759786128998,1.7670625
CL_9433001,5,3.6799304,0.8834554,0.6376797258853912,1.9183145
CL_9433001,6,3.9194968,0.91102135,0.6105795502662659,1.9797719
CL_9433001,7,4.0383286,0.94391793,0.5955706536769867,2.0095594
CL_9433001,8,4.1204567,0.9807458,0.5852873027324677,2.0298908
CL_9433001,9,4.094268,1.0033007,0.5862141251564026,2.0234296
CL_9433001,10,4.0020847,1.0084605,0.5953507721424103,2.0005212
CL_9434001,1,0.5068375,0.31137988,0.9560200870037079,0.7119252
CL_9434001,2,1.146113,0.45869195,0.9000688046216965,1.0705667
CL_9434001,3,1.9799603,0.58419293,0.826440617442131,1.4071106
CL_9434001,4,2.5310502,0.6536412,0.7775434106588364,1.5909275
CL_9434001,5,2.893813,0.69673043,0.7452991902828217,1.7011211
CL_9434001,6,3.0687141,0.7236042,0.7296262979507446,1.7517745
CL_9434001,7,3.2493083,0.76702315,0.7134246230125427,1.8025838
CL_9434001,8,3.3398926,0.8080484,0.7054581046104431,1.8275373
CL_9434001,9,3.3670435,0.83084327,0.7025815844535828,1.8349506
CL_9434001,10,3.3484087,0.8381631,0.7040717303752899,1.8298658
CL_9436001,1,1.0289695,0.38139787,0.9191428422927856,1.0143814
CL_9436001,2,1.3412147,0.5283506,0.894227884709835,1.1581082
CL_9436001,3,2.3370218,0.7271465,0.8151489645242691,1.5287321
CL_9436001,4,3.3963604,0.8827032,0.7307784259319305,1.8429217
CL_9436001,5,4.370109,0.9934814,0.6530154943466187,2.0904806
CL_9436001,6,5.1516814,1.0771016,0.5904281735420227,2.2697315
CL_9436001,7,5.7101502,1.1409032,0.5453226864337921,2.3895922
CL_9436001,8,6.1279016,1.1895992,0.5112542808055878,2.4754598
CL_9436001,9,6.4316936,1.2302495,0.48629385232925415,2.5360785
CL_9436001,10,6.566632,1.2485358,0.47450220584869385,2.562544
CL_9437002,1,1.2022326,0.48916107,0.9399913921952248,1.0964637
CL_9437002,2,1.7009811,0.5961066,0.9150207936763763,1.3042166
CL_9437002,3,2.7347188,0.7928352,0.8632548153400421,1.6536986
CL_9437002,4,3.6557083,0.93856853,0.8170416951179504,1.9119906
CL_9437002,5,4.5587726,1.0592896,0.7716466039419174,2.1351283
CL_9437002,6,5.3722773,1.1523772,0.7306499481201172,2.3178174
CL_9437002,7,6.119529,1.2452571,0.6929638683795929,2.4737682
CL_9437002,8,6.7644053,1.3163438,0.6604102253913879,2.600847
CL_9437002,9,7.151552,1.3554617,0.6408514380455017,2.6742387
CL_9437002,10,7.4848123,1.3865265,0.6240449547767639,2.7358384
USA_05056000,1,0.074578635,0.0723295,0.8348206877708435,0.2730909
USA_05056000,2,0.10209473,0.08805598,0.7738485336303711,0.31952265
USA_05056000,3,0.13546531,0.1058758,0.6998941898345947,0.36805612
USA_05056000,4,0.17089687,0.121591285,0.6213574409484863,0.41339675
USA_05056000,5,0.2036587,0.1354368,0.5487205982208252,0.4512856
USA_05056000,6,0.2355054,0.14730725,0.47808343172073364,0.48528898
USA_05056000,7,0.26199618,0.1588125,0.4192909002304077,0.5118556
USA_05056000,8,0.285132,0.16830136,0.3679172396659851,0.5339775
USA_05056000,9,0.3043705,0.17668134,0.32517534494400024,0.55169785
USA_05056000,10,0.3234989,0.18502702,0.28266191482543945,0.56876963
USA_05057000,1,0.031346302,0.061866757,0.89511738717556,0.17704888
USA_05057000,2,0.039220795,0.06984702,0.8687388449907303,0.19804241
USA_05057000,3,0.05050388,0.08194866,0.8309361189603806,0.22473069
USA_05057000,4,0.06543745,0.093719445,0.7808924317359924,0.25580746
USA_05057000,5,0.08120718,0.10490024,0.7280239462852478,0.28496873
USA_05057000,6,0.09838358,0.11596309,0.6704187095165253,0.31366158
USA_05057000,7,0.11502465,0.1269428,0.6145740449428558,0.33915284
USA_05057000,8,0.13183948,0.13642812,0.5581183433532715,0.36309707
USA_05057000,9,0.14662616,0.14461957,0.5084331631660461,0.38291794
USA_05057000,10,0.16336027,0.15455416,0.4521898031234741,0.4041785
USA_05123400,1,0.007815946,0.030748004,0.9426619559526443,0.08840784
USA_05123400,2,0.010424261,0.03585567,0.923527255654335,0.10209927
USA_05123400,3,0.015240975,0.041991904,0.8881916850805283,0.12345434
USA_05123400,4,0.021563381,0.047975745,0.8418103158473969,0.14684474
USA_05123400,5,0.028263018,0.05602201,0.7926615327596664,0.16811608
USA_05123400,6,0.035110038,0.06283484,0.7424315810203552,0.18737672
USA_05123400,7,0.041651305,0.06915093,0.6944445967674255,0.20408651
USA_05123400,8,0.04794776,0.074989274,0.6482535898685455,0.21896978
USA_05123400,9,0.05379864,0.0805288,0.6053313910961151,0.23194534
USA_05123400,10,0.059083775,0.0849316,0.566559374332428,0.24307154
USA_05129115,1,0.022366973,0.07056453,0.9578029625117779,0.14955592
USA_05129115,2,0.036261488,0.08173464,0.9316042512655258,0.19042449
USA_05129115,3,0.05505455,0.098236196,0.896178588271141,0.23463705
USA_05129115,4,0.07442679,0.11170016,0.8596750497817993,0.27281275
USA_05129115,5,0.09417457,0.12550734,0.8224753588438034,0.30687875
USA_05129115,6,0.11219166,0.13717839,0.7885503768920898,0.33495024
USA_05129115,7,0.12847388,0.1493247,0.7579058259725571,0.35843253
USA_05129115,8,0.1436449,0.16225599,0.7293682396411896,0.37900513
USA_05129115,9,0.15655775,0.17229587,0.7050949931144714,0.3956738
USA_05129115,10,0.16947222,0.1835709,0.6808262467384338,0.41167003
USA_06037500,1,0.00815845,0.041912775,0.9581672176718712,0.09032414
USA_06037500,2,0.016319051,0.06036484,0.9163173362612724,0.12774605
USA_06037500,3,0.023129664,0.07230486,0.8813810870051384,0.1520844
USA_06037500,4,0.030054705,0.080204986,0.8458616733551025,0.17336293
USA_06037500,5,0.03415188,0.08575543,0.8248376250267029,0.18480226
USA_06037500,6,0.036711924,0.09049705,0.8116904944181442,0.19160356
USA_06037500,7,0.039433684,0.094765335,0.7977223247289658,0.19857916
USA_06037500,8,0.041591853,0.09936309,0.7866477817296982,0.20394081
USA_06037500,9,0.044885993,0.10446591,0.7697375565767288,0.21186315
USA_06037500,10,0.048855163,0.11007244,0.7493686079978943,0.22103204
USA_06043500,1,0.028793044,0.06460151,0.9803044684231281,0.16968514
USA_06043500,2,0.05136373,0.091515884,0.9648616164922714,0.22663568
USA_06043500,3,0.08377636,0.12013091,0.9426825791597366,0.28944147
USA_06043500,4,0.11538005,0.14054975,0.9210526719689369,0.33967638
USA_06043500,5,0.13563678,0.15415014,0.9071841016411781,0.368289
USA_06043500,6,0.1484337,0.16314763,0.898419015109539,0.38527095
USA_06043500,7,0.1608007,0.17031789,0.8899472951889038,0.4009996
USA_06043500,8,0.16899055,0.17520097,0.8843347355723381,0.4110846
USA_06043500,9,0.1794635,0.18163328,0.8771534338593483,0.42363134
USA_06043500,10,0.18524581,0.18607143,0.8731821924448013,0.43040192
USA_06154410,1,0.3827557,0.09081799,0.5211330056190491,0.61867255
USA_06154410,2,0.48740074,0.10939796,0.39019906520843506,0.6981409
USA_06154410,3,0.55311465,0.124455675,0.3079686760902405,0.7437168
USA_06154410,4,0.60159385,0.13486563,0.24729883670806885,0.7756248
USA_06154410,5,0.6392803,0.14396833,0.2001304030418396,0.79955006
USA_06154410,6,0.66180694,0.1518541,0.17192858457565308,0.8135152
USA_06154410,7,0.6759208,0.15718101,0.1542520523071289,0.82214403
USA_06154410,8,0.68515384,0.1620197,0.14268195629119873,0.8277402
USA_06154410,9,0.6964061,0.16622701,0.12858492136001587,0.8345095
USA_06154410,10,0.705416,0.17119454,0.11728823184967041,0.8398905
USA_06188000,1,0.27524242,0.16903004,0.9620252028107643,0.5246355
USA_06188000,2,0.58572483,0.2547289,0.9191834479570389,0.7653266
USA_06188000,3,0.98560154,0.336659,0.8640017211437225,0.99277467
USA_06188000,4,1.2920426,0.39505765,0.8217090517282486,1.1366805
USA_06188000,5,1.4327481,0.42751268,0.8022844046354294,1.1969745
USA_06188000,6,1.4889675,0.44371158,0.7945172637701035,1.2202326
USA_06188000,7,1.5413605,0.45856124,0.7872765511274338,1.2415154
USA_06188000,8,1.5962056,0.47274736,0.779693990945816,1.2634103
USA_06188000,9,1.7113228,0.49231768,0.7637917399406433,1.3081753
USA_06188000,10,1.7906516,0.5097478,0.7528263181447983,1.3381523
USA_06191500,1,0.052575335,0.09432637,0.9796132873743773,0.22929312
USA_06191500,2,0.0862176,0.11972868,0.9665644429624081,0.29362833
USA_06191500,3,0.13883442,0.15251754,0.9461534321308136,0.3726049
USA_06191500,4,0.18827203,0.17626315,0.9269719645380974,0.43390325
USA_06191500,5,0.21585438,0.19198596,0.916265957057476,0.4646013
USA_06191500,6,0.22938365,0.20204487,0.9110097736120224,0.47894013
USA_06191500,7,0.24225812,0.21181843,0.9060053005814552,0.49219725
USA_06191500,8,0.24901207,0.21463263,0.9033731892704964,0.4990111
USA_06191500,9,0.26790324,0.22358891,0.896030493080616,0.5175937
USA_06191500,10,0.28326687,0.23158328,0.8900560289621353,0.53222823
USA_06221400,1,0.17378035,0.18297866,0.9609112702310085,0.4168697
USA_06221400,2,0.2796298,0.23894008,0.9370930194854736,0.5288003
USA_06221400,3,0.43140155,0.30618978,0.9029360413551331,0.65681165
USA_06221400,4,0.5524341,0.35118476,0.8756878897547722,0.7432591
USA_06221400,5,0.64037275,0.3870318,0.8558799922466278,0.80023295
USA_06221400,6,0.7307844,0.4147174,0.8355125486850739,0.8548593
USA_06221400,7,0.79337275,0.43821156,0.8214047402143478,0.89071476
USA_06221400,8,0.8374321,0.4559804,0.8114641457796097,0.91511315
USA_06221400,9,0.88878036,0.48041493,0.7998829782009125,0.94275147
USA_06221400,10,0.9396364,0.49748617,0.7884102463722229,0.96934843
USA_06224000,1,0.25491405,0.15796953,0.9473801590502262,0.50489014
USA_06224000,2,0.40841737,0.20973565,0.9156888574361801,0.6390754
USA_06224000,3,0.60896856,0.27019858,0.874282106757164,0.7803644
USA_06224000,4,0.8365955,0.32741797,0.8272703886032104,0.9146559
USA_06224000,5,0.99498206,0.36690032,0.7945375591516495,0.9974879
USA_06224000,6,1.1401889,0.3955794,0.7645124644041061,1.0677963
USA_06224000,7,1.2282912,0.41369513,0.7462735772132874,1.1082829
USA_06224000,8,1.262566,0.4253641,0.7391460537910461,1.1236396
USA_06224000,9,1.268931,0.43623632,0.7377856075763702,1.1264684
USA_06224000,10,1.2684003,0.44466734,0.7378507852554321,1.1262327
USA_06278300,1,2.167501,0.3423988,0.8321934193372726,1.4722435
USA_06278300,2,3.5063465,0.46417665,0.7285342216491699,1.8725241
USA_06278300,3,3.9492292,0.5384558,0.6942382752895355,1.9872668
USA_06278300,4,4.2109,0.5856745,0.6739703416824341,2.0520477
USA_06278300,5,4.3929954,0.61807907,0.6598636507987976,2.0959473
USA_06278300,6,4.522089,0.6330922,0.6498610377311707,2.1265204
USA_06278300,7,4.6764393,0.66165584,0.637902021408081,2.1625075
USA_06278300,8,4.9535346,0.6884932,0.6164380013942719,2.2256536
USA_06278300,9,5.0008287,0.6885111,0.6127640902996063,2.2362533
USA_06278300,10,5.1463604,0.7112499,0.6014849543571472,2.2685592
USA_06280300,1,0.22029881,0.16773601,0.9624391496181488,0.46936
USA_06280300,2,0.44588572,0.24428223,0.9239727929234505,0.6677467
USA_06280300,3,0.64499694,0.31197938,0.8900192677974701,0.80311704
USA_06280300,4,0.7750185,0.35063118,0.8678462952375412,0.88035136
USA_06280300,5,0.85398394,0.37556785,0.8543779104948044,0.9241125
USA_06280300,6,0.9294618,0.39542142,0.8415040373802185,0.964086
USA_06280300,7,0.97432584,0.40857697,0.8338540196418762,0.98707944
USA_06280300,8,0.9698716,0.41303602,0.8346156477928162,0.9848206
USA_06280300,9,0.990994,0.41909868,0.8310167640447617,0.9954868
USA_06280300,10,1.005537,0.42499954,0.8285369277000427,1.0027647
USA_06289000,1,0.054501347,0.07337942,0.9622128419578075,0.23345524
USA_06289000,2,0.079052,0.09393392,0.9451886937022209,0.28116187
USA_06289000,3,0.12234808,0.11593944,0.9151656627655029,0.3497829
USA_06289000,4,0.1673349,0.13562182,0.8839682638645172,0.40906587
USA_06289000,5,0.20699143,0.15324545,0.8564653843641281,0.45496312
USA_06289000,6,0.23917575,0.16710173,0.834142342209816,0.489056
USA_06289000,7,0.27105224,0.17948322,0.812032014131546,0.5206268
USA_06289000,8,0.29693913,0.18897893,0.794073298573494,0.5449212
USA_06289000,9,0.3261874,0.19792685,0.7737830877304077,0.5711282
USA_06289000,10,0.3428776,0.2035693,0.7622012048959732,0.5855575
USA_06291500,1,0.028419878,0.059788905,0.9631380774080753,0.16858196
USA_06291500,2,0.056985993,0.08707331,0.9260805919766426,0.23871739
USA_06291500,3,0.08676592,0.10966662,0.8874430805444717,0.29456055
USA_06291500,4,0.11840342,0.12945762,0.8463898599147797,0.34409797
USA_06291500,5,0.1472583,0.14651018,0.8089415729045868,0.38374248
USA_06291500,6,0.16823235,0.15831329,0.7817135751247406,0.41016138
USA_06291500,7,0.19244081,0.16909108,0.7502858638763428,0.43868077
USA_06291500,8,0.21814935,0.18015364,0.716905951499939,0.46706462
USA_06291500,9,0.23976783,0.18834104,0.6888293921947479,0.48966095
USA_06291500,10,0.25789404,0.196846,0.6652786135673523,0.5078327
USA_06311000,1,0.16334778,0.117151745,0.9276245385408401,0.40416306
USA_06311000,2,0.29430267,0.161988,0.8695961087942123,0.5424967
USA_06311000,3,0.41335905,0.19343716,0.8168351799249649,0.64293003
USA_06311000,4,0.50422937,0.21632399,0.7765593975782394,0.7100911
USA_06311000,5,0.5739671,0.23627238,0.7456463277339935,0.75760615
USA_06311000,6,0.6337093,0.25371343,0.7191612720489502,0.7960586
USA_06311000,7,0.68321544,0.26411346,0.6972132623195648,0.8265685
USA_06311000,8,0.72744805,0.27034655,0.6775951087474823,0.85290563
USA_06311000,9,0.777654,0.27694723,0.6553302705287933,0.8818469
USA_06311000,10,0.8206306,0.28371808,0.6362670660018921,0.90588665
USA_06408700,1,0.0015340715,0.028089894,0.8929361701011658,0.039167225
USA_06408700,2,0.0016928861,0.030296737,0.8816573768854141,0.0411447
USA_06408700,3,0.0021164897,0.034552813,0.8517692536115646,0.046005324
USA_06408700,4,0.0024031114,0.03631095,0.8313828259706497,0.049021542
USA_06408700,5,0.0029782874,0.040190004,0.7906394898891449,0.05457369
USA_06408700,6,0.0036559233,0.044810362,0.7425361275672913,0.060464233
USA_06408700,7,0.0041448087,0.047829125,0.7075833678245544,0.06438019
USA_06408700,8,0.004774457,0.050492212,0.6625559329986572,0.069097444
USA_06408700,9,0.0055996333,0.054121766,0.6035214960575104,0.074830696
USA_06408700,10,0.006390023,0.057960305,0.546740710735321,0.07993762
USA_06409000,1,0.0016862372,0.016428225,0.8347662836313248,0.04106382
USA_06409000,2,0.0022511643,0.019611891,0.7792318314313889,0.047446437
USA_06409000,3,0.0025681902,0.021669922,0.7479386329650879,0.050677314
USA_06409000,4,0.0027249474,0.022883322,0.7323374450206757,0.05220103
USA_06409000,5,0.00300152,0.023942286,0.7049322128295898,0.05478613
USA_06409000,6,0.0030501152,0.024671981,0.6999176740646362,0.05522785
USA_06409000,7,0.0032007284,0.025261592,0.6848442256450653,0.05657498
USA_06409000,8,0.0031811998,0.026133114,0.6865183115005493,0.056402124
USA_06409000,9,0.0035753811,0.026947666,0.6473880708217621,0.05979449
USA_06409000,10,0.0036802625,0.027778357,0.6367552280426025,0.060665168
USA_06431500,1,0.034163672,0.04159854,0.7023873925209045,0.18483418
USA_06431500,2,0.05218493,0.049797814,0.5453802943229675,0.22844021
USA_06431500,3,0.062160566,0.059292614,0.4584551453590393,0.24932021
USA_06431500,4,0.06928706,0.06480644,0.396351158618927,0.26322436
USA_06431500,5,0.07391631,0.07039329,0.3560009002685547,0.27187553
USA_06431500,6,0.07633081,0.0753392,0.334943950176239,0.2762803
USA_06431500,7,0.076612435,0.07866218,0.3324640989303589,0.27678952
USA_06431500,8,0.07610964,0.08008645,0.33681899309158325,0.27587977
USA_06431500,9,0.075245686,0.08268882,0.34433668851852417,0.27430946
USA_06431500,10,0.076077834,0.08491284,0.3370620608329773,0.2758221
USA_06450500,1,0.008756039,0.020188965,0.534039318561554,0.093573704
USA_06450500,2,0.011776779,0.025109952,0.37327224016189575,0.108520865
USA_06450500,3,0.013497417,0.028752223,0.2816867232322693,0.116178386
USA_06450500,4,0.014234118,0.030724917,0.24242383241653442,0.119306825
USA_06450500,5,0.014928498,0.032556094,0.20544743537902832,0.122182235
USA_06450500,6,0.0154673355,0.03382465,0.17674791812896729,0.124367744
USA_06450500,7,0.015715024,0.035332028,0.1635647416114807,0.12535958
USA_06450500,8,0.01562344,0.036173906,0.16841840744018555,0.12499376
USA_06450500,9,0.015642999,0.03700265,0.1673566699028015,0.12507197
USA_06450500,10,0.015799185,0.037325203,0.15902221202850342,0.12569481
USA_06468170,1,0.26529965,0.091702595,0.8185420036315918,0.51507246
USA_06468170,2,0.36621994,0.11166412,0.7495158910751343,0.6051611
USA_06468170,3,0.4736047,0.13297617,0.6760687232017517,0.68818945
USA_06468170,4,0.59110606,0.15207498,0.5957025587558746,0.76883423
USA_06468170,5,0.6995365,0.17020522,0.5215410888195038,0.836383
USA_06468170,6,0.8016542,0.18487875,0.4516977071762085,0.89535147
USA_06468170,7,0.883741,0.19722937,0.39555513858795166,0.940075
USA_06468170,8,0.95287263,0.20946734,0.3482738137245178,0.97615194
USA_06468170,9,1.0092252,0.21983136,0.30973291397094727,1.0046021
USA_06468170,10,1.0667895,0.22855939,0.27036356925964355,1.032855
USA_06468250,1,0.1906434,0.08835347,0.858523041009903,0.4366273
USA_06468250,2,0.27413192,0.1053505,0.7965659946203232,0.5235761
USA_06468250,3,0.37328777,0.12327693,0.7229822278022766,0.6109728
USA_06468250,4,0.4846521,0.13986859,0.6403384506702423,0.6961696
USA_06468250,5,0.5875,0.15813664,0.5640148222446442,0.76648545
USA_06468250,6,0.68593735,0.17282555,0.4909641742706299,0.82821333
USA_06468250,7,0.76691955,0.18519111,0.430867075920105,0.87573946
USA_06468250,8,0.8339161,0.19676776,0.38114869594573975,0.91319007
USA_06468250,9,0.8899595,0.20728253,0.33955878019332886,0.94337666
USA_06468250,10,0.94541925,0.21593468,0.29840195178985596,0.9723267
USA_06614800,1,1.1531603,0.28971753,0.9379873238503933,1.073853
USA_06614800,2,1.6071867,0.3714877,0.9135701805353165,1.2677487
USA_06614800,3,2.2206385,0.44074544,0.8805788829922676,1.4901807
USA_06614800,4,2.8562849,0.4902154,0.8463932424783707,1.6900547
USA_06614800,5,3.383211,0.5419003,0.8180538415908813,1.8393507
USA_06614800,6,4.0423136,0.6016795,0.7826056033372879,2.0105505
USA_06614800,7,4.624775,0.6443915,0.751278430223465,2.150529
USA_06614800,8,5.222241,0.6814285,0.7191436290740967,2.2852223
USA_06614800,9,5.647568,0.70640415,0.6962660849094391,2.3764613
USA_06614800,10,5.8244915,0.7282575,0.6867475807666779,2.4133983
USA_06622700,1,1.4460266,0.26684523,0.9099307358264923,1.2025084
USA_06622700,2,1.4637326,0.33699653,0.9088284522294998,1.2098482
USA_06622700,3,1.6977106,0.40966344,0.8942532539367676,1.3029623
USA_06622700,4,1.9336615,0.45441246,0.8795572444796562,1.3905616
USA_06622700,5,2.2810335,0.5109498,0.8579219430685043,1.5103091
USA_06622700,6,2.5890353,0.55084777,0.8387402445077896,1.6090479
USA_06622700,7,2.9843402,0.5880266,0.8141214400529861,1.7275243
USA_06622700,8,3.2046068,0.612874,0.8004036992788315,1.7901416
USA_06622700,9,3.500363,0.6324068,0.7819750607013702,1.8709258
USA_06622700,10,3.6893818,0.6496514,0.7701961994171143,1.9207764
USA_06623800,1,0.36440876,0.18629508,0.973386300727725,0.6036628
USA_06623800,2,0.42906085,0.22602867,0.9686644896864891,0.6550274
USA_06623800,3,0.58148885,0.27517593,0.957531277090311,0.76255417
USA_06623800,4,0.7720783,0.31531018,0.9436115026473999,0.8786799
USA_06623800,5,0.95457417,0.35654378,0.9302833527326584,0.9770231
USA_06623800,6,1.0952238,0.38410214,0.92001111805439,1.0465294
USA_06623800,7,1.2268214,0.40362796,0.9103998765349388,1.1076198
USA_06623800,8,1.321841,0.4199617,0.9034593999385834,1.1497134
USA_06623800,9,1.4019397,0.4298919,0.89760622382164,1.1840354
USA_06623800,10,1.4632522,0.44248784,0.893125519156456,1.2096496
USA_06632400,1,0.5401502,0.19369112,0.9553429968655109,0.7349491
USA_06632400,2,0.80697554,0.2599384,0.9332817494869232,0.8983182
USA_06632400,3,1.060424,0.3111141,0.9123252853751183,1.029769
USA_06632400,4,1.3712031,0.3506682,0.8866288959980011,1.1709838
USA_06632400,5,1.7634536,0.39795706,0.854196310043335,1.327951
USA_06632400,6,2.0920503,0.43763766,0.827026903629303,1.4463922
USA_06632400,7,2.399186,0.46529612,0.8016312271356583,1.5489305
USA_06632400,8,2.6013687,0.48666006,0.7849126905202866,1.6128759
USA_06632400,9,2.7974794,0.51102287,0.7686881422996521,1.6725667
USA_06632400,10,2.969179,0.53096354,0.754483088850975,1.7231306
USA_06746095,1,1.0117275,0.3789597,0.9709037430584431,1.0058466
USA_06746095,2,1.4864713,0.4675641,0.9572466462850571,1.2192093
USA_06746095,3,2.3423216,0.57469165,0.9326250925660133,1.5304645
USA_06746095,4,3.267416,0.6674814,0.9060080200433731,1.8075995
USA_06746095,5,4.367716,0.75883603,0.8743452578783035,2.0899081
USA_06746095,6,5.383828,0.83474356,0.8450991213321686,2.3203077
USA_06746095,7,6.307869,0.8901495,0.8184965997934341,2.511547
USA_06746095,8,7.1359787,0.93983024,0.7946498095989227,2.6713252
USA_06746095,9,8.046895,0.9920974,0.7684155702590942,2.836705
USA_06746095,10,8.4374695,1.0288762,0.7571529895067215,2.9047322
USA_07083000,1,0.09382042,0.12038498,0.9725158922374249,0.3063012
USA_07083000,2,0.17004676,0.1524427,0.9501822963356972,0.41236725
USA_07083000,3,0.26806477,0.1888854,0.921460472047329,0.5177497
USA_07083000,4,0.35455918,0.21111152,0.8961113393306732,0.59544873
USA_07083000,5,0.42611194,0.23364913,0.8751369565725327,0.6527725
USA_07083000,6,0.47995067,0.25237057,0.8593515902757645,0.6927847
USA_07083000,7,0.49928242,0.26580042,0.8536766320466995,0.7065992
USA_07083000,8,0.5182084,0.2752336,0.8481208831071854,0.71986693
USA_07083000,9,0.52801913,0.28034073,0.8452361524105072,0.7266492
USA_07083000,10,0.55154204,0.2881128,0.8383329808712006,0.7426588
USA_07208500,1,0.013447401,0.021793794,0.8033995777368546,0.11596293
USA_07208500,2,0.01772064,0.027017668,0.7409330904483795,0.1331189
USA_07208500,3,0.021189693,0.03180879,0.6902230978012085,0.1455668
USA_07208500,4,0.024252927,0.0341632,0.645447701215744,0.15573351
USA_07208500,5,0.026471715,0.037514206,0.6130232214927673,0.16270131
USA_07208500,6,0.02914246,0.040534798,0.5739969909191132,0.17071162
USA_07208500,7,0.031214816,0.04358843,0.5437173843383789,0.17667715
USA_07208500,8,0.033260897,0.046585925,0.5138237178325653,0.1823757
USA_07208500,9,0.035433587,0.049392458,0.4820813536643982,0.18823811
USA_07208500,10,0.03669287,0.051329717,0.46368682384490967,0.19155383
USA_07226500,1,0.004291039,0.008699895,0.16201215982437134,0.06550602
USA_07226500,2,0.00494116,0.0100609185,0.03509896993637085,0.07029338
USA_07226500,3,0.005128067,0.01070406,-0.0014001131057739258,0.071610525
USA_07226500,4,0.0051581836,0.01123282,-0.007281303405761719,0.0718205
USA_07226500,5,0.005134363,0.011756249,-0.002629518508911133,0.07165447
USA_07226500,6,0.005113668,0.01202385,0.0014119148254394531,0.07150991
USA_07226500,7,0.0051718,0.012110853,-0.009940028190612793,0.07191523
USA_07226500,8,0.005145649,0.012289386,-0.0048334598541259766,0.07173318
USA_07226500,9,0.005081782,0.012172524,0.006498992443084717,0.07128662
USA_07226500,10,0.0051041096,0.011902321,0.0021228790283203125,0.07144305
USA_08267500,1,0.0107524395,0.05224171,0.9792930688709021,0.10369397
USA_08267500,2,0.010984275,0.05499137,0.9788452051579952,0.10480589
USA_08267500,3,0.016381333,0.06492591,0.9684496857225895,0.12798958
USA_08267500,4,0.02377915,0.07386047,0.9542006999254227,0.15420489
USA_08267500,5,0.03240223,0.08401629,0.9375899583101273,0.18000619
USA_08267500,6,0.041957054,0.093309745,0.9191847294569016,0.20483421
USA_08267500,7,0.05075825,0.10121783,0.9022303447127342,0.22529592
USA_08267500,8,0.057626635,0.106713586,0.8889982923865318,0.24005549
USA_08267500,9,0.06393446,0.110643096,0.876845471560955,0.25285265
USA_08267500,10,0.06965006,0.115196235,0.8658329546451569,0.26391298
USA_08269000,1,0.0026754779,0.026852144,0.9816152565181255,0.051725022
USA_08269000,2,0.0042887325,0.032438826,0.9705309476703405,0.06548841
USA_08269000,3,0.007087966,0.040091146,0.9512971714138985,0.084190056
USA_08269000,4,0.009987727,0.044660278,0.9313762187957764,0.099938616
USA_08269000,5,0.012493311,0.048458867,0.9141671881079674,0.11177348
USA_08269000,6,0.014265028,0.052537017,0.902001865208149,0.119436294
USA_08269000,7,0.015550343,0.055742614,0.8931794911623001,0.124701016
USA_08269000,8,0.016985701,0.057438403,0.8833277374505997,0.1303292
USA_08269000,9,0.018386966,0.05979541,0.8737103193998337,0.13559854
USA_08269000,10,0.019507261,0.0627611,0.8660223335027695,0.13966839
USA_08271000,1,0.020453054,0.06748057,0.9749846048653126,0.14301418
USA_08271000,2,0.03189637,0.08178762,0.9609917849302292,0.17859556
USA_08271000,3,0.05345801,0.102254346,0.9346239492297173,0.23120987
USA_08271000,4,0.07686679,0.11848504,0.9059972912073135,0.27724862
USA_08271000,5,0.09872313,0.13406834,0.8792709112167358,0.31420237
USA_08271000,6,0.11663412,0.14653388,0.8573771417140961,0.3415174
USA_08271000,7,0.12989852,0.15690917,0.8411737084388733,0.36041436
USA_08271000,8,0.13930815,0.16466548,0.8296884298324585,0.37324008
USA_08271000,9,0.149575,0.1713208,0.8171584457159042,0.38674927
USA_08271000,10,0.15713423,0.17768954,0.8079403191804886,0.3964016
USA_08324000,1,0.0018812878,0.014954154,0.86751888692379,0.043373816
USA_08324000,2,0.0036267338,0.019411359,0.7446037828922272,0.06022237
USA_08324000,3,0.0044780187,0.022750823,0.6846559643745422,0.066918
USA_08324000,4,0.005152063,0.023805147,0.6371894478797913,0.07177787
USA_08324000,5,0.005932235,0.024921292,0.5822582542896271,0.077021
USA_08324000,6,0.006815214,0.02629483,0.5200797915458679,0.08255431
USA_08324000,7,0.0075970604,0.028129226,0.46501171588897705,0.08716112
USA_08324000,8,0.008242937,0.029549059,0.41952866315841675,0.09079062
USA_08324000,9,0.008802718,0.030863304,0.38010871410369873,0.0938228
USA_08324000,10,0.009360565,0.032247264,0.3408108353614807,0.09675001
USA_08377900,1,0.04319322,0.050609615,0.8912965431809425,0.20782979
USA_08377900,2,0.074260406,0.066800006,0.8131031841039658,0.27250764
USA_08377900,3,0.1064562,0.08297843,0.732068806886673,0.32627627
USA_08377900,4,0.13001898,0.09379171,0.6727634370326996,0.36058146
USA_08377900,5,0.14713396,0.104525805,0.6296774446964264,0.38358045
USA_08377900,6,0.15822451,0.1136044,0.6017454564571381,0.39777446
USA_08377900,7,0.16664901,0.12105549,0.5805181860923767,0.40822667
USA_08377900,8,0.17487945,0.12934682,0.559794694185257,0.4181859
USA_08377900,9,0.18228692,0.13830756,0.5411384105682373,0.42695072
USA_08377900,10,0.18550967,0.1456845,0.5330079793930054,0.43070832
USA_08378500,1,0.02369539,0.038444303,0.8709595501422882,0.15393308
USA_08378500,2,0.032338157,0.048608065,0.8238880634307861,0.17982814
USA_08378500,3,0.04342188,0.058937896,0.7635201066732407,0.20837918
USA_08378500,4,0.05122755,0.066347145,0.7210021913051605,0.22633505
USA_08378500,5,0.05741689,0.074458756,0.6872769892215729,0.23961821
USA_08378500,6,0.061623644,0.08101337,0.6643504202365875,0.2482411
USA_08378500,7,0.06501577,0.08601406,0.6458598375320435,0.2549819
USA_08378500,8,0.0684647,0.09104705,0.6270537376403809,0.2616576
USA_08378500,9,0.0717858,0.09643093,0.6089523732662201,0.26792872
USA_08378500,10,0.07326856,0.100305855,0.6008644998073578,0.27068165
USA_08380500,1,0.2469597,0.04919498,0.39227598905563354,0.4969504
USA_08380500,2,0.3130717,0.062410485,0.22958272695541382,0.5595281
USA_08380500,3,0.34727314,0.071064755,0.14541488885879517,0.58929884
USA_08380500,4,0.3647785,0.076423235,0.10233300924301147,0.6039689
USA_08380500,5,0.37574714,0.08129215,0.07533782720565796,0.61298215
USA_08380500,6,0.38174647,0.0857424,0.06057119369506836,0.6178563
USA_08380500,7,0.38580382,0.08991249,0.05058491230010986,0.62113106
USA_08380500,8,0.38888147,0.09298781,0.043005406856536865,0.62360364
USA_08380500,9,0.3904514,0.09555114,0.03913611173629761,0.6248611
USA_08380500,10,0.39083064,0.098223075,0.03819775581359863,0.6251645
USA_09034900,1,0.4448365,0.23793313,0.9656465575098991,0.66696066
USA_09034900,2,0.6644564,0.29466888,0.948682926595211,0.815142
USA_09034900,3,0.984323,0.34922567,0.9239743426442146,0.9921306
USA_09034900,4,1.2412144,0.38030463,0.9041248485445976,1.1140981
USA_09034900,5,1.5004835,0.41894576,0.8840896710753441,1.2249422
USA_09034900,6,1.7244408,0.45456967,0.8667807877063751,1.3131796
USA_09034900,7,1.8599405,0.484708,0.8563042283058167,1.3637964
USA_09034900,8,2.0680287,0.51496637,0.8402185142040253,1.4380642
USA_09034900,9,2.2887893,0.54180336,0.8231518268585205,1.5128745
USA_09034900,10,2.5322468,0.57133406,0.8043296635150909,1.5913035
USA_09035800,1,0.060540378,0.09518948,0.9716186057776213,0.24604954
USA_09035800,2,0.08308826,0.112884074,0.9610476940870285,0.28825033
USA_09035800,3,0.12184691,0.1351514,0.9428762085735798,0.34906575
USA_09035800,4,0.1520176,0.14878143,0.9287299811840057,0.38989434
USA_09035800,5,0.18015803,0.16254458,0.9155356958508492,0.42445028
USA_09035800,6,0.20376171,0.17509963,0.9044667929410934,0.4513997
USA_09035800,7,0.22599722,0.18711878,0.8940401151776314,0.47539166
USA_09035800,8,0.25507087,0.19871564,0.880406528711319,0.5050454
USA_09035800,9,0.27916658,0.2082269,0.8691080957651138,0.52836215
USA_09035800,10,0.30236325,0.21787518,0.8582315146923065,0.5498757
USA_09035900,1,0.103598565,0.11524124,0.9760173205286264,0.32186732
USA_09035900,2,0.1444708,0.14297014,0.9665537998080254,0.38009313
USA_09035900,3,0.22814275,0.17618874,0.9471806697547436,0.47764292
USA_09035900,4,0.30142704,0.19978403,0.9302108436822891,0.5490237
USA_09035900,5,0.3770324,0.22325905,0.9127020612359047,0.61402965
USA_09035900,6,0.45336306,0.24524076,0.895023763179779,0.6733224
USA_09035900,7,0.51715624,0.2651863,0.8802470564842224,0.71913576
USA_09035900,8,0.5858043,0.28235984,0.8643447458744049,0.76537853
USA_09035900,9,0.6317194,0.29394773,0.853706419467926,0.7948078
USA_09035900,10,0.6903527,0.30774206,0.840121865272522,0.8308746
USA_09047700,1,0.034656916,0.06128187,0.9652195014059544,0.18616368
USA_09047700,2,0.04925168,0.079880826,0.9505700692534447,0.2219272
USA_09047700,3,0.06611018,0.09544894,0.9336468800902367,0.257119
USA_09047700,4,0.08387178,0.108804725,0.9158143773674965,0.28960624
USA_09047700,5,0.10866684,0.12223946,0.8909199312329292,0.32964653
USA_09047700,6,0.1310346,0.13239983,0.8684587329626083,0.36198702
USA_09047700,7,0.15177026,0.1401583,0.8476331532001495,0.38957703
USA_09047700,8,0.17306408,0.14667845,0.82624451816082,0.41600972
USA_09047700,9,0.1915032,0.15251386,0.8077201247215271,0.43761078
USA_09047700,10,0.21707088,0.16048639,0.7820355743169785,0.46590865
USA_09065500,1,0.6257545,0.2699205,0.9527506567537785,0.79104644
USA_09065500,2,1.054616,0.358454,0.9203647524118423,1.026945
USA_09065500,3,1.555138,0.43806237,0.8825664892792702,1.2470517
USA_09065500,4,1.8678133,0.48827904,0.8589515835046768,1.3666797
USA_09065500,5,2.0770278,0.5347995,0.843148946762085,1.4411898
USA_09065500,6,2.2578812,0.5621454,0.8294855952262878,1.5026248
USA_09065500,7,2.3390694,0.57898295,0.8233484327793121,1.5294017
USA_09065500,8,2.4640377,0.5965779,0.8139022886753082,1.5697254
USA_09065500,9,2.5582006,0.6018275,0.8067830055952072,1.5994376
USA_09065500,10,2.6823819,0.6144035,0.7973955273628235,1.6377978
USA_09066000,1,0.27734345,0.15310942,0.9666003175079823,0.5266341
USA_09066000,2,0.23163942,0.17574613,0.9721038565039635,0.48128933
USA_09066000,3,0.333875,0.21474646,0.9597912468016148,0.57781917
USA_09066000,4,0.49621156,0.25734785,0.9402403607964516,0.70442283
USA_09066000,5,0.6639396,0.29559153,0.9200398847460747,0.8148249
USA_09066000,6,0.8314418,0.33058187,0.8998656645417213,0.9118343
USA_09066000,7,1.0103899,0.36309093,0.8783100098371506,1.0051816
USA_09066000,8,1.1931424,0.3939231,0.8562933057546616,1.0923105
USA_09066000,9,1.3398077,0.4149115,0.8386208415031433,1.1575006
USA_09066000,10,1.5206691,0.4348248,0.8168287128210068,1.2331542
USA_09066200,1,0.8280821,0.27341083,0.930410161614418,0.90999013
USA_09066200,2,1.4556621,0.3701336,0.8776686415076256,1.2065083
USA_09066200,3,2.2104733,0.46577588,0.8142330944538116,1.4867661
USA_09066200,4,2.8953953,0.5274721,0.7566691637039185,1.7015861
USA_09066200,5,3.3895383,0.57339245,0.7151369154453278,1.8410698
USA_09066200,6,3.6386034,0.600447,0.6941994428634644,1.9075124
USA_09066200,7,3.7681706,0.6287639,0.6832997500896454,1.9411776
USA_09066200,8,3.8587139,0.6529659,0.6756754517555237,1.964361
USA_09066200,9,3.7261481,0.66273206,0.6868018507957458,1.9303234
USA_09066200,10,3.6774528,0.6795969,0.6908785700798035,1.9176686
USA_09066300,1,0.10765656,0.10728198,0.9689389932900667,0.3281106
USA_09066300,2,0.112657316,0.12096496,0.9674955904483795,0.33564463
USA_09066300,3,0.1546059,0.14599198,0.9553915858268738,0.39319956
USA_09066300,4,0.20359498,0.16131523,0.9412557072937489,0.451215
USA_09066300,5,0.2535525,0.17808953,0.9268400147557259,0.50354
USA_09066300,6,0.29935575,0.19480191,0.9136229008436203,0.5471341
USA_09066300,7,0.33533737,0.20846106,0.9032380431890488,0.5790832
USA_09066300,8,0.37701944,0.2217734,0.8912068083882332,0.6140191
USA_09066300,9,0.40052858,0.226794,0.8844189196825027,0.6328733
USA_09066300,10,0.42959276,0.23664956,0.8760280832648277,0.65543324
USA_09081600,1,0.17034404,0.1606701,0.9777394663542509,0.41272756
USA_09081600,2,0.31263685,0.22381282,0.9591434337198734,0.5591394
USA_09081600,3,0.52959794,0.2919167,0.930789440870285,0.7277348
USA_09081600,4,0.7122635,0.3365174,0.9069144874811172,0.84395707
USA_09081600,5,0.88905174,0.37962404,0.8838066384196281,0.9428954
USA_09081600,6,1.0138552,0.40596426,0.8674926906824112,1.0069038
USA_09081600,7,1.0772092,0.42800447,0.859210804104805,1.0378869
USA_09081600,8,1.1597527,0.4475213,0.8484173119068146,1.0769181
USA_09081600,9,1.196318,0.45558372,0.8436350226402283,1.0937632
USA_09081600,10,1.2292387,0.45923832,0.8393301516771317,1.1087104
USA_09107000,1,0.02471309,0.071554825,0.975980231538415,0.15720397
USA_09107000,2,0.038454372,0.09503049,0.9626233205199242,0.19609787
USA_09107000,3,0.056914452,0.116962,0.9446814805269241,0.2385675
USA_09107000,4,0.07581919,0.1325297,0.9263036698102951,0.27535284
USA_09107000,5,0.093341954,0.14776239,0.9092692658305168,0.30551916
USA_09107000,6,0.105673805,0.15761673,0.8972813338041306,0.3250751
USA_09107000,7,0.11654194,0.16604607,0.8867190107703209,0.34138238
USA_09107000,8,0.13003097,0.1765654,0.8736040443181992,0.3605981
USA_09107000,9,0.13830079,0.18183331,0.865564689040184,0.37188813
USA_09107000,10,0.15106027,0.18947576,0.8531634956598282,0.38866472
USA_09210500,1,0.014009749,0.04641495,0.9706531520932913,0.118362784
USA_09210500,2,0.021973541,0.06006013,0.95396838337183,0.14823475
USA_09210500,3,0.031044854,0.072503544,0.9349613338708878,0.1761955
USA_09210500,4,0.039015174,0.08251858,0.9182587116956711,0.1975226
USA_09210500,5,0.046119183,0.09235616,0.9033706858754158,0.21475378
USA_09210500,6,0.049929615,0.0975685,0.8953839167952538,0.22344936
USA_09210500,7,0.055112932,0.100006774,0.8845190927386284,0.23476143
USA_09210500,8,0.06094389,0.10582526,0.8722983002662659,0.24686816
USA_09210500,9,0.06805848,0.11277817,0.8573893159627914,0.2608802
USA_09210500,10,0.07360173,0.11775118,0.845773920416832,0.27129638
USA_09223000,1,0.037617087,0.07148184,0.9799240436404943,0.19395125
USA_09223000,2,0.05844531,0.08999283,0.9688077419996262,0.24175465
USA_09223000,3,0.09330015,0.11542741,0.9502050280570984,0.30545074
USA_09223000,4,0.13340649,0.1371879,0.928798995912075,0.36524853
USA_09223000,5,0.1711069,0.15930478,0.908676490187645,0.4136507
USA_09223000,6,0.19590384,0.1741779,0.8954400047659874,0.44261026
USA_09223000,7,0.21318266,0.18506478,0.8862153589725494,0.46171707
USA_09223000,8,0.22922195,0.1933406,0.8776519149541855,0.4787713
USA_09223000,9,0.24838452,0.19906926,0.86742103099823,0.4983819
USA_09223000,10,0.2626955,0.20185205,0.8597793728113174,0.51253825
USA_09306242,1,4.7201753e-05,0.004965732,0.9020974189043045,0.006870353
USA_09306242,2,6.156838e-05,0.0057411506,0.8722682744264603,0.007846552
USA_09306242,3,8.064827e-05,0.00665236,0.8326440751552582,0.008980438
USA_09306242,4,7.496494e-05,0.0063273963,0.844400092959404,0.008658229
USA_09306242,5,8.646038e-05,0.0068727466,0.8204962462186813,0.0092984075
USA_09306242,6,9.040129e-05,0.0069136587,0.812268853187561,0.00950796
USA_09306242,7,8.6109045e-05,0.006568324,0.8211389183998108,0.009279496
USA_09306242,8,9.887735e-05,0.007220734,0.7945674359798431,0.00994371
USA_09306242,9,0.00011257724,0.0076290746,0.7660469859838486,0.010610242
USA_09306242,10,0.00012486072,0.00803956,0.7404569089412689,0.011174109
USA_09312600,1,0.020195214,0.037703156,0.9560028277337551,0.14210987
USA_09312600,2,0.026400963,0.04695033,0.9424811266362667,0.16248374
USA_09312600,3,0.036043413,0.05618724,0.9214706420898438,0.18985103
USA_09312600,4,0.04640956,0.063372575,0.898882158100605,0.21542878
USA_09312600,5,0.053379487,0.07045518,0.8836942464113235,0.23104002
USA_09312600,6,0.055497132,0.07488545,0.87907924503088,0.2355783
USA_09312600,7,0.053823024,0.07598489,0.8827264457941055,0.23199789
USA_09312600,8,0.055146966,0.08064144,0.8798412382602692,0.23483391
USA_09312600,9,0.05716194,0.08417679,0.8754508346319199,0.23908563
USA_09312600,10,0.061574414,0.08840418,0.8658377081155777,0.24814193
USA_09352900,1,0.36704004,0.23729132,0.9104849845170975,0.6058383
USA_09352900,2,0.7927296,0.3712124,0.8068942874670029,0.8903536
USA_09352900,3,1.1849005,0.47495946,0.7114984393119812,1.0885314
USA_09352900,4,1.4755127,0.5412491,0.6408091187477112,1.2147069
USA_09352900,5,1.7625406,0.6004375,0.5709734559059143,1.327607
USA_09352900,6,1.935395,0.6364842,0.5288823843002319,1.3911848
USA_09352900,7,2.0870914,0.6591558,0.49188876152038574,1.4446769
USA_09352900,8,2.3272407,0.6964205,0.4333139657974243,1.5255296
USA_09352900,9,2.4941251,0.7201754,0.3925473690032959,1.5792799
USA_09352900,10,2.604055,0.7483095,0.36563605070114136,1.6137085
USA_09378170,1,0.0019150564,0.019636992,0.9528713449835777,0.043761358
USA_09378170,2,0.0033308694,0.024091607,0.9180288389325142,0.057713684
USA_09378170,3,0.0052022133,0.02866557,0.8719759285449982,0.07212637
USA_09378170,4,0.0068609435,0.030100536,0.8311553448438644,0.08283081
USA_09378170,5,0.008017615,0.03223325,0.8026902079582214,0.08954114
USA_09378170,6,0.008805728,0.033200618,0.7832951098680496,0.09383884
USA_09378170,7,0.009659611,0.034290034,0.7622814625501633,0.09828332
USA_09378170,8,0.010337835,0.03531604,0.7455906271934509,0.101675145
USA_09378170,9,0.010744355,0.036679663,0.735586404800415,0.10365498
USA_09378170,10,0.0110843,0.03733071,0.7272205054759979,0.105282
USA_09378630,1,0.010848828,0.03400073,0.9257095605134964,0.10415771
USA_09378630,2,0.023108264,0.044100136,0.8417595624923706,0.15201403
USA_09378630,3,0.03551073,0.054030832,0.7568301558494568,0.18844292
USA_09378630,4,0.043064363,0.05669243,0.7051045000553131,0.20751955
USA_09378630,5,0.04587936,0.059887007,0.6858280003070831,0.21419469
USA_09378630,6,0.04732799,0.06254248,0.675908088684082,0.21754998
USA_09378630,7,0.05013777,0.06506841,0.6566673517227173,0.22391465
USA_09378630,8,0.05619078,0.06918492,0.615217536687851,0.23704594
USA_09378630,9,0.060641475,0.07344134,0.5847402215003967,0.24625489
USA_09378630,10,0.062237855,0.07491062,0.5738085508346558,0.24947517
USA_09484600,1,0.002321939,0.010004262,0.034271180629730225,0.048186503
USA_09484600,2,0.0023807995,0.010355308,0.009790241718292236,0.04879344
USA_09484600,3,0.002419782,0.010802316,-0.006423234939575195,0.04919128
USA_09484600,4,0.0023248016,0.011103863,0.0330805778503418,0.048216198
USA_09484600,5,0.002444394,0.012278287,-0.01665961742401123,0.049440812
USA_09484600,6,0.0024629608,0.012599471,-0.02438199520111084,0.049628224
USA_09484600,7,0.0024486934,0.012537047,-0.0184478759765625,0.049484275
USA_09484600,8,0.002444035,0.012834568,-0.016510367393493652,0.04943718
USA_09484600,9,0.0024558422,0.013140987,-0.021421194076538086,0.049556457
USA_09484600,10,0.0024370402,0.012563608,-0.013601064682006836,0.04936639
USA_09492400,1,0.019588962,0.06378684,0.9574080966413021,0.13996057
USA_09492400,2,0.040645115,0.08902022,0.9116203337907791,0.20160633
USA_09492400,3,0.060993403,0.11310489,0.8673658818006516,0.24696842
USA_09492400,4,0.079269,0.13192274,0.8276024162769318,0.28154752
USA_09492400,5,0.09216528,0.1458721,0.7995398938655853,0.30358735
USA_09492400,6,0.100341536,0.15719965,0.7817421704530716,0.31676733
USA_09492400,7,0.10727854,0.16828807,0.7666580080986023,0.32753402
USA_09492400,8,0.111638255,0.17762315,0.7571782469749451,0.3341231
USA_09492400,9,0.11489482,0.18282686,0.7500949501991272,0.3389614
USA_09492400,10,0.1193465,0.18754339,0.7404122054576874,0.34546563
USA_09494000,1,0.0046314793,0.02434986,0.9089126661419868,0.068054974
USA_09494000,2,0.005606803,0.029657206,0.8897333741188049,0.07487859
USA_09494000,3,0.0073380903,0.036209073,0.8556889891624451,0.085662656
USA_09494000,4,0.008622369,0.04060415,0.8304383307695389,0.09285671
USA_09494000,5,0.009914926,0.0442719,0.8050197660923004,0.099573724
USA_09494000,6,0.010987029,0.047831453,0.7839455157518387,0.10481903
USA_09494000,7,0.012043791,0.052254587,0.7631862163543701,0.109744206
USA_09494000,8,0.012879068,0.054877955,0.746777206659317,0.113485985
USA_09494000,9,0.013833383,0.056865398,0.7280298173427582,0.1176154
USA_09494000,10,0.014703202,0.05924313,0.7109410464763641,0.12125676
USA_10023000,1,0.0019202904,0.017652329,0.9853414595127106,0.04382112
USA_10023000,2,0.002561921,0.021810433,0.9804438687860966,0.050615422
USA_10023000,3,0.0037668508,0.026617669,0.9712470304220915,0.061374675
USA_10023000,4,0.004993502,0.029633718,0.9618849381804466,0.07066472
USA_10023000,5,0.006152911,0.03313833,0.9530366472899914,0.078440495
USA_10023000,6,0.0072044833,0.0354821,0.9450119286775589,0.08487923
USA_10023000,7,0.008557892,0.038672492,0.9346830546855927,0.092508875
USA_10023000,8,0.0098427525,0.04128511,0.9248787760734558,0.09921065
USA_10023000,9,0.011657268,0.044606403,0.9110342264175415,0.10796883
USA_10023000,10,0.01357213,0.04784411,0.8964269086718559,0.11649948
USA_10166430,1,0.002711903,0.016750496,0.9616037271916866,0.052075937
USA_10166430,2,0.0032358228,0.01823777,0.9541858471930027,0.056884293
USA_10166430,3,0.0041106744,0.02119803,0.9417993314564228,0.06411454
USA_10166430,4,0.0050681857,0.023073114,0.9282435774803162,0.07119119
USA_10166430,5,0.0060795727,0.02632841,0.9139254614710808,0.077971615
USA_10166430,6,0.006931404,0.029009372,0.9018667563796043,0.08325505
USA_10166430,7,0.008365288,0.03133937,0.881567969918251,0.09146195
USA_10166430,8,0.009392984,0.03366629,0.8670203238725662,0.096917406
USA_10166430,9,0.010730752,0.036486823,0.848083421587944,0.10358934
USA_10166430,10,0.011565928,0.038800094,0.8362622559070587,0.107545
USA_10172700,1,0.0004663251,0.009342773,0.9084708020091057,0.021594562
USA_10172700,2,0.0007755561,0.0110455025,0.8478183150291443,0.027848808
USA_10172700,3,0.0009969051,0.012663918,0.8044393360614777,0.031573806
USA_10172700,4,0.0011906882,0.013691645,0.7664906680583954,0.03450635
USA_10172700,5,0.001305402,0.0151298465,0.7440653741359711,0.036130346
USA_10172700,6,0.0013865486,0.016029552,0.7282318770885468,0.03723639
USA_10172700,7,0.0014429067,0.016771756,0.7172644138336182,0.03798561
USA_10172700,8,0.0014600023,0.017414331,0.7139943838119507,0.038209975
USA_10172700,9,0.0015033622,0.01821721,0.7055824995040894,0.038773216
USA_10172700,10,0.0015775752,0.019268708,0.6911347508430481,0.039718702
USA_10172800,1,0.11289261,0.13273476,0.9629411324858665,0.33599496
USA_10172800,2,0.12067932,0.14553249,0.9603822305798531,0.34738928
USA_10172800,3,0.1525778,0.16357498,0.9499071314930916,0.3906121
USA_10172800,4,0.19431868,0.18374033,0.9361992329359055,0.44081593
USA_10172800,5,0.23308977,0.20638585,0.9234653115272522,0.48279372
USA_10172800,6,0.27863598,0.22696956,0.908505953848362,0.5278598
USA_10172800,7,0.31276566,0.2430571,0.897293396294117,0.5592545
USA_10172800,8,0.34624553,0.25986168,0.8862961381673813,0.5884263
USA_10172800,9,0.38866976,0.2718841,0.8723644316196442,0.6234338
USA_10172800,10,0.41152814,0.28120765,0.8648579269647598,0.6415046
USA_10173450,1,0.020509498,0.052248556,0.9790334179997444,0.14321138
USA_10173450,2,0.027563026,0.06390267,0.9718225691467524,0.16602117
USA_10173450,3,0.041897923,0.0785426,0.9571681320667267,0.20468982
USA_10173450,4,0.058952376,0.09086474,0.9397335238754749,0.2428011
USA_10173450,5,0.073685944,0.1025865,0.9246722161769867,0.27145156
USA_10173450,6,0.08397455,0.11231016,0.9141477644443512,0.28978363
USA_10173450,7,0.09470127,0.119702384,0.9031711667776108,0.3077357
USA_10173450,8,0.100651346,0.12516688,0.8970757201313972,0.31725597
USA_10173450,9,0.111109085,0.13309239,0.8863675892353058,0.3333303
USA_10173450,10,0.11795252,0.14019889,0.8793538436293602,0.34344217
USA_10205030,1,0.0020593482,0.021906286,0.9782730806618929,0.04538004
USA_10205030,2,0.0039816564,0.02777677,0.9579933248460293,0.06310037
USA_10205030,3,0.0064123506,0.03404923,0.9323534816503525,0.08007716
USA_10205030,4,0.008289313,0.038299035,0.9125579372048378,0.09104566
USA_10205030,5,0.009188167,0.04237004,0.9030807316303253,0.09585492
USA_10205030,6,0.009417062,0.044442948,0.9006723016500473,0.09704155
USA_10205030,7,0.009004181,0.04464236,0.9050329700112343,0.09489036
USA_10205030,8,0.008661815,0.04546032,0.9086471572518349,0.093068875
USA_10205030,9,0.008802289,0.047031365,0.9071698039770126,0.09382051
USA_10205030,10,0.00902323,0.048607696,0.9048440158367157,0.09499068
USA_10234500,1,0.020242631,0.048501253,0.9589227437973022,0.1422766
USA_10234500,2,0.039767407,0.065117,0.9192996472120285,0.19941767
USA_10234500,3,0.059913505,0.08178786,0.8784131556749344,0.24477236
USA_10234500,4,0.076476045,0.093450606,0.8447967171669006,0.27654302
USA_10234500,5,0.08690967,0.10170691,0.8236182034015656,0.29480445
USA_10234500,6,0.089031145,0.10469133,0.8193084895610809,0.29838088
USA_10234500,7,0.08371673,0.106103286,0.8300915956497192,0.28933844
USA_10234500,8,0.07767892,0.1060255,0.8423432409763336,0.27870938
USA_10234500,9,0.08153679,0.111447774,0.8345106989145279,0.28554648
USA_10234500,10,0.08744378,0.11334737,0.8225189298391342,0.29570892
USA_10242000,1,0.034710214,0.06811189,0.9325137287378311,0.18630677
USA_10242000,2,0.06441032,0.09364988,0.8747710734605789,0.2537919
USA_10242000,3,0.08296047,0.1123018,0.8387051820755005,0.2880286
USA_10242000,4,0.09769181,0.12329479,0.8100692331790924,0.3125569
USA_10242000,5,0.107775524,0.1316766,0.7904705256223679,0.32829183
USA_10242000,6,0.1150115,0.13758396,0.7764105498790741,0.33913344
USA_10242000,7,0.116332136,0.14050539,0.7738509029150009,0.34107497
USA_10242000,8,0.11547186,0.14120707,0.7755323648452759,0.3398115
USA_10242000,9,0.11864951,0.14508826,0.7693660110235214,0.3444554
USA_10242000,10,0.12231955,0.15181051,0.7622427642345428,0.3497421
USA_10244950,1,0.004597844,0.03128257,0.9849373158067465,0.067807406
USA_10244950,2,0.0060966634,0.03450823,0.9800275191664696,0.07808113
USA_10244950,3,0.009109955,0.0407524,0.9701569378376007,0.09544609
USA_10244950,4,0.012061452,0.043772157,0.9604897946119308,0.10982464
USA_10244950,5,0.015133333,0.04963113,0.9504290707409382,0.12301762
USA_10244950,6,0.017754408,0.053869862,0.9418457634747028,0.13324566
USA_10244950,7,0.019956226,0.056429964,0.9346363544464111,0.14126651
USA_10244950,8,0.02177532,0.059091646,0.9286802783608437,0.14756463
USA_10244950,9,0.023329077,0.061654806,0.9235943704843521,0.15273859
USA_10244950,10,0.02432918,0.0655644,0.9203213304281235,0.15597814
USA_10249300,1,0.004174473,0.028040178,0.9730002395808697,0.06461016
USA_10249300,2,0.009767872,0.03609624,0.9368249177932739,0.09883255
USA_10249300,3,0.019793067,0.04659508,0.8719892501831055,0.14068784
USA_10249300,4,0.029156817,0.05522894,0.8114349991083145,0.17075367
USA_10249300,5,0.036070902,0.06443305,0.7667264342308044,0.1899234
USA_10249300,6,0.040181454,0.0700082,0.7401505708694458,0.20045312
USA_10249300,7,0.042307544,0.07294744,0.7264091968536377,0.20568798
USA_10249300,8,0.043927275,0.075757764,0.7159429788589478,0.20958835
USA_10249300,9,0.045042586,0.07787118,0.7087391018867493,0.21223238
USA_10249300,10,0.044576507,0.079281665,0.7117635607719421,0.2111315
USA_10316500,1,1.1639817,0.22321822,0.886105589568615,1.0788798
USA_10316500,2,1.2534192,0.27084565,0.8773540258407593,1.119562
USA_10316500,3,1.4110852,0.32900938,0.861926332116127,1.1878911
USA_10316500,4,1.6648453,0.37371442,0.8370958417654037,1.2902888
USA_10316500,5,2.002851,0.41568422,0.804021880030632,1.4152212
USA_10316500,6,2.2970023,0.43955344,0.775238960981369,1.5155865
USA_10316500,7,2.4157286,0.45534128,0.7636212855577469,1.5542614
USA_10316500,8,2.4527411,0.46960014,0.7599996328353882,1.566123
USA_10316500,9,2.5204394,0.48069772,0.7533749490976334,1.5875891
USA_10316500,10,2.5616353,0.49759382,0.7493435740470886,1.600511
USA_10329500,1,0.018810578,0.03111057,0.8386010378599167,0.13715166
USA_10329500,2,0.03128222,0.04098366,0.7315949499607086,0.1768678
USA_10329500,3,0.040503867,0.049883734,0.6524721682071686,0.20125572
USA_10329500,4,0.046087448,0.05655713,0.6045643985271454,0.21467987
USA_10329500,5,0.04734981,0.06162671,0.5937331914901733,0.21760012
USA_10329500,6,0.045976177,0.06456535,0.6055191457271576,0.21442056
USA_10329500,7,0.045537002,0.06718353,0.6092873215675354,0.213394
USA_10329500,8,0.04672278,0.07036412,0.5991131663322449,0.21615453
USA_10329500,9,0.048178535,0.071987666,0.5866226553916931,0.21949609
USA_10329500,10,0.04846678,0.072951004,0.5841494500637054,0.22015172
USA_10336645,1,0.95403427,0.32031152,0.9281561151146889,0.9767468
USA_10336645,2,1.8098955,0.46685234,0.8637074083089828,1.3453236
USA_10336645,3,2.7979443,0.6019156,0.7893069684505463,1.6727057
USA_10336645,4,3.712386,0.7046012,0.7204515337944031,1.9267553
USA_10336645,5,4.5400825,0.80473256,0.6581302285194397,2.1307468
USA_10336645,6,5.108314,0.8628631,0.6153479218482971,2.260158
USA_10336645,7,5.4355392,0.8944742,0.5907142758369446,2.3314242
USA_10336645,8,5.938362,0.9542908,0.5528579652309418,2.4368756
USA_10336645,9,6.3930736,1.0021193,0.5186253190040588,2.5284529
USA_10336645,10,6.9037104,1.0515598,0.4801824688911438,2.6274912
USA_10336660,1,1.8123479,0.42385313,0.9204436838626862,1.3462347
USA_10336660,2,2.5282786,0.56212807,0.8890187442302704,1.5900562
USA_10336660,3,3.895654,0.6904538,0.8289995640516281,1.973741
USA_10336660,4,4.9874783,0.81207407,0.7810774445533752,2.2332664
USA_10336660,5,6.0959425,0.93774223,0.7324268519878387,2.4689963
USA_10336660,6,7.065263,1.02331,0.6898850798606873,2.6580563
USA_10336660,7,7.757852,1.0823187,0.659490704536438,2.7852921
USA_10336660,8,8.744338,1.1756283,0.6161972284317017,2.9570827
USA_10336660,9,9.383001,1.230523,0.5881713330745697,3.0631685
USA_10336660,10,10.098327,1.2974885,0.5567830801010132,3.1777864
USA_10336740,1,0.0017501186,0.024440924,0.9735061600804329,0.041834418
USA_10336740,2,0.0038331314,0.030820832,0.941973689943552,0.061912287
USA_10336740,3,0.006402712,0.03779601,0.9030763208866119,0.08001695
USA_10336740,4,0.008343836,0.042032264,0.873691976070404,0.0913446
USA_10336740,5,0.009650744,0.04567894,0.8539084047079086,0.0982382
USA_10336740,6,0.0103002535,0.048125688,0.8440580070018768,0.10149016
USA_10336740,7,0.010436596,0.049334146,0.8419487178325653,0.102159664
USA_10336740,8,0.010805458,0.052014235,0.8363470584154129,0.1039493
USA_10336740,9,0.011104136,0.05402455,0.831813856959343,0.10537616
USA_10336740,10,0.011520507,0.055616252,0.8254941254854202,0.10733362
USA_10343500,1,0.12316754,0.117049046,0.9445348642766476,0.35095233
USA_10343500,2,0.15080434,0.14234018,0.9320886060595512,0.38833535
USA_10343500,3,0.22690587,0.1771414,0.8978165239095688,0.47634637
USA_10343500,4,0.30056614,0.20717996,0.8646436035633087,0.5482391
USA_10343500,5,0.36295986,0.23367056,0.8365453332662582,0.6024615
USA_10343500,6,0.4079615,0.25203535,0.8162793815135956,0.6387186
USA_10343500,7,0.439187,0.26862147,0.8022179454565048,0.66271186
USA_10343500,8,0.47787625,0.28803024,0.7847960293292999,0.6912859
USA_10343500,9,0.5064574,0.30022946,0.7719283401966095,0.7116582
USA_10343500,10,0.5239116,0.3114418,0.7640737295150757,0.72381735
USA_10396000,1,0.12763385,0.11369619,0.8493316769599915,0.3572588
USA_10396000,2,0.21457003,0.15913637,0.7467136383056641,0.46321705
USA_10396000,3,0.26001206,0.18499707,0.693083643913269,0.5099138
USA_10396000,4,0.29489625,0.20342173,0.6519173979759216,0.5430435
USA_10396000,5,0.32418257,0.22083552,0.6173585951328278,0.5693703
USA_10396000,6,0.34335336,0.23035848,0.5947384536266327,0.5859636
USA_10396000,7,0.35108697,0.23972632,0.5856156051158905,0.5925259
USA_10396000,8,0.34749618,0.24500303,0.5898613631725311,0.5894881
USA_10396000,9,0.34538588,0.24787927,0.5923572480678558,0.5876954
USA_10396000,10,0.3433273,0.24938667,0.5947894155979156,0.5859414
USA_11230500,1,0.14261325,0.16406867,0.9762115217745304,0.37764168
USA_11230500,2,0.35649943,0.24475324,0.9405370280146599,0.59707576
USA_11230500,3,0.6332727,0.32910836,0.8943770229816437,0.79578435
USA_11230500,4,0.9050681,0.38952214,0.8490518927574158,0.9513507
USA_11230500,5,1.1438885,0.43557698,0.8092292845249176,1.0695273
USA_11230500,6,1.3194786,0.4687176,0.7799547612667084,1.1486856
USA_11230500,7,1.4423574,0.4899503,0.7594733536243439,1.2009819
USA_11230500,8,1.5338598,0.51019686,0.7442260980606079,1.2384909
USA_11230500,9,1.5986263,0.5184166,0.7334351241588593,1.2643679
USA_11230500,10,1.6507719,0.5255513,0.7247487008571625,1.2848237
USA_11237500,1,0.44970313,0.22542955,0.9697341844439507,0.6705991
USA_11237500,2,0.8576638,0.31554523,0.9422785378992558,0.9261014
USA_11237500,3,1.5656437,0.41966742,0.8946324586868286,1.2512568
USA_11237500,4,2.2668753,0.49399734,0.8474419116973877,1.5056146
USA_11237500,5,2.8494751,0.56136125,0.8082363605499268,1.6880388
USA_11237500,6,3.2035666,0.6006188,0.7844101190567017,1.789851
USA_11237500,7,3.6362014,0.6452872,0.7552987337112427,1.9068826
USA_11237500,8,4.197921,0.699744,0.7175010442733765,2.0488827
USA_11237500,9,4.7643566,0.75885886,0.6793874204158783,2.1827407
USA_11237500,10,4.981542,0.79707164,0.6647769510746002,2.231937
USA_11264500,1,0.22343121,0.19900194,0.9738790541887283,0.4726851
USA_11264500,2,0.5619829,0.30161598,0.9343013614416122,0.7496552
USA_11264500,3,1.0489044,0.4208333,0.877380445599556,1.0241604
USA_11264500,4,1.5104618,0.4984577,0.8234280943870544,1.2290084
USA_11264500,5,1.8753837,0.5574363,0.7807775884866714,1.3694465
USA_11264500,6,2.079406,0.5976627,0.7569384276866913,1.4420146
USA_11264500,7,2.1689231,0.6244878,0.7464869022369385,1.4727265
USA_11264500,8,2.2850318,0.64905244,0.7329313158988953,1.5116322
USA_11264500,9,2.4443672,0.66956425,0.7143292725086212,1.5634472
USA_11264500,10,2.6002586,0.6865134,0.6961371004581451,1.6125318
USA_11266500,1,0.19928126,0.19484276,0.9755507055670023,0.44640929
USA_11266500,2,0.41528788,0.27126428,0.9490515626966953,0.6444283
USA_11266500,3,0.77816904,0.37759092,0.9045353010296822,0.8821389
USA_11266500,4,1.1265912,0.44638664,0.8617964833974838,1.06141
USA_11266500,5,1.4264709,0.507339,0.8250190317630768,1.1943495
USA_11266500,6,1.5968183,0.54258585,0.8041346073150635,1.2636528
USA_11266500,7,1.6546036,0.55782187,0.797060176730156,1.286314
USA_11266500,8,1.7432305,0.58099145,0.7862061113119125,1.3203145
USA_11266500,9,1.8810568,0.60497826,0.7693236023187637,1.3715162
USA_11266500,10,2.0248985,0.628356,0.7517103254795074,1.4229892
USA_12175500,1,2.295535,0.7481927,0.8964628577232361,1.5151024
USA_12175500,2,4.638248,1.164244,0.7906993627548218,2.153659
USA_12175500,3,6.362793,1.452068,0.7127303183078766,2.5224578
USA_12175500,4,7.659283,1.6423315,0.6540350019931793,2.767541
USA_12175500,5,8.470148,1.7733947,0.6172499656677246,2.910352
USA_12175500,6,9.001679,1.8486518,0.5930747091770172,3.00028
USA_12175500,7,9.3222,1.9168857,0.5784360766410828,3.0532277
USA_12175500,8,9.576565,1.9701148,0.566797524690628,3.0946026
USA_12175500,9,9.87744,2.0226638,0.5530730783939362,3.1428397
USA_12175500,10,10.191433,2.0776677,0.5387493968009949,3.1924024
USA_12358500,1,0.31234485,0.26059875,0.9780058152973652,0.5588782
USA_12358500,2,0.49359283,0.3117154,0.9652455523610115,0.7025616
USA_12358500,3,0.82471186,0.4047003,0.9419349506497383,0.9081365
USA_12358500,4,1.2656747,0.50783116,0.9108937382698059,1.125022
USA_12358500,5,1.6767334,0.5915494,0.8819604143500328,1.2948874
USA_12358500,6,1.939577,0.64459085,0.8634626567363739,1.392687
USA_12358500,7,2.1317124,0.6839086,0.8499434292316437,1.4600385
USA_12358500,8,2.2402205,0.7127315,0.8423108458518982,1.4967366
USA_12358500,9,2.2998421,0.7271436,0.8381196111440659,1.516523
USA_12358500,10,2.3118055,0.73551583,0.8372825533151627,1.5204623
USA_12374250,1,0.08701829,0.09563028,0.9235367402434349,0.29498863
USA_12374250,2,0.15878423,0.13340119,0.860455334186554,0.39847738
USA_12374250,3,0.22993582,0.16617508,0.7979091256856918,0.47951624
USA_12374250,4,0.3018208,0.1937797,0.7347232699394226,0.5493822
USA_12374250,5,0.35965005,0.21565859,0.683886855840683,0.5997083
USA_12374250,6,0.3933853,0.23123646,0.6542198657989502,0.62720436
USA_12374250,7,0.4148529,0.24001028,0.6353322863578796,0.6440908
USA_12374250,8,0.42900863,0.24887781,0.6228534579277039,0.6549875
USA_12374250,9,0.43753353,0.2552439,0.6153287887573242,0.6614632
USA_12374250,10,0.44404298,0.26219603,0.6095750033855438,0.6663655
USA_12375900,1,0.83789426,0.32722038,0.9507454708218575,0.91536564
USA_12375900,2,1.6442412,0.460763,0.9033366069197655,1.2822797
USA_12375900,3,2.2353928,0.5570277,0.8685787469148636,1.495123
USA_12375900,4,2.6458642,0.63082695,0.8444439470767975,1.6266112
USA_12375900,5,3.0766404,0.6948099,0.8191163688898087,1.7540355
USA_12375900,6,3.3777375,0.737888,0.8014111369848251,1.8378623
USA_12375900,7,3.5981934,0.7839942,0.788446307182312,1.8968904
USA_12375900,8,3.848071,0.82936096,0.7737488746643066,1.9616501
USA_12375900,9,4.245632,0.87085336,0.7503690421581268,2.0604932
USA_12375900,10,4.581437,0.9108296,0.7306120097637177,2.1404293
USA_12377150,1,1.4647081,0.47152182,0.9614687897264957,1.2102512
USA_12377150,2,3.1812017,0.69161236,0.9163089990615845,1.7835923
USA_12377150,3,5.2034826,0.91603523,0.8631045818328857,2.2811143
USA_12377150,4,6.757328,1.0778716,0.8222238421440125,2.599486
USA_12377150,5,7.8927417,1.1850095,0.7923526465892792,2.8094025
USA_12377150,6,8.531668,1.2678319,0.77553790807724,2.9209018
USA_12377150,7,8.85443,1.3162802,0.7670389264822006,2.9756393
USA_12377150,8,9.30739,1.3504992,0.755108043551445,3.0508015
USA_12377150,9,10.006898,1.3921595,0.7366922795772552,3.1633682
USA_12377150,10,10.513837,1.4433621,0.7233442068099976,3.2425048
USA_12381400,1,0.06715677,0.105918266,0.9825546555221081,0.25914624
USA_12381400,2,0.11035604,0.13221234,0.9713310040533543,0.3321988
USA_12381400,3,0.17408308,0.16924536,0.9547742456197739,0.41723266
USA_12381400,4,0.24562436,0.20212902,0.9361863434314728,0.49560505
USA_12381400,5,0.3168546,0.2283829,0.9176803454756737,0.5628984
USA_12381400,6,0.37461218,0.24917136,0.9026744663715363,0.6120557
USA_12381400,7,0.42070004,0.264409,0.8906989991664886,0.6486139
USA_12381400,8,0.4568944,0.27346852,0.8812918961048126,0.6759396
USA_12381400,9,0.50835687,0.2851836,0.8679143339395523,0.7129915
USA_12381400,10,0.5429254,0.29851648,0.8589210957288742,0.7368347
USA_12383500,1,0.03430947,0.089886695,0.9794982951134443,0.18522815
USA_12383500,2,0.06253629,0.11212012,0.9626281969249249,0.25007257
USA_12383500,3,0.1004462,0.13864589,0.9399683065712452,0.3169325
USA_12383500,4,0.1453047,0.16231592,0.9131527319550514,0.38118854
USA_12383500,5,0.19006948,0.1805247,0.8863884136080742,0.4359696
USA_12383500,6,0.2275245,0.19927536,0.8639895915985107,0.4769953
USA_12383500,7,0.25916684,0.21445663,0.8450624197721481,0.5090843
USA_12383500,8,0.2861636,0.226031,0.8289074003696442,0.5349426
USA_12383500,9,0.32007268,0.24108537,0.8086178451776505,0.56574965
USA_12383500,10,0.34488276,0.25595185,0.7937645316123962,0.5872672
USA_12388400,1,0.054640446,0.08104164,0.9636251218616962,0.23375297
USA_12388400,2,0.1438373,0.11507891,0.9042471423745155,0.3792589
USA_12388400,3,0.23748046,0.14734735,0.8419119268655777,0.48731968
USA_12388400,4,0.31881434,0.17267504,0.7877732068300247,0.56463647
USA_12388400,5,0.38091847,0.1961003,0.7464382648468018,0.61718595
USA_12388400,6,0.43456602,0.21238181,0.7107357084751129,0.6592162
USA_12388400,7,0.49565706,0.22983186,0.6700806617736816,0.70402914
USA_12388400,8,0.5508674,0.24284601,0.6333407461643219,0.7422044
USA_12388400,9,0.60082144,0.25358194,0.6001011729240417,0.7751267
USA_12388400,10,0.63809526,0.26342234,0.5753028988838196,0.79880863
USA_12390700,1,0.06480376,0.10757685,0.9722471926361322,0.25456583
USA_12390700,2,0.13968098,0.14697483,0.9401778727769852,0.37373918
USA_12390700,3,0.2375552,0.19422114,0.8982564434409142,0.48739636
USA_12390700,4,0.3404005,0.23392913,0.854202389717102,0.5834385
USA_12390700,5,0.43384314,0.2656591,0.8141729831695557,0.6586677
USA_12390700,6,0.50092643,0.28711402,0.7854314744472504,0.7077616
USA_12390700,7,0.5500324,0.3048677,0.7643886506557465,0.7416417
USA_12390700,8,0.5853808,0.3212467,0.7492376565933228,0.7651018
USA_12390700,9,0.60938585,0.32926702,0.7389460206031799,0.7806317
USA_12390700,10,0.61949456,0.3337642,0.7346070408821106,0.78707975
USA_12411000,1,0.6789269,0.28188926,0.933021254837513,0.8239702
USA_12411000,2,1.4725764,0.42969182,0.8547042459249496,1.2134976
USA_12411000,3,2.1897738,0.5667483,0.7839089930057526,1.4797884
USA_12411000,4,2.9018912,0.6671258,0.7135986089706421,1.7034938
USA_12411000,5,3.505784,0.7423666,0.653960645198822,1.8723739
USA_12411000,6,3.9736977,0.79829764,0.607751876115799,1.9934136
USA_12411000,7,4.3149204,0.8429011,0.5740508735179901,2.0772386
USA_12411000,8,4.570192,0.8785189,0.5488482117652893,2.1378007
USA_12411000,9,4.745051,0.9044599,0.5316121876239777,2.1783137
USA_12411000,10,4.8544173,0.9222442,0.520860880613327,2.2032743
USA_12414500,1,0.32346347,0.22941859,0.9613859318196774,0.56873846
USA_12414500,2,0.7540627,0.3325264,0.909963496029377,0.86836785
USA_12414500,3,1.1847577,0.43831947,0.8585069924592972,1.0884658
USA_12414500,4,1.611856,0.52809614,0.8074592798948288,1.269589
USA_12414500,5,1.9612918,0.5984379,0.7656772583723068,1.4004613
USA_12414500,6,2.2121181,0.6368344,0.7356781661510468,1.4873191
USA_12414500,7,2.3870711,0.66776633,0.714738667011261,1.545015
USA_12414500,8,2.5288846,0.6980975,0.6977657973766327,1.5902467
USA_12414500,9,2.6100209,0.71143705,0.6880689561367035,1.6155559
USA_12414500,10,2.626655,0.72312427,0.686092734336853,1.6206958
USA_12447390,1,0.16729175,0.16635853,0.9794586915522814,0.40901312
USA_12447390,2,0.41641718,0.255719,0.9488681890070438,0.64530396
USA_12447390,3,0.7777243,0.34221017,0.9045017808675766,0.8818868
USA_12447390,4,1.120759,0.4126624,0.8623781949281693,1.0586591
USA_12447390,5,1.3666402,0.45371008,0.8321838825941086,1.1690339
USA_12447390,6,1.5032797,0.4837725,0.8154037892818451,1.226083
USA_12447390,7,1.6068089,0.5096703,0.8026892393827438,1.2675997
USA_12447390,8,1.6813048,0.5341346,0.7935414165258408,1.2966514
USA_12447390,9,1.8494023,0.5663354,0.7729014605283737,1.3599273
USA_12447390,10,1.9358885,0.5897005,0.7622838318347931,1.3913621
USA_12451000,1,0.61347485,0.41433787,0.9727334398776293,0.78324634
USA_12451000,2,1.3809959,0.62605685,0.9386233277618885,1.1751578
USA_12451000,3,2.3414245,0.8369694,0.8959447368979454,1.5301714
USA_12451000,4,3.244171,0.993906,0.8558322340250015,1.8011582
USA_12451000,5,3.9351172,1.1129025,0.8251290172338486,1.983713
USA_12451000,6,4.3754387,1.1730224,0.8055581152439117,2.091755
USA_12451000,7,4.556906,1.2132999,0.7974866032600403,2.1346912
USA_12451000,8,4.7327933,1.2663499,0.7896651327610016,2.1754985
USA_12451000,9,4.8873625,1.2840191,0.7828059047460556,2.210738
USA_12451000,10,5.0432315,1.302738,0.7758961766958237,2.245714
USA_12488500,1,0.330242,0.26995456,0.9636635258793831,0.57466686
USA_12488500,2,0.6905462,0.38207746,0.9240089654922485,0.8309911
USA_12488500,3,1.1017838,0.50709414,0.8787413164973259,1.0496589
USA_12488500,4,1.5174218,0.6168633,0.8329684883356094,1.2318368
USA_12488500,5,1.8858776,0.70252246,0.7923706471920013,1.3732725
USA_12488500,6,2.171424,0.76324415,0.7608861327171326,1.4735752
USA_12488500,7,2.3623722,0.8120203,0.7398109436035156,1.537001
USA_12488500,8,2.4949548,0.857733,0.7251648306846619,1.5795426
USA_12488500,9,2.5728142,0.87970734,0.7165446877479553,1.6039995
USA_12488500,10,2.648912,0.90702534,0.7081197500228882,1.6275479
USA_13011500,1,0.18584062,0.14870307,0.975094135850668,0.43109235
USA_13011500,2,0.4176832,0.2172899,0.9440217055380344,0.64628416
USA_13011500,3,0.6932637,0.29114336,0.9070853069424629,0.8326246
USA_13011500,4,0.8966172,0.3354453,0.8798283487558365,0.9468987
USA_13011500,5,1.0186294,0.365344,0.8634753078222275,1.0092717
USA_13011500,6,1.0883408,0.39122924,0.8541320562362671,1.0432357
USA_13011500,7,1.1248372,0.407905,0.8492391109466553,1.0605834
USA_13011500,8,1.1272526,0.42346796,0.8489156514406204,1.0617216
USA_13011500,9,1.2083452,0.4394762,0.8380510807037354,1.0992476
USA_13011500,10,1.2966311,0.4635377,0.8262227773666382,1.1386971
USA_13011900,1,0.11393039,0.13856842,0.9822898209095001,0.33753577
USA_13011900,2,0.21423861,0.18873706,0.9666942991316319,0.46285918
USA_13011900,3,0.38599223,0.25179332,0.9399876780807972,0.62128276
USA_13011900,4,0.56431246,0.30673736,0.9122563302516937,0.75120735
USA_13011900,5,0.6964007,0.34432018,0.891712948679924,0.8345063
USA_13011900,6,0.7777036,0.36938757,0.8790666610002518,0.88187504
USA_13011900,7,0.8294517,0.3889239,0.871014803647995,0.9107424
USA_13011900,8,0.8505001,0.399245,0.8677377253770828,0.92222565
USA_13011900,9,0.87402135,0.4083888,0.8640799224376678,0.9348911
USA_13011900,10,0.90994906,0.41511747,0.8584927618503571,0.9539125
USA_13018300,1,0.040054716,0.07932545,0.9823070336133242,0.20013675
USA_13018300,2,0.06768969,0.099041075,0.9700982011854649,0.26017243
USA_13018300,3,0.11000544,0.12399478,0.9514019824564457,0.33167067
USA_13018300,4,0.14695661,0.14170404,0.9350735396146774,0.3833492
USA_13018300,5,0.18083282,0.15530203,0.9201016053557396,0.42524442
USA_13018300,6,0.20513913,0.16492152,0.9093563184142113,0.45292288
USA_13018300,7,0.22166114,0.17140025,0.9020497724413872,0.470809
USA_13018300,8,0.22963491,0.17499317,0.8985199555754662,0.47920236
USA_13018300,9,0.2513124,0.18596883,0.8889333009719849,0.5013107
USA_13018300,10,0.26662457,0.19661093,0.8821587488055229,0.516357
USA_13023000,1,0.038561482,0.09168793,0.9850566992536187,0.19637078
USA_13023000,2,0.072242685,0.121486634,0.9720029179006815,0.26878
USA_13023000,3,0.13022329,0.16231048,0.9495300278067589,0.36086464
USA_13023000,4,0.1859673,0.1964134,0.9279211461544037,0.43123925
USA_13023000,5,0.23119232,0.21964489,0.9103893935680389,0.48082462
USA_13023000,6,0.26296565,0.23411071,0.8980744183063507,0.51280177
USA_13023000,7,0.28761992,0.24780315,0.8885165080428123,0.5363021
USA_13023000,8,0.30547014,0.2572643,0.8816002681851387,0.55269355
USA_13023000,9,0.32398397,0.26508546,0.8744288235902786,0.56919587
USA_13023000,10,0.33143476,0.27329308,0.8715474754571915,0.5757037
USA_13083000,1,0.00072258816,0.015058809,0.9537244699895382,0.026881
USA_13083000,2,0.0011835626,0.019267675,0.9241945371031761,0.034402944
USA_13083000,3,0.0015814714,0.02270512,0.8986977189779282,0.03976772
USA_13083000,4,0.0018674727,0.024023732,0.8803692534565926,0.043214265
USA_13083000,5,0.002166426,0.025935715,0.8612182438373566,0.046544883
USA_13083000,6,0.0024980316,0.027636522,0.8399642258882523,0.049980313
USA_13083000,7,0.0027582871,0.028864948,0.8232712000608444,0.052519396
USA_13083000,8,0.003094719,0.030149657,0.8017070591449738,0.0556302
USA_13083000,9,0.0034193364,0.03150445,0.7809571921825409,0.058475092
USA_13083000,10,0.0037019406,0.03265986,0.7629825621843338,0.060843576
USA_13161500,1,0.0074819527,0.030238329,0.9540428295731544,0.08649828
USA_13161500,2,0.011816641,0.03574527,0.9274182543158531,0.10870437
USA_13161500,3,0.017158972,0.043577436,0.8946050927042961,0.13099226
USA_13161500,4,0.021741414,0.05001831,0.8664600551128387,0.1474497
USA_13161500,5,0.024478583,0.056269586,0.8496511727571487,0.15645632
USA_13161500,6,0.026074316,0.060439475,0.8398519158363342,0.16147543
USA_13161500,7,0.02750778,0.0642469,0.8310475945472717,0.16585469
USA_13161500,8,0.02898373,0.067106724,0.8219863027334213,0.1702461
USA_13161500,9,0.030513857,0.06950811,0.8125906586647034,0.17468216
USA_13161500,10,0.031624768,0.07240256,0.805771991610527,0.17783354
USA_13235000,1,0.113383465,0.12756827,0.971114419400692,0.3367246
USA_13235000,2,0.21689467,0.18556516,0.9447391666471958,0.46571952
USA_13235000,3,0.36635265,0.24734572,0.90665003657341,0.60527074
USA_13235000,4,0.51930004,0.30024713,0.8676649481058121,0.72062474
USA_13235000,5,0.64687663,0.33958808,0.8351475447416306,0.8042864
USA_13235000,6,0.72514904,0.36561218,0.8151996582746506,0.85155684
USA_13235000,7,0.78522056,0.38601834,0.7998893409967422,0.8861267
USA_13235000,8,0.8282214,0.4011115,0.7889257222414017,0.91006666
USA_13235000,9,0.8477009,0.40968877,0.7839635759592056,0.92070675
USA_13235000,10,0.84880805,0.41415924,0.783690944314003,0.9213078
USA_13240000,1,2.653436,0.3760349,0.8905775547027588,1.628937
USA_13240000,2,4.36629,0.5512484,0.8199332803487778,2.089567
USA_13240000,3,5.6411977,0.7131497,0.7673418819904327,2.3751206
USA_13240000,4,6.9641275,0.8294545,0.7127644419670105,2.6389635
USA_13240000,5,7.917838,0.9176035,0.6734124720096588,2.8138654
USA_13240000,6,8.256552,0.95325035,0.6594272553920746,2.8734217
USA_13240000,7,8.37421,0.98015535,0.6545557081699371,2.893823
USA_13240000,8,8.51452,1.0111557,0.6487525701522827,2.917965
USA_13240000,9,8.860093,1.0284978,0.6344861090183258,2.9765909
USA_13240000,10,8.937932,1.0413935,0.6312664449214935,2.9896374
USA_13313000,1,0.17964543,0.14867516,0.9749791156500578,0.423846
USA_13313000,2,0.34327373,0.20758817,0.9521886818110943,0.58589566
USA_13313000,3,0.586491,0.28285334,0.9183107540011406,0.765827
USA_13313000,4,0.838138,0.33956397,0.883257269859314,0.91549873
USA_13313000,5,1.0371225,0.3837963,0.8555383384227753,1.0183921
USA_13313000,6,1.1648971,0.4162429,0.8377394527196884,1.079304
USA_13313000,7,1.2662988,0.44819427,0.8236109614372253,1.1252995
USA_13313000,8,1.3217982,0.47053728,0.8158778101205826,1.1496948
USA_13313000,9,1.4415329,0.4944858,0.7991982996463776,1.2006385
USA_13313000,10,1.5056549,0.51362836,0.7902667224407196,1.2270513
USA_13331500,1,0.21262082,0.19100778,0.9670405946671963,0.46110827
USA_13331500,2,0.49474698,0.29184756,0.9232915714383125,0.70338255
USA_13331500,3,0.8103336,0.3988674,0.8743337392807007,0.90018535
USA_13331500,4,1.1117712,0.4829376,0.8275487720966339,1.0544056
USA_13331500,5,1.3470569,0.54014164,0.791009709239006,1.1606278
USA_13331500,6,1.4864786,0.5814845,0.7693342119455338,1.2192123
USA_13331500,7,1.5905665,0.6153078,0.7531342655420303,1.2611766
USA_13331500,8,1.6970031,0.6456656,0.7365699708461761,1.3026907
USA_13331500,9,1.790972,0.66690034,0.7219417095184326,1.338272
USA_13331500,10,1.82963,0.68267924,0.7159126400947571,1.3526381
USA_13337000,1,0.17847878,0.1997637,0.9818855598568916,0.4224675
USA_13337000,2,0.36654234,0.28067917,0.9627984054386616,0.6054274
USA_13337000,3,0.6644506,0.37969238,0.9325618296861649,0.8151384
USA_13337000,4,0.95808506,0.46429518,0.9027595221996307,0.9788182
USA_13337000,5,1.2209435,0.5317347,0.8760810866951942,1.1049631
USA_13337000,6,1.418411,0.57249767,0.856043130159378,1.1909707
USA_13337000,7,1.5441324,0.60739934,0.8432877659797668,1.2426312
USA_13337000,8,1.6356038,0.63923484,0.8340082466602325,1.2789073
USA_13337000,9,1.7083269,0.6557878,0.8266333937644958,1.3070298
USA_13337000,10,1.7487636,0.67083484,0.8225354552268982,1.3224082
USA_13338500,1,0.038531166,0.083243795,0.964086327701807,0.19629356
USA_13338500,2,0.08287778,0.11859039,0.9227420166134834,0.287885
USA_13338500,3,0.12833527,0.15025477,0.8803523927927017,0.3582391
USA_13338500,4,0.16147575,0.17700748,0.8494388610124588,0.40184045
USA_13338500,5,0.18471587,0.19707225,0.8277529627084732,0.42978585
USA_13338500,6,0.20496148,0.2103219,0.8088602274656296,0.45272672
USA_13338500,7,0.22317609,0.22258937,0.7918599545955658,0.47241518
USA_13338500,8,0.23404089,0.2322567,0.7817136347293854,0.48377773
USA_13338500,9,0.2399731,0.23443359,0.7761820703744888,0.4898705
USA_13338500,10,0.24641156,0.23744522,0.7701902687549591,0.4963986
USA_13340000,1,0.08535758,0.15615478,0.9787214361131191,0.29216018
USA_13340000,2,0.17088872,0.20270918,0.9573900252580643,0.41338688
USA_13340000,3,0.31050506,0.27262375,0.9225614815950394,0.5572298
USA_13340000,4,0.4552305,0.32880837,0.8864441961050034,0.6747077
USA_13340000,5,0.58317286,0.37632748,0.8545028418302536,0.76365757
USA_13340000,6,0.6866881,0.40797958,0.8286506682634354,0.82866645
USA_13340000,7,0.7782453,0.44036117,0.8057771474123001,0.8821821
USA_13340000,8,0.8488264,0.46818832,0.788134828209877,0.92131776
USA_13340000,9,0.8966988,0.47954643,0.7761695683002472,0.9469418
USA_13340000,10,0.9045035,0.48458168,0.7742213755846024,0.9510539
USA_13340600,1,0.18293013,0.21555899,0.9790457431226969,0.42770332
USA_13340600,2,0.41330528,0.30228755,0.9526584185659885,0.64288825
USA_13340600,3,0.7034378,0.3983295,0.919425718486309,0.838712
USA_13340600,4,0.9976909,0.48173147,0.88571697473526,0.9988448
USA_13340600,5,1.2590741,0.54629505,0.8557765483856201,1.1220847
USA_13340600,6,1.4631371,0.5872114,0.832404375076294,1.2096021
USA_13340600,7,1.6080298,0.62025005,0.8158143907785416,1.2680812
USA_13340600,8,1.734955,0.65758765,0.8012831509113312,1.3171769
USA_13340600,9,1.8186405,0.67387456,0.7917042076587677,1.3485698
USA_13340600,10,1.8656749,0.6922731,0.7863268554210663,1.365897
