basin_id,horizon,MSE,MAE,NSE,RMSE
CA_15013,1,0.15399465,0.20616928,0.9387296102941036,0.3924215
CA_15013,2,0.26502725,0.26666608,0.8945514634251595,0.514808
CA_15013,3,0.36778423,0.32046437,0.8536667227745056,0.60645217
CA_15013,4,0.44948447,0.35224515,0.8211640864610672,0.670436
CA_15013,5,0.5162871,0.37724417,0.794592559337616,0.7185312
CA_15013,6,0.5912238,0.39921036,0.764789491891861,0.76891077
CA_15013,7,0.6741422,0.4235872,0.7318108379840851,0.8210616
CA_15013,8,0.75131845,0.44438568,0.701115220785141,0.8667863
CA_15013,9,0.8056369,0.46135157,0.6795102953910828,0.89757276
CA_15013,10,0.8431649,0.47053272,0.664581298828125,0.91824013
CA_15020,1,0.044250883,0.11643117,0.9786841571331024,0.21035893
CA_15020,2,0.08075517,0.1515929,0.9613692201673985,0.28417453
CA_15020,3,0.10558757,0.1777522,0.9498654492199421,0.3249424
CA_15020,4,0.12325668,0.2013351,0.941931989043951,0.35107931
CA_15020,5,0.14232038,0.22201078,0.933472216129303,0.37725374
CA_15020,6,0.15966943,0.23998642,0.9259335622191429,0.39958656
CA_15020,7,0.17717315,0.25450346,0.9184373617172241,0.42091942
CA_15020,8,0.20006661,0.27279574,0.908692367374897,0.44728807
CA_15020,9,0.22055234,0.28910828,0.9003762230277061,0.46963
CA_15020,10,0.24041888,0.3056944,0.892382062971592,0.49032527
CA_15022,1,0.077698484,0.17385173,0.973477266728878,0.2787445
CA_15022,2,0.11888207,0.2053069,0.9598051384091377,0.34479278
CA_15022,3,0.14484103,0.23337771,0.9514892585575581,0.38057986
CA_15022,4,0.1592726,0.24841522,0.9471677578985691,0.39908972
CA_15022,5,0.17180887,0.26082048,0.9435311704874039,0.41449833
CA_15022,6,0.18608974,0.2680864,0.9394312277436256,0.4313812
CA_15022,7,0.19914186,0.27544326,0.9358078762888908,0.44625312
CA_15022,8,0.21435106,0.28571093,0.9315293356776237,0.46298063
CA_15022,9,0.23318194,0.29719225,0.9262225925922394,0.48288915
CA_15022,10,0.25169107,0.3092014,0.9211149886250496,0.50168824
CA_15025,1,0.026676387,0.11675976,0.9655571840703487,0.16332908
CA_15025,2,0.042538058,0.13588057,0.9452653378248215,0.20624757
CA_15025,3,0.061369065,0.16170588,0.9213716238737106,0.24772781
CA_15025,4,0.079558186,0.18411648,0.8985765501856804,0.2820606
CA_15025,5,0.095788196,0.20329344,0.878609299659729,0.30949667
CA_15025,6,0.10872364,0.21673483,0.8630187064409256,0.3297327
CA_15025,7,0.12165959,0.22573905,0.8475740551948547,0.34879735
CA_15025,8,0.13349523,0.23337422,0.8342855423688889,0.36536998
CA_15025,9,0.14235687,0.23948637,0.8247476369142532,0.3773021
CA_15025,10,0.15066005,0.24543554,0.8159550130367279,0.38814953
CA_15039,1,0.027069723,0.08160991,0.9342830702662468,0.16452879
CA_15039,2,0.04523058,0.10416234,0.8901733979582787,0.21267483
CA_15039,3,0.060435962,0.1256848,0.8532247543334961,0.24583727
CA_15039,4,0.0726213,0.14157172,0.8235980272293091,0.2694834
CA_15039,5,0.08097213,0.15518326,0.8032761514186859,0.28455603
CA_15039,6,0.09053194,0.16631976,0.7800087630748749,0.30088526
CA_15039,7,0.09804047,0.17524444,0.7617181092500687,0.31311414
CA_15039,8,0.10402485,0.18103774,0.7471255958080292,0.32252884
CA_15039,9,0.10827958,0.18340963,0.7367329299449921,0.32905862
CA_15039,10,0.111953735,0.18496753,0.7277481853961945,0.33459488
CA_15040,1,0.06240643,0.11553873,0.9732845108956099,0.24981278
CA_15040,2,0.11817794,0.15466364,0.9494019225239754,0.34377018
CA_15040,3,0.16122626,0.18256143,0.9309614971280098,0.4015299
CA_15040,4,0.20489767,0.21453539,0.912250466644764,0.45265624
CA_15040,5,0.25012746,0.24227168,0.8928660377860069,0.50012743
CA_15040,6,0.28317082,0.26356795,0.8786987140774727,0.532138
CA_15040,7,0.3150297,0.2785162,0.8650355190038681,0.56127506
CA_15040,8,0.34466064,0.2911925,0.8523237258195877,0.58707803
CA_15040,9,0.36236262,0.29820064,0.8447228074073792,0.6019656
CA_15040,10,0.37118664,0.30459383,0.84092578291893,0.6092509
CA_15044,1,0.15878944,0.15377606,0.95937654748559,0.39848393
CA_15044,2,0.3161112,0.21229635,0.9191133379936218,0.5622377
CA_15044,3,0.44039136,0.2601227,0.8872912302613258,0.6636199
CA_15044,4,0.5539173,0.3025298,0.8582099676132202,0.7442562
CA_15044,5,0.65176505,0.33626807,0.8331356942653656,0.80731964
CA_15044,6,0.7402129,0.36461714,0.8104601204395294,0.8603563
CA_15044,7,0.7948026,0.38606682,0.7964482605457306,0.89151704
CA_15044,8,0.836325,0.4039653,0.7857789099216461,0.91450804
CA_15044,9,0.86833453,0.41848835,0.7775431126356125,0.9318447
CA_15044,10,0.8962446,0.42918667,0.7703549563884735,0.94670194
CA_15045,1,0.0767441,0.114760846,0.967279464006424,0.27702725
CA_15045,2,0.17072614,0.16478422,0.9272071570158005,0.4131902
CA_15045,3,0.21538463,0.20224889,0.9081632122397423,0.4640955
CA_15045,4,0.2667536,0.23827317,0.886256754398346,0.51648194
CA_15045,5,0.3103151,0.26836014,0.8676771223545074,0.55705935
CA_15045,6,0.36171135,0.29537326,0.8457550704479218,0.60142446
CA_15045,7,0.4139385,0.31892258,0.8234741687774658,0.6433805
CA_15045,8,0.46818542,0.34126878,0.8003278374671936,0.68424076
CA_15045,9,0.51065516,0.3600369,0.7822016775608063,0.7146014
CA_15045,10,0.54157233,0.37483987,0.769000768661499,0.73591596
CA_15069,1,0.007210152,0.058842022,0.9909561909735203,0.08491261
CA_15069,2,0.014515602,0.08038336,0.9817934762686491,0.12048071
CA_15069,3,0.02010744,0.09667845,0.9747806526720524,0.1418007
CA_15069,4,0.024986347,0.10912369,0.9686608575284481,0.1580707
CA_15069,5,0.029844895,0.11884039,0.9625663906335831,0.17275675
CA_15069,6,0.034368414,0.12676121,0.9568904563784599,0.1853872
CA_15069,7,0.03941628,0.13266872,0.9505562037229538,0.19853534
CA_15069,8,0.045815755,0.14127275,0.942525751888752,0.21404615
CA_15069,9,0.053549934,0.15194567,0.9328234940767288,0.23140858
CA_15069,10,0.06465793,0.16586255,0.9188889116048813,0.25427923
CA_15070,1,0.04615082,0.14391276,0.976142568513751,0.21482742
CA_15070,2,0.06549768,0.16651879,0.9659711830317974,0.25592515
CA_15070,3,0.09740619,0.20362079,0.9491374157369137,0.31209967
CA_15070,4,0.13263662,0.23874731,0.9302880614995956,0.3641931
CA_15070,5,0.1709816,0.26745203,0.9095418006181717,0.4134992
CA_15070,6,0.20978591,0.29173452,0.8882743194699287,0.4580239
CA_15070,7,0.25426394,0.31642893,0.8636788427829742,0.50424594
CA_15070,8,0.30212238,0.33873644,0.8369251191616058,0.5496566
CA_15070,9,0.34869215,0.3594473,0.8107892721891403,0.5905016
CA_15070,10,0.3843282,0.37860268,0.7905834466218948,0.61994207
CA_15081,1,0.026762055,0.09583992,0.9756170567125082,0.16359112
CA_15081,2,0.05071408,0.12596627,0.9537911377847195,0.22519787
CA_15081,3,0.060832974,0.14222518,0.9445671550929546,0.24664341
CA_15081,4,0.06912712,0.15718655,0.9370045214891434,0.26292038
CA_15081,5,0.08094699,0.17088483,0.9262272790074348,0.28451183
CA_15081,6,0.09401866,0.184532,0.9142993465065956,0.30662462
CA_15081,7,0.10673135,0.19765379,0.9026753082871437,0.32669765
CA_15081,8,0.121458665,0.21340027,0.8892334476113319,0.3485092
CA_15081,9,0.13746478,0.22665562,0.8746214807033539,0.37076244
CA_15081,10,0.14490631,0.2346194,0.8678182810544968,0.38066563
CA_15083,1,0.09406872,0.1960992,0.961637157946825,0.30670625
CA_15083,2,0.15337521,0.24130689,0.9374569952487946,0.39163148
CA_15083,3,0.19286957,0.27180153,0.9213596805930138,0.4391692
CA_15083,4,0.21860327,0.28989083,0.9108693301677704,0.46755028
CA_15083,5,0.2566618,0.3130701,0.8953544497489929,0.506618
CA_15083,6,0.28837445,0.33096722,0.8824276477098465,0.53700507
CA_15083,7,0.3206389,0.34675768,0.8692765235900879,0.56624985
CA_15083,8,0.3522148,0.3630071,0.8564076870679855,0.5934769
CA_15083,9,0.38372156,0.38049346,0.84356789290905,0.61945266
CA_15083,10,0.42053127,0.39831585,0.8285878896713257,0.6484838
CA_15090,1,0.17526117,0.25547078,0.9476263411343098,0.41864204
CA_15090,2,0.31356454,0.3320955,0.9063573926687241,0.55996835
CA_15090,3,0.4238138,0.38192275,0.8735143691301346,0.6510098
CA_15090,4,0.5388725,0.41934615,0.8392792493104935,0.73407936
CA_15090,5,0.65784657,0.46271333,0.8039211332798004,0.8110774
CA_15090,6,0.77826613,0.50310963,0.7681779116392136,0.8821939
CA_15090,7,0.87892497,0.52959204,0.7383629679679871,0.93750995
CA_15090,8,0.9600278,0.55518144,0.71440389752388,0.9798101
CA_15090,9,1.0152488,0.57265097,0.6981700658798218,1.0075955
CA_15090,10,1.0799097,0.6007876,0.6791405975818634,1.0391871
CA_15194,1,0.03829261,0.121581994,0.978479927405715,0.19568497
CA_15194,2,0.0718941,0.15321071,0.9596012569963932,0.26813075
CA_15194,3,0.10092855,0.18071479,0.943293284624815,0.31769255
CA_15194,4,0.12792207,0.20220312,0.9281359314918518,0.35766196
CA_15194,5,0.15475348,0.21946846,0.9130752757191658,0.3933872
CA_15194,6,0.17988473,0.23485349,0.8989787474274635,0.4241282
CA_15194,7,0.20163107,0.24476168,0.8867882490158081,0.44903347
CA_15194,8,0.22351503,0.25587317,0.8745225667953491,0.47277376
CA_15194,9,0.23969314,0.26464787,0.8654637336730957,0.48958465
CA_15194,10,0.24631174,0.27023107,0.8617727011442184,0.49629804
CA_15214,1,0.025885332,0.09599749,0.9834041576832533,0.1608892
CA_15214,2,0.040473245,0.116443776,0.9740508571267128,0.20117964
CA_15214,3,0.052580427,0.13874315,0.9662876836955547,0.22930422
CA_15214,4,0.068448715,0.15678595,0.956112664192915,0.26162705
CA_15214,5,0.08319487,0.17094642,0.9466566927731037,0.2884352
CA_15214,6,0.099177316,0.1860947,0.936407595872879,0.3149243
CA_15214,7,0.116900735,0.20291981,0.9250400587916374,0.3419075
CA_15214,8,0.13259217,0.21365036,0.91497453302145,0.36413208
CA_15214,9,0.14504813,0.22369038,0.9069829806685448,0.38085184
CA_15214,10,0.15512936,0.23379947,0.900513656437397,0.39386463
CA_15216,1,0.063000046,0.13016067,0.9693419206887484,0.2509981
CA_15216,2,0.116816014,0.16985065,0.9432070069015026,0.34178358
CA_15216,3,0.16168156,0.20758373,0.9214685186743736,0.40209645
CA_15216,4,0.20677307,0.2374071,0.8996607959270477,0.45472306
CA_15216,5,0.24134633,0.25922295,0.882980227470398,0.49127012
CA_15216,6,0.25311917,0.26638922,0.8772996217012405,0.5031095
CA_15216,7,0.25560415,0.26531303,0.8760258629918098,0.5055731
CA_15216,8,0.26163474,0.26746795,0.8730112165212631,0.51150244
CA_15216,9,0.2804053,0.2782696,0.8637808710336685,0.5295331
CA_15216,10,0.31238398,0.29925844,0.848009392619133,0.55891323
CA_15259,1,0.007717722,0.057336096,0.9330306649208069,0.08785056
CA_15259,2,0.013422594,0.074915975,0.8837175965309143,0.11585592
CA_15259,3,0.01864078,0.08899009,0.8387735486030579,0.13653125
CA_15259,4,0.023737488,0.09937037,0.7948980182409286,0.15406975
CA_15259,5,0.027496362,0.107470185,0.7627186924219131,0.16582027
CA_15259,6,0.031146528,0.11433006,0.731428474187851,0.1764838
CA_15259,7,0.034509297,0.120164774,0.7027799487113953,0.18576679
CA_15259,8,0.038409535,0.12753536,0.6697071194648743,0.1959835
CA_15259,9,0.041799903,0.13285537,0.6409575939178467,0.20445025
CA_15259,10,0.044901785,0.13759524,0.6147298514842987,0.21190041
CA_15283,1,0.027645204,0.101110145,0.9828826133161783,0.16626847
CA_15283,2,0.043004137,0.117110215,0.97337356954813,0.2073744
CA_15283,3,0.065920085,0.14485951,0.9591863416135311,0.25674906
CA_15283,4,0.0939647,0.1726741,0.9418248571455479,0.3065366
CA_15283,5,0.1207711,0.19221279,0.9252276718616486,0.34752136
CA_15283,6,0.1465755,0.21033512,0.9092546701431274,0.38285178
CA_15283,7,0.16730946,0.22090334,0.896416999399662,0.4090348
CA_15283,8,0.18677463,0.2275917,0.884364552795887,0.4321743
CA_15283,9,0.20321877,0.23502636,0.8741910010576248,0.45079792
CA_15283,10,0.22148076,0.24322309,0.8628869652748108,0.4706174
CA_15285,1,0.01113175,0.06478803,0.9829007405787706,0.10550711
CA_15285,2,0.015022993,0.070719056,0.9769218489527702,0.12256832
CA_15285,3,0.019920582,0.08115153,0.9693960659205914,0.1411403
CA_15285,4,0.025270933,0.090744965,0.9611735939979553,0.15896834
CA_15285,5,0.03068991,0.09917112,0.9528445154428482,0.17518535
CA_15285,6,0.03597465,0.104677446,0.9447205252945423,0.18966985
CA_15285,7,0.041203626,0.109631404,0.9366844072937965,0.20298676
CA_15285,8,0.046080086,0.11391691,0.9291897192597389,0.21466273
CA_15285,9,0.051126234,0.11878011,0.9214339777827263,0.22611111
CA_15285,10,0.056994747,0.12564099,0.9124142229557037,0.23873572
CA_15287,1,0.0060195797,0.04813641,0.9823665302246809,0.07758595
CA_15287,2,0.010769301,0.05791346,0.9684529229998589,0.10377524
CA_15287,3,0.016299138,0.070823,0.9522540792822838,0.12766808
CA_15287,4,0.02212615,0.081990615,0.9351847097277641,0.1487486
CA_15287,5,0.027882403,0.09080841,0.9183226227760315,0.16698025
CA_15287,6,0.033475623,0.097469494,0.9019381031394005,0.18296345
CA_15287,7,0.0388689,0.10350607,0.8861392885446548,0.19715197
CA_15287,8,0.044111185,0.10909753,0.8707827776670456,0.21002662
CA_15287,9,0.049052928,0.11376269,0.8563066869974136,0.22147895
CA_15287,10,0.054274295,0.11953002,0.8410114645957947,0.23296843
CA_16055,1,0.018842218,0.07603706,0.9637515433132648,0.13726696
CA_16055,2,0.03871058,0.103760235,0.925509549677372,0.19675004
CA_16055,3,0.06577175,0.13831936,0.8734079450368881,0.25646004
CA_16055,4,0.09069908,0.16708876,0.8253947496414185,0.30116287
CA_16055,5,0.11008056,0.18853848,0.7880507856607437,0.33178392
CA_16055,6,0.12743773,0.20499712,0.7546206116676331,0.3569842
CA_16055,7,0.1411807,0.21548453,0.7281346023082733,0.3757402
CA_16055,8,0.15537563,0.22590004,0.7007660865783691,0.39417717
CA_16055,9,0.1663656,0.2330074,0.6795649528503418,0.40787938
CA_16055,10,0.1712611,0.2385291,0.6701050698757172,0.41383705
CA_16068,1,0.013430856,0.06375106,0.9623125120997429,0.11589157
CA_16068,2,0.030333146,0.08848879,0.9131745994091034,0.17416413
CA_16068,3,0.047887117,0.11348601,0.8600134402513504,0.21883126
CA_16068,4,0.062202472,0.13774602,0.8142014443874359,0.24940424
CA_16068,5,0.07453315,0.15508348,0.7742214947938919,0.2730076
CA_16068,6,0.087775506,0.1701317,0.7315395474433899,0.29626933
CA_16068,7,0.098518424,0.18190917,0.6978458166122437,0.31387645
CA_16068,8,0.10723624,0.19127068,0.6707550883293152,0.32746944
CA_16068,9,0.113847144,0.19714397,0.6500661671161652,0.33741242
CA_16068,10,0.11615697,0.2012553,0.6418212056159973,0.3408181
CA_16070,1,0.0155425975,0.07190761,0.9751482866704464,0.124669954
CA_16070,2,0.03507114,0.10154544,0.943988136947155,0.18727289
CA_16070,3,0.06170465,0.13611265,0.901573047041893,0.2484042
CA_16070,4,0.08754955,0.16432647,0.860513836145401,0.29588774
CA_16070,5,0.11034314,0.18551154,0.8243793994188309,0.3321794
CA_16070,6,0.1290321,0.20041105,0.794808879494667,0.3592104
CA_16070,7,0.14455797,0.21171203,0.7703580409288406,0.3802078
CA_16070,8,0.15598418,0.2190965,0.7524593323469162,0.39494833
CA_16070,9,0.16386102,0.22436737,0.7401520609855652,0.4047975
CA_16070,10,0.16684367,0.2271143,0.735474705696106,0.40846503
CA_16101,1,0.0037520435,0.044863362,0.9769785031676292,0.061253928
CA_16101,2,0.005626734,0.05286121,0.9654975607991219,0.07501156
CA_16101,3,0.008757777,0.06495661,0.9463320262730122,0.093582995
CA_16101,4,0.01242573,0.07645825,0.9239071756601334,0.11147076
CA_16101,5,0.015916739,0.084803,0.902600884437561,0.12616156
CA_16101,6,0.018891621,0.09077862,0.8844762742519379,0.13744679
CA_16101,7,0.020899283,0.09439588,0.8722871541976929,0.14456584
CA_16101,8,0.022377368,0.097834215,0.8633486926555634,0.14959067
CA_16101,9,0.023732131,0.10112106,0.8551750481128693,0.15405236
CA_16101,10,0.025089135,0.10463928,0.8470065146684647,0.1583955
CA_16105,1,0.009101287,0.063700624,0.9777275659143925,0.09540067
CA_16105,2,0.018252248,0.07396515,0.9553000405430794,0.13510089
CA_16105,3,0.028662605,0.086142145,0.9297521933913231,0.16930035
CA_16105,4,0.038772292,0.09824617,0.9049033373594284,0.1969068
CA_16105,5,0.04847629,0.10839946,0.8810127899050713,0.22017331
CA_16105,6,0.057241455,0.11643935,0.8593922853469849,0.23925187
CA_16105,7,0.064901024,0.12400232,0.8404569327831268,0.2547568
CA_16105,8,0.072058074,0.13040848,0.8227291703224182,0.26843634
CA_16105,9,0.079132095,0.13595052,0.8051788806915283,0.28130427
CA_16105,10,0.08694844,0.14397259,0.7857729345560074,0.2948702
CA_16134,1,0.047844175,0.10214346,0.9592253677546978,0.21873312
CA_16134,2,0.097339064,0.13232306,0.9170386046171188,0.31199208
CA_16134,3,0.13113552,0.16231583,0.8882269561290741,0.36212638
CA_16134,4,0.16922303,0.18921842,0.8557594865560532,0.41136727
CA_16134,5,0.2048549,0.21055576,0.8253826051950455,0.452609
CA_16134,6,0.22677863,0.22451839,0.8066824972629547,0.4762128
CA_16134,7,0.2389309,0.23106636,0.7963102161884308,0.4888056
CA_16134,8,0.24795786,0.2348801,0.7885937094688416,0.49795365
CA_16134,9,0.25403246,0.23871034,0.7834006100893021,0.50401634
CA_16134,10,0.26470116,0.24561736,0.7742894887924194,0.51449114
CA_16135,1,0.07042568,0.12838276,0.9627630859613419,0.2653784
CA_16135,2,0.14675628,0.16829991,0.9224075451493263,0.3830878
CA_16135,3,0.2255408,0.2068083,0.8807685598731041,0.47491136
CA_16135,4,0.29797783,0.23593369,0.8424926847219467,0.54587346
CA_16135,5,0.37245587,0.26599723,0.8031504303216934,0.6102916
CA_16135,6,0.44011927,0.2935015,0.7674153447151184,0.66341484
CA_16135,7,0.4861112,0.31526813,0.7431395053863525,0.69721675
CA_16135,8,0.52470964,0.33143675,0.7227692604064941,0.72436845
CA_16135,9,0.5587067,0.3451261,0.7048335671424866,0.74746686
CA_16135,10,0.59853697,0.3611726,0.6838197410106659,0.7736517
CA_16136,1,0.0025662526,0.03484749,0.9817983713001013,0.050658192
CA_16136,2,0.004355684,0.037538704,0.9690946880728006,0.06599761
CA_16136,3,0.0067643137,0.04681193,0.9519861452281475,0.08224545
CA_16136,4,0.009248339,0.055572234,0.9343291446566582,0.09616828
CA_16136,5,0.01150494,0.061566006,0.9182697162032127,0.107261084
CA_16136,6,0.013651246,0.066424064,0.9029801189899445,0.116838545
CA_16136,7,0.015705269,0.070322946,0.8883332684636116,0.12532066
CA_16136,8,0.017794209,0.0740451,0.8734252154827118,0.13339494
CA_16136,9,0.019831855,0.07835554,0.8588691353797913,0.14082561
CA_16136,10,0.021460187,0.082308866,0.8472143709659576,0.14649296
CA_16151,1,0.07678922,0.16097526,0.9706926830112934,0.27710867
CA_16151,2,0.12074595,0.19631296,0.953905962407589,0.34748518
CA_16151,3,0.17968616,0.23719092,0.931402899324894,0.42389405
CA_16151,4,0.24262083,0.26862907,0.9073829501867294,0.49256554
CA_16151,5,0.29768407,0.2977536,0.8863890841603279,0.54560435
CA_16151,6,0.33920997,0.3181569,0.8705726712942123,0.58241737
CA_16151,7,0.38737422,0.3377627,0.8522270023822784,0.62239397
CA_16151,8,0.40931323,0.3475946,0.8438829034566879,0.63977593
CA_16151,9,0.43325347,0.3577672,0.834778293967247,0.65821993
CA_16151,10,0.45237195,0.36894366,0.8275208622217178,0.672586
CA_16153,1,0.004119336,0.046513055,0.9692000113427639,0.06418206
CA_16153,2,0.0061758007,0.054226037,0.9537927620112896,0.078586265
CA_16153,3,0.007588575,0.06044412,0.9431839846074581,0.08711243
CA_16153,4,0.009375934,0.06715132,0.9297543838620186,0.09682941
CA_16153,5,0.011781208,0.07551984,0.9116739109158516,0.10854127
CA_16153,6,0.014232375,0.08276969,0.8932256549596786,0.119299516
CA_16153,7,0.016862385,0.08815833,0.8734100461006165,0.12985525
CA_16153,8,0.020166764,0.09406852,0.8485017865896225,0.14200974
CA_16153,9,0.022657584,0.09782359,0.8296758234500885,0.15052436
CA_16153,10,0.02358913,0.09958953,0.8225539326667786,0.15358754
CA_16158,1,0.043496642,0.11063593,0.9690151829272509,0.20855848
CA_16158,2,0.089512326,0.1503423,0.9362262859940529,0.2991861
CA_16158,3,0.13497174,0.18664244,0.9038238450884819,0.367385
CA_16158,4,0.17794575,0.21740131,0.873182862997055,0.42183617
CA_16158,5,0.21431865,0.23604175,0.847237765789032,0.4629456
CA_16158,6,0.24743125,0.25319666,0.823609009385109,0.4974246
CA_16158,7,0.27409673,0.2637296,0.8045698702335358,0.52354246
CA_16158,8,0.29790694,0.2762019,0.7875610440969467,0.5458085
CA_16158,9,0.31716415,0.28788903,0.7737943232059479,0.5631733
CA_16158,10,0.3319542,0.2966944,0.7632099837064743,0.57615465
CA_16159,1,0.0018963538,0.025390567,0.9070161804556847,0.043547146
CA_16159,2,0.0035240261,0.033853162,0.8272329717874527,0.059363507
CA_16159,3,0.0049901907,0.0412742,0.7553908675909042,0.07064128
CA_16159,4,0.006522285,0.04773768,0.6803393959999084,0.080760665
CA_16159,5,0.007820351,0.052934263,0.6167788207530975,0.08843275
CA_16159,6,0.008943274,0.05647273,0.5617785155773163,0.094568886
CA_16159,7,0.009931861,0.058590755,0.5133667886257172,0.09965873
CA_16159,8,0.010706402,0.06033715,0.4754478931427002,0.10347175
CA_16159,9,0.011348927,0.061842203,0.44400131702423096,0.106531344
CA_16159,10,0.011879886,0.063404076,0.418023943901062,0.10899489
CA_16160,1,0.024537642,0.08807618,0.975412156432867,0.15664496
CA_16160,2,0.05223646,0.120785415,0.9476501531898975,0.22855297
CA_16160,3,0.078535475,0.14991483,0.9212880507111549,0.28024182
CA_16160,4,0.10143247,0.17206486,0.8983335867524147,0.31848466
CA_16160,5,0.122315764,0.19104767,0.8773891776800156,0.34973672
CA_16160,6,0.14193591,0.20704055,0.85771743953228,0.37674382
CA_16160,7,0.15937722,0.22116913,0.8402213305234909,0.39922076
CA_16160,8,0.17643408,0.2347281,0.8231106251478195,0.42004058
CA_16160,9,0.19201803,0.24425238,0.8074653595685959,0.43819863
CA_16160,10,0.2038481,0.25012243,0.7955940067768097,0.4514954
CA_16161,1,0.03340066,0.10142644,0.9710332099348307,0.18275847
CA_16161,2,0.058419835,0.1278122,0.9493317604064941,0.24170196
CA_16161,3,0.086929776,0.1564806,0.9246047362685204,0.29483855
CA_16161,4,0.11333912,0.18051057,0.9016995877027512,0.33665875
CA_16161,5,0.13765372,0.1976176,0.8806112259626389,0.37101716
CA_16161,6,0.16141838,0.21189368,0.8599998652935028,0.40176907
CA_16161,7,0.18139948,0.22230583,0.8426699787378311,0.42591017
CA_16161,8,0.19736746,0.23228803,0.8288207501173019,0.44426057
CA_16161,9,0.21203727,0.24376836,0.8160974532365799,0.46047506
CA_16161,10,0.22795162,0.25729573,0.8022947311401367,0.4774428
CA_16176,1,0.025794549,0.100594565,0.985681333579123,0.16060682
CA_16176,2,0.048487455,0.12290956,0.9730823300778866,0.22019868
CA_16176,3,0.08216273,0.1563238,0.9543840810656548,0.2866404
CA_16176,4,0.12350967,0.18735912,0.9314233884215355,0.35143942
CA_16176,5,0.16670302,0.2124988,0.9074338898062706,0.4082928
CA_16176,6,0.20936939,0.23568764,0.8837333247065544,0.457569
CA_16176,7,0.248058,0.2540338,0.862238198518753,0.4980542
CA_16176,8,0.28202584,0.26872268,0.8433616906404495,0.53106105
CA_16176,9,0.31246707,0.28265375,0.8264411240816116,0.55898756
CA_16176,10,0.34389317,0.29968905,0.8089708685874939,0.58642405
CA_17050,1,0.010113885,0.058029953,0.9686793461441994,0.10056781
CA_17050,2,0.016017864,0.06782041,0.9503959193825722,0.1265617
CA_17050,3,0.025394611,0.08337177,0.9213525503873825,0.15935686
CA_17050,4,0.03648929,0.09995864,0.8869843035936356,0.1910217
CA_17050,5,0.04659919,0.11415987,0.8556615561246872,0.21586846
CA_17050,6,0.05535083,0.12473365,0.8285377323627472,0.23526756
CA_17050,7,0.061891645,0.13097017,0.8082579374313354,0.24878031
CA_17050,8,0.06749535,0.13447747,0.7908879071474075,0.25979868
CA_17050,9,0.07342463,0.1392934,0.7724922299385071,0.2709698
CA_17050,10,0.07982525,0.14432652,0.7526256889104843,0.28253362
CA_17077,1,0.3458579,0.2728862,0.9006095007061958,0.58809686
CA_17077,2,0.5521408,0.3568406,0.8413461148738861,0.7430618
CA_17077,3,0.65141743,0.41022673,0.8128360360860825,0.80710435
CA_17077,4,0.8247232,0.458818,0.7630654573440552,0.9081427
CA_17077,5,0.9230287,0.49006486,0.7348501980304718,0.96074384
CA_17077,6,0.99838555,0.5181389,0.713227778673172,0.9991925
CA_17077,7,1.050781,0.54195535,0.6982085406780243,1.0250762
CA_17077,8,1.0852269,0.56394416,0.6883365511894226,1.0417422
CA_17077,9,1.110918,0.5808157,0.6809727251529694,1.054001
CA_17077,10,1.1698757,0.6013949,0.6640513837337494,1.0816079
CA_17100,1,0.013530382,0.06498281,0.9694423992186785,0.11632017
CA_17100,2,0.029686896,0.08952745,0.9329391270875931,0.17229886
CA_17100,3,0.047885176,0.11247446,0.8917991295456886,0.21882682
CA_17100,4,0.06619261,0.13233247,0.8503850996494293,0.25727925
CA_17100,5,0.08230318,0.14716268,0.8139167428016663,0.28688532
CA_17100,6,0.0942443,0.15761796,0.7868504673242569,0.30699235
CA_17100,7,0.10207815,0.16364321,0.7690591365098953,0.31949672
CA_17100,8,0.107179426,0.16720517,0.7574579268693924,0.32738268
CA_17100,9,0.112388015,0.17006196,0.7455959916114807,0.33524323
CA_17100,10,0.11869144,0.17379926,0.7312347590923309,0.34451625
CA_17137,1,0.07627169,0.15907472,0.9136565253138542,0.2761733
CA_17137,2,0.09780359,0.18666422,0.8892793878912926,0.31273565
CA_17137,3,0.12300659,0.210577,0.8607502281665802,0.35072294
CA_17137,4,0.14540371,0.23552471,0.8354012370109558,0.3813184
CA_17137,5,0.17328604,0.2566408,0.803828239440918,0.4162764
CA_17137,6,0.19886382,0.27301386,0.7748496234416962,0.4459415
CA_17137,7,0.21700087,0.28832057,0.7542862892150879,0.46583351
CA_17137,8,0.23685348,0.30190876,0.7317663729190826,0.48667595
CA_17137,9,0.2595623,0.3191806,0.7059856057167053,0.5094726
CA_17137,10,0.27364045,0.32989433,0.689938098192215,0.5231065
CA_17150,1,0.24513541,0.25905854,0.9351268410682678,0.49511153
CA_17150,2,0.28420573,0.28806064,0.9248004406690598,0.5331095
CA_17150,3,0.31180495,0.31845218,0.9175057336688042,0.55839497
CA_17150,4,0.35932416,0.34787717,0.9049426838755608,0.5994365
CA_17150,5,0.42470518,0.38098523,0.8876528814435005,0.65169406
CA_17150,6,0.489368,0.41642502,0.870540514588356,0.6995484
CA_17150,7,0.5469905,0.44155538,0.8552847355604172,0.7395881
CA_17150,8,0.5787144,0.4567513,0.846867561340332,0.76073277
CA_17150,9,0.6102867,0.46934217,0.8384878188371658,0.7812085
CA_17150,10,0.6361899,0.48333687,0.8316245079040527,0.7976151
CA_17288,1,0.018398076,0.09476461,0.9787821937352419,0.1356395
CA_17288,2,0.020384321,0.09280801,0.9764483906328678,0.14277367
CA_17288,3,0.026947932,0.10554219,0.9688085056841373,0.16415825
CA_17288,4,0.03562858,0.12205228,0.9586597681045532,0.18875535
CA_17288,5,0.045359742,0.13719508,0.9472427256405354,0.21297827
CA_17288,6,0.054898355,0.14877613,0.9359978064894676,0.23430398
CA_17288,7,0.06363013,0.15519615,0.9256593659520149,0.25225013
CA_17288,8,0.070098184,0.15706925,0.9179298803210258,0.2647606
CA_17288,9,0.07546967,0.16042365,0.9113740548491478,0.27471745
CA_17288,10,0.07871946,0.16400862,0.9072299599647522,0.28056988
CA_17325,1,0.06914802,0.12776664,0.9755690973252058,0.2629601
CA_17325,2,0.068933204,0.13243516,0.9756378959864378,0.26255134
CA_17325,3,0.07959608,0.1449802,0.9718609545379877,0.28212777
CA_17325,4,0.0895567,0.16038914,0.9683302342891693,0.29926026
CA_17325,5,0.1100014,0.1804584,0.9610890559852123,0.3316646
CA_17325,6,0.12728702,0.19695291,0.9549616873264313,0.35677305
CA_17325,7,0.13935162,0.20833895,0.9506789706647396,0.3732983
CA_17325,8,0.14755614,0.21699877,0.9477610364556313,0.38413036
CA_17325,9,0.15728708,0.22620304,0.9443013034760952,0.39659435
CA_17325,10,0.17758094,0.23649916,0.9370978251099586,0.42140353
CA_17338,1,0.039707698,0.089252025,0.9114660769701004,0.19926791
CA_17338,2,0.040757317,0.095572,0.9091168493032455,0.20188442
CA_17338,3,0.04402965,0.10183635,0.9018103331327438,0.20983243
CA_17338,4,0.04633287,0.10716829,0.8966637849807739,0.21525072
CA_17338,5,0.04875036,0.11117819,0.8912613391876221,0.22079484
CA_17338,6,0.05176691,0.116794296,0.8845214694738388,0.22752343
CA_17338,7,0.05496864,0.12163909,0.8773761540651321,0.23445392
CA_17338,8,0.057728115,0.12786266,0.8712170571088791,0.24026676
CA_17338,9,0.06059903,0.13461615,0.8648090660572052,0.2461687
CA_17338,10,0.063238055,0.1391856,0.8589180707931519,0.2514718
CA_17462,1,0.0019063393,0.021954041,0.9389706179499626,0.043661647
CA_17462,2,0.004404629,0.028135076,0.859219878911972,0.06636738
CA_17462,3,0.006621671,0.0353793,0.7887024283409119,0.08137365
CA_17462,4,0.008609156,0.042410824,0.7257425487041473,0.09278554
CA_17462,5,0.0104335295,0.04780839,0.6681609451770782,0.10214465
CA_17462,6,0.01214342,0.05224392,0.6143996715545654,0.11019719
CA_17462,7,0.013780064,0.05652049,0.5631328821182251,0.11738852
CA_17462,8,0.015341368,0.06023667,0.5144144892692566,0.12386028
CA_17462,9,0.016737523,0.06340401,0.4710703492164612,0.12937358
CA_17462,10,0.017801823,0.0664498,0.4383341073989868,0.13342348
CH_2009,1,0.3137062,0.38454837,0.8973754048347473,0.56009483
CH_2009,2,0.5255065,0.52280474,0.8281776905059814,0.72491825
CH_2009,3,0.62301517,0.5582821,0.7963094711303711,0.7893131
CH_2009,4,0.71914953,0.60576093,0.765117734670639,0.8480269
CH_2009,5,0.8059083,0.6450514,0.7370975613594055,0.897724
CH_2009,6,0.8212514,0.6395229,0.7323891520500183,0.9062292
CH_2009,7,0.82194734,0.63532937,0.7323897182941437,0.9066131
CH_2009,8,0.89913386,0.676619,0.7075589895248413,0.9482267
CH_2009,9,0.97419804,0.7044306,0.6833371520042419,0.9870147
CH_2009,10,1.0256637,0.72579324,0.6668192744255066,1.0127506
CH_2011,1,0.27600375,0.29728487,0.9390247650444508,0.5253606
CH_2011,2,0.39741635,0.38163954,0.9122045859694481,0.63040966
CH_2011,3,0.49798146,0.43160006,0.8899827003479004,0.705678
CH_2011,4,0.60727906,0.4879167,0.865874245762825,0.77928114
CH_2011,5,0.6982132,0.5207359,0.8458305448293686,0.83559155
CH_2011,6,0.75391287,0.53589904,0.8335794359445572,0.86828154
CH_2011,7,0.7800911,0.5487651,0.827818363904953,0.88322765
CH_2011,8,0.84118265,0.5818981,0.8143456727266312,0.9171601
CH_2011,9,0.8837038,0.6003704,0.804931253194809,0.94005525
CH_2011,10,0.9282144,0.612238,0.7950752824544907,0.9634388
CH_2016,1,0.06348187,0.17728573,0.8961587250232697,0.25195608
CH_2016,2,0.14872259,0.2755696,0.7565504759550095,0.3856457
CH_2016,3,0.23520845,0.3551561,0.6152207851409912,0.48498294
CH_2016,4,0.31412625,0.41928643,0.48646092414855957,0.5604697
CH_2016,5,0.37792453,0.4672357,0.38221538066864014,0.6147557
CH_2016,6,0.42659,0.5003277,0.3026629686355591,0.6531386
CH_2016,7,0.4627865,0.5252094,0.24351662397384644,0.68028414
CH_2016,8,0.49122655,0.544691,0.19664347171783447,0.7008756
CH_2016,9,0.51467955,0.56069607,0.15684819221496582,0.7174117
CH_2016,10,0.52838826,0.57106483,0.1299540400505066,0.7269032
CH_2018,1,0.26408127,0.30194324,0.8913864195346832,0.51388836
CH_2018,2,0.4076611,0.40398872,0.8323524594306946,0.63848346
CH_2018,3,0.55509835,0.49547,0.7716155648231506,0.74504924
CH_2018,4,0.7120037,0.5830661,0.7069418728351593,0.8438031
CH_2018,5,0.8488561,0.64623576,0.6504771113395691,0.92133385
CH_2018,6,0.95728123,0.69810814,0.6056976616382599,0.9784075
CH_2018,7,1.0501508,0.7423696,0.5672802031040192,1.0247686
CH_2018,8,1.1336484,0.7841583,0.5329045057296753,1.0647292
CH_2018,9,1.2100029,0.8202935,0.501538872718811,1.1000013
CH_2018,10,1.2809079,0.8484888,0.4722104072570801,1.131772
CH_2019,1,2.267954,0.9716382,0.8178043514490128,1.5059729
CH_2019,2,3.401606,1.2243419,0.7266378402709961,1.8443444
CH_2019,3,3.6682,1.2770875,0.7050507962703705,1.9152546
CH_2019,4,3.8150935,1.3245664,0.6931620240211487,1.9532264
CH_2019,5,3.973143,1.3699276,0.6804523766040802,1.9932745
CH_2019,6,3.8446739,1.3277142,0.6908043324947357,1.960784
CH_2019,7,3.7671814,1.3100842,0.6969402730464935,1.9409229
CH_2019,8,4.2063594,1.408837,0.6618300378322601,2.050941
CH_2019,9,4.391176,1.4463418,0.6471351683139801,2.0955133
CH_2019,10,4.3563538,1.4439856,0.650073230266571,2.087188
CH_2020,1,3.7857559,0.70785344,0.6279763281345367,1.945702
CH_2020,2,6.3404226,0.9205863,0.37664586305618286,2.5180197
CH_2020,3,7.2823143,0.97191495,0.28377872705459595,2.6985765
CH_2020,4,7.842389,1.0629408,0.2287725806236267,2.8004265
CH_2020,5,8.182455,1.1319425,0.19545459747314453,2.8604991
CH_2020,6,8.425845,1.1601124,0.17170953750610352,2.9027307
CH_2020,7,8.543919,1.1721194,0.1601163148880005,2.9229982
CH_2020,8,8.713661,1.2288383,0.143327534198761,2.9518912
CH_2020,9,8.899182,1.2527674,0.12483465671539307,2.9831498
CH_2020,10,9.102867,1.274076,0.10447990894317627,3.0170958
CH_2024,1,0.4351472,0.4511632,0.9068066775798798,0.6596569
CH_2024,2,0.6922092,0.6000703,0.8518027812242508,0.8319911
CH_2024,3,0.8309016,0.64419687,0.8221563249826431,0.91153806
CH_2024,4,0.9775197,0.7063866,0.7909602075815201,0.988696
CH_2024,5,1.113884,0.75063556,0.762031614780426,1.055407
CH_2024,6,1.1614311,0.75395274,0.7520750164985657,1.0776972
CH_2024,7,1.1821463,0.75245154,0.7477931380271912,1.0872655
CH_2024,8,1.3154318,0.80539066,0.7195517718791962,1.1469227
CH_2024,9,1.4217612,0.8390496,0.6969209015369415,1.1923763
CH_2024,10,1.4955094,0.8650392,0.6812122464179993,1.2229102
CH_2033,1,2.5747197,0.66554165,0.7315979301929474,1.6045933
CH_2033,2,4.021373,0.85219157,0.5809990763664246,2.005336
CH_2033,3,4.574089,0.9369275,0.5235024392604828,2.138712
CH_2033,4,4.9582787,1.0312313,0.48373305797576904,2.2267191
CH_2033,5,5.2003603,1.0916817,0.45884037017822266,2.2804298
CH_2033,6,5.413497,1.1212862,0.4370402693748474,2.3266923
CH_2033,7,5.541437,1.1381273,0.4240140914916992,2.3540258
CH_2033,8,5.6752,1.1752776,0.4102402329444885,2.3822677
CH_2033,9,5.805554,1.191274,0.3969499468803406,2.4094718
CH_2033,10,5.9076405,1.2034922,0.3865659236907959,2.430564
CH_2034,1,0.5397883,0.29727188,0.7024125456809998,0.7347029
CH_2034,2,1.0114454,0.46470445,0.4423908591270447,1.0057064
CH_2034,3,1.1770362,0.5338959,0.3530322313308716,1.084913
CH_2034,4,1.3029124,0.5806599,0.2850716710090637,1.1414518
CH_2034,5,1.3913116,0.6164623,0.23688459396362305,1.1795387
CH_2034,6,1.4433976,0.6401999,0.2084072232246399,1.2014148
CH_2034,7,1.5050461,0.65892327,0.17477929592132568,1.2268032
CH_2034,8,1.5382954,0.67271,0.15619397163391113,1.2402804
CH_2034,9,1.561269,0.6803913,0.13790851831436157,1.2495075
CH_2034,10,1.5548526,0.6845903,0.13608205318450928,1.2469373
CH_2044,1,1.3511631,0.4585078,0.6867226362228394,1.1623955
CH_2044,2,3.0529487,0.75281435,0.29261505603790283,1.7472689
CH_2044,3,3.802948,0.90754443,0.1238136887550354,1.9501148
CH_2044,4,4.138088,0.97923523,0.05296432971954346,2.034229
CH_2044,5,4.2902975,1.0265206,0.019241929054260254,2.0713034
CH_2044,6,4.3949184,1.0640333,-0.004620790481567383,2.096406
CH_2044,7,4.4899,1.0923835,-0.02646923065185547,2.1189384
CH_2044,8,4.4630494,1.1030073,-0.027908802032470703,2.112593
CH_2044,9,4.4465284,1.1161354,-0.03057229518890381,2.1086793
CH_2044,10,4.4071035,1.1302575,-0.028488874435424805,2.0993102
CH_2053,1,0.053407546,0.14276479,0.9333650693297386,0.23110072
CH_2053,2,0.08146989,0.1854735,0.89836335927248,0.28542933
CH_2053,3,0.09697637,0.20354752,0.8790109381079674,0.31141028
CH_2053,4,0.11752353,0.22785653,0.8534542620182037,0.34281704
CH_2053,5,0.13389583,0.24493706,0.8331471681594849,0.3659178
CH_2053,6,0.14179589,0.24816285,0.8234186470508575,0.37655795
CH_2053,7,0.14574347,0.24920194,0.8186280280351639,0.38176364
CH_2053,8,0.1589102,0.26859444,0.8023973405361176,0.39863542
CH_2053,9,0.16974431,0.27947235,0.788994699716568,0.4120004
CH_2053,10,0.17947294,0.28630745,0.7769537419080734,0.42364246
CH_2056,1,1.9132698,0.55128086,0.8505634516477585,1.38321
CH_2056,2,3.2683346,0.7638525,0.7446931600570679,1.8078536
CH_2056,3,3.8483758,0.8757289,0.6993420422077179,1.9617277
CH_2056,4,4.2471895,0.9706082,0.6681692898273468,2.0608711
CH_2056,5,4.4730687,1.0214667,0.6505128443241119,2.114963
CH_2056,6,4.530873,1.0395207,0.6459888815879822,2.1285846
CH_2056,7,4.647142,1.0558431,0.6369073987007141,2.155723
CH_2056,8,4.7685623,1.0846186,0.6275335848331451,2.183704
CH_2056,9,4.8439603,1.110957,0.6217590272426605,2.2008998
CH_2056,10,4.9446616,1.1307279,0.6139761507511139,2.2236595
CH_2063,1,0.07457793,0.1891149,0.8993367627263069,0.2730896
CH_2063,2,0.17021368,0.2903547,0.770073726773262,0.4125696
CH_2063,3,0.27213886,0.37542298,0.632527232170105,0.5216693
CH_2063,4,0.36561853,0.44436064,0.5064961016178131,0.60466397
CH_2063,5,0.44315386,0.4985796,0.401830792427063,0.66569805
CH_2063,6,0.5037764,0.5377288,0.3199789524078369,0.70977205
CH_2063,7,0.55190754,0.56715035,0.25501108169555664,0.7429048
CH_2063,8,0.58970064,0.59116787,0.2036799192428589,0.76791966
CH_2063,9,0.62084377,0.61002094,0.1602054238319397,0.7879364
CH_2063,10,0.6396313,0.6230992,0.131186842918396,0.7997695
CH_2067,1,0.56068385,0.54179645,0.8628512918949127,0.74878824
CH_2067,2,0.91342604,0.6673812,0.7764504104852676,0.95573324
CH_2067,3,1.0884612,0.687249,0.7335815727710724,1.0432935
CH_2067,4,1.2419041,0.7324717,0.6961128115653992,1.1144075
CH_2067,5,1.3392764,0.7698178,0.6723838150501251,1.1572711
CH_2067,6,1.3499601,0.75922734,0.6700619459152222,1.1618779
CH_2067,7,1.321801,0.72976667,0.6769567728042603,1.149696
CH_2067,8,1.5083115,0.7981832,0.6314284801483154,1.2281333
CH_2067,9,1.6083194,0.818267,0.6068374812602997,1.2681954
CH_2067,10,1.635416,0.8203331,0.600058913230896,1.2788339
CH_2070,1,2.1331143,0.59501034,0.4186902642250061,1.4605185
CH_2070,2,2.9475384,0.8129077,0.19666391611099243,1.7168397
CH_2070,3,3.328714,0.91872376,0.0951622724533081,1.8244764
CH_2070,4,3.482896,0.96800804,0.05350583791732788,1.8662518
CH_2070,5,3.5193448,0.99681777,0.043363094329833984,1.8759917
CH_2070,6,3.5478463,1.0162767,0.0354306697845459,1.8835727
CH_2070,7,3.5843816,1.0414062,0.025397419929504395,1.8932463
CH_2070,8,3.4980524,1.0551612,0.023531734943389893,1.870308
CH_2070,9,3.5197532,1.0625699,0.008516311645507812,1.8761005
CH_2070,10,3.501401,1.0731945,0.010065197944641113,1.8712031
CH_2078,1,0.7487547,0.36538988,0.8134395480155945,0.86530614
CH_2078,2,1.3260617,0.4863293,0.6696782410144806,1.1515476
CH_2078,3,1.6209644,0.5536172,0.5962424278259277,1.273171
CH_2078,4,1.8140358,0.62074625,0.5483527779579163,1.3468615
CH_2078,5,1.9497995,0.6667741,0.5147339105606079,1.3963522
CH_2078,6,2.0394475,0.711355,0.4926300644874573,1.4280922
CH_2078,7,2.1163373,0.7469248,0.4737181067466736,1.4547637
CH_2078,8,2.2105396,0.7868675,0.45061612129211426,1.4867884
CH_2078,9,2.3044841,0.8186533,0.4274545907974243,1.5180527
CH_2078,10,2.3782494,0.83654666,0.40930819511413574,1.5421574
CH_2084,1,4.77342,1.0164403,0.7258889079093933,2.1848156
CH_2084,2,7.8356147,1.3702413,0.549721360206604,2.7992167
CH_2084,3,9.381388,1.6056217,0.46044278144836426,3.062905
CH_2084,4,10.236114,1.7649624,0.4109295606613159,3.1993928
CH_2084,5,10.852988,1.8560092,0.3750675320625305,3.2943873
CH_2084,6,11.157862,1.9212556,0.3572322726249695,3.3403385
CH_2084,7,11.175475,1.9614326,0.3559122681617737,3.342974
CH_2084,8,11.059262,1.9958291,0.36266034841537476,3.325547
CH_2084,9,11.105102,2.0361876,0.3602513074874878,3.3324318
CH_2084,10,11.053443,2.068132,0.3635193109512329,3.3246717
CH_2085,1,0.21104708,0.32381526,0.8420097231864929,0.4593986
CH_2085,2,0.37523198,0.44098762,0.7190017700195312,0.6125618
CH_2085,3,0.4800932,0.49861327,0.6401083469390869,0.6928876
CH_2085,4,0.57304245,0.5563894,0.5705790519714355,0.7569957
CH_2085,5,0.6669837,0.6067935,0.5004421174526215,0.81669074
CH_2085,6,0.71538496,0.6271563,0.46440589427948,0.84580433
CH_2085,7,0.7345089,0.6379057,0.4501941204071045,0.8570349
CH_2085,8,0.7705759,0.6620946,0.4231716990470886,0.87782454
CH_2085,9,0.7962726,0.6744595,0.4038386940956116,0.8923411
CH_2085,10,0.80509675,0.6828122,0.3974922299385071,0.8972718
CH_2086,1,1.4624422,0.23847204,0.3164198398590088,1.2093147
CH_2086,2,1.98381,0.29116982,0.07264536619186401,1.4084779
CH_2086,3,2.072839,0.30906746,0.03093618154525757,1.4397358
CH_2086,4,2.0991147,0.32285866,0.018560171127319336,1.4488322
CH_2086,5,2.1034563,0.33742929,0.016444146633148193,1.4503297
CH_2086,6,2.117652,0.34981698,0.009721994400024414,1.4552155
CH_2086,7,2.1336193,0.35986102,0.0021677613258361816,1.4606913
CH_2086,8,2.124445,0.37019768,0.006376028060913086,1.4575475
CH_2086,9,2.1412349,0.38154715,-0.0015543699264526367,1.4632959
CH_2086,10,2.1625311,0.38960078,-0.011592984199523926,1.4705547
CH_2087,1,5.033291,0.61079496,0.7164364159107208,2.2434998
CH_2087,2,8.111669,0.8091174,0.54293292760849,2.8480992
CH_2087,3,9.022921,0.9132014,0.49150389432907104,3.0038176
CH_2087,4,9.544167,1.0009975,0.4620632529258728,3.0893636
CH_2087,5,9.857213,1.0585644,0.444338321685791,3.1396198
CH_2087,6,10.171681,1.0989351,0.4265388250350952,3.1893075
CH_2087,7,10.492196,1.1399924,0.4083866477012634,3.239166
CH_2087,8,10.731415,1.1799582,0.39482593536376953,3.275884
CH_2087,9,10.875362,1.217848,0.3866237998008728,3.2977815
CH_2087,10,11.121777,1.2528411,0.37264347076416016,3.3349328
CH_2091,1,0.044169657,0.14472127,0.9265465065836906,0.21016578
CH_2091,2,0.10337052,0.21201421,0.828076183795929,0.32151285
CH_2091,3,0.16261593,0.2775472,0.7296430766582489,0.40325665
CH_2091,4,0.21612737,0.33062145,0.6408858597278595,0.464895
CH_2091,5,0.26186615,0.37413704,0.5649053156375885,0.5117286
CH_2091,6,0.30117294,0.40637237,0.49960190057754517,0.54879224
CH_2091,7,0.33220854,0.4333509,0.4480430483818054,0.57637537
CH_2091,8,0.35490906,0.4535085,0.4098048806190491,0.59574246
CH_2091,9,0.37474927,0.4676524,0.3752056956291199,0.61216766
CH_2091,10,0.38800907,0.48155376,0.350572407245636,0.62290376
CH_2106,1,0.24355072,0.19895993,0.7473622858524323,0.49350858
CH_2106,2,0.47013295,0.3237397,0.5122894644737244,0.6856624
CH_2106,3,0.5939148,0.3991414,0.3840319514274597,0.7706587
CH_2106,4,0.67488074,0.44733506,0.3004117012023926,0.82151127
CH_2106,5,0.74649084,0.48090482,0.22628742456436157,0.863997
CH_2106,6,0.7955803,0.50748265,0.1754164695739746,0.8919531
CH_2106,7,0.8260856,0.5251766,0.1441013216972351,0.9088925
CH_2106,8,0.8332753,0.53988177,0.1316235065460205,0.9128392
CH_2106,9,0.8339857,0.54780036,0.12145143747329712,0.91322815
CH_2106,10,0.8314045,0.55108863,0.11131376028060913,0.91181386
CH_2109,1,1.698956,0.6386406,0.8680755794048309,1.3034401
CH_2109,2,2.3981452,0.8327015,0.8137143105268478,1.5485946
CH_2109,3,2.8307707,0.95551556,0.7799840718507767,1.6824894
CH_2109,4,3.06795,1.0457767,0.7614531517028809,1.7515564
CH_2109,5,3.2618997,1.0687686,0.7462988495826721,1.806073
CH_2109,6,3.3614042,1.0993224,0.738503485918045,1.8334132
CH_2109,7,3.5483866,1.1403608,0.7239378392696381,1.8837161
CH_2109,8,3.632743,1.1851662,0.7174696028232574,1.9059756
CH_2109,9,3.6071815,1.207589,0.719561368227005,1.8992581
CH_2109,10,3.6007464,1.2120502,0.7201587855815887,1.8975632
CH_2110,1,0.35345837,0.36357602,0.8855699151754379,0.59452367
CH_2110,2,0.5148038,0.4690781,0.8333659470081329,0.7174983
CH_2110,3,0.6874672,0.5672709,0.777387261390686,0.82913643
CH_2110,4,0.88705885,0.6665234,0.7126605808734894,0.941838
CH_2110,5,1.0412015,0.7336882,0.6626373529434204,1.0203928
CH_2110,6,1.1676912,0.78633475,0.6215648055076599,1.0805976
CH_2110,7,1.2814612,0.8324787,0.5845803618431091,1.1320164
CH_2110,8,1.3780637,0.87630063,0.5532784163951874,1.1739095
CH_2110,9,1.4698944,0.9121389,0.5237235426902771,1.212392
CH_2110,10,1.5570707,0.9439756,0.49566739797592163,1.2478265
CH_2112,1,11.072249,1.3343779,0.45804083347320557,3.327499
CH_2112,2,17.761621,1.8646319,0.13078367710113525,4.2144537
CH_2112,3,20.074284,2.0686116,0.01858001947402954,4.4804335
CH_2112,4,20.93597,2.1544468,-0.02374398708343506,4.575584
CH_2112,5,21.325367,2.1973956,-0.04307973384857178,4.6179395
CH_2112,6,21.393173,2.2308059,-0.04659914970397949,4.6252756
CH_2112,7,21.514181,2.2625756,-0.052394986152648926,4.638338
CH_2112,8,21.16729,2.2665348,-0.053964853286743164,4.6007924
CH_2112,9,21.19453,2.2784314,-0.05727338790893555,4.6037517
CH_2112,10,21.155094,2.292125,-0.055527448654174805,4.599467
CH_2117,1,0.023048209,0.081516095,0.9323937147855759,0.15181637
CH_2117,2,0.037596572,0.11018858,0.8896730914711952,0.19389835
CH_2117,3,0.04450498,0.12725891,0.869324654340744,0.21096204
CH_2117,4,0.057018656,0.14238037,0.8325149565935135,0.23878579
CH_2117,5,0.06573602,0.15148188,0.8068523406982422,0.25639036
CH_2117,6,0.069721974,0.1567824,0.7950765937566757,0.2640492
CH_2117,7,0.07071589,0.16000642,0.7920864969491959,0.2659246
CH_2117,8,0.0724853,0.16516863,0.7868371456861496,0.26923093
CH_2117,9,0.074475475,0.16873965,0.7809467017650604,0.27290195
CH_2117,10,0.07591845,0.17248909,0.7766553610563278,0.27553302
CH_2119,1,0.92830753,0.7615175,0.5974771678447723,0.96348715
CH_2119,2,1.3272473,0.9215154,0.4232982397079468,1.1520622
CH_2119,3,1.3268373,0.921781,0.4236125946044922,1.1518842
CH_2119,4,1.4310379,0.9540181,0.37756407260894775,1.19626
CH_2119,5,1.5835414,1.0045458,0.30997854471206665,1.2583884
CH_2119,6,1.5698377,0.9951972,0.31557655334472656,1.2529316
CH_2119,7,1.5348186,0.98649347,0.3297829031944275,1.238878
CH_2119,8,1.7878131,1.0703741,0.21655941009521484,1.3370913
CH_2119,9,1.8581855,1.0965174,0.18200725317001343,1.3631527
CH_2119,10,1.7823429,1.0710837,0.21466892957687378,1.3350441
CH_2122,1,0.23523712,0.2055948,0.6949634850025177,0.4850125
CH_2122,2,0.38574365,0.29584336,0.4997020363807678,0.62108266
CH_2122,3,0.45097938,0.349982,0.41563594341278076,0.67155
CH_2122,4,0.49914435,0.38749972,0.35376083850860596,0.7065015
CH_2122,5,0.5460517,0.4150106,0.2931191325187683,0.7389531
CH_2122,6,0.5809207,0.434771,0.24799394607543945,0.7621815
CH_2122,7,0.6053574,0.4528147,0.2180613875389099,0.7780472
CH_2122,8,0.6181915,0.4687469,0.19909697771072388,0.78625154
CH_2122,9,0.6312063,0.4775527,0.1773119568824768,0.7944849
CH_2122,10,0.63321126,0.48321095,0.1707724928855896,0.79574573
CH_2126,1,0.9510749,0.38099298,0.6275605857372284,0.9752307
CH_2126,2,1.6031047,0.5492349,0.3723475933074951,1.2661377
CH_2126,3,1.9460249,0.6418085,0.2526967525482178,1.395
CH_2126,4,2.122302,0.699075,0.19364309310913086,1.4568123
CH_2126,5,2.2407236,0.73882866,0.15056711435317993,1.4969047
CH_2126,6,2.3319225,0.77050716,0.11674845218658447,1.5270634
CH_2126,7,2.39698,0.7926241,0.09249448776245117,1.5482184
CH_2126,8,2.4176805,0.8079611,0.07810550928115845,1.5548892
CH_2126,9,2.4389527,0.81661713,0.06196016073226929,1.5617146
CH_2126,10,2.413837,0.8161612,0.06436800956726074,1.5536528
CH_2132,1,0.9074395,0.36384594,0.5982396900653839,0.9525962
CH_2132,2,1.4982779,0.52450895,0.336986243724823,1.2240416
CH_2132,3,1.8043871,0.615649,0.2162979245185852,1.3432747
CH_2132,4,1.9608545,0.6734121,0.15538060665130615,1.4003052
CH_2132,5,2.0632505,0.7108488,0.1129578948020935,1.436402
CH_2132,6,2.145375,0.74326706,0.07822370529174805,1.4647099
CH_2132,7,2.1938438,0.76329553,0.057708561420440674,1.481163
CH_2132,8,2.2046263,0.7771015,0.04858964681625366,1.4847984
CH_2132,9,2.21807,0.7844848,0.03667652606964111,1.4893186
CH_2132,10,2.187079,0.7878551,0.04318821430206299,1.4788775
CH_2135,1,0.19936104,0.29933822,0.9368609338998795,0.44649863
CH_2135,2,0.41831344,0.43605572,0.8674794435501099,0.64677155
CH_2135,3,0.6481574,0.55207163,0.7944994270801544,0.80508226
CH_2135,4,0.84136903,0.64185154,0.7329570651054382,0.9172617
CH_2135,5,0.9780877,0.6979159,0.6892336905002594,0.98898315
CH_2135,6,1.0722395,0.7430948,0.6589968204498291,1.03549
CH_2135,7,1.1307092,0.7658427,0.6401804983615875,1.063348
CH_2135,8,1.1526101,0.7810188,0.6333857476711273,1.0735968
CH_2135,9,1.1708056,0.80000395,0.6279024183750153,1.0820377
CH_2135,10,1.2056566,0.8204331,0.617158830165863,1.098024
CH_2139,1,2.6099324,0.71769845,0.5759961009025574,1.6155286
CH_2139,2,4.388086,0.96538067,0.2872313857078552,2.094776
CH_2139,3,5.0962048,1.0898455,0.17344361543655396,2.2574775
CH_2139,4,5.349215,1.1800357,0.1334955096244812,2.3128371
CH_2139,5,5.5090756,1.2356969,0.10782831907272339,2.347142
CH_2139,6,5.588915,1.2680072,0.09473997354507446,2.3640885
CH_2139,7,5.693779,1.2922463,0.07776021957397461,2.3861642
CH_2139,8,5.639308,1.3096578,0.06946849822998047,2.3747227
CH_2139,9,5.6955504,1.3389814,0.05635780096054077,2.3865352
CH_2139,10,5.694195,1.3443474,0.05395376682281494,2.3862512
CH_2141,1,0.16300437,0.2037672,0.9573114477097988,0.403738
CH_2141,2,0.3322778,0.27463138,0.9129552841186523,0.57643545
CH_2141,3,0.4894286,0.33654583,0.8717492520809174,0.69959176
CH_2141,4,0.6315912,0.3929222,0.834447830915451,0.79472715
CH_2141,5,0.7480845,0.43445185,0.8038588762283325,0.86491877
CH_2141,6,0.8503738,0.46430174,0.7769767194986343,0.92215717
CH_2141,7,0.93213576,0.4911307,0.7554719597101212,0.9654718
CH_2141,8,0.9964296,0.5156122,0.7385414242744446,0.99821323
CH_2141,9,1.0584334,0.53598154,0.7222314774990082,1.0288019
CH_2141,10,1.1196494,0.5508343,0.7060759663581848,1.0581349
CH_2143,1,0.041283265,0.12929522,0.9337305724620819,0.20318283
CH_2143,2,0.08076573,0.17764159,0.8703527748584747,0.28419313
CH_2143,3,0.11578673,0.22224988,0.8141566962003708,0.34027448
CH_2143,4,0.14377603,0.2568195,0.76927150785923,0.3791781
CH_2143,5,0.16811052,0.28786686,0.7302179634571075,0.41001284
CH_2143,6,0.19084606,0.31386754,0.6937553882598877,0.4368593
CH_2143,7,0.21146883,0.33685705,0.6607140898704529,0.4598574
CH_2143,8,0.22996941,0.35935003,0.6306590139865875,0.47955126
CH_2143,9,0.24989711,0.37871826,0.5979827344417572,0.4998971
CH_2143,10,0.26798508,0.39447272,0.567981630563736,0.5176728
CH_2150,1,0.5841667,0.38191172,0.9143120795488358,0.764308
CH_2150,2,1.0898815,0.5394032,0.840100884437561,1.0439739
CH_2150,3,1.4164844,0.6524696,0.7921242266893387,1.1901615
CH_2150,4,1.6655171,0.7405009,0.7555446773767471,1.2905492
CH_2150,5,1.8473903,0.8008344,0.7288611531257629,1.3591874
CH_2150,6,1.9571956,0.8456758,0.7127642631530762,1.3989981
CH_2150,7,2.0134938,0.8720318,0.7045277953147888,1.4189763
CH_2150,8,2.0504289,0.90398407,0.6992332935333252,1.4319319
CH_2150,9,2.1310534,0.9358364,0.6875366866588593,1.4598128
CH_2150,10,2.2246284,0.9586266,0.6739522516727448,1.4915189
CH_2151,1,0.5596235,0.36336246,0.8202089965343475,0.74807984
CH_2151,2,1.046605,0.54228216,0.6635699570178986,1.0230372
CH_2151,3,1.3458488,0.66066504,0.5671896040439606,1.1601073
CH_2151,4,1.5534219,0.7437663,0.500064343214035,1.2463634
CH_2151,5,1.6727031,0.7998837,0.4613412618637085,1.2933303
CH_2151,6,1.735304,0.8358799,0.44094449281692505,1.3173094
CH_2151,7,1.7728627,0.86388975,0.42877447605133057,1.3314888
CH_2151,8,1.7867076,0.8831883,0.42449724674224854,1.3366778
CH_2151,9,1.8223766,0.90220255,0.4130803942680359,1.3499542
CH_2151,10,1.8307781,0.9136418,0.4106118083000183,1.3530625
CH_2155,1,0.49967378,0.26952267,0.29414868354797363,0.7068761
CH_2155,2,0.6393176,0.3491362,0.09695333242416382,0.79957336
CH_2155,3,0.6908407,0.3813249,0.026467859745025635,0.8311683
CH_2155,4,0.7088146,0.397658,0.001522660255432129,0.8419113
CH_2155,5,0.71537346,0.41122738,-0.00781869888305664,0.84579754
CH_2155,6,0.72079104,0.4211958,-0.015543460845947266,0.84899414
CH_2155,7,0.72331285,0.42883614,-0.01917743682861328,0.850478
CH_2155,8,0.70766175,0.43428305,-0.01889967918395996,0.84122634
CH_2155,9,0.70494545,0.4392418,-0.02833414077758789,0.8396103
CH_2155,10,0.69621646,0.44208702,-0.02650320529937744,0.8343959
CH_2159,1,0.8421261,0.38461697,0.47611916065216064,0.91767424
CH_2159,2,1.2425126,0.5409473,0.2271662950515747,1.1146805
CH_2159,3,1.3761815,0.5982349,0.14774638414382935,1.1731076
CH_2159,4,1.4320421,0.6396599,0.11409419775009155,1.1966796
CH_2159,5,1.465019,0.66173524,0.09374076128005981,1.2103797
CH_2159,6,1.486261,0.6739159,0.08052611351013184,1.219123
CH_2159,7,1.4971459,0.6793569,0.07374083995819092,1.2235792
CH_2159,8,1.467382,0.69118893,0.07442152500152588,1.2113554
CH_2159,9,1.4718205,0.7001191,0.0566292405128479,1.213186
CH_2159,10,1.4622955,0.7049173,0.0537189245223999,1.2092541
CH_2160,1,1.0906868,0.57268953,0.742868185043335,1.0443596
CH_2160,2,2.074072,0.773112,0.5108284950256348,1.4401639
CH_2160,3,2.5964847,0.89837873,0.38935387134552,1.6113611
CH_2160,4,2.9038215,0.98167616,0.31740111112594604,1.7040603
CH_2160,5,3.0347831,1.0333699,0.2863107919692993,1.7420629
CH_2160,6,3.1497097,1.0687411,0.25916141271591187,1.7747421
CH_2160,7,3.195349,1.0890318,0.24826937913894653,1.7875539
CH_2160,8,3.238026,1.1054927,0.23660320043563843,1.7994516
CH_2160,9,3.2577841,1.1286215,0.227961003780365,1.8049333
CH_2160,10,3.2387626,1.1328069,0.22913461923599243,1.7996563
CH_2161,1,7.3052545,1.3454233,0.9233469516038895,2.7028234
CH_2161,2,9.391817,1.5697811,0.901450477540493,3.0646071
CH_2161,3,11.823835,1.8231,0.8759277015924454,3.4385805
CH_2161,4,14.569294,2.0845482,0.8471149057149887,3.8169744
CH_2161,5,17.742622,2.311497,0.8138116151094437,4.212199
CH_2161,6,20.527927,2.527275,0.7845776677131653,4.5307755
CH_2161,7,22.887733,2.672875,0.7598083317279816,4.7841125
CH_2161,8,24.060858,2.6973243,0.7474920153617859,4.9051867
CH_2161,9,25.001097,2.7761726,0.7376196980476379,5.0001097
CH_2161,10,27.273647,2.87999,0.7137640416622162,5.222418
CH_2170,1,0.5082175,0.41129988,0.8462384343147278,0.7128938
CH_2170,2,1.1906947,0.63222766,0.639577180147171,1.0911896
CH_2170,3,1.5384791,0.75127137,0.5344172120094299,1.2403544
CH_2170,4,1.7892551,0.8424823,0.458316445350647,1.3376304
CH_2170,5,1.9224243,0.89840394,0.41752851009368896,1.3865151
CH_2170,6,2.0149205,0.92961407,0.38909977674484253,1.4194789
CH_2170,7,2.0948505,0.961173,0.3645045757293701,1.4473598
CH_2170,8,2.1502774,0.99682266,0.3476332426071167,1.4663824
CH_2170,9,2.1975095,1.0211884,0.33163630962371826,1.4824
CH_2170,10,2.2078347,1.0313993,0.32657402753829956,1.4858785
CH_2174,1,0.5066715,0.5576968,0.6408013105392456,0.7118086
CH_2174,2,0.70659846,0.66792786,0.4990695118904114,0.8405941
CH_2174,3,0.6935073,0.6640632,0.5082482099533081,0.8327709
CH_2174,4,0.7577487,0.7023998,0.46338415145874023,0.87048763
CH_2174,5,0.8245592,0.73383754,0.4172323942184448,0.90805244
CH_2174,6,0.81984156,0.7354936,0.4217571020126343,0.905451
CH_2174,7,0.8083435,0.7250819,0.4298650622367859,0.89907926
CH_2174,8,0.9246332,0.7839792,0.34769517183303833,0.9615785
CH_2174,9,0.96650916,0.80298084,0.31810808181762695,0.983112
CH_2174,10,0.9518319,0.79431355,0.32844018936157227,0.9756187
CH_2176,1,1.1922448,0.46086735,0.38788527250289917,1.0918996
CH_2176,2,1.7524909,0.61524767,0.10100603103637695,1.3238168
CH_2176,3,1.9915817,0.6865025,-0.0038853883743286133,1.4112341
CH_2176,4,2.0649433,0.7158529,-0.037055373191833496,1.4369911
CH_2176,5,2.0821404,0.72509336,-0.04562795162200928,1.4429624
CH_2176,6,2.0799894,0.7323505,-0.04473912715911865,1.4422169
CH_2176,7,2.0766866,0.73792046,-0.043181657791137695,1.4410714
CH_2176,8,2.0518496,0.7389331,-0.04805898666381836,1.4324279
CH_2176,9,2.0656462,0.74449724,-0.06277215480804443,1.4372356
CH_2176,10,2.0472486,0.74711525,-0.06255388259887695,1.430821
CH_2179,1,1.4909477,0.50164187,0.43784594535827637,1.2210437
CH_2179,2,2.1696525,0.70114064,0.18262380361557007,1.4729741
CH_2179,3,2.4210281,0.7799625,0.09895694255828857,1.5559653
CH_2179,4,2.5311635,0.8218221,0.0592728853225708,1.590963
CH_2179,5,2.5732498,0.8464666,0.04361218214035034,1.6041353
CH_2179,6,2.577249,0.8592819,0.04196816682815552,1.6053813
CH_2179,7,2.5993366,0.8752122,0.03360694646835327,1.6122458
CH_2179,8,2.5444465,0.88732135,0.036135971546173096,1.5951321
CH_2179,9,2.5251653,0.8940037,0.021683216094970703,1.5890769
CH_2179,10,2.4899626,0.8982467,0.02505624294281006,1.5779616
CH_2181,1,3.9502754,0.7755703,0.5528889894485474,1.98753
CH_2181,2,6.9387164,1.1316096,0.21494007110595703,2.6341443
CH_2181,3,8.177867,1.2996228,0.08040028810501099,2.859697
CH_2181,4,8.712004,1.3809963,0.023979544639587402,2.9516103
CH_2181,5,8.91952,1.4253421,0.0009362101554870605,2.9865565
CH_2181,6,9.046486,1.4635618,-0.013482332229614258,3.0077376
CH_2181,7,9.160619,1.4863927,-0.02647697925567627,3.0266514
CH_2181,8,9.04218,1.4911532,-0.026445746421813965,3.007022
CH_2181,9,9.069287,1.5090224,-0.03350043296813965,3.0115256
CH_2181,10,9.02435,1.523517,-0.03164637088775635,3.0040557
CH_2185,1,0.26442632,0.275659,0.9407276883721352,0.514224
CH_2185,2,0.48389828,0.36600712,0.8914886936545372,0.695628
CH_2185,3,0.66966754,0.42584777,0.8497724235057831,0.8183322
CH_2185,4,0.8462104,0.4954626,0.810121014714241,0.91989696
CH_2185,5,0.97790676,0.55311126,0.7805012315511703,0.98889166
CH_2185,6,1.0669972,0.5915757,0.7604753971099854,1.0329555
CH_2185,7,1.1257716,0.61036426,0.7472395598888397,1.0610238
CH_2185,8,1.18835,0.6415635,0.7330857217311859,1.0901147
CH_2185,9,1.2504531,0.6645953,0.7190828323364258,1.1182367
CH_2185,10,1.3090531,0.68361217,0.7058675289154053,1.1441386
CH_2187,1,1.175824,0.44020495,0.6249265670776367,1.0843542
CH_2187,2,2.1096551,0.6392389,0.3269383907318115,1.4524652
CH_2187,3,2.4646404,0.7347363,0.2135217785835266,1.5699173
CH_2187,4,2.633104,0.78523016,0.15958929061889648,1.6226842
CH_2187,5,2.7040446,0.8206549,0.1368112564086914,1.644398
CH_2187,6,2.7767024,0.8508185,0.11356860399246216,1.666344
CH_2187,7,2.8274722,0.8723506,0.09752225875854492,1.6815089
CH_2187,8,2.7973788,0.8867418,0.10178899765014648,1.6725366
CH_2187,9,2.8344717,0.9051503,0.08881169557571411,1.683589
CH_2187,10,2.8518229,0.91613793,0.08311986923217773,1.688734
CH_2199,1,0.3302521,0.27983794,0.9128341153264046,0.5746757
CH_2199,2,1.021864,0.4494245,0.7303721308708191,1.010873
CH_2199,3,1.4685822,0.57038015,0.6133301258087158,1.2118508
CH_2199,4,1.7843826,0.6610435,0.5326178073883057,1.3358078
CH_2199,5,2.0141616,0.7302047,0.47389137744903564,1.4192116
CH_2199,6,2.213992,0.7820162,0.4225912094116211,1.487949
CH_2199,7,2.4050803,0.82423794,0.37394750118255615,1.5508322
CH_2199,8,2.5583985,0.8615516,0.33222144842147827,1.5994995
CH_2199,9,2.656224,0.8855004,0.30306577682495117,1.6297926
CH_2199,10,2.6994538,0.8985169,0.2882620096206665,1.6430014
CH_2200,1,1.658036,0.6125669,0.8836621269583702,1.2876475
CH_2200,2,2.1768627,0.78038126,0.8472499549388885,1.4754195
CH_2200,3,2.531936,0.896074,0.8223158866167068,1.5912058
CH_2200,4,2.7877278,0.9823147,0.8043624758720398,1.669649
CH_2200,5,2.9838102,1.004177,0.7906056940555573,1.7273709
CH_2200,6,3.0340364,1.0294247,0.7870879620313644,1.7418486
CH_2200,7,3.184427,1.0470927,0.7765627056360245,1.7844963
CH_2200,8,3.3067577,1.0890764,0.768059641122818,1.8184493
CH_2200,9,3.3317277,1.1171451,0.7663865685462952,1.8253021
CH_2200,10,3.3441992,1.1215183,0.7655802667140961,1.8287152
CH_2202,1,0.18542565,0.19470356,0.6968618035316467,0.4306108
CH_2202,2,0.2969407,0.28642103,0.5145239531993866,0.54492265
CH_2202,3,0.3566158,0.33445194,0.41978198289871216,0.59717315
CH_2202,4,0.39972654,0.3703409,0.3515361547470093,0.6322393
CH_2202,5,0.43926373,0.40002012,0.2880927324295044,0.66276973
CH_2202,6,0.4767299,0.4208225,0.2277456521987915,0.6904563
CH_2202,7,0.50474775,0.43252397,0.18284720182418823,0.710456
CH_2202,8,0.515476,0.44549415,0.15886074304580688,0.71796656
CH_2202,9,0.5171057,0.4503731,0.14468735456466675,0.7191006
CH_2202,10,0.515694,0.4525444,0.13584166765213013,0.71811837
CH_2203,1,0.63322055,0.414012,0.835853323340416,0.7957516
CH_2203,2,1.0772809,0.5635478,0.720914900302887,1.0379214
CH_2203,3,1.3704287,0.6725491,0.6449497044086456,1.1706531
CH_2203,4,1.5911661,0.7479179,0.5878227055072784,1.2614143
CH_2203,5,1.7062474,0.79068476,0.5581926107406616,1.3062341
CH_2203,6,1.7720463,0.8173484,0.5413851737976074,1.3311824
CH_2203,7,1.8109223,0.8280126,0.5315984785556793,1.3457052
CH_2203,8,1.8544258,0.8573916,0.5206752717494965,1.361773
CH_2203,9,1.9203199,0.8791243,0.5036529004573822,1.3857561
CH_2203,10,1.9460435,0.8918409,0.4971611499786377,1.3950067
CH_2205,1,0.06987661,0.16884059,0.913926474750042,0.26434183
CH_2205,2,0.16805296,0.26937962,0.7929833680391312,0.40994263
CH_2205,3,0.26901576,0.35827085,0.668738603591919,0.5186673
CH_2205,4,0.35912856,0.42880076,0.5579736232757568,0.5992734
CH_2205,5,0.4330059,0.48160958,0.4670325517654419,0.6580318
CH_2205,6,0.49140507,0.5211667,0.39510321617126465,0.7010029
CH_2205,7,0.5357886,0.5522773,0.34041041135787964,0.7319758
CH_2205,8,0.57000595,0.5765993,0.2980549931526184,0.75498736
CH_2205,9,0.59912354,0.59626615,0.26123934984207153,0.7740307
CH_2205,10,0.6178343,0.6103618,0.23527520895004272,0.7860244
CH_2210,1,0.29681462,0.30012688,0.9198884218931198,0.54480696
CH_2210,2,0.74521935,0.45411682,0.7989542782306671,0.86326087
CH_2210,3,1.1988764,0.58833647,0.6767580807209015,1.0949321
CH_2210,4,1.5895125,0.6943982,0.57173952460289,1.2607586
CH_2210,5,1.921591,0.7789203,0.4825161099433899,1.3862146
CH_2210,6,2.1837354,0.84392697,0.4119541049003601,1.4777467
CH_2210,7,2.407886,0.8976636,0.3516737222671509,1.5517365
CH_2210,8,2.580077,0.9465179,0.30449461936950684,1.6062617
CH_2210,9,2.7043502,0.9818487,0.267381489276886,1.6444908
CH_2210,10,2.7684987,1.0066378,0.2460343837738037,1.6638806
CH_2215,1,1.0300621,0.7599155,0.5049313306808472,1.0149198
CH_2215,2,1.4506122,0.92089915,0.3035968542098999,1.2044137
CH_2215,3,1.4033655,0.90830433,0.3265078663825989,1.1846373
CH_2215,4,1.4629302,0.9258897,0.2960397005081177,1.2095165
CH_2215,5,1.5914371,0.9672455,0.23352599143981934,1.2615217
CH_2215,6,1.540269,0.94474226,0.25835275650024414,1.2410758
CH_2215,7,1.4982024,0.923146,0.27650970220565796,1.2240108
CH_2215,8,1.6826109,0.98945856,0.18295049667358398,1.2971549
CH_2215,9,1.7126328,1.0100404,0.16498267650604248,1.308676
CH_2215,10,1.6062499,0.97593176,0.2154645323753357,1.2673792
CH_2239,1,0.00011782622,0.008165486,0.12877589464187622,0.010854779
CH_2239,2,0.00018872978,0.009991578,-0.39057111740112305,0.0137378955
CH_2239,3,0.0003335736,0.013537073,-1.453197717666626,0.018263998
CH_2239,4,0.00048992306,0.016463486,-2.5904922485351562,0.022134205
CH_2239,5,0.00061089697,0.017967869,-3.468921184539795,0.02471633
CH_2239,6,0.00072035874,0.018943844,-4.2602081298828125,0.0268395
CH_2239,7,0.0008354623,0.019723209,-5.079893112182617,0.028904365
CH_2239,8,0.0009962741,0.021066863,-6.225586891174316,0.03156381
CH_2239,9,0.0012035181,0.023004847,-7.721076965332031,0.03469176
CH_2239,10,0.0013977283,0.024937226,-9.11966323852539,0.037386205
CH_2243,1,0.23354246,0.29565713,0.8707170933485031,0.4832623
CH_2243,2,0.5487186,0.44620633,0.696243166923523,0.7407554
CH_2243,3,0.81765825,0.5647761,0.5480006039142609,0.90424454
CH_2243,4,1.0171869,0.6455235,0.43883460760116577,1.0085568
CH_2243,5,1.1695738,0.70619994,0.3550986647605896,1.0814683
CH_2243,6,1.291865,0.7543966,0.28750795125961304,1.1366024
CH_2243,7,1.3831886,0.7984637,0.2370176911354065,1.1760904
CH_2243,8,1.4420384,0.8376844,0.20426791906356812,1.200849
CH_2243,9,1.4891849,0.86686075,0.17742812633514404,1.2203217
CH_2243,10,1.5175043,0.8836652,0.15946584939956665,1.2318703
CH_2247,1,0.3519237,0.2873669,0.913671039044857,0.59323156
CH_2247,2,1.1559811,0.4976605,0.7164984047412872,1.0751656
CH_2247,3,1.8160605,0.65046096,0.5549095273017883,1.3476129
CH_2247,4,2.2882478,0.76442504,0.43963056802749634,1.5126956
CH_2247,5,2.6419358,0.84563446,0.353218138217926,1.6254033
CH_2247,6,2.9007878,0.9122579,0.2898712754249573,1.70317
CH_2247,7,3.1007473,0.95837265,0.24095171689987183,1.760894
CH_2247,8,3.2358499,0.9904377,0.20499169826507568,1.7988468
CH_2247,9,3.3143957,1.0110861,0.179365873336792,1.8205482
CH_2247,10,3.3295016,1.0196824,0.16603446006774902,1.8246922
CH_2262,1,2.129757,0.537734,0.8877267390489578,1.4593687
CH_2262,2,3.7267559,0.78335154,0.803510382771492,1.9304807
CH_2262,3,4.586308,0.94041586,0.7581565380096436,2.1415668
CH_2262,4,5.3878202,1.0846413,0.7158525884151459,2.321168
CH_2262,5,5.958753,1.1743208,0.6857004463672638,2.4410558
CH_2262,6,6.4077806,1.257952,0.6619735062122345,2.5313594
CH_2262,7,6.727304,1.3180488,0.6450743973255157,2.5937047
CH_2262,8,7.1020894,1.3779821,0.6252551674842834,2.6649745
CH_2262,9,7.501374,1.4454625,0.6041410863399506,2.7388637
CH_2262,10,7.9204593,1.4880959,0.5819786489009857,2.814331
CH_2263,1,0.3379667,0.22940898,0.9529667124152184,0.581349
CH_2263,2,0.6563715,0.30824393,0.9086383655667305,0.81016755
CH_2263,3,0.9286924,0.38465765,0.8707088530063629,0.9636869
CH_2263,4,1.1849483,0.4517882,0.8350026458501816,1.0885533
CH_2263,5,1.3896697,0.50604486,0.8064622581005096,1.1788425
CH_2263,6,1.5808327,0.54866636,0.7798015028238297,1.2573117
CH_2263,7,1.7397641,0.58780503,0.7576219886541367,1.3190012
CH_2263,8,1.921098,0.62580127,0.7323146164417267,1.3860368
CH_2263,9,2.0836124,0.6615411,0.7096229791641235,1.4434724
CH_2263,10,2.2520263,0.6942694,0.6861033141613007,1.5006753
CH_2265,1,0.24164939,0.16513619,0.9012812748551369,0.49157846
CH_2265,2,0.44620007,0.22164667,0.8177053332328796,0.6679821
CH_2265,3,0.5971977,0.2685106,0.7559982389211655,0.77278566
CH_2265,4,0.7192986,0.30492446,0.7060918509960175,0.8481147
CH_2265,5,0.8199954,0.33305824,0.6649254262447357,0.905536
CH_2265,6,0.90685153,0.35427773,0.6294098496437073,0.9522875
CH_2265,7,0.9783588,0.37233806,0.600162535905838,0.98912024
CH_2265,8,1.042617,0.38566938,0.5738771557807922,1.0210862
CH_2265,9,1.1015875,0.39629403,0.5497500002384186,1.0495654
CH_2265,10,1.1567973,0.4083304,0.527157336473465,1.0755451
CH_2269,1,3.7244952,0.9154115,0.9067409336566925,1.9298952
CH_2269,2,4.7059135,1.1008115,0.8821558207273483,2.1693118
CH_2269,3,6.3254275,1.3317472,0.841583251953125,2.5150402
CH_2269,4,7.650022,1.5212471,0.8083911091089249,2.7658672
CH_2269,5,8.430918,1.61414,0.788813441991806,2.9036043
CH_2269,6,8.815494,1.6885923,0.7791622132062912,2.9690897
CH_2269,7,9.360553,1.7179878,0.765489935874939,3.0595021
CH_2269,8,9.7436075,1.7603717,0.755875825881958,3.1214752
CH_2269,9,9.8363085,1.7789912,0.7535361498594284,3.136289
CH_2269,10,10.072969,1.7984327,0.7475893795490265,3.1737943
CH_2270,1,0.3753886,0.35419038,0.9078374728560448,0.6126896
CH_2270,2,1.0054282,0.5347012,0.7531704753637314,1.0027105
CH_2270,3,1.6121758,0.6739408,0.6038505136966705,1.2697148
CH_2270,4,2.059355,0.77137804,0.49383312463760376,1.4350454
CH_2270,5,2.4014764,0.85412246,0.4096612334251404,1.5496697
CH_2270,6,2.6643596,0.91274524,0.34502291679382324,1.6322865
CH_2270,7,2.8661356,0.9655267,0.2954829931259155,1.6929665
CH_2270,8,3.0519578,1.0119263,0.24971020221710205,1.7469853
CH_2270,9,3.2112317,1.0503347,0.21013379096984863,1.791991
CH_2270,10,3.3099954,1.0808805,0.1850934624671936,1.8193393
CH_2289,1,0.043309808,0.14101133,0.9262208268046379,0.20811008
CH_2289,2,0.10553283,0.21060196,0.8201885968446732,0.32485816
CH_2289,3,0.16514152,0.27588475,0.718712329864502,0.4063761
CH_2289,4,0.21669456,0.3287523,0.6311030983924866,0.46550465
CH_2289,5,0.26188463,0.37168974,0.5541850924491882,0.51174664
CH_2289,6,0.30021742,0.4038125,0.48894554376602173,0.547921
CH_2289,7,0.33164102,0.43042406,0.43546825647354126,0.5758828
CH_2289,8,0.35399863,0.45151216,0.39665520191192627,0.59497786
CH_2289,9,0.37261567,0.46519497,0.36271005868911743,0.61042255
CH_2289,10,0.383945,0.47716588,0.33995604515075684,0.61963296
CH_2290,1,4.2702427,0.9216491,0.7934526354074478,2.0664566
CH_2290,2,11.19823,1.5538664,0.45890748500823975,3.3463757
CH_2290,3,14.367697,1.8705157,0.306912362575531,3.7904744
CH_2290,4,15.817204,2.033208,0.23736000061035156,3.9770849
CH_2290,5,16.804705,2.149416,0.189650297164917,4.0993543
CH_2290,6,17.529297,2.2361379,0.1545361876487732,4.1868005
CH_2290,7,18.314857,2.3093815,0.11664319038391113,4.2795863
CH_2290,8,18.651041,2.33903,0.08929109573364258,4.318685
CH_2290,9,18.716936,2.3691998,0.07470434904098511,4.3263073
CH_2290,10,18.705978,2.381918,0.0664929747581482,4.325041
CH_2303,1,5.7288365,0.9583061,0.5555943846702576,2.393499
CH_2303,2,9.952446,1.3910311,0.22813689708709717,3.1547496
CH_2303,3,11.708368,1.6012299,0.09792947769165039,3.4217494
CH_2303,4,12.596218,1.6961327,0.032881736755371094,3.5491152
CH_2303,5,12.893993,1.7575973,0.010042667388916016,3.5908208
CH_2303,6,13.082966,1.8075149,-0.00475764274597168,3.6170382
CH_2303,7,13.249524,1.8355863,-0.017800569534301758,3.6399896
CH_2303,8,13.09454,1.856557,-0.018078207969665527,3.6186378
CH_2303,9,13.168322,1.8748609,-0.02781200408935547,3.6288183
CH_2303,10,13.108006,1.8893322,-0.02547299861907959,3.620498
CH_2307,1,0.72516227,0.38485384,0.8573232740163803,0.8515646
CH_2307,2,1.6738878,0.61020154,0.6710101962089539,1.2937882
CH_2307,3,2.2264633,0.7662974,0.5631859600543976,1.4921339
CH_2307,4,2.6197333,0.881641,0.4866611957550049,1.618559
CH_2307,5,2.9393947,0.96817195,0.4242503046989441,1.7144663
CH_2307,6,3.1740544,1.039582,0.3783760666847229,1.7815876
CH_2307,7,3.3797295,1.099941,0.33846771717071533,1.838404
CH_2307,8,3.548757,1.1473852,0.3012390732765198,1.8838145
CH_2307,9,3.677343,1.185463,0.2708784341812134,1.91764
CH_2307,10,3.720429,1.2095737,0.25778549909591675,1.9288414
CH_2321,1,2.7031713,0.6020827,0.6754318475723267,1.6441324
CH_2321,2,4.2018375,0.7595869,0.49541789293289185,2.0498383
CH_2321,3,5.015144,0.88402665,0.39767956733703613,2.2394516
CH_2321,4,5.6613503,0.9779565,0.31996285915374756,2.3793592
CH_2321,5,6.2085137,1.0570363,0.25410038232803345,2.491689
CH_2321,6,6.5866947,1.1273463,0.20851820707321167,2.5664556
CH_2321,7,6.8590364,1.1958603,0.17563104629516602,2.618976
CH_2321,8,7.0448284,1.2599357,0.15313154458999634,2.6542096
CH_2321,9,7.243235,1.3047519,0.12912142276763916,2.691326
CH_2321,10,7.389225,1.3274331,0.1113964319229126,2.718313
CH_2342,1,1.1009971,0.3782555,0.8785385116934776,1.0492841
CH_2342,2,1.9769764,0.49648893,0.7818895876407623,1.40605
CH_2342,3,2.4718606,0.5815707,0.7272844016551971,1.5722152
CH_2342,4,2.9026048,0.65744364,0.679792582988739,1.7037033
CH_2342,5,3.2658145,0.71325815,0.639771580696106,1.8071564
CH_2342,6,3.575645,0.75690156,0.605663388967514,1.8909376
CH_2342,7,3.8638394,0.787541,0.5739565491676331,1.9656651
CH_2342,8,4.0932446,0.8184673,0.5486867129802704,2.023177
CH_2342,9,4.2918057,0.8452017,0.5268187820911407,2.0716674
CH_2342,10,4.5295124,0.87564445,0.5005779564380646,2.1282651
CH_2346,1,1.8395969,0.7404043,0.9087169766426086,1.3563174
CH_2346,2,2.5454545,0.8620475,0.8736695349216461,1.595448
CH_2346,3,2.945234,0.9354403,0.8538030236959457,1.7161684
CH_2346,4,3.332404,1.0178202,0.8345657587051392,1.8254873
CH_2346,5,3.6056273,1.0644813,0.8209833204746246,1.8988489
CH_2346,6,3.803811,1.0958335,0.8111268728971481,1.9503361
CH_2346,7,3.9308968,1.1170073,0.8047926872968674,1.982649
CH_2346,8,4.0777736,1.1632625,0.7974834442138672,2.0193498
CH_2346,9,4.1132913,1.1948913,0.7957006990909576,2.028125
CH_2346,10,4.3149467,1.2424148,0.7856575101613998,2.077245
CH_2351,1,0.21501283,0.3295851,0.8800691440701485,0.46369475
CH_2351,2,0.34135717,0.41735613,0.8097032308578491,0.5842578
CH_2351,3,0.42657587,0.46455517,0.7623395770788193,0.65312773
CH_2351,4,0.493524,0.5001232,0.7252305746078491,0.7025126
CH_2351,5,0.55670524,0.5290715,0.6902453601360321,0.74612683
CH_2351,6,0.5895198,0.5357032,0.6719983816146851,0.76780194
CH_2351,7,0.6113969,0.5405917,0.6596956253051758,0.78191876
CH_2351,8,0.6575821,0.57059747,0.6338289380073547,0.81091434
CH_2351,9,0.6695186,0.57681173,0.6269088089466095,0.8182412
CH_2351,10,0.68612623,0.588583,0.6174110770225525,0.82832736
CH_2352,1,1.5051545,0.41722256,0.7137757539749146,1.2268474
CH_2352,2,2.369555,0.5621971,0.5493218898773193,1.5393358
CH_2352,3,2.7484891,0.6458911,0.4771691560745239,1.6578568
CH_2352,4,2.9488447,0.70655614,0.43902599811553955,1.7172201
CH_2352,5,3.063611,0.74289864,0.41717302799224854,1.7503175
CH_2352,6,3.162081,0.7715846,0.3984529376029968,1.7782241
CH_2352,7,3.2206662,0.7943156,0.38732510805130005,1.7946215
CH_2352,8,3.235731,0.80136025,0.38473427295684814,1.7988137
CH_2352,9,3.2686517,0.81071305,0.3786686658859253,1.8079413
CH_2352,10,3.3210003,0.8271252,0.3688734769821167,1.8223612
CH_2355,1,0.28839123,0.25359893,0.9521933421492577,0.5370207
CH_2355,2,0.53928906,0.33424342,0.9105810821056366,0.734363
CH_2355,3,0.77743685,0.41130763,0.8710630834102631,0.8817238
CH_2355,4,0.98980975,0.4792298,0.8358062952756882,0.9948918
CH_2355,5,1.1641372,0.5316401,0.8068447411060333,1.078952
CH_2355,6,1.3269861,0.5786247,0.7797719985246658,1.1519488
CH_2355,7,1.4648997,0.6099382,0.7568409889936447,1.2103304
CH_2355,8,1.5956038,0.6442657,0.7351038455963135,1.2631721
CH_2355,9,1.7269475,0.6658019,0.7132480144500732,1.3141338
CH_2355,10,1.8493991,0.68831676,0.6928589642047882,1.3599261
CH_2364,1,1.3206493,0.29605502,0.6122351586818695,1.1491951
CH_2364,2,1.9552681,0.37771952,0.42582768201828003,1.398309
CH_2364,3,2.2144742,0.42789292,0.34962761402130127,1.4881109
CH_2364,4,2.3446047,0.46292952,0.31135016679763794,1.5312102
CH_2364,5,2.4599545,0.48840967,0.2773892879486084,1.5684242
CH_2364,6,2.570118,0.50687355,0.24494534730911255,1.6031587
CH_2364,7,2.6622887,0.5231459,0.21777129173278809,1.6316521
CH_2364,8,2.7289727,0.53686947,0.19809496402740479,1.6519603
CH_2364,9,2.7813485,0.55232376,0.1826205849647522,1.6677375
CH_2364,10,2.8532562,0.56702,0.16138404607772827,1.6891584
CH_2368,1,30.356297,1.0455781,0.36147385835647583,5.509655
CH_2368,2,42.848087,1.3447175,0.09871935844421387,6.545845
CH_2368,3,45.409958,1.4668698,0.04483354091644287,6.7386913
CH_2368,4,46.33578,1.5471542,0.025364816188812256,6.8070393
CH_2368,5,46.88317,1.6115904,0.013857781887054443,6.847129
CH_2368,6,47.362362,1.6650808,0.0037908554077148438,6.882032
CH_2368,7,47.727066,1.707088,-0.0038683414459228516,6.908478
CH_2368,8,47.97625,1.7369838,-0.009096264839172363,6.926489
CH_2368,9,48.162693,1.7579618,-0.012999296188354492,6.9399347
CH_2368,10,48.471638,1.7735502,-0.019478678703308105,6.9621577
CH_2369,1,0.5078536,0.25043702,0.5579186677932739,0.7126385
CH_2369,2,0.7085276,0.35341683,0.38332200050354004,0.84174085
CH_2369,3,0.75111157,0.40096632,0.34741687774658203,0.8666669
CH_2369,4,0.81933045,0.4359916,0.28877776861190796,0.9051688
CH_2369,5,0.86699,0.45856622,0.24765992164611816,0.93112296
CH_2369,6,0.89642185,0.4743783,0.22229212522506714,0.9467956
CH_2369,7,0.92849535,0.48733747,0.19625550508499146,0.96358466
CH_2369,8,0.95136005,0.50201154,0.1789323091506958,0.9753769
CH_2369,9,0.9665497,0.509,0.16650336980819702,0.9831326
CH_2369,10,0.9723973,0.51628846,0.16139042377471924,0.9861021
CH_2372,1,2.4378028,0.974583,0.6795301735401154,1.5613464
CH_2372,2,3.9814434,1.2571094,0.4760575294494629,1.9953555
CH_2372,3,4.5530868,1.3300945,0.4002729654312134,2.1337962
CH_2372,4,4.7770724,1.3866298,0.3701942563056946,2.1856515
CH_2372,5,4.932379,1.4249451,0.3494713306427002,2.220896
CH_2372,6,4.8384156,1.3951205,0.36177659034729004,2.1996398
CH_2372,7,4.670767,1.3550429,0.38367021083831787,2.1611958
CH_2372,8,4.801077,1.4057107,0.3664044141769409,2.191136
CH_2372,9,4.9309106,1.4342825,0.3491939306259155,2.2205653
CH_2372,10,4.9261017,1.4272552,0.34965646266937256,2.2194822
CH_2374,1,7.4731274,1.0604361,0.4598458409309387,2.7337022
CH_2374,2,11.800962,1.4689119,0.1471894383430481,3.435253
CH_2374,3,13.244825,1.6464163,0.05022794008255005,3.639344
CH_2374,4,13.915468,1.708878,0.005981028079986572,3.7303443
CH_2374,5,14.02193,1.7432077,-0.0015867948532104492,3.7445867
CH_2374,6,14.117341,1.7749202,-0.00857234001159668,3.757305
CH_2374,7,14.234006,1.7996111,-0.017082571983337402,3.772798
CH_2374,8,14.143356,1.8147464,-0.019909262657165527,3.7607653
CH_2374,9,14.301476,1.8399861,-0.03430473804473877,3.7817292
CH_2374,10,14.296549,1.85613,-0.03544116020202637,3.7810776
CH_2378,1,1.0046265,0.5934438,0.8174960315227509,1.0023106
CH_2378,2,2.3415263,0.840827,0.5747771561145782,1.5302047
CH_2378,3,3.0125763,0.9624145,0.45328205823898315,1.7356775
CH_2378,4,3.407109,1.0394747,0.3816053867340088,1.8458356
CH_2378,5,3.682182,1.1009874,0.33147066831588745,1.9189013
CH_2378,6,3.8694324,1.1299983,0.29752254486083984,1.9670873
CH_2378,7,4.0330997,1.1414709,0.2678684592247009,2.0082579
CH_2378,8,4.2200494,1.1792327,0.23067116737365723,2.054276
CH_2378,9,4.3176923,1.2119789,0.20617032051086426,2.0779057
CH_2378,10,4.313865,1.2180572,0.2009422779083252,2.0769846
CH_2386,1,0.6001101,0.2909233,0.6073412895202637,0.77466774
CH_2386,2,0.98825306,0.41739938,0.3535054922103882,0.99410915
CH_2386,3,1.1839374,0.48810095,0.23810076713562012,1.0880889
CH_2386,4,1.2767801,0.5298586,0.18558818101882935,1.129947
CH_2386,5,1.342748,0.56031543,0.14528852701187134,1.1587701
CH_2386,6,1.3932225,0.5837278,0.11387395858764648,1.1803484
CH_2386,7,1.4303987,0.600764,0.09058856964111328,1.1959928
CH_2386,8,1.4444278,0.6155163,0.07633465528488159,1.2018435
CH_2386,9,1.455926,0.6222635,0.06068986654281616,1.2066176
CH_2386,10,1.4385473,0.62452,0.06347447633743286,1.1993946
CH_2387,1,1.239737,0.678778,0.7358680069446564,1.1134348
CH_2387,2,2.0381827,0.8575612,0.5657283663749695,1.4276494
CH_2387,3,2.3460338,0.878685,0.5002629458904266,1.5316768
CH_2387,4,2.5698018,0.91593575,0.4529687166213989,1.6030601
CH_2387,5,2.7496576,0.9522543,0.4150869846343994,1.6582092
CH_2387,6,2.777997,0.9175396,0.4094163179397583,1.6667324
CH_2387,7,2.8036103,0.9025163,0.40413057804107666,1.6743985
CH_2387,8,3.0467687,0.984299,0.35280513763427734,1.7454995
CH_2387,9,3.22878,1.021571,0.3143399953842163,1.7968806
CH_2387,10,3.2799647,1.0120376,0.30356842279434204,1.8110672
CH_2403,1,0.30676508,0.16693825,0.8181905299425125,0.55386376
CH_2403,2,0.51588905,0.22170402,0.6942377984523773,0.71825415
CH_2403,3,0.6600988,0.26216325,0.6087593138217926,0.81246465
CH_2403,4,0.7666905,0.2901133,0.5455743074417114,0.8756086
CH_2403,5,0.845474,0.3106975,0.4988754391670227,0.9194966
CH_2403,6,0.9103298,0.32538372,0.460404634475708,0.95411205
CH_2403,7,0.95896024,0.33564833,0.43157243728637695,0.97926515
CH_2403,8,1.0037014,0.34665138,0.40504491329193115,1.001849
CH_2403,9,1.0467463,0.3573925,0.37952232360839844,1.0231062
CH_2403,10,1.0877091,0.36580002,0.3552190661430359,1.0429329
CH_2409,1,7.0419574,1.0543202,0.3719415068626404,2.6536686
CH_2409,2,9.891905,1.4290309,0.11795604228973389,3.14514
CH_2409,3,10.917661,1.5823237,0.030562996864318848,3.3041883
CH_2409,4,11.257167,1.6392378,0.0005984306335449219,3.3551702
CH_2409,5,11.36946,1.681146,-0.009629607200622559,3.371863
CH_2409,6,11.448337,1.708088,-0.016889214515686035,3.383539
CH_2409,7,11.530787,1.7412905,-0.02421712875366211,3.3957014
CH_2409,8,11.107987,1.7547919,-0.024353742599487305,3.3328648
CH_2409,9,11.156109,1.763972,-0.03751111030578613,3.3400762
CH_2409,10,11.143399,1.7768514,-0.038379788398742676,3.3381732
CH_2410,1,0.5597749,0.39259398,0.8485597670078278,0.74818105
CH_2410,2,1.1277759,0.5359753,0.6950969398021698,1.061968
CH_2410,3,1.4231242,0.6192914,0.6154917478561401,1.1929477
CH_2410,4,1.6219978,0.69007206,0.5619670152664185,1.2735767
CH_2410,5,1.7558572,0.7426632,0.5257806777954102,1.3250877
CH_2410,6,1.8689116,0.7831011,0.49513983726501465,1.3670814
CH_2410,7,1.9539653,0.80475485,0.4721863865852356,1.3978431
CH_2410,8,2.0244126,0.8342817,0.4531738758087158,1.4228185
CH_2410,9,2.1009977,0.86108786,0.4326009750366211,1.4494818
CH_2410,10,2.1787856,0.8792026,0.41157859563827515,1.476071
CH_2415,1,0.15136756,0.20976,0.6519164144992828,0.38905984
CH_2415,2,0.20328476,0.26478973,0.53251051902771,0.4508711
CH_2415,3,0.23542942,0.29889047,0.46259528398513794,0.4852107
CH_2415,4,0.26001257,0.32509038,0.4083017110824585,0.5099143
CH_2415,5,0.28247148,0.34995383,0.3581743836402893,0.53148043
CH_2415,6,0.30675465,0.37461442,0.3037542700767517,0.55385435
CH_2415,7,0.3246374,0.39226422,0.2638038396835327,0.5697696
CH_2415,8,0.33690736,0.40788093,0.23310339450836182,0.5804372
CH_2415,9,0.3493808,0.41903496,0.20175600051879883,0.5910844
CH_2415,10,0.35149768,0.42608893,0.19051587581634521,0.5928724
CH_2418,1,0.778648,0.18191168,0.699661523103714,0.88241035
CH_2418,2,1.1761802,0.22976647,0.5463218986988068,1.0845184
CH_2418,3,1.422642,0.2551933,0.45125001668930054,1.1927456
CH_2418,4,1.5798099,0.27786046,0.39061909914016724,1.2569048
CH_2418,5,1.6996442,0.294575,0.34438759088516235,1.303704
CH_2418,6,1.7907209,0.30610266,0.30924952030181885,1.3381782
CH_2418,7,1.8712164,0.31219462,0.2781909704208374,1.3679241
CH_2418,8,1.9194593,0.31665045,0.2595731019973755,1.3854456
CH_2418,9,1.9479932,0.32383072,0.24855738878250122,1.3957052
CH_2418,10,1.9902122,0.33198792,0.23226410150527954,1.4107488
CH_2419,1,2.337078,0.5375055,0.8810989856719971,1.5287505
CH_2419,2,3.928227,0.704602,0.8001179695129395,1.9819756
CH_2419,3,4.530648,0.82201576,0.7694302946329117,2.128532
CH_2419,4,4.9723716,0.9130988,0.7469136416912079,2.2298815
CH_2419,5,5.326764,0.9724423,0.7288361191749573,2.3079784
CH_2419,6,5.6416426,1.02061,0.7127650380134583,2.375214
CH_2419,7,5.921353,1.0624518,0.6984809637069702,2.433383
CH_2419,8,6.139007,1.1098801,0.6873562335968018,2.477702
CH_2419,9,6.2109756,1.1462995,0.6836532056331635,2.492183
CH_2419,10,6.4567895,1.1747835,0.6710958480834961,2.5410213
CH_2420,1,7.0763035,0.8916878,0.6174639463424683,2.6601322
CH_2420,2,11.106941,1.108557,0.3993455767631531,3.332708
CH_2420,3,12.711256,1.2026702,0.3123152256011963,3.5652847
CH_2420,4,13.677342,1.3079175,0.25985783338546753,3.6982892
CH_2420,5,14.270147,1.4149411,0.22766417264938354,3.7775848
CH_2420,6,14.823342,1.4620633,0.19758820533752441,3.8501093
CH_2420,7,15.099809,1.5062591,0.18243271112442017,3.8858473
CH_2420,8,15.319858,1.5758189,0.17033296823501587,3.914059
CH_2420,9,15.541347,1.6191614,0.15800583362579346,3.9422514
CH_2420,10,15.870344,1.6468532,0.13995355367660522,3.98376
CH_2426,1,1.56417,0.38072675,0.5699523985385895,1.2506678
CH_2426,2,2.3034775,0.5318807,0.3665383458137512,1.5177212
CH_2426,3,2.6351266,0.6118676,0.2751588821411133,1.6233073
CH_2426,4,2.7711487,0.6643496,0.23758792877197266,1.6646768
CH_2426,5,2.8194053,0.7046496,0.22418713569641113,1.6791085
CH_2426,6,2.838883,0.72959465,0.21872997283935547,1.6848985
CH_2426,7,2.830265,0.745412,0.22102129459381104,1.6823392
CH_2426,8,2.8438017,0.7596432,0.217490553855896,1.6863575
CH_2426,9,2.8898797,0.77332956,0.20503801107406616,1.6999646
CH_2426,10,2.9173892,0.7824322,0.19767969846725464,1.7080367
CH_2432,1,0.43059734,0.2679532,0.8316498100757599,0.65619916
CH_2432,2,1.092096,0.4263536,0.5732809901237488,1.0450339
CH_2432,3,1.4072381,0.5349886,0.45066964626312256,1.1862707
CH_2432,4,1.5952647,0.6082695,0.37773895263671875,1.2630379
CH_2432,5,1.7526821,0.65936327,0.31644415855407715,1.323889
CH_2432,6,1.8742393,0.70659626,0.2690774202346802,1.3690286
CH_2432,7,1.9969299,0.7408833,0.22164148092269897,1.4131277
CH_2432,8,2.105389,0.7708801,0.1802462339401245,1.4509959
CH_2432,9,2.1837118,0.78612155,0.14845222234725952,1.4777387
CH_2432,10,2.1946127,0.7955786,0.14080476760864258,1.4814225
CH_2433,1,2.4995391,0.83084345,0.8629149943590164,1.580993
CH_2433,2,6.105409,1.2750143,0.6656538844108582,2.4709127
CH_2433,3,8.684222,1.6078043,0.5257602035999298,2.9469004
CH_2433,4,10.498719,1.8658465,0.4274930953979492,3.2401726
CH_2433,5,11.932648,2.0447628,0.34957003593444824,3.4543664
CH_2433,6,13.072145,2.182483,0.28753459453582764,3.6155422
CH_2433,7,13.999642,2.2981405,0.2370324730873108,3.7416096
CH_2433,8,14.718793,2.395116,0.1964537501335144,3.8365078
CH_2433,9,15.185379,2.4559927,0.16806119680404663,3.8968422
CH_2433,10,15.328128,2.4906948,0.15644007921218872,3.9151154
CH_2434,1,0.19929156,0.20037217,0.7518560886383057,0.44642082
CH_2434,2,0.35066843,0.29887518,0.5633470416069031,0.5921726
CH_2434,3,0.43352428,0.35187232,0.46163254976272583,0.6584256
CH_2434,4,0.49904412,0.39196727,0.3814690113067627,0.70643055
CH_2434,5,0.55499506,0.42869052,0.31244003772735596,0.7449799
CH_2434,6,0.59801656,0.45106083,0.2592611312866211,0.7733153
CH_2434,7,0.6288616,0.4639356,0.22134649753570557,0.79300797
CH_2434,8,0.6392822,0.4766146,0.20417934656143188,0.79955125
CH_2434,9,0.6496811,0.4857265,0.18585878610610962,0.80602795
CH_2434,10,0.653246,0.48968127,0.1754804253578186,0.80823636
CH_2450,1,0.13708162,0.17498861,0.5765300095081329,0.37024537
CH_2450,2,0.19940841,0.24261734,0.38392066955566406,0.44655168
CH_2450,3,0.22300218,0.27409324,0.3117932081222534,0.47223106
CH_2450,4,0.24310228,0.296717,0.25018763542175293,0.49305403
CH_2450,5,0.25933826,0.31189007,0.20018547773361206,0.50925267
CH_2450,6,0.27168328,0.32480514,0.16210490465164185,0.5212325
CH_2450,7,0.2782901,0.33389875,0.14160746335983276,0.5275321
CH_2450,8,0.27895778,0.3412493,0.12925738096237183,0.52816457
CH_2450,9,0.27892762,0.3455104,0.11689138412475586,0.528136
CH_2450,10,0.27300328,0.34761405,0.11691826581954956,0.5224972
CH_2458,1,0.19506192,0.17319098,0.6442922651767731,0.44165814
CH_2458,2,0.3281623,0.24051037,0.4018039107322693,0.5728545
CH_2458,3,0.38418502,0.27583647,0.30014848709106445,0.6198266
CH_2458,4,0.41233537,0.30049822,0.24921149015426636,0.6421335
CH_2458,5,0.43303487,0.31637207,0.2116377353668213,0.6580539
CH_2458,6,0.4472985,0.32739472,0.18570446968078613,0.66880375
CH_2458,7,0.45963746,0.33723825,0.16353976726531982,0.6779657
CH_2458,8,0.46649787,0.34257472,0.14678537845611572,0.68300647
CH_2458,9,0.46940914,0.34362534,0.13496357202529907,0.6851344
CH_2458,10,0.46910667,0.34584653,0.133162260055542,0.68491364
CH_2468,1,8.634336,1.1316291,0.42916685342788696,2.938424
CH_2468,2,13.26631,1.5326267,0.12307119369506836,3.6422946
CH_2468,3,14.948666,1.6954968,0.014883339405059814,3.8663504
CH_2468,4,15.571827,1.7674928,-0.025457382202148438,3.9461155
CH_2468,5,15.785806,1.8062348,-0.039765000343322754,3.9731355
CH_2468,6,15.816385,1.8391207,-0.041962265968322754,3.9769819
CH_2468,7,15.87692,1.8666451,-0.04602348804473877,3.9845853
CH_2468,8,15.4927845,1.8701202,-0.04646265506744385,3.9360874
CH_2468,9,15.4963,1.8900592,-0.04994630813598633,3.936534
CH_2468,10,15.4211855,1.9034594,-0.04630732536315918,3.9269817
CH_2469,1,0.9043561,0.43943575,0.8350193798542023,0.95097643
CH_2469,2,1.4039273,0.6121864,0.7437481880187988,1.1848744
CH_2469,3,1.6767985,0.7108236,0.6936982274055481,1.2949126
CH_2469,4,1.8420708,0.78514415,0.6633068323135376,1.3572291
CH_2469,5,1.9733294,0.82470477,0.6391614079475403,1.4047525
CH_2469,6,2.0040395,0.85011524,0.6334333717823029,1.4156411
CH_2469,7,2.0424092,0.8752388,0.6263808906078339,1.4291288
CH_2469,8,2.0313232,0.8889785,0.628659725189209,1.4252449
CH_2469,9,2.0689297,0.9077178,0.6220775842666626,1.4383775
CH_2469,10,2.084441,0.921775,0.6195401549339294,1.4437593
CH_2471,1,0.17601073,0.20204508,0.5907407402992249,0.41953632
CH_2471,2,0.25838104,0.2726754,0.3989633321762085,0.5083119
CH_2471,3,0.28981912,0.30210653,0.3273000121116638,0.5383485
CH_2471,4,0.31228432,0.32519963,0.2757759690284729,0.55882406
CH_2471,5,0.33373395,0.34290704,0.22591054439544678,0.5776971
CH_2471,6,0.3526676,0.35684773,0.1818050742149353,0.59385824
CH_2471,7,0.35954532,0.3664863,0.16545605659484863,0.599621
CH_2471,8,0.36113104,0.3724646,0.15626859664916992,0.6009418
CH_2471,9,0.36346927,0.3761259,0.14414632320404053,0.6028841
CH_2471,10,0.36253285,0.3826421,0.13881152868270874,0.602107
CH_2473,1,0.6582246,0.46597093,0.8370800465345383,0.8113104
CH_2473,2,1.2407844,0.619548,0.6929544508457184,1.1139051
CH_2473,3,1.5325052,0.67809,0.6206970512866974,1.2379439
CH_2473,4,1.7083783,0.7221381,0.5772542655467987,1.3070495
CH_2473,5,1.8441081,0.77209705,0.5439469814300537,1.3579794
CH_2473,6,1.9237982,0.790654,0.5246734619140625,1.3870106
CH_2473,7,1.9824392,0.7908706,0.5104806125164032,1.4079912
CH_2473,8,2.0954735,0.82684535,0.4829767346382141,1.4475751
CH_2473,9,2.222578,0.8597295,0.4520101547241211,1.4908314
CH_2473,10,2.3430657,0.8711236,0.422610342502594,1.5307076
CH_2475,1,21.1145,0.88196206,0.21287745237350464,4.595052
CH_2475,2,25.316832,1.0326698,0.0562555193901062,5.0315833
CH_2475,3,26.185455,1.0854125,0.02391040325164795,5.1171727
CH_2475,4,26.313847,1.1202925,0.019159436225891113,5.1297026
CH_2475,5,26.452423,1.148862,0.014027178287506104,5.143192
CH_2475,6,26.676765,1.1703289,0.005697369575500488,5.1649556
CH_2475,7,26.870544,1.1790503,-0.001492619514465332,5.1836805
CH_2475,8,26.973204,1.1854427,-0.005285978317260742,5.1935735
CH_2475,9,27.058777,1.193462,-0.008441567420959473,5.201805
CH_2475,10,27.210426,1.2038281,-0.014060378074645996,5.2163615
CH_2478,1,0.3550529,0.22402893,0.7164368331432343,0.59586316
CH_2478,2,0.63495183,0.35348856,0.49285560846328735,0.79683864
CH_2478,3,0.7728693,0.42786577,0.38289517164230347,0.8791298
CH_2478,4,0.86490417,0.47861215,0.30974632501602173,0.9300022
CH_2478,5,0.94899076,0.51415825,0.24271267652511597,0.97416157
CH_2478,6,1.0084922,0.5401785,0.19523096084594727,1.0042372
CH_2478,7,1.0456733,0.5595274,0.16615617275238037,1.0225817
CH_2478,8,1.0574894,0.5780724,0.15185749530792236,1.0283431
CH_2478,9,1.0671288,0.5879637,0.13600832223892212,1.0330193
CH_2478,10,1.0689211,0.5941393,0.12573033571243286,1.0338864
CH_2480,1,0.7219144,0.41120738,0.8689766526222229,0.84965545
CH_2480,2,2.2209666,0.706522,0.5976398587226868,1.4902908
CH_2480,3,3.0542696,0.88614035,0.44744670391082764,1.7476468
CH_2480,4,3.4951587,0.99888074,0.3682408928871155,1.8695344
CH_2480,5,3.8110995,1.0729142,0.31121009588241577,1.9522038
CH_2480,6,4.0425797,1.1318877,0.26933205127716064,2.0106168
CH_2480,7,4.2766275,1.1793736,0.2270023226737976,2.0680008
CH_2480,8,4.4279723,1.211824,0.19376987218856812,2.1042747
CH_2480,9,4.4969954,1.2319964,0.17235350608825684,2.1206121
CH_2480,10,4.5027075,1.2449572,0.16268903017044067,2.1219585
CH_2481,1,1.552661,0.6001497,0.8638083934783936,1.2460581
CH_2481,2,2.6232119,0.82829595,0.7698393166065216,1.6196332
CH_2481,3,3.2517097,0.97138506,0.7145563662052155,1.8032497
CH_2481,4,3.7362506,1.076425,0.6718906760215759,1.9329383
CH_2481,5,4.060866,1.1477255,0.6433097720146179,2.0151591
CH_2481,6,4.1844363,1.1867421,0.63247150182724,2.0455894
CH_2481,7,4.3406057,1.2237989,0.618831217288971,2.083412
CH_2481,8,4.4174123,1.2616271,0.6123335361480713,2.1017642
CH_2481,9,4.5024986,1.288334,0.6051582992076874,2.1219091
CH_2481,10,4.597826,1.3046608,0.5970621407032013,2.1442542
CH_2485,1,0.15583065,0.16816847,0.8101109862327576,0.3947539
CH_2485,2,0.34842944,0.2715559,0.5753983855247498,0.5902791
CH_2485,3,0.4526934,0.3381578,0.44877392053604126,0.6728249
CH_2485,4,0.5265757,0.38284865,0.35958361625671387,0.7256554
CH_2485,5,0.5784109,0.41276494,0.29684150218963623,0.76053333
CH_2485,6,0.6148569,0.43037376,0.2526808977127075,0.7841281
CH_2485,7,0.6453173,0.44437242,0.21574336290359497,0.8033165
CH_2485,8,0.6585445,0.4546447,0.19530868530273438,0.8115075
CH_2485,9,0.6448285,0.46003196,0.19255268573760986,0.80301213
CH_2485,10,0.6108132,0.4589095,0.18670034408569336,0.7815454
CH_2487,1,3.4004204,0.81800425,0.4363653063774109,1.8440229
CH_2487,2,4.903765,1.1076887,0.18702316284179688,2.2144446
CH_2487,3,5.522629,1.237127,0.08748388290405273,2.3500273
CH_2487,4,5.825343,1.2940563,0.037754714488983154,2.4135747
CH_2487,5,5.901115,1.3282416,0.024919331073760986,2.4292212
CH_2487,6,5.995839,1.3546704,0.00897890329360962,2.4486403
CH_2487,7,6.087301,1.3776146,-0.006166338920593262,2.4672456
CH_2487,8,5.950052,1.3940239,-0.007818460464477539,2.4392729
CH_2487,9,5.976899,1.4049554,-0.019365787506103516,2.4447699
CH_2487,10,5.9220867,1.4172032,-0.012880921363830566,2.433534
CH_2488,1,0.51317614,0.24806322,0.5252409875392914,0.71636313
CH_2488,2,0.7698098,0.34145403,0.28765058517456055,0.87738806
CH_2488,3,0.8653564,0.38532892,0.19965559244155884,0.93024534
CH_2488,4,0.9246171,0.40968493,0.14478594064712524,0.96157014
CH_2488,5,0.9510949,0.4221277,0.12027508020401001,0.97524095
CH_2488,6,0.95447236,0.43109185,0.11712396144866943,0.97697103
CH_2488,7,0.96170807,0.43866217,0.11043107509613037,0.9806672
CH_2488,8,0.9679035,0.44675925,0.10471397638320923,0.98382086
CH_2488,9,0.97938704,0.45339838,0.09424436092376709,0.9896399
CH_2488,10,0.992157,0.45979717,0.08231329917907715,0.99607074
CH_2490,1,1.1254426,0.4553035,0.807354211807251,1.0608689
CH_2490,2,2.5890942,0.6936142,0.5568673312664032,1.6090662
CH_2490,3,3.244635,0.8272225,0.4455605745315552,1.801287
CH_2490,4,3.5998695,0.91682726,0.38531142473220825,1.8973322
CH_2490,5,3.8248482,0.9747276,0.3469657301902771,1.9557219
CH_2490,6,4.0223026,1.0246781,0.31326067447662354,2.0055678
CH_2490,7,4.2564373,1.0649312,0.27331215143203735,2.0631135
CH_2490,8,4.4544997,1.0928978,0.23730379343032837,2.1105685
CH_2490,9,4.590055,1.1062677,0.20914262533187866,2.1424413
CH_2490,10,4.623539,1.1109074,0.19874733686447144,2.1502416
CH_2491,1,1.5700955,0.52162355,0.8790404871106148,1.2530346
CH_2491,2,2.5586405,0.73377895,0.8029224723577499,1.599575
CH_2491,3,3.1283128,0.8656596,0.7590908259153366,1.7687037
CH_2491,4,3.5156455,0.97029907,0.7293134927749634,1.8750055
CH_2491,5,3.8209631,1.0423173,0.7058476209640503,1.9547284
CH_2491,6,4.0124197,1.0906878,0.6911526322364807,2.0031025
CH_2491,7,4.0820656,1.1167285,0.6858681738376617,2.0204122
CH_2491,8,4.059321,1.1295251,0.6877813935279846,2.0147758
CH_2491,9,4.0653,1.145662,0.6874690353870392,2.016259
CH_2491,10,4.1116834,1.1649233,0.684034675359726,2.0277286
CH_2493,1,0.1446981,0.18441959,0.8695195913314819,0.38039204
CH_2493,2,0.29140934,0.2681547,0.7374352812767029,0.5398234
CH_2493,3,0.40676194,0.3374618,0.6342188119888306,0.63777894
CH_2493,4,0.50309855,0.3934139,0.5485310852527618,0.7092944
CH_2493,5,0.5780349,0.43209302,0.481833815574646,0.76028603
CH_2493,6,0.64191216,0.4636128,0.42480260133743286,0.8011942
CH_2493,7,0.70306367,0.49267906,0.3702240586280823,0.83848894
CH_2493,8,0.7580614,0.51415664,0.32081079483032227,0.8706672
CH_2493,9,0.79762703,0.5257115,0.28325432538986206,0.89309967
CH_2493,10,0.8129439,0.5349762,0.26637476682662964,0.901634
CH_2494,1,4.1937995,0.6494092,0.6009796261787415,2.0478768
CH_2494,2,6.6904593,0.80248755,0.3631998896598816,2.5865922
CH_2494,3,7.476257,0.86947125,0.28797197341918945,2.7342744
CH_2494,4,7.9023333,0.93841547,0.24729561805725098,2.8111088
CH_2494,5,8.141345,1.0043675,0.22447198629379272,2.8533041
CH_2494,6,8.399866,1.0632446,0.19976747035980225,2.8982522
CH_2494,7,8.596255,1.0969533,0.1809142827987671,2.9319372
CH_2494,8,8.694322,1.1233183,0.17141586542129517,2.9486134
CH_2494,9,8.816399,1.156038,0.15952068567276,2.969242
CH_2494,10,9.027741,1.1775141,0.13909870386123657,3.00462
CH_2497,1,0.2393794,0.20157135,0.5342482030391693,0.48926416
CH_2497,2,0.339505,0.28416482,0.3394829034805298,0.58267057
CH_2497,3,0.37775937,0.32039586,0.2661345601081848,0.61462134
CH_2497,4,0.40978152,0.34598184,0.2047938108444214,0.6401418
CH_2497,5,0.42928144,0.36066014,0.16718566417694092,0.6551957
CH_2497,6,0.44395116,0.373859,0.13872861862182617,0.6662966
CH_2497,7,0.4521818,0.38461673,0.1226656436920166,0.67244464
CH_2497,8,0.44998604,0.39436495,0.11428004503250122,0.67081
CH_2497,9,0.45148182,0.39805433,0.09737712144851685,0.671924
CH_2497,10,0.44312212,0.4004606,0.09922856092453003,0.6656742
CH_2498,1,1.1161242,0.28001383,0.7252078354358673,1.0564678
CH_2498,2,1.8469297,0.3725097,0.5452395975589752,1.3590178
CH_2498,3,2.1634169,0.43579394,0.467226505279541,1.4708558
CH_2498,4,2.299158,0.4838686,0.43374186754226685,1.5162975
CH_2498,5,2.3495626,0.5225475,0.4212872385978699,1.5328283
CH_2498,6,2.3871446,0.54822814,0.41203784942626953,1.5450387
CH_2498,7,2.4188375,0.56857854,0.4042317271232605,1.5552613
CH_2498,8,2.433048,0.5869245,0.40075844526290894,1.559823
CH_2498,9,2.502662,0.60593396,0.3836568593978882,1.5819803
CH_2498,10,2.5721118,0.618029,0.36660706996917725,1.6037805
CH_2602,1,1.3281242,0.5673624,0.772923469543457,1.1524427
CH_2602,2,2.2034883,0.7210286,0.6233509480953217,1.4844152
CH_2602,3,2.6017976,0.76719373,0.5553238093852997,1.6130089
CH_2602,4,2.8677053,0.82661,0.5101444125175476,1.6934301
CH_2602,5,3.0628886,0.8809961,0.4771360158920288,1.750111
CH_2602,6,3.1719487,0.8827708,0.45889317989349365,1.7809966
CH_2602,7,3.2308192,0.8821593,0.449219286441803,1.7974479
CH_2602,8,3.3849845,0.93431807,0.42323482036590576,1.8398328
CH_2602,9,3.5293183,0.96231306,0.3988257050514221,1.878648
CH_2602,10,3.61946,0.9683939,0.38360434770584106,1.9024879
CH_2603,1,1.5130094,0.50797963,0.4586283564567566,1.2300445
CH_2603,2,2.1213794,0.71091855,0.24111902713775635,1.4564955
CH_2603,3,2.3916936,0.80696815,0.14825427532196045,1.5465101
CH_2603,4,2.5408518,0.8588787,0.09614986181259155,1.594005
CH_2603,5,2.593612,0.89193594,0.07747286558151245,1.6104695
CH_2603,6,2.6284847,0.916733,0.06501257419586182,1.6212603
CH_2603,7,2.6609175,0.94682074,0.05345052480697632,1.6312319
CH_2603,8,2.5911896,0.9632743,0.052075743675231934,1.6097172
CH_2603,9,2.5997338,0.9826992,0.03763920068740845,1.6123691
CH_2603,10,2.5958326,0.99495137,0.033733248710632324,1.6111587
CH_2605,1,33.501118,1.5537932,0.529674768447876,5.788015
CH_2605,2,53.821014,2.112197,0.24432039260864258,7.336281
CH_2605,3,60.58209,2.3653388,0.1492687463760376,7.7834496
CH_2605,4,63.9206,2.556859,0.10228270292282104,7.995036
CH_2605,5,65.9429,2.707725,0.07379716634750366,8.120523
CH_2605,6,67.69214,2.8242393,0.04915279150009155,8.227523
CH_2605,7,68.68252,2.907997,0.03516799211502075,8.287492
CH_2605,8,69.21583,2.9619775,0.027610063552856445,8.319605
CH_2605,9,70.05053,3.0080292,0.015832841396331787,8.369619
CH_2605,10,70.93474,3.0397675,0.0033568739891052246,8.4222765
CH_2610,1,1.7922137,0.3582167,0.4045944809913635,1.3387358
CH_2610,2,2.350993,0.5267662,0.218944251537323,1.5332948
CH_2610,3,2.5611422,0.6136147,0.1495724320411682,1.6003569
CH_2610,4,2.6954234,0.66478175,0.1053164005279541,1.6417744
CH_2610,5,2.8058612,0.70096976,0.06872820854187012,1.6750705
CH_2610,6,2.8848076,0.72574264,0.04252415895462036,1.6984721
CH_2610,7,2.9171617,0.7501699,0.03229045867919922,1.70797
CH_2610,8,2.9083333,0.76603365,0.029116034507751465,1.7053837
CH_2610,9,2.899103,0.7691991,0.02591109275817871,1.7026752
CH_2610,10,2.8990855,0.775749,0.020858049392700195,1.7026701
CH_2617,1,0.058511894,0.12581272,0.9549928531050682,0.24189232
CH_2617,2,0.08933197,0.14615914,0.931249737739563,0.29888454
CH_2617,3,0.115782864,0.17051238,0.9108451753854752,0.34026882
CH_2617,4,0.14575472,0.19511233,0.8877082169055939,0.38177836
CH_2617,5,0.17459284,0.21522456,0.8654260039329529,0.41784307
CH_2617,6,0.20304936,0.23277925,0.8434105813503265,0.45060998
CH_2617,7,0.22403717,0.24916358,0.8271332830190659,0.47332564
CH_2617,8,0.2480137,0.26558685,0.8085445761680603,0.49800974
CH_2617,9,0.2709319,0.2783133,0.7907571345567703,0.5205112
CH_2617,10,0.29364386,0.29336095,0.7731116265058517,0.54188913
CH_2634,1,3.1219225,0.7437366,0.4117434024810791,1.7668962
CH_2634,2,4.349887,0.98905003,0.18032974004745483,2.0856383
CH_2634,3,4.79482,1.1071929,0.09887057542800903,2.1897078
CH_2634,4,5.043636,1.1575576,0.052634477615356445,2.245804
CH_2634,5,5.12411,1.1881653,0.03729456663131714,2.2636497
CH_2634,6,5.218585,1.2181365,0.01924949884414673,2.2844222
CH_2634,7,5.301492,1.2375416,0.0034807324409484863,2.302497
CH_2634,8,5.142328,1.2410005,0.004473268985748291,2.2676702
CH_2634,9,5.15753,1.2503729,-0.004613757133483887,2.2710195
CH_2634,10,5.1211643,1.257682,-0.0012172460556030273,2.262999
CH_3009,1,0.4573912,0.34841692,0.7618931531906128,0.676307
CH_3009,2,0.70329213,0.45923212,0.6335626244544983,0.83862513
CH_3009,3,0.81633526,0.502942,0.57441246509552,0.9035127
CH_3009,4,0.9011358,0.5355087,0.5301792323589325,0.94928175
CH_3009,5,0.96138257,0.5589825,0.4987771511077881,0.9805012
CH_3009,6,0.9947067,0.57566935,0.48100024461746216,0.99734986
CH_3009,7,1.0273068,0.5937056,0.4635557532310486,1.0135615
CH_3009,8,1.0533285,0.6098171,0.44987428188323975,1.026318
CH_3009,9,1.0753572,0.62322724,0.43833422660827637,1.0369943
CH_3009,10,1.0858251,0.62818366,0.4325540065765381,1.0420293
CH_3019,1,0.6289615,0.3046191,0.4319664239883423,0.7930709
CH_3019,2,0.78546244,0.36565265,0.29056239128112793,0.8862632
CH_3019,3,0.86411995,0.3990833,0.2194538712501526,0.9295805
CH_3019,4,0.89268655,0.4232388,0.19377678632736206,0.9448209
CH_3019,5,0.92751586,0.43008786,0.16224592924118042,0.96307623
CH_3019,6,0.9205897,0.43504527,0.1684175729751587,0.95947367
CH_3019,7,0.9359223,0.44213754,0.15447402000427246,0.9674308
CH_3019,8,0.96370965,0.45289484,0.1292663812637329,0.9816871
CH_3019,9,0.9783075,0.45900786,0.11594873666763306,0.98909426
CH_3019,10,0.9805518,0.46717653,0.11377209424972534,0.9902281
CH_3032,1,0.44588518,0.27966568,0.926901064813137,0.66774637
CH_3032,2,0.581696,0.35565776,0.9046193733811378,0.76268995
CH_3032,3,0.78289425,0.43919834,0.8716080188751221,0.88481313
CH_3032,4,1.0020151,0.5010641,0.8356502801179886,1.0010071
CH_3032,5,1.1347234,0.5353112,0.8138624131679535,1.065234
CH_3032,6,1.2236259,0.5566964,0.7992598861455917,1.1061763
CH_3032,7,1.2808429,0.58456486,0.7898544371128082,1.1317433
CH_3032,8,1.3502929,0.6037227,0.7784387320280075,1.162021
CH_3032,9,1.3906509,0.6248129,0.7717949897050858,1.1792586
CH_3032,10,1.4870118,0.6513123,0.7559618949890137,1.2194309
CH_3033,1,0.4898673,0.4855421,0.8254773318767548,0.6999052
CH_3033,2,0.6653119,0.5750061,0.763246089220047,0.8156665
CH_3033,3,0.6749394,0.5785111,0.7600455582141876,0.821547
CH_3033,4,0.7942952,0.62285995,0.7179500758647919,0.8912324
CH_3033,5,0.88854736,0.6470104,0.6848231554031372,0.9426279
CH_3033,6,0.875376,0.62278086,0.6892868876457214,0.9356153
CH_3033,7,0.7594141,0.60222214,0.7302152216434479,0.8714437
CH_3033,8,0.86646855,0.65629876,0.6922118663787842,0.93084294
CH_3033,9,0.9095168,0.671962,0.677243173122406,0.9536859
CH_3033,10,0.9009005,0.66517997,0.6806796193122864,0.9491578
CH_4002,1,2.3475263,0.48671106,0.8251424580812454,1.532164
CH_4002,2,5.789163,0.76130897,0.5683583319187164,2.406068
CH_4002,3,7.516635,0.9399434,0.4392557144165039,2.7416482
CH_4002,4,8.392261,1.0736363,0.3737550377845764,2.8969398
CH_4002,5,9.060265,1.16139,0.3215641975402832,3.0100274
CH_4002,6,9.689291,1.2341572,0.2733009457588196,3.1127627
CH_4002,7,10.311919,1.2946036,0.22591924667358398,3.2112176
CH_4002,8,10.741498,1.3411245,0.19340866804122925,3.2774224
CH_4002,9,11.037326,1.3810079,0.1712971329689026,3.322247
CH_4002,10,11.169001,1.4132347,0.1614362597465515,3.3420055
CH_4004,1,0.28743938,0.16544013,0.8371521532535553,0.5361337
CH_4004,2,0.66879827,0.2626907,0.6209273338317871,0.8178009
CH_4004,3,0.8830804,0.3272144,0.4993533492088318,0.9397236
CH_4004,4,1.0033338,0.3692052,0.431074321269989,1.0016655
CH_4004,5,1.0834669,0.39716664,0.3808267116546631,1.0408971
CH_4004,6,1.1698834,0.42176083,0.3298589587211609,1.0816115
CH_4004,7,1.2537748,0.44380298,0.2810836434364319,1.1197208
CH_4004,8,1.2997541,0.45855847,0.2543022632598877,1.1400676
CH_4004,9,1.3341054,0.46953222,0.23432689905166626,1.1550348
CH_4004,10,1.3514233,0.4791203,0.22408974170684814,1.1625073
CH_4006,1,0.7597753,0.24400687,0.7815705835819244,0.8716509
CH_4006,2,1.5363772,0.36824727,0.5582677125930786,1.2395068
CH_4006,3,1.9483312,0.44423154,0.4398235082626343,1.3958263
CH_4006,4,2.1817198,0.4986396,0.3727470636367798,1.4770646
CH_4006,5,2.3387277,0.53628004,0.32608330249786377,1.52929
CH_4006,6,2.5062315,0.5702725,0.2772865891456604,1.5831082
CH_4006,7,2.666884,0.5985106,0.2307647466659546,1.6330597
CH_4006,8,2.7567616,0.61942333,0.20474040508270264,1.6603498
CH_4006,9,2.8215492,0.6360268,0.1859903335571289,1.6797467
CH_4006,10,2.844731,0.65030795,0.17926055192947388,1.6866331
CH_4007,1,0.012513801,0.039353225,0.840601235628128,0.1118651
CH_4007,2,0.022195203,0.053107034,0.7167447805404663,0.14898054
CH_4007,3,0.028359085,0.06287806,0.6375965774059296,0.16840155
CH_4007,4,0.031870265,0.06956861,0.5922225117683411,0.17852245
CH_4007,5,0.034039088,0.07385165,0.5552242398262024,0.18449685
CH_4007,6,0.036453437,0.077878445,0.5211866497993469,0.19092783
CH_4007,7,0.03914579,0.081811935,0.48441070318222046,0.19785295
CH_4007,8,0.040839314,0.08435824,0.4611143469810486,0.20208739
CH_4007,9,0.04239831,0.08722214,0.4399331212043762,0.2059085
CH_4007,10,0.043079585,0.088666275,0.4286144971847534,0.20755622
CH_4009,1,0.034982573,0.08235492,0.6908383071422577,0.18703629
CH_4009,2,0.058327246,0.11507142,0.4795345067977905,0.24151035
CH_4009,3,0.070195794,0.13279603,0.37055790424346924,0.26494488
CH_4009,4,0.07812779,0.14337826,0.2973547577857971,0.27951348
CH_4009,5,0.08290626,0.14980553,0.23185139894485474,0.28793448
CH_4009,6,0.087808855,0.15574448,0.175664484500885,0.2963256
CH_4009,7,0.09193628,0.16120014,0.12822401523590088,0.30320996
CH_4009,8,0.09364026,0.16469124,0.11109298467636108,0.30600697
CH_4009,9,0.09445581,0.16786604,0.10362821817398071,0.30733663
CH_4009,10,0.09505864,0.1703112,0.09598302841186523,0.3083158
CH_4010,1,0.05607229,0.14506611,0.9555109478533268,0.23679589
CH_4010,2,0.050511494,0.15309915,0.9593666270375252,0.22474763
CH_4010,3,0.05814328,0.1745096,0.9525766149163246,0.24112917
CH_4010,4,0.07094551,0.1977286,0.9413280412554741,0.266356
CH_4010,5,0.08480467,0.21857856,0.9288723096251488,0.2912124
CH_4010,6,0.09890785,0.23775977,0.9158515706658363,0.3144962
CH_4010,7,0.11237704,0.2568015,0.9030286222696304,0.33522683
CH_4010,8,0.12715462,0.27595964,0.8887436911463737,0.35658747
CH_4010,9,0.14285232,0.29386142,0.8732994347810745,0.3779581
CH_4010,10,0.15802906,0.3111712,0.8579453527927399,0.3975287
CH_4011,1,0.14428276,0.15347512,0.7369042932987213,0.3798457
CH_4011,2,0.29357487,0.22783814,0.46358829736709595,0.5418255
CH_4011,3,0.35206127,0.26415473,0.35388511419296265,0.5933475
CH_4011,4,0.37916878,0.2846052,0.30170512199401855,0.6157668
CH_4011,5,0.40021187,0.29937536,0.24962276220321655,0.632623
CH_4011,6,0.41812336,0.31312412,0.2122560739517212,0.64662457
CH_4011,7,0.43460482,0.32088906,0.18013328313827515,0.65924567
CH_4011,8,0.44063285,0.32363674,0.1684073805809021,0.6638018
CH_4011,9,0.44777328,0.3262339,0.15493345260620117,0.66915864
CH_4011,10,0.44955915,0.32880086,0.14928549528121948,0.6704917
CH_4015,1,0.19019075,0.1797393,0.7797477692365646,0.43610865
CH_4015,2,0.45305365,0.30041176,0.47451281547546387,0.6730926
CH_4015,3,0.5791914,0.36311197,0.32786232233047485,0.76104623
CH_4015,4,0.6402316,0.3992623,0.25702786445617676,0.80014473
CH_4015,5,0.68149465,0.4241619,0.20915162563323975,0.8255269
CH_4015,6,0.708106,0.4435551,0.17797303199768066,0.8414903
CH_4015,7,0.72934085,0.457546,0.15338748693466187,0.8540146
CH_4015,8,0.7441368,0.46674395,0.13629138469696045,0.86263365
CH_4015,9,0.7579667,0.47456568,0.1202538013458252,0.8706128
CH_4015,10,0.7625236,0.479439,0.1132468581199646,0.873226
CH_4016,1,2.2442162,0.57101214,0.6974316239356995,1.4980708
CH_4016,2,4.540506,0.8867837,0.3875548839569092,2.1308463
CH_4016,3,5.418324,1.0530592,0.2690936326980591,2.3277295
CH_4016,4,5.7831063,1.1388496,0.2199571132659912,2.404809
CH_4016,5,6.0427246,1.2019379,0.18502330780029297,2.4581954
CH_4016,6,6.279503,1.2547497,0.15234196186065674,2.5058937
CH_4016,7,6.479214,1.28665,0.12544262409210205,2.54543
CH_4016,8,6.5951853,1.3148146,0.10990339517593384,2.5681093
CH_4016,9,6.687241,1.34036,0.09792476892471313,2.5859702
CH_4016,10,6.742629,1.3606983,0.09050673246383667,2.5966573
CH_4017,1,0.24949758,0.21190514,0.818970263004303,0.49949732
CH_4017,2,0.6052906,0.35566255,0.5594232082366943,0.7780042
CH_4017,3,0.8139744,0.44593018,0.40668410062789917,0.9022053
CH_4017,4,0.9344108,0.505649,0.3185746669769287,0.9666493
CH_4017,5,1.016904,0.5469108,0.2582966685295105,1.0084165
CH_4017,6,1.0745867,0.5780416,0.2159467339515686,1.0366228
CH_4017,7,1.1228305,0.6026915,0.18057787418365479,1.059637
CH_4017,8,1.1533767,0.61768395,0.15825217962265015,1.0739537
CH_4017,9,1.1751302,0.629491,0.14233654737472534,1.0840342
CH_4017,10,1.1804255,0.6380017,0.13670802116394043,1.086474
CH_4018,1,0.06695816,0.12176643,0.8375614583492279,0.25876275
CH_4018,2,0.1702693,0.19518647,0.5859041810035706,0.412637
CH_4018,3,0.23154445,0.23663488,0.43634068965911865,0.48119065
CH_4018,4,0.26421663,0.26375774,0.3566027879714966,0.5140201
CH_4018,5,0.28675282,0.28235906,0.2995659112930298,0.5354931
CH_4018,6,0.30252567,0.2990332,0.2585798501968384,0.5500233
CH_4018,7,0.31430447,0.31075418,0.2287994623184204,0.56062865
CH_4018,8,0.32164863,0.31772652,0.21050626039505005,0.56714076
CH_4018,9,0.3267312,0.32399243,0.19804906845092773,0.5716041
CH_4018,10,0.326729,0.3261201,0.1969548463821411,0.5716021
CH_4020,1,2.7640743,0.59392244,0.6642465889453888,1.6625506
CH_4020,2,5.1554275,0.8983959,0.37343692779541016,2.2705567
CH_4020,3,6.0469394,1.0596696,0.26499485969543457,2.4590526
CH_4020,4,6.4600143,1.1545912,0.2147817611694336,2.5416558
CH_4020,5,6.740516,1.222956,0.18070697784423828,2.5962503
CH_4020,6,6.9814935,1.2788591,0.15089774131774902,2.6422515
CH_4020,7,7.2102017,1.311486,0.12312150001525879,2.6851819
CH_4020,8,7.3528323,1.3416529,0.10584121942520142,2.7116106
CH_4020,9,7.4437666,1.3641801,0.0956951379776001,2.7283268
CH_4020,10,7.5056076,1.3872263,0.08827680349349976,2.7396364
CH_5009,1,1.6281921,0.53400433,0.8203436881303787,1.2760063
CH_5009,2,4.362618,0.90011877,0.5185267925262451,2.0886881
CH_5009,3,5.7007737,1.1063199,0.370714008808136,2.3876293
CH_5009,4,6.3626957,1.2279087,0.297569215297699,2.5224385
CH_5009,5,6.8394566,1.3089948,0.24487310647964478,2.6152356
CH_5009,6,7.3312078,1.3731999,0.19052654504776,2.7076204
CH_5009,7,7.757388,1.4270092,0.1434251070022583,2.7852087
CH_5009,8,8.031814,1.4644138,0.11308592557907104,2.8340454
CH_5009,9,8.252014,1.4884517,0.08875656127929688,2.872632
CH_5009,10,8.316918,1.5034565,0.08157885074615479,2.8839068
CH_5014,1,0.5341075,0.31357345,0.9056114852428436,0.7308266
CH_5014,2,1.7095956,0.52650046,0.6978268921375275,1.307515
CH_5014,3,2.643239,0.6884663,0.532707154750824,1.6258041
CH_5014,4,3.2448547,0.8093877,0.42624276876449585,1.801348
CH_5014,5,3.672594,0.89362663,0.35051804780960083,1.9164014
CH_5014,6,4.0287304,0.9580617,0.28746771812438965,2.0071697
CH_5014,7,4.333494,1.0075264,0.23352235555648804,2.0817046
CH_5014,8,4.58068,1.047391,0.18979227542877197,2.1402524
CH_5014,9,4.7581472,1.0729705,0.1584199070930481,2.1813178
CH_5014,10,4.860107,1.0913752,0.14042192697525024,2.204565
CH_5032,1,0.5143077,0.35962754,0.9190125912427902,0.7171525
CH_5032,2,1.5416933,0.5597158,0.7571726441383362,1.2416494
CH_5032,3,2.3898876,0.7088779,0.6234668791294098,1.5459261
CH_5032,4,3.0236619,0.82205623,0.5235092341899872,1.738868
CH_5032,5,3.490118,0.91324496,0.4499177932739258,1.8681858
CH_5032,6,3.8783731,0.98225725,0.38866758346557617,1.9693586
CH_5032,7,4.224598,1.0486988,0.33404403924942017,2.0553827
CH_5032,8,4.550171,1.1070147,0.28267359733581543,2.133113
CH_5032,9,4.806177,1.1508523,0.2422674298286438,2.1922996
CH_5032,10,4.9565043,1.1816751,0.21851712465286255,2.2263207
USA_01013500,1,0.20399676,0.21879812,0.9288124442100525,0.45166
USA_01013500,2,0.22660695,0.24688601,0.9209606572985649,0.4760325
USA_01013500,3,0.30713612,0.29750448,0.8929304555058479,0.5541986
USA_01013500,4,0.3925461,0.341855,0.8632305860519409,0.626535
USA_01013500,5,0.47730088,0.37864578,0.833792582154274,0.6908696
USA_01013500,6,0.55933017,0.40931815,0.8053372502326965,0.7478838
USA_01013500,7,0.6376643,0.4357561,0.7781994342803955,0.79853886
USA_01013500,8,0.7028675,0.4609367,0.7556589096784592,0.83837193
USA_01013500,9,0.7582779,0.48444617,0.7365475594997406,0.87079155
USA_01013500,10,0.80326474,0.5005333,0.7210703492164612,0.89625037
USA_01022500,1,0.9179769,0.43357977,0.8379107564687729,0.9581111
USA_01022500,2,2.2779315,0.70483685,0.5979685485363007,1.5092818
USA_01022500,3,3.2818627,0.8987114,0.42111265659332275,1.8115913
USA_01022500,4,3.859177,1.0239766,0.31915801763534546,1.9644789
USA_01022500,5,4.165318,1.0973101,0.2654397487640381,2.040911
USA_01022500,6,4.3113093,1.1470593,0.24021637439727783,2.0763693
USA_01022500,7,4.344693,1.1724008,0.23491764068603516,2.0843928
USA_01022500,8,4.3532367,1.1850148,0.23398178815841675,2.086441
USA_01022500,9,4.3662,1.1992866,0.2322859764099121,2.0895455
USA_01022500,10,4.3779616,1.2180372,0.2308024764060974,2.0923579
USA_01030500,1,0.9336912,0.4630384,0.845640167593956,0.966277
USA_01030500,2,1.2032715,0.5355345,0.8011543452739716,1.0969373
USA_01030500,3,1.7675225,0.67073256,0.708042711019516,1.3294821
USA_01030500,4,2.26565,0.787255,0.6260019540786743,1.5052077
USA_01030500,5,2.644052,0.87388164,0.5638454258441925,1.6260542
USA_01030500,6,2.9476507,0.94163185,0.5141073763370514,1.7168723
USA_01030500,7,3.1979344,0.99473906,0.4732182025909424,1.7882769
USA_01030500,8,3.3973167,1.0337508,0.4407588839530945,1.8431811
USA_01030500,9,3.5538094,1.0676535,0.4153856635093689,1.885155
USA_01030500,10,3.7029011,1.0980697,0.39124494791030884,1.9242923
USA_01031500,1,1.6376923,0.44834438,0.8184693902730942,1.2797235
USA_01031500,2,4.2865534,0.76323164,0.5249733030796051,2.0703993
USA_01031500,3,5.682083,0.95777315,0.3704603314399719,2.383712
USA_01031500,4,5.8393645,1.0648831,0.3531736731529236,2.4164777
USA_01031500,5,5.9664917,1.1397203,0.33934450149536133,2.4426403
USA_01031500,6,6.0089607,1.190554,0.3349069356918335,2.4513183
USA_01031500,7,6.416309,1.2353402,0.29009366035461426,2.5330434
USA_01031500,8,6.732929,1.2798247,0.25533610582351685,2.5947888
USA_01031500,9,7.2760177,1.3103108,0.19555479288101196,2.6974094
USA_01031500,10,7.5781093,1.3273019,0.16243648529052734,2.7528367
USA_01047000,1,2.6063373,0.56610084,0.7542605996131897,1.6144155
USA_01047000,2,5.9813967,0.9503236,0.4358981251716614,2.4456894
USA_01047000,3,7.5228963,1.1807196,0.2903372645378113,2.74279
USA_01047000,4,7.871049,1.2947279,0.25930696725845337,2.805539
USA_01047000,5,8.219657,1.3657639,0.22811895608901978,2.8669944
USA_01047000,6,8.387581,1.4130657,0.21264296770095825,2.896132
USA_01047000,7,8.64767,1.4421153,0.18831419944763184,2.940692
USA_01047000,8,8.949195,1.4726568,0.1601085066795349,2.9915204
USA_01047000,9,9.313497,1.50757,0.1257237195968628,3.0518022
USA_01047000,10,9.451275,1.53011,0.11264735460281372,3.0742927
USA_01052500,1,2.4944065,0.5637053,0.7660468220710754,1.579369
USA_01052500,2,5.2366657,0.9353415,0.50880366563797,2.2883763
USA_01052500,3,6.5880585,1.1156873,0.3819906711578369,2.5667214
USA_01052500,4,6.979464,1.2009298,0.34603482484817505,2.6418676
USA_01052500,5,6.9963164,1.2122293,0.3459436893463135,2.645055
USA_01052500,6,6.9800406,1.2226543,0.3475016951560974,2.6419766
USA_01052500,7,6.9491744,1.2175612,0.3504679203033447,2.6361287
USA_01052500,8,6.862844,1.22656,0.35860109329223633,2.619703
USA_01052500,9,7.40633,1.2521255,0.30767250061035156,2.7214572
USA_01052500,10,7.6448727,1.272096,0.28527897596359253,2.7649362
USA_01054200,1,16.169643,1.1301506,0.3713645339012146,4.0211496
USA_01054200,2,22.879673,1.5295501,0.11042851209640503,4.78327
USA_01054200,3,23.147121,1.6532873,0.09991186857223511,4.8111453
USA_01054200,4,23.10358,1.7418321,0.11166602373123169,4.806618
USA_01054200,5,24.299452,1.7990092,0.06617474555969238,4.9294477
USA_01054200,6,24.144972,1.7866418,0.07202279567718506,4.9137535
USA_01054200,7,23.10328,1.7738523,0.111996591091156,4.806587
USA_01054200,8,24.167452,1.7847159,0.07100707292556763,4.9160404
USA_01054200,9,24.377562,1.8181919,0.06281918287277222,4.9373636
USA_01054200,10,24.25774,1.8211218,0.06732058525085449,4.925215
USA_01055000,1,7.7733603,0.8555168,0.45697784423828125,2.7880747
USA_01055000,2,11.469276,1.23242,0.19865506887435913,3.386632
USA_01055000,3,12.108847,1.3571697,0.1537928581237793,3.4797769
USA_01055000,4,12.062754,1.4200544,0.1619977355003357,3.4731476
USA_01055000,5,12.434006,1.4541587,0.13741803169250488,3.5261886
USA_01055000,6,12.57399,1.4720685,0.12766027450561523,3.5459821
USA_01055000,7,12.230246,1.4634422,0.1515188217163086,3.497177
USA_01055000,8,12.411357,1.4593507,0.13887131214141846,3.5229757
USA_01055000,9,12.796506,1.4934703,0.11196362972259521,3.5772204
USA_01055000,10,12.8516655,1.5026368,0.10798078775405884,3.584922
USA_01057000,1,3.0642512,0.51114476,0.6442767977714539,1.7505003
USA_01057000,2,5.4782724,0.8209605,0.3639189600944519,2.340571
USA_01057000,3,6.268108,0.99466693,0.27207112312316895,2.503619
USA_01057000,4,6.328822,1.0892826,0.26618844270706177,2.5157151
USA_01057000,5,6.6822515,1.1532598,0.22659677267074585,2.585005
USA_01057000,6,6.930822,1.1934044,0.1981756091117859,2.6326454
USA_01057000,7,7.0967712,1.2190648,0.17910867929458618,2.6639767
USA_01057000,8,7.253771,1.2513478,0.16101181507110596,2.6932826
USA_01057000,9,7.345152,1.2703141,0.15031081438064575,2.710194
USA_01057000,10,7.3308783,1.2962154,0.15184098482131958,2.7075593
USA_01073000,1,0.7299892,0.33143234,0.7756198793649673,0.854394
USA_01073000,2,1.4137799,0.5165706,0.5656690001487732,1.1890248
USA_01073000,3,1.7998635,0.6302501,0.447327196598053,1.3415899
USA_01073000,4,2.063321,0.6995995,0.3667343258857727,1.4364265
USA_01073000,5,2.2257073,0.74448824,0.31722426414489746,1.4918804
USA_01073000,6,2.2598593,0.7714167,0.3037340044975281,1.5032829
USA_01073000,7,2.2813816,0.7906845,0.2951383590698242,1.5104243
USA_01073000,8,2.2886093,0.8069565,0.2923397421836853,1.512815
USA_01073000,9,2.2818804,0.8198327,0.29441237449645996,1.5105894
USA_01073000,10,2.2878444,0.82994235,0.29274630546569824,1.5125622
USA_01078000,1,0.43283573,0.30349097,0.8756389692425728,0.65790254
USA_01078000,2,1.1049578,0.50491124,0.6825170814990997,1.0511698
USA_01078000,3,1.5259786,0.6482491,0.5615741014480591,1.2353051
USA_01078000,4,1.7748516,0.73372614,0.49010634422302246,1.3322356
USA_01078000,5,1.940564,0.78169,0.44250214099884033,1.3930413
USA_01078000,6,2.0660913,0.8193554,0.4064496159553528,1.4373904
USA_01078000,7,2.1389146,0.8437682,0.3848385214805603,1.4625028
USA_01078000,8,2.1691496,0.8565792,0.3752731680870056,1.4728034
USA_01078000,9,2.2021813,0.8716657,0.3657093644142151,1.4839748
USA_01078000,10,2.2792342,0.8828301,0.3434739112854004,1.5097133
USA_01118300,1,2.429834,0.63302445,0.5846588909626007,1.5587925
USA_01118300,2,4.0952845,0.9152946,0.3001994490623474,2.023681
USA_01118300,3,4.660703,1.0337838,0.20405668020248413,2.1588662
USA_01118300,4,4.845165,1.0783803,0.17314225435256958,2.2011735
USA_01118300,5,5.006841,1.0886691,0.1460244059562683,2.2375972
USA_01118300,6,5.029926,1.1098477,0.14231687784194946,2.2427497
USA_01118300,7,5.113259,1.1379323,0.12853014469146729,2.2612517
USA_01118300,8,5.227264,1.1626312,0.10976886749267578,2.2863212
USA_01118300,9,5.316113,1.1709496,0.09536153078079224,2.3056698
USA_01118300,10,5.399607,1.1819835,0.0818631649017334,2.3237054
USA_01121000,1,4.897696,0.6564392,0.5060537755489349,2.213074
USA_01121000,2,7.5628676,0.90728974,0.23732858896255493,2.7500668
USA_01121000,3,8.267108,1.0164729,0.16645437479019165,2.875258
USA_01121000,4,8.577089,1.0704885,0.1354009509086609,2.9286668
USA_01121000,5,8.677389,1.0799892,0.12552136182785034,2.945741
USA_01121000,6,8.670584,1.1032501,0.12642675638198853,2.9445856
USA_01121000,7,8.78721,1.1203865,0.11485815048217773,2.964323
USA_01121000,8,8.737013,1.136004,0.12009739875793457,2.955844
USA_01121000,9,8.792826,1.1450539,0.11461377143859863,2.9652698
USA_01121000,10,8.936947,1.152728,0.10015720129013062,2.9894726
USA_01123000,1,3.3700845,0.53234154,0.5048894882202148,1.835779
USA_01123000,2,5.3371873,0.7790324,0.2159751057624817,2.3102353
USA_01123000,3,5.894355,0.89145595,0.13417202234268188,2.4278293
USA_01123000,4,6.1302176,0.938124,0.09957343339920044,2.4759276
USA_01123000,5,6.2168436,0.9541123,0.08688676357269287,2.4933598
USA_01123000,6,6.2126427,0.96851707,0.08754515647888184,2.4925172
USA_01123000,7,6.2903023,0.9859518,0.07615607976913452,2.5080476
USA_01123000,8,6.386334,1.0001312,0.06208646297454834,2.5271196
USA_01123000,9,6.417169,1.0039601,0.05790525674819946,2.5332131
USA_01123000,10,6.484536,1.0119343,0.048324763774871826,2.5464752
USA_01134500,1,1.8549161,0.48050094,0.7482934296131134,1.361953
USA_01134500,2,3.309664,0.7607812,0.5509357452392578,1.8192482
USA_01134500,3,4.1971564,0.9175279,0.43057698011398315,2.0486963
USA_01134500,4,4.452165,0.9933886,0.39601755142211914,2.1100154
USA_01134500,5,4.7416606,1.0292094,0.35679787397384644,2.1775355
USA_01134500,6,4.9551787,1.057561,0.32791411876678467,2.226023
USA_01134500,7,4.9553313,1.0677867,0.32799822092056274,2.2260573
USA_01134500,8,4.9000707,1.0884067,0.33557063341140747,2.2136104
USA_01134500,9,5.0145564,1.1037283,0.32006919384002686,2.2393205
USA_01134500,10,5.216395,1.1188654,0.2927471399307251,2.283943
USA_01137500,1,4.582197,0.75218004,0.5088563561439514,2.1406066
USA_01137500,2,7.1871495,1.0585642,0.22217261791229248,2.680886
USA_01137500,3,7.662194,1.1752867,0.17038977146148682,2.768067
USA_01137500,4,7.7471123,1.2344832,0.16142606735229492,2.7833636
USA_01137500,5,8.205481,1.2785852,0.11211717128753662,2.864521
USA_01137500,6,8.239977,1.3074836,0.10872596502304077,2.870536
USA_01137500,7,8.136711,1.3344386,0.12449491024017334,2.852492
USA_01137500,8,8.289115,1.3428365,0.10816091299057007,2.8790822
USA_01137500,9,8.429917,1.3573512,0.09304589033126831,2.903432
USA_01137500,10,8.448764,1.360709,0.09075927734375,2.9066758
USA_01139000,1,0.47850528,0.28490806,0.8033171445131302,0.69174075
USA_01139000,2,0.9848971,0.46347827,0.595250815153122,0.9924198
USA_01139000,3,1.1744626,0.55457157,0.5173406898975372,1.0837263
USA_01139000,4,1.245866,0.5952096,0.488120436668396,1.1161836
USA_01139000,5,1.3333478,0.62245554,0.4521448612213135,1.1547068
USA_01139000,6,1.3965881,0.64014995,0.42608487606048584,1.1817733
USA_01139000,7,1.4016076,0.65280265,0.4239891767501831,1.1838951
USA_01139000,8,1.4116468,0.67002296,0.41988372802734375,1.1881274
USA_01139000,9,1.4705422,0.6805674,0.3956955671310425,1.2126591
USA_01139000,10,1.5162275,0.69735795,0.37687015533447266,1.2313519
USA_01139800,1,0.9678608,0.4514465,0.5857286155223846,0.98379916
USA_01139800,2,1.1970242,0.5546097,0.487735390663147,1.094086
USA_01139800,3,1.1424758,0.56710285,0.5112118124961853,1.0688666
USA_01139800,4,1.1476616,0.593198,0.5091257393360138,1.0712897
USA_01139800,5,1.2225001,0.61044276,0.47725576162338257,1.1056672
USA_01139800,6,1.2911966,0.6254212,0.44777703285217285,1.1363083
USA_01139800,7,1.2037994,0.6448432,0.485332190990448,1.0971779
USA_01139800,8,1.2618204,0.65703994,0.4607144594192505,1.1233078
USA_01139800,9,1.2705966,0.6671371,0.45708268880844116,1.1272074
USA_01139800,10,1.2631272,0.6781436,0.4603193998336792,1.1238893
USA_01142500,1,0.93007654,0.3640722,0.8024740815162659,0.96440476
USA_01142500,2,1.6136109,0.52778906,0.6574263572692871,1.2702799
USA_01142500,3,1.9703634,0.60155106,0.5818202793598175,1.4036963
USA_01142500,4,2.2286332,0.64207363,0.5271465480327606,1.4928607
USA_01142500,5,2.356969,0.67806524,0.5000683963298798,1.5352423
USA_01142500,6,2.3933222,0.7046052,0.4925030469894409,1.5470366
USA_01142500,7,2.4983811,0.7233747,0.47029662132263184,1.5806268
USA_01142500,8,2.638305,0.74217165,0.44056838750839233,1.6242859
USA_01142500,9,2.778899,0.75883806,0.41084814071655273,1.667003
USA_01142500,10,2.9479866,0.78236324,0.37512582540512085,1.7169702
USA_01144000,1,0.5955358,0.3253063,0.8458333164453506,0.7717097
USA_01144000,2,1.3204018,0.5373851,0.6582997739315033,1.1490874
USA_01144000,3,1.6809592,0.6536758,0.5651149749755859,1.2965181
USA_01144000,4,1.8793384,0.7136719,0.5139872133731842,1.3708897
USA_01144000,5,2.0368593,0.75079376,0.4733825922012329,1.4271858
USA_01144000,6,2.0819228,0.77714777,0.4616965651512146,1.442887
USA_01144000,7,2.1214504,0.79283756,0.45162510871887207,1.45652
USA_01144000,8,2.1620848,0.80892116,0.44139665365219116,1.470403
USA_01144000,9,2.2284217,0.8131835,0.42455756664276123,1.4927899
USA_01144000,10,2.3456979,0.8340789,0.3945000171661377,1.5315671
USA_01162500,1,0.70087075,0.3605462,0.8138283342123032,0.83718026
USA_01162500,2,1.4713616,0.5511128,0.6100403070449829,1.212997
USA_01162500,3,2.0380838,0.7019132,0.4599708914756775,1.4276147
USA_01162500,4,2.427127,0.8035707,0.35663658380508423,1.5579239
USA_01162500,5,2.7038133,0.87743986,0.2827945351600647,1.6443276
USA_01162500,6,2.8971643,0.92906505,0.23097574710845947,1.7021059
USA_01162500,7,3.0180902,0.9691863,0.19857275485992432,1.7372651
USA_01162500,8,3.0810888,0.9934777,0.18166929483413696,1.755303
USA_01162500,9,3.0805864,1.0145948,0.18173885345458984,1.75516
USA_01162500,10,3.090877,1.0291269,0.17898672819137573,1.7580891
USA_01169000,1,2.9234438,0.6007866,0.5917196273803711,1.7098081
USA_01169000,2,4.4894676,0.8799339,0.3731253743171692,2.1188364
USA_01169000,3,4.9898124,1.0156027,0.30331599712371826,2.2337887
USA_01169000,4,5.3487487,1.0918729,0.253167986869812,2.3127363
USA_01169000,5,5.5913596,1.1339413,0.21919316053390503,2.3646057
USA_01169000,6,5.7006497,1.16693,0.2038925290107727,2.3876033
USA_01169000,7,5.7689934,1.191418,0.19433718919754028,2.4018729
USA_01169000,8,5.7996683,1.2045507,0.19007182121276855,2.40825
USA_01169000,9,5.795837,1.2185131,0.19063085317611694,2.4074545
USA_01169000,10,5.834183,1.2293056,0.18533259630203247,2.4154055
USA_01170100,1,2.8997564,0.57294077,0.5545584559440613,1.7028672
USA_01170100,2,4.170776,0.8188394,0.3593980073928833,2.0422478
USA_01170100,3,4.582386,0.925476,0.29619497060775757,2.1406507
USA_01170100,4,4.862963,1.0017216,0.2530561089515686,2.2052128
USA_01170100,5,5.0384035,1.0385742,0.22603189945220947,2.244639
USA_01170100,6,5.1135874,1.0608976,0.21445423364639282,2.2613242
USA_01170100,7,5.158574,1.077819,0.20749270915985107,2.2712495
USA_01170100,8,5.1635003,1.0896096,0.2067379355430603,2.2723336
USA_01170100,9,5.0898786,1.1010723,0.21805936098098755,2.2560759
USA_01170100,10,5.0995674,1.1047193,0.21660542488098145,2.258222
USA_01181000,1,2.046752,0.49161762,0.6184952855110168,1.4306474
USA_01181000,2,3.5124753,0.7456757,0.3455973267555237,1.8741599
USA_01181000,3,3.9643686,0.87765056,0.26176726818084717,1.9910722
USA_01181000,4,4.240884,0.94402057,0.21066981554031372,2.0593407
USA_01181000,5,4.4654617,0.983902,0.16929543018341064,2.113164
USA_01181000,6,4.570497,1.012135,0.15018880367279053,2.137872
USA_01181000,7,4.5788865,1.0285712,0.1490601897239685,2.1398332
USA_01181000,8,4.5498986,1.0366231,0.154815673828125,2.1330492
USA_01181000,9,4.5375533,1.051461,0.1574791669845581,2.1301534
USA_01181000,10,4.526661,1.0589418,0.15983545780181885,2.1275952
USA_01187300,1,20.882765,0.9582031,0.28644078969955444,4.5697665
USA_01187300,2,26.702072,1.3432858,0.08754479885101318,5.1674047
USA_01187300,3,27.87316,1.4911938,0.047512590885162354,5.279504
USA_01187300,4,28.203398,1.5602319,0.036249756813049316,5.310687
USA_01187300,5,28.288612,1.5835661,0.03337442874908447,5.318704
USA_01187300,6,28.399303,1.6017092,0.029647231101989746,5.3290997
USA_01187300,7,28.631504,1.6147149,0.02180689573287964,5.3508415
USA_01187300,8,28.963451,1.6197575,0.010547757148742676,5.38177
USA_01187300,9,28.993937,1.6346372,0.009596645832061768,5.3846016
USA_01187300,10,29.080364,1.6389997,0.0067980289459228516,5.392621
USA_01195100,1,3.5088124,0.5282659,0.5111168324947357,1.8731824
USA_01195100,2,5.718218,0.7859566,0.20334190130233765,2.3912795
USA_01195100,3,6.0715985,0.8978729,0.15413975715637207,2.4640615
USA_01195100,4,6.2864475,0.9370045,0.1242527961730957,2.507279
USA_01195100,5,6.4553914,0.94496447,0.10077178478240967,2.5407462
USA_01195100,6,6.461757,0.95504165,0.09993994235992432,2.5419986
USA_01195100,7,6.55332,0.97624654,0.08723127841949463,2.5599453
USA_01195100,8,6.654684,0.9981609,0.07316625118255615,2.5796673
USA_01195100,9,6.730585,1.011022,0.06290364265441895,2.5943372
USA_01195100,10,6.788133,1.0183703,0.05517536401748657,2.6054046
USA_01333000,1,0.6454144,0.34960502,0.7316522598266602,0.80337685
USA_01333000,2,1.1629218,0.51690394,0.5168435275554657,1.0783886
USA_01333000,3,1.4468334,0.6262609,0.3994162678718567,1.2028439
USA_01333000,4,1.6290526,0.6960881,0.3237832188606262,1.2763435
USA_01333000,5,1.7725668,0.74647164,0.2644542455673218,1.3313777
USA_01333000,6,1.8771234,0.7874102,0.22150784730911255,1.3700815
USA_01333000,7,1.9319133,0.8162778,0.19823479652404785,1.3899329
USA_01333000,8,1.9307538,0.83179086,0.19057947397232056,1.3895156
USA_01333000,9,1.9542645,0.84733117,0.17817747592926025,1.3979502
USA_01333000,10,1.9338171,0.8541094,0.18526291847229004,1.3906175
USA_01350000,1,32.36261,0.8930605,0.17886972427368164,5.6888146
USA_01350000,2,37.226532,1.2785372,0.055577754974365234,6.101355
USA_01350000,3,38.404575,1.4528564,0.02580481767654419,6.1971426
USA_01350000,4,38.70555,1.5589405,0.0182839035987854,6.2213783
USA_01350000,5,38.825516,1.6192799,0.015353083610534668,6.2310123
USA_01350000,6,38.973293,1.6541985,0.011715292930603027,6.2428594
USA_01350000,7,39.25476,1.6915433,0.004684090614318848,6.265362
USA_01350000,8,39.515244,1.7129374,-0.0018166303634643555,6.286115
USA_01350000,9,39.37882,1.7188991,0.0014211535453796387,6.2752542
USA_01350000,10,39.328934,1.7189062,0.002731144428253174,6.2712784
USA_01350080,1,7.2293143,0.50490254,0.2912338376045227,2.6887383
USA_01350080,2,8.601818,0.717753,0.15676450729370117,2.9328856
USA_01350080,3,9.097077,0.8241019,0.10836350917816162,3.0161362
USA_01350080,4,9.340657,0.8920085,0.08465462923049927,3.056249
USA_01350080,5,9.454841,0.94049835,0.07363110780715942,3.0748725
USA_01350080,6,9.469261,0.9656413,0.07238054275512695,3.0772164
USA_01350080,7,9.625824,0.9913581,0.05720466375350952,3.1025512
USA_01350080,8,9.766014,1.0164427,0.043635666370391846,3.1250622
USA_01350080,9,9.814678,1.0332619,0.03856939077377319,3.1328387
USA_01350080,10,9.804529,1.0319256,0.039596617221832275,3.1312184
USA_01350140,1,6.0917006,0.61545914,0.31826716661453247,2.468137
USA_01350140,2,7.677714,0.82429606,0.14094001054763794,2.7708688
USA_01350140,3,8.132229,0.9088804,0.09028655290603638,2.8517063
USA_01350140,4,8.381524,0.9660587,0.06261205673217773,2.8950863
USA_01350140,5,8.432179,0.99674594,0.057158827781677246,2.9038215
USA_01350140,6,8.390226,1.0206779,0.062059879302978516,2.8965888
USA_01350140,7,8.566269,1.0365754,0.04258930683135986,2.9268188
USA_01350140,8,8.685863,1.050222,0.029429078102111816,2.9471788
USA_01350140,9,8.736543,1.0646802,0.023352086544036865,2.9557643
USA_01350140,10,8.641994,1.0622399,0.03406679630279541,2.9397268
USA_01365000,1,14.321215,0.9381329,0.4227411150932312,3.784338
USA_01365000,2,20.298874,1.3131701,0.1820143461227417,4.5054274
USA_01365000,3,21.935055,1.5189905,0.11633098125457764,4.6834874
USA_01365000,4,22.813545,1.6598895,0.08118331432342529,4.776353
USA_01365000,5,23.336922,1.7595227,0.06034737825393677,4.83083
USA_01365000,6,23.801083,1.8399718,0.041897475719451904,4.8786354
USA_01365000,7,24.299673,1.9037232,0.02206176519393921,4.92947
USA_01365000,8,24.63484,1.9553971,0.008820414543151855,4.96335
USA_01365000,9,24.707706,1.9969308,0.005596578121185303,4.9706845
USA_01365000,10,24.83235,2.0278132,0.0008980035781860352,4.9832067
USA_01411300,1,0.17530832,0.15498,0.7580346316099167,0.41869837
USA_01411300,2,0.34319875,0.23889935,0.5261448919773102,0.58583164
USA_01411300,3,0.45167646,0.30312094,0.37611955404281616,0.6720688
USA_01411300,4,0.50907534,0.34285903,0.29651737213134766,0.71349514
USA_01411300,5,0.53907514,0.3641414,0.2556726932525635,0.73421735
USA_01411300,6,0.55455285,0.37930444,0.23567676544189453,0.744683
USA_01411300,7,0.56477106,0.3897321,0.22228294610977173,0.7515125
USA_01411300,8,0.5739229,0.39799455,0.20978033542633057,0.757577
USA_01411300,9,0.58135504,0.40437874,0.19935178756713867,0.76246643
USA_01411300,10,0.58738625,0.40562147,0.1906455159187317,0.7664113
USA_01413500,1,10.614792,0.54355806,0.3312520384788513,3.258035
USA_01413500,2,13.324158,0.804381,0.16065257787704468,3.650227
USA_01413500,3,14.293019,0.9544386,0.09974783658981323,3.780611
USA_01413500,4,14.843812,1.0603057,0.06520074605941772,3.8527668
USA_01413500,5,15.081392,1.1402856,0.05039340257644653,3.8834767
USA_01413500,6,15.198725,1.1831892,0.04316568374633789,3.898554
USA_01413500,7,15.380322,1.2315786,0.03189617395401001,3.9217753
USA_01413500,8,15.583215,1.2655622,0.019288599491119385,3.9475582
USA_01413500,9,15.6649,1.2866259,0.014232337474822998,3.9578907
USA_01413500,10,15.693682,1.2938148,0.012583434581756592,3.9615252
USA_01414500,1,10.630325,0.69672966,0.4093775749206543,3.260418
USA_01414500,2,15.332439,1.0279821,0.148210346698761,3.9156659
USA_01414500,3,16.410013,1.1804385,0.08847236633300781,4.0509276
USA_01414500,4,16.916033,1.2926518,0.06051057577133179,4.1129103
USA_01414500,5,17.144588,1.380383,0.04796701669692993,4.1406026
USA_01414500,6,17.257517,1.4275824,0.04184967279434204,4.154217
USA_01414500,7,17.53684,1.4817928,0.02649611234664917,4.187701
USA_01414500,8,17.752674,1.5193232,0.014674246311187744,4.2133923
USA_01414500,9,17.744484,1.5341983,0.015223979949951172,4.21242
USA_01414500,10,17.746645,1.5397432,0.015261828899383545,4.2126765
USA_01415000,1,2.5567129,0.468043,0.5767351686954498,1.5989724
USA_01415000,2,4.1201696,0.6955505,0.31802141666412354,2.0298202
USA_01415000,3,4.703857,0.8280367,0.2216206192970276,2.1688378
USA_01415000,4,5.077677,0.92132014,0.1600264310836792,2.25337
USA_01415000,5,5.2564516,0.9845067,0.13073283433914185,2.2926953
USA_01415000,6,5.32984,1.0223844,0.11888819932937622,2.3086448
USA_01415000,7,5.4974966,1.06171,0.09147650003433228,2.344674
USA_01415000,8,5.657964,1.0895635,0.06527894735336304,2.3786476
USA_01415000,9,5.7028956,1.1072364,0.05798822641372681,2.3880737
USA_01415000,10,5.6756806,1.1150135,0.06280571222305298,2.3823688
USA_01423000,1,2.186835,0.45190504,0.7329246401786804,1.4787952
USA_01423000,2,5.344047,0.7393547,0.3474387526512146,2.3117194
USA_01423000,3,6.3232455,0.8943766,0.2280285358428955,2.5146065
USA_01423000,4,6.812053,1.0000602,0.16856104135513306,2.609991
USA_01423000,5,7.058145,1.0802057,0.1387571096420288,2.656717
USA_01423000,6,7.2068534,1.1373456,0.12085866928100586,2.6845584
USA_01423000,7,7.452764,1.1858915,0.09112191200256348,2.729975
USA_01423000,8,7.636987,1.2211636,0.0689271092414856,2.76351
USA_01423000,9,7.7119055,1.2431382,0.05996352434158325,2.7770317
USA_01423000,10,7.7087607,1.2474273,0.06061112880706787,2.7764654
USA_01434025,1,15.931463,0.9481259,0.2062409520149231,3.9914236
USA_01434025,2,18.653894,1.2438244,0.07075142860412598,4.3190155
USA_01434025,3,19.147099,1.3595219,0.04636216163635254,4.3757396
USA_01434025,4,19.400293,1.4253383,0.033930301666259766,4.4045763
USA_01434025,5,19.41823,1.4729865,0.03321218490600586,4.406612
USA_01434025,6,19.487236,1.5040091,0.02994149923324585,4.414435
USA_01434025,7,19.833355,1.5400308,0.012876689434051514,4.4534655
USA_01434025,8,19.990353,1.5700794,0.005235731601715088,4.4710574
USA_01434025,9,19.820694,1.5927708,0.01332545280456543,4.452044
USA_01434025,10,19.841837,1.6002612,0.012500345706939697,4.4544177
USA_01435000,1,20.481972,0.99143326,0.27347683906555176,4.525701
USA_01435000,2,25.484177,1.3944919,0.09622740745544434,5.0481853
USA_01435000,3,26.513178,1.5705123,0.059947431087493896,5.149095
USA_01435000,4,27.088026,1.6865405,0.03978341817855835,5.204616
USA_01435000,5,27.288456,1.7619337,0.032894909381866455,5.2238355
USA_01435000,6,27.496063,1.8192145,0.02575129270553589,5.243669
USA_01435000,7,27.897665,1.8618467,0.01173466444015503,5.281824
USA_01435000,8,28.183302,1.9025581,0.0018336176872253418,5.308795
USA_01435000,9,28.14814,1.9272351,0.003050088882446289,5.305482
USA_01435000,10,28.155615,1.9391899,0.0030435919761657715,5.3061867
USA_01439500,1,0.5568511,0.33154544,0.8194687515497208,0.7462246
USA_01439500,2,1.3820534,0.51925135,0.5523734986782074,1.1756077
USA_01439500,3,1.8406882,0.66402507,0.40440434217453003,1.3567196
USA_01439500,4,2.1220224,0.764307,0.3140360116958618,1.4567163
USA_01439500,5,2.3253682,0.8347194,0.24901151657104492,1.5249158
USA_01439500,6,2.4404895,0.88524294,0.21256470680236816,1.5622066
USA_01439500,7,2.5000134,0.91540426,0.19411414861679077,1.581143
USA_01439500,8,2.4844062,0.92934597,0.1998884677886963,1.5761999
USA_01439500,9,2.4705248,0.9515478,0.20511460304260254,1.5717903
USA_01439500,10,2.4685135,0.95623106,0.20652270317077637,1.5711504
USA_01440000,1,0.97765887,0.3266007,0.6907467544078827,0.9887663
USA_01440000,2,2.1002529,0.52144104,0.33578771352767944,1.449225
USA_01440000,3,2.4564865,0.63816404,0.22320544719696045,1.5673182
USA_01440000,4,2.6116261,0.70954704,0.17414194345474243,1.6160526
USA_01440000,5,2.7148592,0.7520785,0.1414828896522522,1.647683
USA_01440000,6,2.7836027,0.78056735,0.11976712942123413,1.6684133
USA_01440000,7,2.8058012,0.79667145,0.11279058456420898,1.6750525
USA_01440000,8,2.7633111,0.8042996,0.126276433467865,1.662321
USA_01440000,9,2.73321,0.8120066,0.13588738441467285,1.6532423
USA_01440000,10,2.7107027,0.8137939,0.14312130212783813,1.6464212
USA_01440400,1,1.4051715,0.39133042,0.6965010762214661,1.1853993
USA_01440400,2,2.8569975,0.6066798,0.3828694224357605,1.6902655
USA_01440400,3,3.3773973,0.74812675,0.27044904232025146,1.8377696
USA_01440400,4,3.6488898,0.8373791,0.2118116021156311,1.9102068
USA_01440400,5,3.8778372,0.90632033,0.16238272190093994,1.9692224
USA_01440400,6,3.9785528,0.95353186,0.1406787633895874,1.994631
USA_01440400,7,4.019687,0.9869919,0.13186925649642944,2.0049157
USA_01440400,8,3.976091,1.0042975,0.14136874675750732,1.9940138
USA_01440400,9,3.9772985,1.0245852,0.1411954164505005,1.9943166
USA_01440400,10,3.96643,1.030049,0.14356321096420288,1.9915898
USA_01451800,1,1.3708657,0.40368348,0.6517012417316437,1.1708398
USA_01451800,2,2.7636206,0.6010669,0.29774850606918335,1.6624141
USA_01451800,3,3.1812289,0.7197678,0.19166582822799683,1.7836
USA_01451800,4,3.352564,0.79700965,0.1481655240058899,1.8310008
USA_01451800,5,3.4502618,0.8516986,0.12344443798065186,1.857488
USA_01451800,6,3.5743728,0.8925958,0.09197640419006348,1.8906012
USA_01451800,7,3.641448,0.9197319,0.0750497579574585,1.9082578
USA_01451800,8,3.6551125,0.9386003,0.07166028022766113,1.9118348
USA_01451800,9,3.687264,0.95458734,0.06348413228988647,1.920225
USA_01451800,10,3.7065537,0.96183336,0.059110164642333984,1.9252412
USA_01466500,1,0.03617677,0.07912084,0.7408128976821899,0.19020192
USA_01466500,2,0.06437215,0.10566293,0.5383911728858948,0.25371668
USA_01466500,3,0.07917349,0.12521823,0.43182533979415894,0.28137785
USA_01466500,4,0.087032214,0.13956851,0.3749803900718689,0.29501224
USA_01466500,5,0.091433175,0.14822204,0.34341174364089966,0.3023792
USA_01466500,6,0.09507895,0.15531127,0.31746530532836914,0.30834875
USA_01466500,7,0.10071782,0.16066004,0.2772313952445984,0.3173607
USA_01466500,8,0.104449764,0.16487938,0.2507016658782959,0.32318687
USA_01466500,9,0.10708749,0.16757368,0.2320338487625122,0.32724226
USA_01466500,10,0.11053245,0.17012617,0.2076755166053772,0.33246422
USA_01484100,1,0.7516086,0.2560253,0.5040690302848816,0.8669536
USA_01484100,2,1.1424693,0.34153384,0.24660485982894897,1.0688635
USA_01484100,3,1.1929678,0.3584582,0.21371495723724365,1.0922307
USA_01484100,4,1.1998975,0.37254828,0.20914751291275024,1.0953983
USA_01484100,5,1.2051117,0.38269994,0.20592254400253296,1.0977758
USA_01484100,6,1.2160943,0.3871176,0.19898974895477295,1.1027666
USA_01484100,7,1.2229652,0.3939073,0.19475102424621582,1.1058776
USA_01484100,8,1.2327791,0.40107396,0.18776720762252808,1.1103059
USA_01484100,9,1.2386471,0.41126373,0.1842336654663086,1.1129452
USA_01484100,10,1.2376167,0.41406924,0.18526959419250488,1.1124822
USA_01485500,1,1.6062984,0.32522422,0.5925290882587433,1.2673984
USA_01485500,2,2.6770139,0.47631967,0.3210042119026184,1.6361582
USA_01485500,3,3.2478824,0.5798094,0.17624825239181519,1.8021882
USA_01485500,4,3.4797812,0.6392126,0.11742419004440308,1.8654171
USA_01485500,5,3.5739202,0.67453456,0.0935220718383789,1.8904815
USA_01485500,6,3.6134353,0.70080996,0.08349061012268066,1.9009038
USA_01485500,7,3.6318095,0.7224248,0.07884037494659424,1.9057307
USA_01485500,8,3.6455703,0.7365422,0.07537376880645752,1.9093376
USA_01485500,9,3.678569,0.74456435,0.06704002618789673,1.9179596
USA_01485500,10,3.7014856,0.745917,0.06127166748046875,1.9239246
USA_01486000,1,1.492726,0.2704434,0.5157340168952942,1.2217716
USA_01486000,2,2.4112802,0.39221415,0.2178713083267212,1.5528297
USA_01486000,3,2.6017265,0.45732826,0.1560700535774231,1.6129868
USA_01486000,4,2.6578057,0.48747608,0.13780564069747925,1.6302778
USA_01486000,5,2.6885726,0.51152897,0.12781864404678345,1.6396867
USA_01486000,6,2.6929767,0.52610224,0.12644189596176147,1.6410291
USA_01486000,7,2.7141728,0.5371751,0.11965727806091309,1.6474746
USA_01486000,8,2.744556,0.54675174,0.1098753809928894,1.6566701
USA_01486000,9,2.7655237,0.5532983,0.10314637422561646,1.6629864
USA_01486000,10,2.748958,0.5555455,0.10862720012664795,1.6579982
USA_01487000,1,0.11712394,0.12920539,0.8321559578180313,0.34223375
USA_01487000,2,0.26745725,0.18821318,0.6168532967567444,0.5171627
USA_01487000,3,0.32257023,0.2225479,0.5379748642444611,0.5679527
USA_01487000,4,0.34514442,0.24337158,0.5058216750621796,0.5874899
USA_01487000,5,0.35329124,0.257762,0.4943784475326538,0.59438306
USA_01487000,6,0.36313534,0.26875022,0.4805247187614441,0.60260713
USA_01487000,7,0.37409386,0.278548,0.46509993076324463,0.6116321
USA_01487000,8,0.38337642,0.28976786,0.45200687646865845,0.619174
USA_01487000,9,0.39114925,0.30045706,0.4410521984100342,0.62541926
USA_01487000,10,0.39795282,0.30676374,0.43152177333831787,0.630835
USA_01491000,1,3.1960387,0.3954159,0.5122894048690796,1.7877468
USA_01491000,2,5.029737,0.577638,0.23263168334960938,2.2427075
USA_01491000,3,5.7235365,0.69184345,0.12696713209152222,2.3923914
USA_01491000,4,5.912853,0.7532582,0.09827941656112671,2.4316359
USA_01491000,5,5.9800873,0.7837605,0.08815813064575195,2.4454217
USA_01491000,6,6.030945,0.80556184,0.08050537109375,2.4557981
USA_01491000,7,6.1227307,0.8149839,0.06664776802062988,2.4744153
USA_01491000,8,6.188374,0.8250948,0.05681496858596802,2.4876442
USA_01491000,9,6.2104635,0.8394404,0.05369478464126587,2.4920802
USA_01491000,10,6.267425,0.8491543,0.04527640342712402,2.5034826
USA_01510000,1,1.5087426,0.4649081,0.6917506158351898,1.2283088
USA_01510000,2,2.99853,0.7121252,0.3875030279159546,1.7316264
USA_01510000,3,3.572988,0.8475393,0.27036070823669434,1.890235
USA_01510000,4,3.8941317,0.9091655,0.20499670505523682,1.9733554
USA_01510000,5,4.062262,0.9570846,0.170895516872406,2.0155053
USA_01510000,6,4.142316,0.98930466,0.1547846794128418,2.035268
USA_01510000,7,4.170028,1.0150707,0.14952445030212402,2.0420647
USA_01510000,8,4.230988,1.032852,0.13748705387115479,2.0569365
USA_01510000,9,4.286122,1.0534188,0.12666040658950806,2.070295
USA_01510000,10,4.2464905,1.0555643,0.13513314723968506,2.0607014
USA_01516500,1,0.99206835,0.25622946,0.46473443508148193,0.9960263
USA_01516500,2,1.3240715,0.33224973,0.28543949127197266,1.150683
USA_01516500,3,1.4928837,0.37368512,0.19432973861694336,1.2218362
USA_01516500,4,1.5583628,0.40900037,0.15902847051620483,1.2483441
USA_01516500,5,1.5927649,0.43466556,0.14039593935012817,1.2620479
USA_01516500,6,1.6084745,0.45026207,0.13178032636642456,1.2682564
USA_01516500,7,1.6477789,0.46232444,0.11051714420318604,1.2836584
USA_01516500,8,1.6313133,0.47394142,0.11941784620285034,1.2772287
USA_01516500,9,1.6559373,0.48029545,0.10608452558517456,1.2868323
USA_01516500,10,1.6321731,0.48344052,0.11890977621078491,1.2775652
USA_01518862,1,1.4716718,0.30706075,0.4515094757080078,1.2131249
USA_01518862,2,1.9330785,0.4186947,0.27907437086105347,1.3903519
USA_01518862,3,2.1666145,0.48460078,0.19173789024353027,1.4719424
USA_01518862,4,2.3103776,0.5324919,0.13802498579025269,1.5199926
USA_01518862,5,2.3713596,0.56160396,0.11533445119857788,1.539922
USA_01518862,6,2.4066865,0.58751845,0.10228431224822998,1.5513499
USA_01518862,7,2.4477885,0.6096161,0.0860108733177185,1.564541
USA_01518862,8,2.4408288,0.6271808,0.08806401491165161,1.5623152
USA_01518862,9,2.4436915,0.62986124,0.0869673490524292,1.5632311
USA_01518862,10,2.4376712,0.63055354,0.08929300308227539,1.5613043
USA_01532000,1,1.0692462,0.27687037,0.5518560707569122,1.0340436
USA_01532000,2,1.62959,0.42011523,0.31616055965423584,1.276554
USA_01532000,3,1.8760103,0.50785774,0.21245616674423218,1.3696753
USA_01532000,4,1.9955467,0.559784,0.16227436065673828,1.4126382
USA_01532000,5,2.0414636,0.58978415,0.14314162731170654,1.428798
USA_01532000,6,2.0466166,0.6084343,0.14102762937545776,1.4306
USA_01532000,7,2.0852818,0.6219408,0.121784508228302,1.4440506
USA_01532000,8,2.0963752,0.631166,0.11656719446182251,1.4478865
USA_01532000,9,2.1188562,0.64703155,0.10700803995132446,1.4556291
USA_01532000,10,2.089631,0.6528889,0.1193699836730957,1.4455557
USA_01539000,1,0.3904695,0.22592396,0.7893862128257751,0.6248756
USA_01539000,2,0.85868335,0.37014866,0.536849170923233,0.92665166
USA_01539000,3,1.0797437,0.47832575,0.4179841876029968,1.0391072
USA_01539000,4,1.2523549,0.554193,0.33290547132492065,1.1190866
USA_01539000,5,1.369244,0.6057143,0.2751554846763611,1.170147
USA_01539000,6,1.4264925,0.6416179,0.24669384956359863,1.1943586
USA_01539000,7,1.4699578,0.66568047,0.224565327167511,1.2124182
USA_01539000,8,1.4909163,0.68108207,0.2138475775718689,1.2210308
USA_01539000,9,1.5068564,0.6936305,0.20557010173797607,1.2275409
USA_01539000,10,1.5114636,0.7012172,0.2031736969947815,1.229416
USA_01542810,1,1.1457697,0.34841275,0.7568236291408539,1.0704063
USA_01542810,2,2.8442967,0.5680704,0.3958243131637573,1.6865042
USA_01542810,3,3.4698884,0.7065312,0.26220887899398804,1.8627636
USA_01542810,4,3.7694805,0.7871019,0.19836872816085815,1.941515
USA_01542810,5,3.8998818,0.8347937,0.17064058780670166,1.9748118
USA_01542810,6,3.9923415,0.8637216,0.15106552839279175,1.9980844
USA_01542810,7,4.074943,0.88417214,0.13359981775283813,2.0186489
USA_01542810,8,4.092473,0.90162456,0.12987637519836426,2.0229862
USA_01542810,9,4.084372,0.91142464,0.13205492496490479,2.020983
USA_01542810,10,4.0867767,0.9173375,0.13171011209487915,2.0215778
USA_01543000,1,0.57390046,0.27456114,0.8277106881141663,0.75756216
USA_01543000,2,1.5199897,0.46613038,0.5436867773532867,1.2328787
USA_01543000,3,2.0260732,0.59890336,0.3917463421821594,1.423402
USA_01543000,4,2.3331943,0.6898234,0.2995039224624634,1.5274796
USA_01543000,5,2.5075874,0.7492389,0.24709546566009521,1.5835364
USA_01543000,6,2.618587,0.78832567,0.2137107253074646,1.6182048
USA_01543000,7,2.6988325,0.8141624,0.1895694136619568,1.6428124
USA_01543000,8,2.7336564,0.83264357,0.17906028032302856,1.6533773
USA_01543000,9,2.7552612,0.8459086,0.17254585027694702,1.6598979
USA_01543000,10,2.7657478,0.8494129,0.16935163736343384,1.6630538
USA_01543500,1,0.563131,0.25621644,0.8223475813865662,0.7504205
USA_01543500,2,1.3938155,0.43001467,0.5602942407131195,1.1805997
USA_01543500,3,1.8593647,0.55783904,0.41342782974243164,1.3635852
USA_01543500,4,2.1587515,0.6429869,0.318966269493103,1.469269
USA_01543500,5,2.3214817,0.7000665,0.26761192083358765,1.523641
USA_01543500,6,2.4497929,0.73757577,0.2271026372909546,1.5651814
USA_01543500,7,2.5603528,0.7637529,0.19217336177825928,1.6001103
USA_01543500,8,2.6159587,0.78181475,0.17457878589630127,1.6173925
USA_01543500,9,2.6398776,0.79923946,0.16701650619506836,1.62477
USA_01543500,10,2.6559753,0.80388737,0.16192150115966797,1.6297164
USA_01544500,1,0.61607,0.26848367,0.7907092124223709,0.78490126
USA_01544500,2,1.2486739,0.4164312,0.5758102238178253,1.1174408
USA_01544500,3,1.6329879,0.52162594,0.4452608823776245,1.2778841
USA_01544500,4,1.931154,0.5994044,0.3439735174179077,1.3896596
USA_01544500,5,2.102652,0.6568275,0.2857103943824768,1.4500524
USA_01544500,6,2.1959405,0.69632286,0.2540132999420166,1.4818707
USA_01544500,7,2.2684035,0.7249617,0.22942304611206055,1.506122
USA_01544500,8,2.3117337,0.7484805,0.21469897031784058,1.5204387
USA_01544500,9,2.3417225,0.7638414,0.20448768138885498,1.5302688
USA_01544500,10,2.3432407,0.7679987,0.20392441749572754,1.5307647
USA_01545600,1,0.86234605,0.25288925,0.7186086177825928,0.9286259
USA_01545600,2,1.533258,0.38817748,0.49968093633651733,1.238248
USA_01545600,3,1.8972658,0.48527014,0.3809080719947815,1.3774127
USA_01545600,4,2.1580334,0.5585486,0.2958313226699829,1.4690247
USA_01545600,5,2.3264306,0.6155653,0.24088913202285767,1.5252641
USA_01545600,6,2.4233081,0.656198,0.20928078889846802,1.5566978
USA_01545600,7,2.4984896,0.6859258,0.18476051092147827,1.5806612
USA_01545600,8,2.5474417,0.7123127,0.16878938674926758,1.5960708
USA_01545600,9,2.5777044,0.73201394,0.1589089035987854,1.6055231
USA_01545600,10,2.5869687,0.74701947,0.15587151050567627,1.6084056
USA_01547700,1,0.85467476,0.23102273,0.6033293604850769,0.9244862
USA_01547700,2,1.2276934,0.3380552,0.430209755897522,1.1080133
USA_01547700,3,1.407456,0.4139565,0.3468117117881775,1.1863625
USA_01547700,4,1.5503912,0.47070992,0.28052347898483276,1.2451471
USA_01547700,5,1.6281257,0.51252306,0.24445921182632446,1.2759802
USA_01547700,6,1.6967634,0.5398936,0.21260607242584229,1.3025987
USA_01547700,7,1.7281113,0.5584536,0.19805234670639038,1.3145765
USA_01547700,8,1.7610395,0.57593244,0.18275737762451172,1.3270416
USA_01547700,9,1.7973467,0.5942098,0.16590046882629395,1.3406516
USA_01547700,10,1.7947801,0.60540175,0.1670781373977661,1.339694
USA_01548500,1,0.5576024,0.22586726,0.768143966794014,0.7467278
USA_01548500,2,1.0676482,0.36401588,0.5552618503570557,1.0332706
USA_01548500,3,1.374707,0.46829432,0.4252450466156006,1.172479
USA_01548500,4,1.6014782,0.54300886,0.3295091390609741,1.2654953
USA_01548500,5,1.7371211,0.5974793,0.2721010446548462,1.3179989
USA_01548500,6,1.813777,0.6335853,0.2395898699760437,1.3467654
USA_01548500,7,1.875976,0.6652693,0.21333855390548706,1.3696628
USA_01548500,8,1.9119523,0.68717706,0.19810491800308228,1.3827336
USA_01548500,9,1.9316285,0.70011157,0.18991661071777344,1.3898304
USA_01548500,10,1.9310817,0.7059236,0.19031119346618652,1.3896337
USA_01549500,1,1.4658364,0.33295703,0.5743161737918854,1.2107173
USA_01549500,2,2.2147734,0.48715633,0.35509437322616577,1.4882115
USA_01549500,3,2.5719852,0.58368593,0.2479264736175537,1.603741
USA_01549500,4,2.7790458,0.6523426,0.1866844892501831,1.667047
USA_01549500,5,2.887791,0.70545614,0.15404778718948364,1.6993501
USA_01549500,6,2.9599376,0.74019074,0.1324300765991211,1.720447
USA_01549500,7,3.0378125,0.76724845,0.10936605930328369,1.7429322
USA_01549500,8,3.079151,0.7862878,0.09716987609863281,1.754751
USA_01549500,9,3.1186352,0.8014009,0.08578741550445557,1.7659658
USA_01549500,10,3.1025162,0.806103,0.09077852964401245,1.761396
USA_01550000,1,1.3479587,0.3213065,0.6021224558353424,1.1610162
USA_01550000,2,2.1528955,0.4790425,0.36432844400405884,1.4672748
USA_01550000,3,2.5330403,0.58670163,0.251911997795105,1.5915527
USA_01550000,4,2.7534347,0.6605685,0.1866762638092041,1.6593477
USA_01550000,5,2.854807,0.7118089,0.15671300888061523,1.6896174
USA_01550000,6,2.8998525,0.74359196,0.14341062307357788,1.7028953
USA_01550000,7,2.9483507,0.7709423,0.12909382581710815,1.7170762
USA_01550000,8,2.9745524,0.7934186,0.12136644124984741,1.7246891
USA_01550000,9,3.0013375,0.8111331,0.11348623037338257,1.7324369
USA_01550000,10,2.9953775,0.8220448,0.11612313985824585,1.7307159
USA_01552000,1,1.1229478,0.29399806,0.6372722089290619,1.0596923
USA_01552000,2,1.939767,0.45822582,0.3734285831451416,1.3927552
USA_01552000,3,2.315725,0.5753236,0.2519875764846802,1.5217507
USA_01552000,4,2.5138438,0.6474871,0.1879904866218567,1.5855106
USA_01552000,5,2.624486,0.6940626,0.15223050117492676,1.6200266
USA_01552000,6,2.6765301,0.72698945,0.13544303178787231,1.6360104
USA_01552000,7,2.7271695,0.762243,0.12157267332077026,1.6514144
USA_01552000,8,2.7458193,0.7843512,0.11686837673187256,1.6570514
USA_01552000,9,2.7657833,0.7998013,0.11086052656173706,1.6630645
USA_01552000,10,2.7630641,0.8043519,0.11193317174911499,1.6622467
USA_01552500,1,1.5322641,0.43752664,0.5152185261249542,1.2378466
USA_01552500,2,2.1925359,0.6103869,0.306341290473938,1.4807214
USA_01552500,3,2.4447634,0.7094099,0.2281239628791809,1.563574
USA_01552500,4,2.6366181,0.78067577,0.17288905382156372,1.6237667
USA_01552500,5,2.7342665,0.8275002,0.14399874210357666,1.6535617
USA_01552500,6,2.8059728,0.86328757,0.12221455574035645,1.6751038
USA_01552500,7,2.8812804,0.8942287,0.09899616241455078,1.6974335
USA_01552500,8,2.904614,0.9138098,0.09183001518249512,1.7042928
USA_01552500,9,2.9499183,0.9310403,0.07772082090377808,1.7175326
USA_01552500,10,2.9347649,0.93983185,0.08244895935058594,1.7131156
USA_01557500,1,0.7395693,0.2928523,0.6739984154701233,0.85998213
USA_01557500,2,1.2016878,0.41100496,0.47029542922973633,1.0962152
USA_01557500,3,1.4356537,0.49790707,0.3672349452972412,1.1981877
USA_01557500,4,1.592519,0.5590745,0.2981243133544922,1.2619505
USA_01557500,5,1.6621405,0.60457164,0.2674334645271301,1.2892402
USA_01557500,6,1.7460086,0.63453186,0.23045653104782104,1.3213662
USA_01557500,7,1.7946972,0.6575486,0.20898699760437012,1.339663
USA_01557500,8,1.8423439,0.676112,0.18797701597213745,1.3573297
USA_01557500,9,1.8849095,0.69162536,0.16919565200805664,1.37292
USA_01557500,10,1.9071587,0.70081353,0.15940338373184204,1.3809992
USA_01567500,1,3.5529544,0.3065881,0.17174369096755981,1.8849282
USA_01567500,2,4.0334296,0.39531553,0.059751033782958984,2.0083401
USA_01567500,3,4.06358,0.4440029,0.052736103534698486,2.0158324
USA_01567500,4,4.0684314,0.48445073,0.051633358001708984,2.0170352
USA_01567500,5,4.1256485,0.5157269,0.038296520709991455,2.0311692
USA_01567500,6,4.1328406,0.53828824,0.036620914936065674,2.032939
USA_01567500,7,4.16583,0.55369496,0.028934717178344727,2.0410366
USA_01567500,8,4.188439,0.56362134,0.02367347478866577,2.0465677
USA_01567500,9,4.1768765,0.57199115,0.02639007568359375,2.0437407
USA_01567500,10,4.158546,0.5727468,0.03069472312927246,2.0392513
USA_01568000,1,2.8126585,0.3284611,0.34184277057647705,1.6770983
USA_01568000,2,3.754896,0.4747109,0.12153255939483643,1.9377553
USA_01568000,3,3.9276738,0.56511277,0.08125531673431396,1.981836
USA_01568000,4,3.9811804,0.6212946,0.0678371787071228,1.9952896
USA_01568000,5,4.0391035,0.66058743,0.05145752429962158,2.009752
USA_01568000,6,4.0849133,0.69318867,0.0398595929145813,2.0211167
USA_01568000,7,4.12692,0.71713316,0.02969127893447876,2.0314822
USA_01568000,8,4.148034,0.7274957,0.024656832218170166,2.0366724
USA_01568000,9,4.140624,0.7414267,0.02632272243499756,2.0348523
USA_01568000,10,4.1134276,0.7403301,0.032643675804138184,2.0281587
USA_01580000,1,1.9437068,0.33474642,0.3050324320793152,1.3941689
USA_01580000,2,2.4699016,0.4137944,0.11687213182449341,1.5715921
USA_01580000,3,2.521844,0.44192785,0.09834092855453491,1.5880314
USA_01580000,4,2.5547411,0.46370354,0.08648085594177246,1.5983558
USA_01580000,5,2.5795093,0.47802508,0.07760155200958252,1.6060851
USA_01580000,6,2.5858672,0.48855454,0.07535028457641602,1.6080632
USA_01580000,7,2.5951252,0.49623704,0.07209515571594238,1.6109393
USA_01580000,8,2.6075864,0.50469404,0.06771630048751831,1.6148022
USA_01580000,9,2.6120923,0.51407933,0.0661916732788086,1.6161969
USA_01580000,10,2.6045918,0.5215259,0.06896686553955078,1.6138748
USA_01583500,1,3.8131664,0.40867662,0.19839483499526978,1.952733
USA_01583500,2,4.5774984,0.49172762,0.03782850503921509,2.139509
USA_01583500,3,4.6411495,0.51195705,0.024569213390350342,2.1543326
USA_01583500,4,4.655682,0.5270701,0.02162027359008789,2.157703
USA_01583500,5,4.657579,0.53951263,0.021141111850738525,2.1581426
USA_01583500,6,4.6523128,0.54489493,0.022261083126068115,2.156922
USA_01583500,7,4.6780553,0.5517649,0.016910076141357422,2.1628811
USA_01583500,8,4.712157,0.55617297,0.009899735450744629,2.1707504
USA_01583500,9,4.7061505,0.56257474,0.011317670345306396,2.1693664
USA_01583500,10,4.699335,0.56916565,0.012858092784881592,2.167795
USA_01586610,1,3.597199,0.40218943,0.29864823818206787,1.8966283
USA_01586610,2,4.612068,0.48588565,0.10084700584411621,2.1475725
USA_01586610,3,4.7164807,0.51530236,0.08057349920272827,2.171746
USA_01586610,4,4.7678304,0.53996235,0.07062792778015137,2.1835363
USA_01586610,5,4.7798715,0.5581698,0.06823194026947021,2.1862917
USA_01586610,6,4.773138,0.5692268,0.06958389282226562,2.1847513
USA_01586610,7,4.828609,0.5817905,0.05885767936706543,2.1974096
USA_01586610,8,4.8572755,0.59239805,0.053381919860839844,2.2039227
USA_01586610,9,4.855959,0.6038539,0.053778767585754395,2.203624
USA_01586610,10,4.8529525,0.6119091,0.05448722839355469,2.202942
USA_01591400,1,4.6948175,0.4539726,0.17645114660263062,2.1667528
USA_01591400,2,5.602166,0.54285896,0.017392992973327637,2.3668895
USA_01591400,3,5.6120424,0.5559832,0.015746712684631348,2.368975
USA_01591400,4,5.6260643,0.5667915,0.01326221227645874,2.3719325
USA_01591400,5,5.658874,0.57715195,0.007545411586761475,2.3788388
USA_01591400,6,5.652316,0.5780574,0.00876086950302124,2.37746
USA_01591400,7,5.6614733,0.58086276,0.007261216640472412,2.379385
USA_01591400,8,5.671538,0.5838082,0.0056029558181762695,2.381499
USA_01591400,9,5.6507816,0.5866424,0.009336352348327637,2.3771372
USA_01591400,10,5.6607847,0.5891947,0.007652699947357178,2.3792403
USA_01594950,1,1.333908,0.4448541,0.670576274394989,1.1549493
USA_01594950,2,2.2634387,0.6394077,0.44130760431289673,1.5044729
USA_01594950,3,2.7097888,0.763079,0.33149343729019165,1.6461436
USA_01594950,4,3.0223196,0.84142864,0.2547772526741028,1.738482
USA_01594950,5,3.185611,0.8910843,0.21490252017974854,1.784828
USA_01594950,6,3.267555,0.93356925,0.19507575035095215,1.8076379
USA_01594950,7,3.2632074,0.95535314,0.1965862512588501,1.806435
USA_01594950,8,3.3234067,0.9733486,0.18230003118515015,1.8230213
USA_01594950,9,3.4067435,0.9893112,0.16228646039962769,1.8457366
USA_01594950,10,3.42744,0.9958778,0.157753586769104,1.8513347
USA_01596500,1,1.3643017,0.35055813,0.6904782652854919,1.1680332
USA_01596500,2,2.7444205,0.57544315,0.3775683045387268,1.6566293
USA_01596500,3,3.245756,0.7051913,0.2640857696533203,1.8015982
USA_01596500,4,3.487751,0.78127205,0.20943105220794678,1.8675522
USA_01596500,5,3.6609383,0.83300906,0.17038559913635254,1.9133579
USA_01596500,6,3.7932227,0.8615275,0.14060723781585693,1.9476198
USA_01596500,7,3.8364363,0.88180566,0.1310177445411682,1.9586823
USA_01596500,8,3.8588037,0.89704156,0.12624084949493408,1.9643838
USA_01596500,9,3.9072807,0.91064227,0.11562269926071167,1.9766842
USA_01596500,10,3.9458685,0.91755927,0.1072385311126709,1.986421
USA_01605500,1,0.7323975,0.22517118,0.6642451882362366,0.85580224
USA_01605500,2,1.4270263,0.34976378,0.3450412154197693,1.1945821
USA_01605500,3,1.5962839,0.42041284,0.26738065481185913,1.2634413
USA_01605500,4,1.6507803,0.4602513,0.24252086877822876,1.284827
USA_01605500,5,1.7221282,0.48887327,0.20995575189590454,1.3122988
USA_01605500,6,1.8132361,0.5112304,0.1683095097541809,1.3465645
USA_01605500,7,1.8497211,0.526635,0.15171867609024048,1.3600445
USA_01605500,8,1.8397105,0.5398898,0.15643852949142456,1.3563592
USA_01605500,9,1.8290137,0.5488374,0.16146093606948853,1.3524103
USA_01605500,10,1.8274764,0.55308336,0.16227275133132935,1.3518418
USA_01606500,1,0.7239762,0.22728117,0.7447893619537354,0.8508679
USA_01606500,2,1.6847228,0.3800252,0.4061809778213501,1.2979687
USA_01606500,3,1.9425626,0.4696814,0.3153696060180664,1.3937584
USA_01606500,4,2.0546777,0.5235865,0.27593034505844116,1.4334147
USA_01606500,5,2.1267428,0.5629721,0.2506036162376404,1.4583356
USA_01606500,6,2.256314,0.5882806,0.20502078533172607,1.5021032
USA_01606500,7,2.3266377,0.6009111,0.18031442165374756,1.525332
USA_01606500,8,2.3220425,0.6103547,0.18198484182357788,1.5238249
USA_01606500,9,2.291918,0.62046224,0.19261974096298218,1.5139081
USA_01606500,10,2.2945123,0.6298039,0.19174259901046753,1.5147648
USA_01613050,1,0.7728231,0.26742744,0.6805553734302521,0.8791036
USA_01613050,2,1.6842586,0.40292442,0.3038828372955322,1.2977899
USA_01613050,3,1.9839075,0.49848962,0.18055939674377441,1.4085125
USA_01613050,4,2.1249444,0.5573929,0.1235317587852478,1.457719
USA_01613050,5,2.2063508,0.5997062,0.09051918983459473,1.485379
USA_01613050,6,2.2588677,0.63117725,0.06904923915863037,1.502953
USA_01613050,7,2.2961373,0.6511603,0.0537104606628418,1.5153011
USA_01613050,8,2.31901,0.66652143,0.0442814826965332,1.5228297
USA_01613050,9,2.3214114,0.6797129,0.04329413175582886,1.5236179
USA_01613050,10,2.3118684,0.68398464,0.04724609851837158,1.520483
USA_01620500,1,2.7847266,0.40622944,0.5875747501850128,1.66875
USA_01620500,2,4.8504763,0.6107162,0.28178727626800537,2.2023797
USA_01620500,3,5.58104,0.7346387,0.1738017201423645,2.3624225
USA_01620500,4,5.915872,0.8165011,0.12444347143173218,2.4322567
USA_01620500,5,6.0961885,0.87006974,0.09797340631484985,2.469046
USA_01620500,6,6.23271,0.912033,0.07799303531646729,2.4965396
USA_01620500,7,6.2916064,0.9419946,0.06949448585510254,2.5083075
USA_01620500,8,6.310224,0.9597045,0.06695866584777832,2.5120158
USA_01620500,9,6.2746596,0.9723888,0.07243335247039795,2.5049272
USA_01620500,10,6.25845,0.980899,0.07473289966583252,2.5016894
USA_01632000,1,4.430803,0.45989046,0.4968409538269043,2.1049473
USA_01632000,2,7.481201,0.67057115,0.1504458785057068,2.7351785
USA_01632000,3,7.964506,0.7778727,0.09556883573532104,2.8221457
USA_01632000,4,8.115906,0.8379383,0.07837855815887451,2.8488429
USA_01632000,5,8.385607,0.8737442,0.0476611852645874,2.8957913
USA_01632000,6,8.603387,0.89267534,0.022874057292938232,2.9331532
USA_01632000,7,8.636437,0.903749,0.01908820867538452,2.9387817
USA_01632000,8,8.562623,0.91346717,0.027446210384368896,2.926196
USA_01632000,9,8.483048,0.92017555,0.036460816860198975,2.9125674
USA_01632000,10,8.4962,0.92203355,0.034945547580718994,2.914824
USA_01632900,1,0.51572937,0.16183074,0.5982196033000946,0.718143
USA_01632900,2,0.96717787,0.23381418,0.24627184867858887,0.983452
USA_01632900,3,1.0258061,0.27377543,0.20069080591201782,1.0128208
USA_01632900,4,1.055216,0.3011576,0.1778697967529297,1.027237
USA_01632900,5,1.0948768,0.32047457,0.14705109596252441,1.0463636
USA_01632900,6,1.140231,0.33680955,0.1117856502532959,1.067816
USA_01632900,7,1.1530529,0.34855592,0.101859450340271,1.0738031
USA_01632900,8,1.1604834,0.35899678,0.09613549709320068,1.0772573
USA_01632900,9,1.1543641,0.36895794,0.10096138715744019,1.0744134
USA_01632900,10,1.1570641,0.37447038,0.09890741109848022,1.0756692
USA_01634500,1,3.918977,0.33044103,0.31730902194976807,1.9796406
USA_01634500,2,5.1110277,0.4611275,0.10930860042572021,2.2607582
USA_01634500,3,5.326324,0.5375566,0.07178640365600586,2.307883
USA_01634500,4,5.477414,0.584038,0.045539677143096924,2.3403876
USA_01634500,5,5.5546594,0.61226076,0.032197773456573486,2.3568325
USA_01634500,6,5.597999,0.63413566,0.02477717399597168,2.366009
USA_01634500,7,5.6143875,0.6515616,0.02158278226852417,2.36947
USA_01634500,8,5.622045,0.6611073,0.019751012325286865,2.3710852
USA_01634500,9,5.620088,0.66567904,0.020078182220458984,2.3706725
USA_01634500,10,5.621987,0.6708347,0.01982349157333374,2.371073
USA_01638480,1,7.8846855,0.4851236,0.319374680519104,2.8079681
USA_01638480,2,10.384506,0.65780705,0.10356485843658447,3.2225
USA_01638480,3,10.849032,0.74247104,0.06354057788848877,3.293787
USA_01638480,4,11.05648,0.79467946,0.04573190212249756,3.3251286
USA_01638480,5,11.137099,0.826571,0.03887873888015747,3.3372293
USA_01638480,6,11.203498,0.8504579,0.03323262929916382,3.3471627
USA_01638480,7,11.251145,0.86497545,0.029087424278259277,3.3542726
USA_01638480,8,11.243216,0.87471694,0.029864072799682617,3.3530905
USA_01638480,9,11.24187,0.88472265,0.03008401393890381,3.3528898
USA_01638480,10,11.264265,0.89419323,0.028200745582580566,3.3562279
USA_01639500,1,2.9007702,0.37966323,0.34446775913238525,1.7031648
USA_01639500,2,3.9975898,0.4981799,0.09662222862243652,1.9993974
USA_01639500,3,4.1249175,0.5433285,0.06932276487350464,2.0309894
USA_01639500,4,4.1698036,0.57201505,0.059640347957611084,2.0420096
USA_01639500,5,4.196125,0.5923024,0.05371314287185669,2.0484445
USA_01639500,6,4.2059913,0.60653216,0.05147838592529297,2.0508513
USA_01639500,7,4.235653,0.61498874,0.04478013515472412,2.0580702
USA_01639500,8,4.243923,0.6244823,0.04291057586669922,2.0600784
USA_01639500,9,4.232771,0.63288236,0.04544103145599365,2.05737
USA_01639500,10,4.2278843,0.6397337,0.04656010866165161,2.056182
USA_01644000,1,2.681596,0.30738965,0.3893255591392517,1.637558
USA_01644000,2,3.8174448,0.43838155,0.1307978630065918,1.9538282
USA_01644000,3,4.016942,0.504064,0.08552688360214233,2.004231
USA_01644000,4,4.108546,0.54751915,0.06482690572738647,2.026955
USA_01644000,5,4.173792,0.57603824,0.05012917518615723,2.042986
USA_01644000,6,4.2108703,0.5953409,0.041846632957458496,2.0520406
USA_01644000,7,4.230365,0.6100519,0.0374487042427063,2.056785
USA_01644000,8,4.2402625,0.62116975,0.035320937633514404,2.0591898
USA_01644000,9,4.2326374,0.6273101,0.03717672824859619,2.0573375
USA_01644000,10,4.2278147,0.63284034,0.03826969861984253,2.056165
USA_01658500,1,4.5806947,0.44232184,0.18788498640060425,2.1402557
USA_01658500,2,5.436786,0.5420795,0.0361628532409668,2.3316917
USA_01658500,3,5.4647255,0.56140834,0.031212687492370605,2.3376753
USA_01658500,4,5.411404,0.5704269,0.04063832759857178,2.3262424
USA_01658500,5,5.4213676,0.5774879,0.038877248764038086,2.328383
USA_01658500,6,5.4443426,0.5784334,0.03480887413024902,2.3333116
USA_01658500,7,5.4400086,0.57858473,0.03559154272079468,2.3323827
USA_01658500,8,5.428812,0.58114177,0.03759521245956421,2.329981
USA_01658500,9,5.423708,0.5881859,0.03852367401123047,2.3288856
USA_01658500,10,5.4017644,0.58824444,0.04244202375411987,2.3241696
USA_01664000,1,1.1778512,0.2548749,0.5654329657554626,1.0852885
USA_01664000,2,2.0160518,0.3863558,0.2561779022216797,1.4198774
USA_01664000,3,2.200979,0.4529905,0.18796926736831665,1.4835696
USA_01664000,4,2.2955575,0.4954883,0.1530727744102478,1.5151098
USA_01664000,5,2.3505576,0.52206254,0.13281315565109253,1.5331528
USA_01664000,6,2.4043605,0.54451793,0.11306828260421753,1.5506
USA_01664000,7,2.4237032,0.5563564,0.10593509674072266,1.5568247
USA_01664000,8,2.440888,0.56583565,0.09957587718963623,1.5623342
USA_01664000,9,2.4266315,0.5744464,0.10481387376785278,1.5577649
USA_01664000,10,2.4150796,0.5812424,0.10905945301055908,1.5540526
USA_01666500,1,2.3977838,0.30776462,0.30338603258132935,1.5484779
USA_01666500,2,2.8812037,0.40405482,0.16294312477111816,1.6974108
USA_01666500,3,2.9988976,0.45424476,0.12875771522521973,1.7317325
USA_01666500,4,3.0976503,0.49101886,0.10006046295166016,1.7600143
USA_01666500,5,3.1608047,0.51722556,0.0814257264137268,1.7778652
USA_01666500,6,3.1980238,0.5374566,0.07059025764465332,1.788302
USA_01666500,7,3.2015183,0.5494717,0.06957012414932251,1.7892787
USA_01666500,8,3.2242944,0.56041825,0.06295186281204224,1.795632
USA_01666500,9,3.1957223,0.56825525,0.0712631344795227,1.7876583
USA_01666500,10,3.1924014,0.5773962,0.0722421407699585,1.7867292
USA_01667500,1,2.3946633,0.297265,0.40117347240448,1.54747
USA_01667500,2,3.287321,0.4268361,0.17798399925231934,1.8130971
USA_01667500,3,3.4321299,0.49229553,0.14178431034088135,1.8526008
USA_01667500,4,3.5437176,0.5355797,0.11388665437698364,1.8824764
USA_01667500,5,3.6140332,0.56499445,0.09631764888763428,1.901061
USA_01667500,6,3.6668036,0.5898453,0.08313727378845215,1.9148899
USA_01667500,7,3.6830761,0.60570407,0.07906883955001831,1.9191343
USA_01667500,8,3.710169,0.6177559,0.072293221950531,1.9261799
USA_01667500,9,3.681538,0.62713873,0.07934695482254028,1.9187335
USA_01667500,10,3.6673574,0.63490105,0.08282315731048584,1.9150345
USA_01669000,1,0.38733226,0.21678437,0.6249455511569977,0.6223602
USA_01669000,2,0.6963575,0.32568017,0.3256673216819763,0.83448035
USA_01669000,3,0.73179936,0.3723239,0.23862743377685547,0.8554527
USA_01669000,4,0.7327587,0.38840547,0.21891921758651733,0.85601324
USA_01669000,5,0.7333265,0.3953672,0.21383130550384521,0.8563448
USA_01669000,6,0.7302421,0.40006456,0.21508705615997314,0.854542
USA_01669000,7,0.7279797,0.40102828,0.21634578704833984,0.8532173
USA_01669000,8,0.7294877,0.40152442,0.2136874794960022,0.8541005
USA_01669000,9,0.7301398,0.40232423,0.2088099718093872,0.8544822
USA_01669000,10,0.7267213,0.40179145,0.208701491355896,0.8524795
USA_01669520,1,0.095327005,0.15553437,0.8094635307788849,0.30875072
USA_01669520,2,0.17865056,0.21815717,0.6427207887172699,0.42267075
USA_01669520,3,0.2563747,0.27499244,0.48719722032546997,0.50633454
USA_01669520,4,0.31535074,0.3182819,0.36938774585723877,0.561561
USA_01669520,5,0.3528595,0.34582373,0.2947434186935425,0.5940198
USA_01669520,6,0.3766634,0.36341757,0.24768495559692383,0.61372906
USA_01669520,7,0.39091134,0.37725466,0.21980565786361694,0.625229
USA_01669520,8,0.39947906,0.38839376,0.203260600566864,0.63204354
USA_01669520,9,0.40495172,0.39640194,0.19285112619400024,0.63635814
USA_01669520,10,0.40543693,0.40204588,0.19239777326583862,0.6367393
USA_02011400,1,0.4962333,0.19680892,0.6671755015850067,0.70443827
USA_02011400,2,0.9437975,0.30201098,0.36716634035110474,0.9714924
USA_02011400,3,1.0960171,0.36781865,0.26532697677612305,1.0469084
USA_02011400,4,1.1965358,0.40716624,0.1982029676437378,1.0938628
USA_02011400,5,1.2479687,0.43440667,0.16400104761123657,1.1171252
USA_02011400,6,1.2769902,0.45512983,0.14482027292251587,1.1300399
USA_02011400,7,1.287596,0.470433,0.1379634141921997,1.1347228
USA_02011400,8,1.2938994,0.47922057,0.13397616147994995,1.137497
USA_02011400,9,1.2880411,0.48702803,0.1381286382675171,1.134919
USA_02011400,10,1.2813182,0.49222964,0.14289730787277222,1.1319532
USA_02011460,1,1.4823515,0.31974417,0.6410059332847595,1.2175186
USA_02011460,2,2.849303,0.49699995,0.3101269006729126,1.6879878
USA_02011460,3,3.1999047,0.60787416,0.2254401445388794,1.7888278
USA_02011460,4,3.4583108,0.67859566,0.1631089448928833,1.8596535
USA_02011460,5,3.6035528,0.7211428,0.12818264961242676,1.8983027
USA_02011460,6,3.6657832,0.74709004,0.11334216594696045,1.9146235
USA_02011460,7,3.6729085,0.75799453,0.11182254552841187,1.9164834
USA_02011460,8,3.6679115,0.75975406,0.11322611570358276,1.9151793
USA_02011460,9,3.629788,0.76404214,0.12263500690460205,1.9052002
USA_02011460,10,3.620603,0.76817125,0.125066339969635,1.9027883
USA_02013000,1,3.058901,0.3164915,0.4116806983947754,1.7489715
USA_02013000,2,4.4925146,0.4557009,0.1360006332397461,2.1195552
USA_02013000,3,4.7629504,0.5298113,0.08402442932128906,2.1824186
USA_02013000,4,4.88624,0.5737805,0.06030285358428955,2.210484
USA_02013000,5,4.944407,0.6036182,0.04909384250640869,2.2236023
USA_02013000,6,4.97214,0.6211593,0.043738484382629395,2.2298295
USA_02013000,7,4.97959,0.63373595,0.04228568077087402,2.2314994
USA_02013000,8,4.9894037,0.6420192,0.040385901927948,2.2336974
USA_02013000,9,4.9758368,0.64790004,0.04301011562347412,2.2306583
USA_02013000,10,4.988735,0.65002805,0.04054063558578491,2.2335477
USA_02014000,1,0.961104,0.22990605,0.6285445690155029,0.9803591
USA_02014000,2,1.8296074,0.3555439,0.29295408725738525,1.3526298
USA_02014000,3,2.0888517,0.4294938,0.19282710552215576,1.445286
USA_02014000,4,2.2089815,0.47516403,0.14639002084732056,1.4862642
USA_02014000,5,2.2660527,0.50650716,0.124306321144104,1.5053414
USA_02014000,6,2.2912812,0.5267548,0.11452621221542358,1.5136979
USA_02014000,7,2.3126419,0.54539126,0.10624772310256958,1.5207373
USA_02014000,8,2.334667,0.5586977,0.09772133827209473,1.5279617
USA_02014000,9,2.3332744,0.5664715,0.09826511144638062,1.5275059
USA_02014000,10,2.336378,0.5685717,0.09706974029541016,1.5285215
USA_02015700,1,1.9310632,0.34081888,0.5007599294185638,1.389627
USA_02015700,2,3.029131,0.4969988,0.2170320749282837,1.7404399
USA_02015700,3,3.262486,0.58030546,0.1568775773048401,1.8062353
USA_02015700,4,3.4132338,0.6213724,0.11567622423171997,1.8474939
USA_02015700,5,3.475342,0.6487333,0.09488934278488159,1.8642269
USA_02015700,6,3.5343084,0.67245483,0.07875216007232666,1.8799757
USA_02015700,7,3.5342357,0.687167,0.07862257957458496,1.8799564
USA_02015700,8,3.5454874,0.6928439,0.07575511932373047,1.8829465
USA_02015700,9,3.5270267,0.7001937,0.08063358068466187,1.8780379
USA_02015700,10,3.5162184,0.70490533,0.08337795734405518,1.8751582
USA_02016000,1,1.3794125,0.32947865,0.5995369851589203,1.1744839
USA_02016000,2,2.6037009,0.49217013,0.24413663148880005,1.6135987
USA_02016000,3,2.9076905,0.5835518,0.15591436624526978,1.7051952
USA_02016000,4,3.0606582,0.636916,0.11154204607009888,1.7494737
USA_02016000,5,3.140565,0.66492015,0.08837580680847168,1.7721639
USA_02016000,6,3.188483,0.685413,0.07449620962142944,1.7856324
USA_02016000,7,3.2120898,0.69753015,0.06767404079437256,1.7922304
USA_02016000,8,3.2249858,0.70276064,0.06397086381912231,1.7958245
USA_02016000,9,3.2342074,0.71194553,0.06135749816894531,1.7983903
USA_02016000,10,3.237533,0.7215451,0.06048166751861572,1.7993146
USA_02017500,1,0.5329973,0.25580385,0.7518652528524399,0.73006666
USA_02017500,2,1.2580607,0.39892235,0.4143548607826233,1.121633
USA_02017500,3,1.5224108,0.4855005,0.29143834114074707,1.2338601
USA_02017500,4,1.6571445,0.54095006,0.22890013456344604,1.2873013
USA_02017500,5,1.7388518,0.5821021,0.1910496950149536,1.3186553
USA_02017500,6,1.788872,0.607806,0.16793668270111084,1.3374872
USA_02017500,7,1.830223,0.63073754,0.14885234832763672,1.3528574
USA_02017500,8,1.8655998,0.6459583,0.13247346878051758,1.3658696
USA_02017500,9,1.8725033,0.6552638,0.1294378638267517,1.3683944
USA_02017500,10,1.8798423,0.65745753,0.1262800097465515,1.3710734
USA_02018000,1,1.433212,0.29038996,0.5524159073829651,1.1971684
USA_02018000,2,2.3214593,0.430917,0.27501732110977173,1.5236336
USA_02018000,3,2.6542637,0.51857114,0.1710883378982544,1.6291912
USA_02018000,4,2.7923727,0.5734262,0.12796258926391602,1.6710395
USA_02018000,5,2.8785233,0.609269,0.10106348991394043,1.6966212
USA_02018000,6,2.9199858,0.6344009,0.08812034130096436,1.7087966
USA_02018000,7,2.9463947,0.65578175,0.0798836350440979,1.7165065
USA_02018000,8,2.9694269,0.66798514,0.07271212339401245,1.7232025
USA_02018000,9,2.961782,0.6775242,0.07520055770874023,1.7209829
USA_02018000,10,2.9597657,0.6802908,0.07605773210525513,1.720397
USA_02027000,1,1.8298906,0.37486312,0.6440268456935883,1.3527344
USA_02027000,2,3.3051457,0.5371823,0.3567323684692383,1.818006
USA_02027000,3,3.711056,0.6310362,0.2776889204978943,1.9264101
USA_02027000,4,3.937696,0.69794244,0.23352402448654175,1.9843628
USA_02027000,5,4.062153,0.74530727,0.20922452211380005,2.0154784
USA_02027000,6,4.1988506,0.7826657,0.1825544238090515,2.0491097
USA_02027000,7,4.2434726,0.8148668,0.173842191696167,2.0599692
USA_02027000,8,4.319223,0.83685005,0.15909016132354736,2.078274
USA_02027000,9,4.3136897,0.85400426,0.16016215085983276,2.0769424
USA_02027000,10,4.3590865,0.8688586,0.1512690782546997,2.0878425
USA_02027500,1,1.3948781,0.4005506,0.742484837770462,1.1810496
USA_02027500,2,2.962476,0.571275,0.45189714431762695,1.7211845
USA_02027500,3,3.562362,0.6856594,0.3404829502105713,1.8874221
USA_02027500,4,3.906728,0.7728601,0.2764511704444885,1.9765445
USA_02027500,5,4.12725,0.8390989,0.23542118072509766,2.0315635
USA_02027500,6,4.3113637,0.891738,0.20116746425628662,2.0763824
USA_02027500,7,4.3911195,0.93401504,0.1862991452217102,2.0954998
USA_02027500,8,4.499708,0.9694898,0.16611820459365845,2.1212516
USA_02027500,9,4.5232706,0.99670005,0.16172915697097778,2.1267982
USA_02027500,10,4.5939803,1.014485,0.14862775802612305,2.1433573
USA_02028500,1,1.264249,0.30497396,0.5909475684165955,1.1243882
USA_02028500,2,2.041329,0.42724934,0.33918625116348267,1.4287509
USA_02028500,3,2.195287,0.49543932,0.2896715998649597,1.4816501
USA_02028500,4,2.3218842,0.54532915,0.24876254796981812,1.523773
USA_02028500,5,2.4295123,0.5832811,0.21384799480438232,1.5586892
USA_02028500,6,2.5091453,0.61657584,0.18799841403961182,1.5840281
USA_02028500,7,2.5477183,0.6399112,0.17548489570617676,1.5961573
USA_02028500,8,2.5783744,0.6528597,0.16557711362838745,1.6057317
USA_02028500,9,2.5591688,0.66349834,0.17177879810333252,1.5997403
USA_02028500,10,2.5711646,0.67059076,0.16783428192138672,1.6034851
USA_02038850,1,2.9083924,0.29216644,0.2166910171508789,1.705401
USA_02038850,2,3.596386,0.37944373,0.030530691146850586,1.8964139
USA_02038850,3,3.6349866,0.40294793,0.020193099975585938,1.9065641
USA_02038850,4,3.6281073,0.41347665,0.022114098072052002,1.9047592
USA_02038850,5,3.626763,0.41914642,0.022538363933563232,1.9044062
USA_02038850,6,3.6401398,0.4224632,0.01898360252380371,1.907915
USA_02038850,7,3.6256948,0.4227584,0.022891998291015625,1.9041257
USA_02038850,8,3.612897,0.4232985,0.0263979434967041,1.9007622
USA_02038850,9,3.6041105,0.4261519,0.028828084468841553,1.8984495
USA_02038850,10,3.5998747,0.4257873,0.030014216899871826,1.8973336
USA_02046000,1,0.35710272,0.1837452,0.6911400854587555,0.59758073
USA_02046000,2,0.78333664,0.29640898,0.32253164052963257,0.88506305
USA_02046000,3,0.94458395,0.35783958,0.18422949314117432,0.97189707
USA_02046000,4,0.9934899,0.3887887,0.14684879779815674,0.9967396
USA_02046000,5,1.00882,0.40276945,0.13420498371124268,1.0044004
USA_02046000,6,1.022737,0.40945345,0.12224012613296509,1.0113046
USA_02046000,7,1.0243524,0.41180107,0.12080007791519165,1.012103
USA_02046000,8,1.0281681,0.4154235,0.11760216951370239,1.0139862
USA_02046000,9,1.0348738,0.41890326,0.1131901741027832,1.0172875
USA_02046000,10,1.0362138,0.41943085,0.11230295896530151,1.0179459
USA_02051000,1,4.710943,0.4225605,0.23164379596710205,2.1704707
USA_02051000,2,5.914116,0.5253003,0.03543895483016968,2.4318955
USA_02051000,3,6.0338693,0.5588624,0.016606807708740234,2.4563935
USA_02051000,4,6.0435877,0.57567304,0.015085458755493164,2.458371
USA_02051000,5,6.0552487,0.57660794,0.013168036937713623,2.4607415
USA_02051000,6,6.073519,0.57885545,0.010184824466705322,2.464451
USA_02051000,7,6.056358,0.57868457,0.01298600435256958,2.4609668
USA_02051000,8,6.0452385,0.5781288,0.014801740646362305,2.4587066
USA_02051000,9,6.039084,0.58305687,0.01581352949142456,2.4574547
USA_02051000,10,6.038711,0.58529586,0.015901625156402588,2.4573789
USA_02051500,1,0.60934865,0.23924345,0.588856428861618,0.7806079
USA_02051500,2,1.1073819,0.3408933,0.25288671255111694,1.0523221
USA_02051500,3,1.3320808,0.40290403,0.10137295722961426,1.1541581
USA_02051500,4,1.3905936,0.426734,0.06167912483215332,1.1792344
USA_02051500,5,1.4054449,0.43982792,0.05174022912979126,1.1855146
USA_02051500,6,1.4191709,0.44616017,0.042540907859802246,1.1912895
USA_02051500,7,1.4228922,0.4493318,0.04008978605270386,1.1928505
USA_02051500,8,1.4196066,0.45236185,0.04238629341125488,1.1914724
USA_02051500,9,1.4185876,0.45242193,0.043123841285705566,1.1910447
USA_02051500,10,1.4095682,0.45420876,0.04929757118225098,1.1872524
USA_02053200,1,0.31618315,0.2619918,0.8110436499118805,0.56230164
USA_02053200,2,0.6370946,0.38015512,0.6192541122436523,0.7981821
USA_02053200,3,0.942042,0.48048055,0.4371068477630615,0.9705885
USA_02053200,4,1.1569897,0.5497107,0.31190329790115356,1.0756346
USA_02053200,5,1.3163804,0.5980132,0.2249155044555664,1.1473362
USA_02053200,6,1.4381429,0.6299215,0.16293805837631226,1.1992259
USA_02053200,7,1.520939,0.6554127,0.12350606918334961,1.2332636
USA_02053200,8,1.5688465,0.6751961,0.1018216609954834,1.252536
USA_02053200,9,1.5939088,0.68693274,0.09109151363372803,1.262501
USA_02053200,10,1.6058321,0.6890662,0.08611327409744263,1.2672143
USA_02053800,1,1.1980612,0.2359132,0.5582094788551331,1.0945598
USA_02053800,2,2.0854127,0.36288577,0.23096704483032227,1.4440958
USA_02053800,3,2.3561945,0.42937988,0.1311095952987671,1.5349901
USA_02053800,4,2.463232,0.4666417,0.09230953454971313,1.5694687
USA_02053800,5,2.5056696,0.49013713,0.07744807004928589,1.5829307
USA_02053800,6,2.529611,0.5065437,0.06877905130386353,1.5904751
USA_02053800,7,2.5451956,0.5196611,0.06306672096252441,1.595367
USA_02053800,8,2.5703392,0.5280175,0.05380648374557495,1.6032277
USA_02053800,9,2.5815306,0.53610617,0.04968935251235962,1.6067142
USA_02053800,10,2.5905364,0.5400321,0.046375155448913574,1.6095144
USA_02055100,1,3.2019114,0.29421237,0.30199503898620605,1.7893885
USA_02055100,2,3.8762872,0.3874597,0.15500372648239136,1.9688289
USA_02055100,3,4.181646,0.4404839,0.08846008777618408,2.0449073
USA_02055100,4,4.2592926,0.4764561,0.07155942916870117,2.0638053
USA_02055100,5,4.304935,0.50162256,0.061636269092559814,2.0748336
USA_02055100,6,4.3310127,0.51570207,0.05597805976867676,2.0811086
USA_02055100,7,4.3208685,0.5254544,0.05821549892425537,2.0786698
USA_02055100,8,4.3007536,0.53823876,0.06266766786575317,2.0738258
USA_02055100,9,4.351786,0.54648185,0.05167436599731445,2.0860934
USA_02055100,10,4.3839064,0.5536726,0.04478192329406738,2.093778
USA_02056900,1,0.7173095,0.22434899,0.5153709352016449,0.84694123
USA_02056900,2,1.1950287,0.33881742,0.1926242709159851,1.0931736
USA_02056900,3,1.3041147,0.3913758,0.11892366409301758,1.1419784
USA_02056900,4,1.3543524,0.41769028,0.08498048782348633,1.1637665
USA_02056900,5,1.3688898,0.43666992,0.0751502513885498,1.1699957
USA_02056900,6,1.3896699,0.4470599,0.06111091375350952,1.1788427
USA_02056900,7,1.3957052,0.4505271,0.056944966316223145,1.1813997
USA_02056900,8,1.4050797,0.453739,0.0505906343460083,1.1853606
USA_02056900,9,1.4101741,0.4615394,0.04712522029876709,1.1875075
USA_02056900,10,1.41664,0.46420056,0.042751193046569824,1.1902269
USA_02059500,1,0.95485884,0.21214125,0.42439961433410645,0.9771688
USA_02059500,2,1.3973148,0.31595126,0.15768057107925415,1.1820807
USA_02059500,3,1.4858849,0.36138365,0.10430294275283813,1.2189687
USA_02059500,4,1.5320631,0.38693264,0.07648652791976929,1.2377654
USA_02059500,5,1.5392344,0.39931905,0.07233643531799316,1.2406589
USA_02059500,6,1.5551177,0.40656924,0.06296688318252563,1.2470436
USA_02059500,7,1.5480989,0.4105609,0.06719601154327393,1.2442262
USA_02059500,8,1.5558515,0.41587964,0.06252455711364746,1.2473377
USA_02059500,9,1.5453206,0.420866,0.06887239217758179,1.2431092
USA_02059500,10,1.5565275,0.42643896,0.062125444412231445,1.2476087
USA_02064000,1,0.5477561,0.19564822,0.44377362728118896,0.74010545
USA_02064000,2,0.83464164,0.27890417,0.15244793891906738,0.9135872
USA_02064000,3,0.8702021,0.3088225,0.11635124683380127,0.93284625
USA_02064000,4,0.8828621,0.32734916,0.10353362560272217,0.93960744
USA_02064000,5,0.90816206,0.33695275,0.07789945602416992,0.9529754
USA_02064000,6,0.92411333,0.3425393,0.06174963712692261,0.9613081
USA_02064000,7,0.9226795,0.34320635,0.06320542097091675,0.96056205
USA_02064000,8,0.92109185,0.34624475,0.06482815742492676,0.95973533
USA_02064000,9,0.92003983,0.35148618,0.06591731309890747,0.9591871
USA_02064000,10,0.9230872,0.3540795,0.06285315752029419,0.96077424
USA_02065500,1,1.5995091,0.20317598,0.3833838105201721,1.264717
USA_02065500,2,2.2574468,0.29319483,0.12975966930389404,1.5024801
USA_02065500,3,2.429708,0.326195,0.06337171792984009,1.5587521
USA_02065500,4,2.4478788,0.34184176,0.056382834911346436,1.5645698
USA_02065500,5,2.4595854,0.35046843,0.051899611949920654,1.5683066
USA_02065500,6,2.4610782,0.35614404,0.05135160684585571,1.5687823
USA_02065500,7,2.462835,0.35924014,0.050689101219177246,1.5693423
USA_02065500,8,2.4504762,0.361997,0.05547052621841431,1.5653996
USA_02065500,9,2.442214,0.36533278,0.05865514278411865,1.5627584
USA_02065500,10,2.4335434,0.36735407,0.06199139356613159,1.5599818
USA_02069700,1,0.74783516,0.28249058,0.5606981813907623,0.86477464
USA_02069700,2,1.3573861,0.4078243,0.20266157388687134,1.1650691
USA_02069700,3,1.535039,0.4590576,0.0983506441116333,1.238967
USA_02069700,4,1.591333,0.487864,0.06541675329208374,1.2614805
USA_02069700,5,1.6240039,0.50166035,0.04638451337814331,1.2743641
USA_02069700,6,1.646288,0.51574314,0.03347283601760864,1.2830776
USA_02069700,7,1.6584758,0.5210874,0.026482224464416504,1.2878182
USA_02069700,8,1.673077,0.53207827,0.01805710792541504,1.2934748
USA_02069700,9,1.6789395,0.54182816,0.014787077903747559,1.2957389
USA_02069700,10,1.6856233,0.5464216,0.011056840419769287,1.2983155
USA_02070000,1,0.5067018,0.19742727,0.5393030047416687,0.7118299
USA_02070000,2,0.9033821,0.29841304,0.178644597530365,0.9504642
USA_02070000,3,1.0065602,0.33787343,0.08484655618667603,1.0032748
USA_02070000,4,1.0383595,0.35589433,0.05599808692932129,1.0189992
USA_02070000,5,1.054181,0.36335668,0.0416753888130188,1.0267332
USA_02070000,6,1.0643963,0.37099358,0.03247183561325073,1.0316958
USA_02070000,7,1.0649421,0.37435272,0.032058119773864746,1.0319604
USA_02070000,8,1.0699338,0.3817301,0.02759230136871338,1.034376
USA_02070000,9,1.0735896,0.38874233,0.024350762367248535,1.0361416
USA_02070000,10,1.0785785,0.39004686,0.019894003868103027,1.0385463
USA_02074500,1,0.5284285,0.17974198,0.5126915872097015,0.72693086
USA_02074500,2,0.8946131,0.2689213,0.17225325107574463,0.9458399
USA_02074500,3,0.96687293,0.3013086,0.10515058040618896,0.983297
USA_02074500,4,1.0031725,0.31767341,0.07168614864349365,1.001585
USA_02074500,5,1.0228117,0.32474875,0.05363994836807251,1.0113415
USA_02074500,6,1.0341865,0.33304822,0.043234407901763916,1.0169497
USA_02074500,7,1.0359452,0.33934763,0.041709840297698975,1.0178139
USA_02074500,8,1.0379286,0.34460443,0.04001957178115845,1.0187877
USA_02074500,9,1.0419348,0.35131118,0.03646606206893921,1.0207521
USA_02074500,10,1.0455776,0.35330284,0.03322416543960571,1.022535
USA_02077200,1,1.8762028,0.32027665,0.45724260807037354,1.3697455
USA_02077200,2,3.0739124,0.4664446,0.11084574460983276,1.7532576
USA_02077200,3,3.253009,0.5296626,0.05912172794342041,1.80361
USA_02077200,4,3.2769482,0.5616573,0.052274107933044434,1.8102343
USA_02077200,5,3.280162,0.57695514,0.051387131214141846,1.8111218
USA_02077200,6,3.3136873,0.5883367,0.04172390699386597,1.8203536
USA_02077200,7,3.3294356,0.5948276,0.03721362352371216,1.8246741
USA_02077200,8,3.3315833,0.5997917,0.036658406257629395,1.8252625
USA_02077200,9,3.3075578,0.598588,0.040226638317108154,1.8186692
USA_02077200,10,3.3006268,0.59395534,0.04144108295440674,1.8167627
USA_02081500,1,2.167605,0.3238579,0.39742738008499146,1.4722788
USA_02081500,2,3.3700986,0.44861868,0.06311672925949097,1.8357829
USA_02081500,3,3.4874346,0.49557272,0.0305367112159729,1.8674674
USA_02081500,4,3.490594,0.51364297,0.029697537422180176,1.8683131
USA_02081500,5,3.5087245,0.52284765,0.024712324142456055,1.8731589
USA_02081500,6,3.5434322,0.5316455,0.015109062194824219,1.8824006
USA_02081500,7,3.5352387,0.5348606,0.01742011308670044,1.880223
USA_02081500,8,3.5346963,0.53892714,0.0175936222076416,1.8800788
USA_02081500,9,3.5347974,0.54348755,0.01758408546447754,1.8801057
USA_02081500,10,3.5320036,0.5453825,0.018381953239440918,1.8793626
USA_02082950,1,0.8878433,0.25640887,0.5093619227409363,0.94225436
USA_02082950,2,1.4611611,0.37807268,0.19251078367233276,1.2087849
USA_02082950,3,1.6824448,0.43977305,0.07018619775772095,1.2970909
USA_02082950,4,1.7251799,0.46587893,0.04644101858139038,1.3134611
USA_02082950,5,1.739088,0.47904465,0.04377168416976929,1.3187449
USA_02082950,6,1.7570734,0.4852285,0.036467015743255615,1.3255465
USA_02082950,7,1.7659444,0.49072722,0.03175663948059082,1.3288884
USA_02082950,8,1.765572,0.49369693,0.03184068202972412,1.3287482
USA_02082950,9,1.7658011,0.49446264,0.03156769275665283,1.3288345
USA_02082950,10,1.75728,0.49399057,0.03610724210739136,1.3256243
USA_02092500,1,0.26784012,0.271621,0.8192522823810577,0.5175327
USA_02092500,2,0.51930135,0.38271084,0.6495606899261475,0.7206257
USA_02092500,3,0.77490324,0.4870565,0.47719335556030273,0.88028586
USA_02092500,4,0.98592263,0.55899495,0.3350072503089905,0.9929364
USA_02092500,5,1.1425507,0.61085314,0.229425847530365,1.0689017
USA_02092500,6,1.2447131,0.6493206,0.16047286987304688,1.1156671
USA_02092500,7,1.3056211,0.6799543,0.11927324533462524,1.1426378
USA_02092500,8,1.3482463,0.7052096,0.09036827087402344,1.1611401
USA_02092500,9,1.3842198,0.7223176,0.0659412145614624,1.1765287
USA_02092500,10,1.4110805,0.7285054,0.04768449068069458,1.1878891
USA_02096846,1,2.1143384,0.35959336,0.26644235849380493,1.4540765
USA_02096846,2,2.608476,0.46303222,0.09500771760940552,1.6150777
USA_02096846,3,2.659013,0.48409584,0.07747787237167358,1.630648
USA_02096846,4,2.6866996,0.49431667,0.06787580251693726,1.6391155
USA_02096846,5,2.7652605,0.50615877,0.04061621427536011,1.6629072
USA_02096846,6,2.771204,0.51471627,0.038550376892089844,1.6646934
USA_02096846,7,2.7750561,0.5206547,0.03721410036087036,1.6658499
USA_02096846,8,2.771684,0.5266536,0.03838390111923218,1.6648375
USA_02096846,9,2.77355,0.52930677,0.03774392604827881,1.6653979
USA_02096846,10,2.7794745,0.5323714,0.03572642803192139,1.6671757
USA_02102908,1,0.39946795,0.25979275,0.4036438465118408,0.6320348
USA_02102908,2,0.61024046,0.37086326,0.08895301818847656,0.7811789
USA_02102908,3,0.6352868,0.39776152,0.051534295082092285,0.7970488
USA_02102908,4,0.6304019,0.40885794,0.05872929096221924,0.7939785
USA_02102908,5,0.6365945,0.41560078,0.04942554235458374,0.7978687
USA_02102908,6,0.6316063,0.41702634,0.0568007230758667,0.7947366
USA_02102908,7,0.6319002,0.4178403,0.056240737438201904,0.7949215
USA_02102908,8,0.62366694,0.41823354,0.06848275661468506,0.78972584
USA_02102908,9,0.61788416,0.41910267,0.07712876796722412,0.7860561
USA_02102908,10,0.6263309,0.42095584,0.06452280282974243,0.7914107
USA_02108000,1,0.29476973,0.256751,0.8071630299091339,0.542927
USA_02108000,2,0.5190943,0.35772377,0.6605213582515717,0.720482
USA_02108000,3,0.7867933,0.45090044,0.48542338609695435,0.8870137
USA_02108000,4,0.9968298,0.5159044,0.3479529023170471,0.9984136
USA_02108000,5,1.1546552,0.56353915,0.24458593130111694,1.0745488
USA_02108000,6,1.271625,0.5994294,0.1679254174232483,1.1276635
USA_02108000,7,1.3561773,0.6273207,0.11242473125457764,1.1645503
USA_02108000,8,1.4162253,0.6491566,0.07291299104690552,1.1900526
USA_02108000,9,1.4607887,0.66630816,0.04348105192184448,1.2086309
USA_02108000,10,1.4935707,0.6775857,0.021705985069274902,1.2221173
USA_02111180,1,4.4179034,0.53766984,0.48162931203842163,2.101881
USA_02111180,2,6.7815094,0.7449412,0.20424014329910278,2.6041331
USA_02111180,3,7.41603,0.8480115,0.12973326444625854,2.723239
USA_02111180,4,7.6962996,0.89862996,0.09678572416305542,2.7742205
USA_02111180,5,7.9249215,0.93136865,0.06989789009094238,2.8151238
USA_02111180,6,8.096913,0.95803034,0.04965263605117798,2.8455076
USA_02111180,7,8.17473,0.9714865,0.0404590368270874,2.8591485
USA_02111180,8,8.189248,0.9826159,0.03876030445098877,2.8616862
USA_02111180,9,8.238988,0.9964785,0.0329662561416626,2.8703637
USA_02111180,10,8.295159,0.9998391,0.02637314796447754,2.8801317
USA_02111500,1,1.9042442,0.36488608,0.4647085666656494,1.3799435
USA_02111500,2,2.569891,0.47944337,0.25601625442504883,1.6030879
USA_02111500,3,2.7749794,0.53553456,0.19663715362548828,1.6658269
USA_02111500,4,2.8617117,0.5666468,0.17152130603790283,1.6916595
USA_02111500,5,2.9557233,0.589011,0.14426445960998535,1.7192217
USA_02111500,6,3.0106966,0.60684323,0.12828224897384644,1.7351359
USA_02111500,7,3.0632517,0.6204483,0.1129574179649353,1.7502148
USA_02111500,8,3.0701454,0.6349005,0.11083680391311646,1.7521831
USA_02111500,9,3.089472,0.6459573,0.1051071286201477,1.7576894
USA_02111500,10,3.1257682,0.6509821,0.09445053339004517,1.7679843
USA_02112120,1,1.3462075,0.36830407,0.514604389667511,1.1602619
USA_02112120,2,2.1081924,0.499588,0.2399396300315857,1.4519616
USA_02112120,3,2.3522904,0.55473447,0.1522529125213623,1.5337179
USA_02112120,4,2.4721372,0.5848936,0.10922890901565552,1.5723032
USA_02112120,5,2.582231,0.6085507,0.06967431306838989,1.6069322
USA_02112120,6,2.6425073,0.6220571,0.04809027910232544,1.6255791
USA_02112120,7,2.6770022,0.6300946,0.03586018085479736,1.6361547
USA_02112120,8,2.66492,0.63341993,0.03447002172470093,1.6324583
USA_02112120,9,2.6805801,0.6414816,0.029025614261627197,1.6372477
USA_02112120,10,2.7068224,0.6442049,0.01986408233642578,1.6452423
USA_02112360,1,1.0065268,0.31899717,0.5647108256816864,1.0032581
USA_02112360,2,1.5672423,0.43499774,0.32225555181503296,1.2518954
USA_02112360,3,1.7398275,0.48834246,0.2476751208305359,1.3190252
USA_02112360,4,1.8178154,0.513656,0.21397924423217773,1.3482639
USA_02112360,5,1.8981029,0.5352755,0.1793038249015808,1.3777165
USA_02112360,6,1.9558848,0.55206513,0.15440362691879272,1.3985295
USA_02112360,7,1.9979647,0.5587569,0.13635170459747314,1.4134938
USA_02112360,8,2.010869,0.5673018,0.13101238012313843,1.4180511
USA_02112360,9,2.0462463,0.5793758,0.11608362197875977,1.4304707
USA_02112360,10,2.081842,0.5871159,0.10096549987792969,1.4428589
USA_02118500,1,1.6779124,0.3275954,0.4321041703224182,1.2953426
USA_02118500,2,2.515862,0.46521702,0.14851164817810059,1.586147
USA_02118500,3,2.7122784,0.5178796,0.08194589614868164,1.6468996
USA_02118500,4,2.777429,0.54238546,0.05976307392120361,1.6665621
USA_02118500,5,2.8095922,0.5511511,0.048770904541015625,1.6761838
USA_02118500,6,2.8449025,0.5597627,0.03674936294555664,1.6866839
USA_02118500,7,2.8574717,0.5640874,0.03244107961654663,1.6904057
USA_02118500,8,2.8701098,0.5677795,0.028061747550964355,1.6941398
USA_02118500,9,2.8805344,0.573924,0.024405181407928467,1.6972138
USA_02118500,10,2.8999033,0.57456934,0.017705142498016357,1.7029102
USA_02125000,1,7.830009,0.54263484,0.14013445377349854,2.7982154
USA_02125000,2,8.725072,0.6538032,0.04184162616729736,2.9538233
USA_02125000,3,8.702141,0.6801557,0.044359803199768066,2.949939
USA_02125000,4,8.751908,0.68947935,0.03889453411102295,2.9583623
USA_02125000,5,8.847105,0.69244796,0.028440356254577637,2.9744084
USA_02125000,6,8.794354,0.6997733,0.0342332124710083,2.9655278
USA_02125000,7,8.768156,0.7044807,0.037108659744262695,2.9611073
USA_02125000,8,8.793656,0.7089039,0.03430676460266113,2.96541
USA_02125000,9,8.875598,0.7120688,0.025306642055511475,2.9791942
USA_02125000,10,8.898605,0.7163894,0.022746801376342773,2.983053
USA_02128000,1,1.5656887,0.34270164,0.36025238037109375,1.2512748
USA_02128000,2,2.1764464,0.4554064,0.11076492071151733,1.4752784
USA_02128000,3,2.260524,0.48371208,0.09349000453948975,1.5035039
USA_02128000,4,2.2653456,0.503248,0.09421682357788086,1.5051064
USA_02128000,5,2.313365,0.5107871,0.07497680187225342,1.520975
USA_02128000,6,2.3501492,0.5176045,0.060237109661102295,1.5330197
USA_02128000,7,2.366611,0.52063876,0.053644537925720215,1.5383793
USA_02128000,8,2.3735154,0.5264502,0.051987528800964355,1.5406218
USA_02128000,9,2.3684826,0.528057,0.05484098196029663,1.5389875
USA_02128000,10,2.3667789,0.53122944,0.055505335330963135,1.5384339
USA_02137727,1,2.5341334,0.39178973,0.5538527965545654,1.5918962
USA_02137727,2,4.300958,0.5761016,0.24283361434936523,2.0738752
USA_02137727,3,4.70863,0.65348256,0.17111045122146606,2.1699378
USA_02137727,4,4.8968616,0.6927464,0.1380246877670288,2.2128854
USA_02137727,5,5.0392656,0.71818113,0.11302816867828369,2.2448308
USA_02137727,6,5.136689,0.7464607,0.09594112634658813,2.2664266
USA_02137727,7,5.2162075,0.75959,0.08199900388717651,2.283902
USA_02137727,8,5.2922597,0.778618,0.06866264343261719,2.300491
USA_02137727,9,5.365183,0.795087,0.05587047338485718,2.3162863
USA_02137727,10,5.4222865,0.8020636,0.045869410037994385,2.3285804
USA_02140991,1,4.10752,0.49604723,0.5294939577579498,2.0267017
USA_02140991,2,5.95304,0.6708571,0.28852492570877075,2.4398854
USA_02140991,3,6.638036,0.7707863,0.20580315589904785,2.5764387
USA_02140991,4,7.1475735,0.8299468,0.1447250247001648,2.6734946
USA_02140991,5,7.4820123,0.86909586,0.10470837354660034,2.7353268
USA_02140991,6,7.820141,0.9127547,0.07416749000549316,2.7964516
USA_02140991,7,8.0095215,0.93691593,0.052363693714141846,2.8301098
USA_02140991,8,8.057257,0.95617765,0.0468021035194397,2.8385308
USA_02140991,9,8.178796,0.9779703,0.03243899345397949,2.8598595
USA_02140991,10,8.198858,0.9807762,0.024885833263397217,2.863365
USA_02143000,1,2.6445546,0.32734254,0.4212406873703003,1.6262087
USA_02143000,2,3.6802163,0.46632388,0.1946331262588501,1.918389
USA_02143000,3,3.9435647,0.5438165,0.13707029819488525,1.985841
USA_02143000,4,4.034093,0.5749786,0.11733657121658325,2.008505
USA_02143000,5,4.0997844,0.59102243,0.10304051637649536,2.0247924
USA_02143000,6,4.1669316,0.6035463,0.08842110633850098,2.0413063
USA_02143000,7,4.206513,0.6101191,0.07981932163238525,2.0509784
USA_02143000,8,4.241739,0.61732954,0.07216644287109375,2.0595481
USA_02143000,9,4.3012986,0.6256123,0.05919969081878662,2.0739572
USA_02143000,10,4.3375764,0.63180476,0.05131465196609497,2.082685
USA_02143040,1,4.015392,0.47276905,0.4041175842285156,2.0038443
USA_02143040,2,5.7376184,0.67986786,0.14844584465026855,2.3953326
USA_02143040,3,6.0652704,0.7574437,0.09984302520751953,2.462777
USA_02143040,4,6.1808434,0.7887348,0.08278137445449829,2.4861302
USA_02143040,5,6.2551727,0.80173033,0.07179892063140869,2.5010343
USA_02143040,6,6.3247943,0.8129304,0.06148582696914673,2.5149143
USA_02143040,7,6.375127,0.82449514,0.05400615930557251,2.5249014
USA_02143040,8,6.4424124,0.832773,0.043994367122650146,2.5381908
USA_02143040,9,6.5033793,0.84174365,0.034992992877960205,2.5501723
USA_02143040,10,6.5681067,0.84697574,0.02551126480102539,2.5628319
USA_02149000,1,1.4650503,0.3361175,0.4934467077255249,1.2103926
USA_02149000,2,2.3268116,0.47756648,0.1954668164253235,1.525389
USA_02149000,3,2.4511557,0.5295519,0.15264731645584106,1.5656167
USA_02149000,4,2.5142157,0.55103123,0.13068276643753052,1.5856279
USA_02149000,5,2.5618477,0.5662575,0.11405837535858154,1.6005774
USA_02149000,6,2.5959148,0.5797915,0.10214775800704956,1.6111842
USA_02149000,7,2.617483,0.58757526,0.09457862377166748,1.6178637
USA_02149000,8,2.6624148,0.59398377,0.07887178659439087,1.6316907
USA_02149000,9,2.7177846,0.6040864,0.05951303243637085,1.6485705
USA_02149000,10,2.7516215,0.6053933,0.0476071834564209,1.6588012
USA_02152100,1,2.7330418,0.3617017,0.41000598669052124,1.6531913
USA_02152100,2,3.8044739,0.49708563,0.17872804403305054,1.9505061
USA_02152100,3,4.044652,0.5488493,0.12727117538452148,2.011132
USA_02152100,4,4.141793,0.57011825,0.10631757974624634,2.0351396
USA_02152100,5,4.2088614,0.57970965,0.09174442291259766,2.0515509
USA_02152100,6,4.246577,0.5894357,0.08352845907211304,2.0607224
USA_02152100,7,4.2521596,0.5957017,0.08226227760314941,2.0620766
USA_02152100,8,4.289469,0.599843,0.07412880659103394,2.0711033
USA_02152100,9,4.3478403,0.605954,0.061425864696502686,2.0851476
USA_02152100,10,4.392605,0.611081,0.05165582895278931,2.0958543
USA_02177000,1,1.0971642,0.46020684,0.8078528046607971,1.047456
USA_02177000,2,2.2892053,0.6840019,0.5992619693279266,1.513012
USA_02177000,3,3.014038,0.80911034,0.47394704818725586,1.7360985
USA_02177000,4,3.54266,0.90313363,0.38803672790527344,1.8821955
USA_02177000,5,3.9120622,0.96816856,0.3243709206581116,1.9778934
USA_02177000,6,4.1796026,1.0199426,0.2779986262321472,2.0444076
USA_02177000,7,4.333681,1.0541642,0.2513277530670166,2.0817494
USA_02177000,8,4.4080653,1.0795479,0.23429208993911743,2.0995393
USA_02177000,9,4.5080943,1.1046897,0.21587306261062622,2.1232274
USA_02177000,10,4.5968566,1.1254244,0.20043790340423584,2.1440282
USA_02178400,1,1.0636655,0.44031245,0.618458479642868,1.0313416
USA_02178400,2,1.8587023,0.60549563,0.3298042416572571,1.3633423
USA_02178400,3,2.069261,0.69174105,0.253559947013855,1.4384927
USA_02178400,4,2.7469077,0.7735181,0.14515531063079834,1.6573797
USA_02178400,5,2.9572465,0.8201767,0.10197418928146362,1.7196647
USA_02178400,6,2.9852502,0.84932,0.0946703553199768,1.7277876
USA_02178400,7,2.9914675,0.86354744,0.0927169919013977,1.7295859
USA_02178400,8,2.97386,0.8652328,0.09841722249984741,1.7244884
USA_02178400,9,2.956676,0.86078507,0.09478437900543213,1.7194988
USA_02178400,10,2.9913235,0.8583916,0.08223384618759155,1.7295443
USA_02193340,1,4.0681205,0.3204647,0.08501631021499634,2.0169582
USA_02193340,2,4.332818,0.35900903,0.025480031967163086,2.0815423
USA_02193340,3,4.333944,0.3752259,0.025226831436157227,2.0818126
USA_02193340,4,4.364322,0.38567632,0.018395960330963135,2.089096
USA_02193340,5,4.346422,0.39106163,0.022425413131713867,2.0848074
USA_02193340,6,4.3217287,0.39534378,0.027982711791992188,2.0788767
USA_02193340,7,4.334199,0.39852342,0.025184690952301025,2.081874
USA_02193340,8,4.348003,0.40141407,0.02210301160812378,2.0851865
USA_02193340,9,4.357902,0.40761644,0.01989072561264038,2.087559
USA_02193340,10,4.365376,0.41030806,0.018219590187072754,2.0893483
USA_02196000,1,1.3175558,0.2478389,0.5342561602592468,1.1478484
USA_02196000,2,2.4652376,0.36312497,0.12858164310455322,1.5701075
USA_02196000,3,2.6729789,0.41135406,0.05516397953033447,1.6349248
USA_02196000,4,2.6692586,0.42322028,0.056494712829589844,1.6337866
USA_02196000,5,2.7001443,0.4281228,0.04559093713760376,1.6432116
USA_02196000,6,2.7022321,0.4331857,0.044863879680633545,1.6438468
USA_02196000,7,2.6977656,0.43832675,0.04645055532455444,1.6424876
USA_02196000,8,2.690525,0.4393432,0.0490151047706604,1.640282
USA_02196000,9,2.696124,0.4388318,0.04704165458679199,1.6419878
USA_02196000,10,2.6973538,0.4395506,0.04556316137313843,1.6423622
USA_02198100,1,2.0938365,0.25922316,0.4380649924278259,1.4470096
USA_02198100,2,2.8654473,0.39354974,0.23095673322677612,1.6927632
USA_02198100,3,3.1882331,0.44731063,0.14427828788757324,1.7855624
USA_02198100,4,3.3080864,0.47107902,0.11203545331954956,1.8188145
USA_02198100,5,3.3740697,0.48301965,0.094260573387146,1.8368641
USA_02198100,6,3.4218585,0.49185097,0.08137732744216919,1.8498266
USA_02198100,7,3.4491463,0.49612272,0.07400518655776978,1.8571877
USA_02198100,8,3.4629803,0.49505755,0.07026505470275879,1.8609085
USA_02198100,9,3.4405448,0.4938407,0.07627373933792114,1.8548706
USA_02198100,10,3.4332902,0.49597484,0.0781869888305664,1.852914
USA_02202600,1,0.21537803,0.15362473,0.8256620019674301,0.46408838
USA_02202600,2,0.36544058,0.2104438,0.7041473984718323,0.6045168
USA_02202600,3,0.5446142,0.26442593,0.5590348839759827,0.7379798
USA_02202600,4,0.70214564,0.30339113,0.43142127990722656,0.8379413
USA_02202600,5,0.8090713,0.33384094,0.3447690010070801,0.8994839
USA_02202600,6,0.87616485,0.35664055,0.2903328537940979,0.93603677
USA_02202600,7,0.92016566,0.3755898,0.25457072257995605,0.95925266
USA_02202600,8,0.9494574,0.3885053,0.2307145595550537,0.97440106
USA_02202600,9,0.9648456,0.3987362,0.21812325716018677,0.98226553
USA_02202600,10,0.9766926,0.4044997,0.20840388536453247,0.9882776
USA_02212600,1,1.9536033,0.29890394,0.35894590616226196,1.3977135
USA_02212600,2,2.6434271,0.42209208,0.13258427381515503,1.625862
USA_02212600,3,2.7911205,0.4732056,0.08411341905593872,1.6706647
USA_02212600,4,2.825183,0.49985176,0.072925865650177,1.6808281
USA_02212600,5,2.845022,0.5051375,0.06640881299972534,1.6867193
USA_02212600,6,2.8677125,0.51349366,0.05895954370498657,1.6934322
USA_02212600,7,2.8998897,0.518371,0.048397064208984375,1.7029063
USA_02212600,8,2.920758,0.522104,0.04155254364013672,1.7090225
USA_02212600,9,2.9149702,0.5278986,0.04352051019668579,1.7073283
USA_02212600,10,2.9143956,0.53188294,0.04374569654464722,1.7071601
USA_02215100,1,0.56283134,0.23529162,0.823175385594368,0.75022084
USA_02215100,2,1.2057221,0.36323354,0.6211782693862915,1.0980538
USA_02215100,3,1.7873703,0.4419665,0.4383995532989502,1.3369257
USA_02215100,4,2.1096683,0.49628788,0.33709055185317993,1.4524697
USA_02215100,5,2.2812953,0.530418,0.2831196188926697,1.5103958
USA_02215100,6,2.3890128,0.5501887,0.24922996759414673,1.5456432
USA_02215100,7,2.4485948,0.56056666,0.23046451807022095,1.5647986
USA_02215100,8,2.4707968,0.56672084,0.22344893217086792,1.5718769
USA_02215100,9,2.4787714,0.57100445,0.22090435028076172,1.5744115
USA_02215100,10,2.4993448,0.5733377,0.21439999341964722,1.5809317
USA_02216180,1,0.55110854,0.2465091,0.8100795596837997,0.74236685
USA_02216180,2,1.4586749,0.38927087,0.4973182678222656,1.2077562
USA_02216180,3,1.9068685,0.47983155,0.34286385774612427,1.3808941
USA_02216180,4,2.1329498,0.5287752,0.26495277881622314,1.4604622
USA_02216180,5,2.2505405,0.553066,0.224429190158844,1.5001801
USA_02216180,6,2.326811,0.56724656,0.19814521074295044,1.5253888
USA_02216180,7,2.3553605,0.57735115,0.18830657005310059,1.5347184
USA_02216180,8,2.3478992,0.5800534,0.19087785482406616,1.5322856
USA_02216180,9,2.3237305,0.57794166,0.19920682907104492,1.5243787
USA_02216180,10,2.3504827,0.5853446,0.18998759984970093,1.5331284
USA_02221525,1,0.57321686,0.18036728,0.5387549102306366,0.75711083
USA_02221525,2,0.8879586,0.2650441,0.2854621410369873,0.9423155
USA_02221525,3,1.0117878,0.31126398,0.18576014041900635,1.0058767
USA_02221525,4,1.0359806,0.33191368,0.1662469506263733,1.0178313
USA_02221525,5,1.0381647,0.34156746,0.16442829370498657,1.0189037
USA_02221525,6,1.0591322,0.3489005,0.1475064754486084,1.0291415
USA_02221525,7,1.0813583,0.35616648,0.1295875906944275,1.0398839
USA_02221525,8,1.0944376,0.35797924,0.11904335021972656,1.0461537
USA_02221525,9,1.0950623,0.36220133,0.11854439973831177,1.0464522
USA_02221525,10,1.0944517,0.3644655,0.11903989315032959,1.0461605
USA_02231000,1,2.8749728,0.32128033,0.6512565910816193,1.6955745
USA_02231000,2,3.7791264,0.36225054,0.5415282547473907,1.9439975
USA_02231000,3,5.181021,0.43582118,0.3714444041252136,2.2761858
USA_02231000,4,6.1517386,0.5031665,0.253897488117218,2.48027
USA_02231000,5,6.807763,0.5559788,0.17474043369293213,2.609169
USA_02231000,6,7.253559,0.59737176,0.1211501955986023,2.6932433
USA_02231000,7,7.5592318,0.6321277,0.08453822135925293,2.7494056
USA_02231000,8,7.771007,0.6570019,0.059305012226104736,2.7876525
USA_02231000,9,7.910773,0.6743934,0.04271036386489868,2.8126097
USA_02231000,10,8.000225,0.6906309,0.03205758333206177,2.828467
USA_02231342,1,0.19187492,0.16832992,0.8780886232852936,0.4380353
USA_02231342,2,0.3781351,0.24158037,0.7598028033971786,0.6149269
USA_02231342,3,0.55346423,0.2956778,0.6501827239990234,0.7439518
USA_02231342,4,0.72703123,0.3445645,0.547004371881485,0.85266125
USA_02231342,5,0.86427647,0.38164806,0.4647523760795593,0.92966473
USA_02231342,6,0.96306163,0.40961164,0.4048020839691162,0.98135704
USA_02231342,7,1.0299771,0.43027684,0.36378049850463867,1.0148779
USA_02231342,8,1.0310476,0.44313264,0.36317646503448486,1.0154052
USA_02231342,9,0.9988844,0.4398538,0.38301748037338257,0.99944204
USA_02231342,10,0.9642105,0.4396075,0.40443503856658936,0.98194224
USA_02235200,1,0.0049158167,0.03918344,0.9279621616005898,0.070112884
USA_02235200,2,0.0071380655,0.047087364,0.8953650072216988,0.08448707
USA_02235200,3,0.009669017,0.053197376,0.8582168966531754,0.09833116
USA_02235200,4,0.01251752,0.059893787,0.8163855522871017,0.111881725
USA_02235200,5,0.015217757,0.065457,0.7766986936330795,0.123360276
USA_02235200,6,0.017956397,0.07204848,0.7364231944084167,0.13400148
USA_02235200,7,0.020654153,0.079221904,0.6968594491481781,0.14371553
USA_02235200,8,0.023143599,0.08486672,0.6615108251571655,0.1521302
USA_02235200,9,0.025763577,0.09022653,0.6267806589603424,0.16051036
USA_02235200,10,0.028588058,0.0939533,0.5939980447292328,0.16908003
USA_02245500,1,2.7608094,0.36624515,0.6248821318149567,1.6615684
USA_02245500,2,5.144621,0.57117796,0.3009042739868164,2.2681756
USA_02245500,3,6.669237,0.7030538,0.0936240553855896,2.5824866
USA_02245500,4,7.158121,0.7756158,0.027079999446868896,2.6754665
USA_02245500,5,7.356328,0.81025076,4.947185516357422e-05,2.7122552
USA_02245500,6,7.4526734,0.83604264,-0.01312863826751709,2.7299585
USA_02245500,7,7.461314,0.8503921,-0.014373421669006348,2.7315407
USA_02245500,8,7.402687,0.8511473,-0.00646519660949707,2.720788
USA_02245500,9,7.3309336,0.8440534,0.003232121467590332,2.7075696
USA_02245500,10,7.305505,0.8413929,0.006634891033172607,2.7028697
USA_02246000,1,1.588263,0.2579376,0.8988597095012665,1.2602631
USA_02246000,2,8.182872,0.4596193,0.4788915514945984,2.8605719
USA_02246000,3,13.586314,0.6037496,0.13475459814071655,3.6859617
USA_02246000,4,15.286147,0.6909588,0.026480376720428467,3.9097502
USA_02246000,5,15.755801,0.7468326,-0.0034432411193847656,3.9693577
USA_02246000,6,15.882173,0.7721008,-0.011502385139465332,3.9852443
USA_02246000,7,15.925494,0.7877208,-0.014275193214416504,3.990676
USA_02246000,8,15.9045315,0.78892666,-0.012957334518432617,3.9880486
USA_02246000,9,15.80972,0.78671736,-0.006934523582458496,3.9761438
USA_02246000,10,15.691768,0.7812732,0.0005599856376647949,3.9612837
USA_02296500,1,0.09268102,0.13883793,0.9377481453120708,0.30443558
USA_02296500,2,0.12711681,0.16985346,0.9152722060680389,0.35653445
USA_02296500,3,0.21385095,0.21232727,0.858321413397789,0.4624402
USA_02296500,4,0.3047675,0.2498904,0.7989985048770905,0.5520575
USA_02296500,5,0.38889626,0.28109425,0.7443146109580994,0.62361544
USA_02296500,6,0.46362874,0.31040004,0.6958195269107819,0.6809029
USA_02296500,7,0.5272889,0.33433667,0.6544972360134125,0.72614664
USA_02296500,8,0.5879114,0.35289985,0.615030437707901,0.76675385
USA_02296500,9,0.6422996,0.36441255,0.579509973526001,0.80143595
USA_02296500,10,0.6919597,0.37717405,0.5469843745231628,0.8318411
USA_02297155,1,0.40827805,0.21752223,0.8216381222009659,0.6389664
USA_02297155,2,0.6685604,0.28695548,0.7079063355922699,0.81765544
USA_02297155,3,0.91674954,0.35468674,0.5994398593902588,0.95747036
USA_02297155,4,1.1066068,0.40808198,0.516453206539154,1.0519538
USA_02297155,5,1.229624,0.44630948,0.46265238523483276,1.1088841
USA_02297155,6,1.2930678,0.47279587,0.4348663091659546,1.1371315
USA_02297155,7,1.3224761,0.49136916,0.42188113927841187,1.1499896
USA_02297155,8,1.3626219,0.50380397,0.40417975187301636,1.1673139
USA_02297155,9,1.4166167,0.51184213,0.3804229497909546,1.190217
USA_02297155,10,1.4753947,0.51739997,0.3545823097229004,1.2146583
USA_02297310,1,0.14444332,0.15465483,0.8755590170621872,0.380057
USA_02297310,2,0.22858028,0.20085958,0.8062872886657715,0.4781007
USA_02297310,3,0.33666548,0.24501593,0.7176138758659363,0.5802288
USA_02297310,4,0.4457256,0.28161138,0.6288747191429138,0.66762686
USA_02297310,5,0.5211715,0.31047863,0.5684696733951569,0.7219221
USA_02297310,6,0.5755187,0.33594823,0.5250530242919922,0.7586295
USA_02297310,7,0.62207407,0.35663238,0.48757433891296387,0.78871673
USA_02297310,8,0.66780204,0.37583894,0.4504297971725464,0.81719154
USA_02297310,9,0.70879734,0.39351737,0.41693150997161865,0.841901
USA_02297310,10,0.7380535,0.40449575,0.3929455280303955,0.8591004
USA_02298123,1,0.29831812,0.24611095,0.9048521369695663,0.5461851
USA_02298123,2,0.36059153,0.27410072,0.8849780410528183,0.6004927
USA_02298123,3,0.51957655,0.32152462,0.834247276186943,0.7208166
USA_02298123,4,0.7143505,0.37674454,0.7720904350280762,0.8451926
USA_02298123,5,0.89114064,0.4226972,0.7156616449356079,0.94400245
USA_02298123,6,1.0390587,0.46597877,0.6684380173683167,1.0193423
USA_02298123,7,1.1579816,0.5036441,0.6304569244384766,1.0760956
USA_02298123,8,1.2665653,0.53759295,0.5957685708999634,1.1254178
USA_02298123,9,1.3754083,0.5666277,0.5609885156154633,1.172778
USA_02298123,10,1.4752162,0.5921215,0.5290561318397522,1.2145847
USA_02298608,1,0.76068604,0.28210267,0.8246221393346786,0.8721732
USA_02298608,2,1.645758,0.41802177,0.6560097634792328,1.282871
USA_02298608,3,2.6739419,0.5589901,0.4763299822807312,1.6352192
USA_02298608,4,3.4146893,0.65038717,0.35375380516052246,1.8478878
USA_02298608,5,3.8839064,0.7136021,0.2761022448539734,1.9707628
USA_02298608,6,4.1549582,0.7694384,0.2304379940032959,2.0383716
USA_02298608,7,4.3302255,0.81543475,0.19997668266296387,2.0809193
USA_02298608,8,4.4820824,0.84577787,0.17269635200500488,2.1170928
USA_02298608,9,4.620616,0.86241066,0.1474258303642273,2.149562
USA_02298608,10,4.7127132,0.8719808,0.1304752230644226,2.1708784
USA_02299950,1,1.9942857,0.4544659,0.7309251725673676,1.4121917
USA_02299950,2,4.80705,0.7188472,0.4353758692741394,2.1924987
USA_02299950,3,6.54905,0.87539023,0.2667267322540283,2.559111
USA_02299950,4,7.5489626,0.9553592,0.16664117574691772,2.7475376
USA_02299950,5,7.862727,1.006153,0.13843625783920288,2.8040555
USA_02299950,6,8.000189,1.0374832,0.12588441371917725,2.8284605
USA_02299950,7,8.083871,1.0571042,0.11747074127197266,2.843215
USA_02299950,8,8.16897,1.0666716,0.10844624042510986,2.858141
USA_02299950,9,8.309225,1.0811282,0.09327983856201172,2.8825727
USA_02299950,10,8.349016,1.0723609,0.08888018131256104,2.8894665
USA_02300700,1,4.048821,0.36496022,0.6587863564491272,2.0121682
USA_02300700,2,9.018241,0.5511453,0.24030619859695435,3.0030386
USA_02300700,3,10.7652645,0.65805507,0.09326249361038208,3.2810462
USA_02300700,4,11.2562685,0.71961963,0.05190277099609375,3.3550363
USA_02300700,5,11.466166,0.7569763,0.03419637680053711,3.3861728
USA_02300700,6,11.619247,0.78854436,0.02140098810195923,3.4087017
USA_02300700,7,11.865133,0.82679194,0.01320117712020874,3.4445803
USA_02300700,8,12.212116,0.85197747,0.011466562747955322,3.4945838
USA_02300700,9,12.367804,0.87095475,0.014949142932891846,3.5167887
USA_02300700,10,12.483825,0.8816746,0.01599353551864624,3.5332456
USA_02310947,1,0.031500116,0.07464761,0.9015542566776276,0.17748272
USA_02310947,2,0.0341784,0.08514477,0.8931737393140793,0.18487401
USA_02310947,3,0.047895353,0.097226396,0.8502862900495529,0.21885008
USA_02310947,4,0.06669293,0.11187689,0.7915053069591522,0.25824976
USA_02310947,5,0.08575994,0.1251458,0.731869101524353,0.292848
USA_02310947,6,0.10186286,0.13648613,0.6814868152141571,0.31915963
USA_02310947,7,0.116310276,0.1470805,0.6363155841827393,0.34104294
USA_02310947,8,0.12878557,0.15678646,0.5973354876041412,0.35886705
USA_02310947,9,0.14034034,0.16546226,0.5613119602203369,0.37462026
USA_02310947,10,0.15117693,0.17436028,0.5277400612831116,0.38881478
USA_02312200,1,0.01050668,0.04775837,0.9227893128991127,0.1025021
USA_02312200,2,0.014849311,0.05918714,0.8908736407756805,0.12185775
USA_02312200,3,0.021778591,0.07088331,0.8399466872215271,0.1475757
USA_02312200,4,0.030371888,0.08519873,0.776787668466568,0.17427532
USA_02312200,5,0.037182637,0.095998116,0.7267066836357117,0.192828
USA_02312200,6,0.0426966,0.10607702,0.6861356794834137,0.20663156
USA_02312200,7,0.047112998,0.11512986,0.6536226868629456,0.21705529
USA_02312200,8,0.05026484,0.12124288,0.6303754448890686,0.2241982
USA_02312200,9,0.0517726,0.124052495,0.619187980890274,0.22753593
USA_02312200,10,0.05311416,0.12554285,0.6092249155044556,0.2304651
USA_02314500,1,0.095676936,0.15829736,0.8867252320051193,0.30931687
USA_02314500,2,0.07498289,0.1535008,0.911191463470459,0.27383003
USA_02314500,3,0.090888165,0.16628589,0.8923048600554466,0.30147663
USA_02314500,4,0.12367874,0.18841258,0.8533751666545868,0.3516799
USA_02314500,5,0.16168141,0.21185422,0.80821293592453,0.40209627
USA_02314500,6,0.19887339,0.23416184,0.7639529854059219,0.44595224
USA_02314500,7,0.23364809,0.2547433,0.7225066423416138,0.4833716
USA_02314500,8,0.26764485,0.27512494,0.6819343864917755,0.51734406
USA_02314500,9,0.30080625,0.29440212,0.6423037648200989,0.5484581
USA_02314500,10,0.33392566,0.31040335,0.6026968359947205,0.57786304
USA_02315500,1,0.26881018,0.19363715,0.828434482216835,0.5184691
USA_02315500,2,0.35372195,0.20330557,0.7741580307483673,0.5947453
USA_02315500,3,0.5080459,0.22830243,0.6755102872848511,0.7127734
USA_02315500,4,0.6429293,0.25706482,0.5892072021961212,0.80182874
USA_02315500,5,0.75397795,0.28410435,0.518116295337677,0.86831903
USA_02315500,6,0.84295624,0.30986884,0.4611485004425049,0.91812646
USA_02315500,7,0.915745,0.33286452,0.41449785232543945,0.95694566
USA_02315500,8,0.9823771,0.35583013,0.3717520833015442,0.99114937
USA_02315500,9,1.0423272,0.37596688,0.3332853317260742,1.0209442
USA_02315500,10,1.0980414,0.39413548,0.2975473999977112,1.0478747
USA_02324400,1,0.33395013,0.22367552,0.8700718283653259,0.5778842
USA_02324400,2,0.5902287,0.28046554,0.7702784687280655,0.7682634
USA_02324400,3,0.82868016,0.3414059,0.6773440539836884,0.91031873
USA_02324400,4,1.014272,0.39785722,0.6049256920814514,1.0071107
USA_02324400,5,1.1478975,0.4408929,0.5527037084102631,1.0713998
USA_02324400,6,1.2550483,0.4740122,0.5107706785202026,1.1202893
USA_02324400,7,1.3417107,0.5021061,0.4768061637878418,1.1583223
USA_02324400,8,1.4223205,0.52743,0.445178747177124,1.1926107
USA_02324400,9,1.5051997,0.5531999,0.4126223921775818,1.2268658
USA_02324400,10,1.5929935,0.5762876,0.37812840938568115,1.2621385
USA_02327100,1,13.128222,0.7070487,0.5512096583843231,3.6232889
USA_02327100,2,20.564175,0.93151236,0.29701048135757446,4.534774
USA_02327100,3,24.136969,1.105758,0.17487406730651855,4.912939
USA_02327100,4,26.057373,1.2333596,0.10922354459762573,5.1046424
USA_02327100,5,27.18805,1.3218373,0.07057005167007446,5.214216
USA_02327100,6,27.823267,1.3894434,0.048852503299713135,5.2747765
USA_02327100,7,28.141214,1.441835,0.037976086139678955,5.304829
USA_02327100,8,28.302076,1.4740742,0.03246849775314331,5.3199697
USA_02327100,9,28.419432,1.4973996,0.028447985649108887,5.330988
USA_02327100,10,28.553146,1.5148662,0.02386462688446045,5.3435144
USA_02342933,1,14.360214,0.8098788,0.32994508743286133,3.7894874
USA_02342933,2,19.0362,1.0365766,0.11178767681121826,4.3630495
USA_02342933,3,19.907272,1.0729442,0.07116305828094482,4.4617567
USA_02342933,4,20.18501,1.0990953,0.05822122097015381,4.492773
USA_02342933,5,20.420298,1.1183816,0.04725855588912964,4.5188823
USA_02342933,6,20.569078,1.1290718,0.04033219814300537,4.5353146
USA_02342933,7,20.778755,1.143037,0.030564844608306885,4.558372
USA_02342933,8,20.82427,1.1526407,0.02845698595046997,4.5633616
USA_02342933,9,20.775784,1.1624323,0.03073328733444214,4.558046
USA_02342933,10,20.797277,1.1683921,0.029744863510131836,4.5604033
USA_02349900,1,0.44317248,0.17008129,0.7617035359144211,0.665712
USA_02349900,2,1.0306697,0.27604192,0.4457961916923523,1.0152191
USA_02349900,3,1.2998182,0.33676514,0.3010633587837219,1.1400957
USA_02349900,4,1.3945167,0.36811242,0.2501332759857178,1.1808965
USA_02349900,5,1.4568887,0.3838746,0.2165849208831787,1.2070165
USA_02349900,6,1.495762,0.39139855,0.19567656517028809,1.2230135
USA_02349900,7,1.5083386,0.39660347,0.1889088749885559,1.2281444
USA_02349900,8,1.5067883,0.39766857,0.18975210189819336,1.2275131
USA_02349900,9,1.4999382,0.39711237,0.193445086479187,1.2247196
USA_02349900,10,1.4950382,0.39963725,0.19608467817306519,1.2227175
USA_02350900,1,0.1254117,0.15067676,0.8567397147417068,0.35413516
USA_02350900,2,0.19616686,0.20403872,0.7759043425321579,0.44290727
USA_02350900,3,0.30738342,0.26280633,0.6488373577594757,0.5544217
USA_02350900,4,0.400125,0.30348736,0.5428559184074402,0.63255435
USA_02350900,5,0.47619703,0.33146775,0.45590049028396606,0.69007033
USA_02350900,6,0.52494806,0.35151818,0.4001508355140686,0.724533
USA_02350900,7,0.545854,0.3656377,0.3762262463569641,0.7388193
USA_02350900,8,0.5468913,0.371787,0.375019371509552,0.73952097
USA_02350900,9,0.54348713,0.3757159,0.3789095878601074,0.7372158
USA_02350900,10,0.54368764,0.37907648,0.3787482976913452,0.7373518
USA_02361000,1,0.6740077,0.2638645,0.7725444734096527,0.8209797
USA_02361000,2,1.285801,0.3916011,0.5660324394702911,1.1339316
USA_02361000,3,1.8101695,0.48983157,0.38898777961730957,1.3454254
USA_02361000,4,2.0949056,0.55099386,0.2928038239479065,1.4473789
USA_02361000,5,2.2491348,0.59098655,0.24066513776779175,1.4997115
USA_02361000,6,2.312758,0.61268014,0.21910977363586426,1.5207754
USA_02361000,7,2.3241894,0.62594306,0.21517407894134521,1.5245292
USA_02361000,8,2.3184867,0.6358119,0.21702414751052856,1.5226578
USA_02361000,9,2.3086963,0.6430442,0.220262348651886,1.5194395
USA_02361000,10,2.3120205,0.64800996,0.21901506185531616,1.520533
USA_02363000,1,0.650761,0.28061387,0.7298544347286224,0.8066976
USA_02363000,2,0.90063345,0.37531802,0.6261215507984161,0.9490171
USA_02363000,3,1.2232528,0.46652025,0.49218618869781494,1.1060076
USA_02363000,4,1.5144761,0.52158993,0.37128520011901855,1.2306405
USA_02363000,5,1.6920657,0.562277,0.29755645990371704,1.3007942
USA_02363000,6,1.7782756,0.59212786,0.26175743341445923,1.33352
USA_02363000,7,1.8100017,0.60920584,0.2485712170600891,1.345363
USA_02363000,8,1.8290136,0.61627805,0.24065274000167847,1.3524103
USA_02363000,9,1.8464491,0.62084657,0.23338782787322998,1.3588411
USA_02363000,10,1.8706704,0.6297269,0.22331029176712036,1.3677245
USA_02369800,1,0.65991783,0.27727786,0.7430686950683594,0.81235325
USA_02369800,2,1.5895437,0.45556995,0.3810199499130249,1.260771
USA_02369800,3,2.0205908,0.58057547,0.21302306652069092,1.4214748
USA_02369800,4,2.2034774,0.64398307,0.1416451334953308,1.4844115
USA_02369800,5,2.3076832,0.67846954,0.10090792179107666,1.519106
USA_02369800,6,2.3777223,0.7037167,0.0734822154045105,1.5419865
USA_02369800,7,2.413733,0.7187354,0.059309959411621094,1.5536193
USA_02369800,8,2.4245238,0.72554696,0.05512106418609619,1.5570883
USA_02369800,9,2.422603,0.7279208,0.05588024854660034,1.5564713
USA_02369800,10,2.4187086,0.728106,0.057323575019836426,1.5552198
USA_02371500,1,0.5194415,0.25865987,0.7713807672262192,0.7207229
USA_02371500,2,0.68983084,0.3299319,0.6964123845100403,0.83056056
USA_02371500,3,0.8885793,0.40504104,0.608923077583313,0.94264483
USA_02371500,4,1.0866191,0.46391448,0.5216515362262726,1.0424103
USA_02371500,5,1.2565798,0.50628304,0.4466952681541443,1.1209726
USA_02371500,6,1.388107,0.53860873,0.3886793851852417,1.1781795
USA_02371500,7,1.4793551,0.56461763,0.34841668605804443,1.2162874
USA_02371500,8,1.5423902,0.5890507,0.32059013843536377,1.24193
USA_02371500,9,1.5885668,0.61075664,0.30021291971206665,1.2603836
USA_02371500,10,1.6254482,0.6254238,0.28395670652389526,1.2749307
USA_02372250,1,0.7660339,0.2919565,0.7312205731868744,0.8752336
USA_02372250,2,1.1133459,0.3928071,0.6094188392162323,1.055152
USA_02372250,3,1.5020113,0.49584523,0.47301697731018066,1.2255657
USA_02372250,4,1.7727219,0.56050664,0.3779192566871643,1.331436
USA_02372250,5,1.9586239,0.5992551,0.3125265836715698,1.3995085
USA_02372250,6,2.0779073,0.6254898,0.27055180072784424,1.4414948
USA_02372250,7,2.1360564,0.6464106,0.25007522106170654,1.4615253
USA_02372250,8,2.1539576,0.655387,0.24375730752944946,1.4676367
USA_02372250,9,2.1636457,0.6651909,0.24035167694091797,1.4709337
USA_02372250,10,2.190338,0.6747975,0.2309930920600891,1.479979
USA_02374500,1,0.60757476,0.2584742,0.6963472068309784,0.7794708
USA_02374500,2,1.1184499,0.4064655,0.4410742521286011,1.057568
USA_02374500,3,1.4636883,0.49993268,0.26855653524398804,1.2098298
USA_02374500,4,1.590152,0.54850364,0.2053270936012268,1.2610123
USA_02374500,5,1.6373105,0.57247794,0.18172097206115723,1.2795744
USA_02374500,6,1.6705687,0.5802785,0.16520774364471436,1.2925048
USA_02374500,7,1.6969339,0.5799058,0.15219449996948242,1.3026642
USA_02374500,8,1.6929086,0.58052737,0.15429770946502686,1.3011183
USA_02374500,9,1.6779251,0.58250225,0.16178816556930542,1.2953475
USA_02374500,10,1.6731558,0.58297926,0.1639615297317505,1.2935052
USA_02381600,1,9.846749,0.6722772,0.1876615285873413,3.137953
USA_02381600,2,11.170452,0.82376826,0.0784575343132019,3.3422227
USA_02381600,3,11.325711,0.8894642,0.06571388244628906,3.3653693
USA_02381600,4,11.405811,0.92113316,0.05916547775268555,3.377249
USA_02381600,5,11.393345,0.9459288,0.060234248638153076,3.375403
USA_02381600,6,11.437279,0.9561046,0.05664205551147461,3.3819046
USA_02381600,7,11.5672245,0.96937966,0.04604160785675049,3.4010623
USA_02381600,8,11.59608,0.9765509,0.04371696710586548,3.4053018
USA_02381600,9,11.561614,0.9830347,0.046677350997924805,3.4002373
USA_02381600,10,11.61681,0.9860969,0.04225224256515503,3.4083443
USA_02384540,1,7.3113894,0.7472163,0.4820367693901062,2.703958
USA_02384540,2,11.2754545,1.0628749,0.20134305953979492,3.3578944
USA_02384540,3,12.189893,1.2131652,0.13669276237487793,3.4914026
USA_02384540,4,12.433801,1.2862699,0.11952978372573853,3.5261595
USA_02384540,5,12.46698,1.3250484,0.11728239059448242,3.5308611
USA_02384540,6,12.615258,1.3287703,0.10688173770904541,3.5517964
USA_02384540,7,12.661511,1.333583,0.10372424125671387,3.5583017
USA_02384540,8,12.646813,1.3251405,0.09849101305007935,3.5562358
USA_02384540,9,12.620519,1.3315152,0.09800028800964355,3.552537
USA_02384540,10,12.686789,1.3418818,0.0933418869972229,3.5618517
USA_02395120,1,2.6291513,0.37774378,0.40910041332244873,1.6214658
USA_02395120,2,3.6778095,0.5063557,0.1734355092048645,1.9177616
USA_02395120,3,3.8966985,0.56740266,0.12431365251541138,1.9740057
USA_02395120,4,3.9552152,0.6008301,0.11124622821807861,1.9887723
USA_02395120,5,3.991294,0.6226719,0.10322576761245728,1.9978223
USA_02395120,6,4.00627,0.63555425,0.09994113445281982,2.001567
USA_02395120,7,4.02145,0.6456573,0.09661108255386353,2.0053554
USA_02395120,8,4.0285363,0.65119624,0.09502863883972168,2.0071213
USA_02395120,9,4.020603,0.6549112,0.0969533920288086,2.0051441
USA_02395120,10,4.01021,0.6552372,0.0994342565536499,2.0025508
USA_02408540,1,2.273686,0.4286523,0.5334217846393585,1.5078746
USA_02408540,2,3.6393282,0.6468321,0.2531377673149109,1.9077023
USA_02408540,3,3.9221451,0.73773617,0.1950560212135315,1.9804406
USA_02408540,4,4.0616503,0.7788225,0.1663898229598999,2.0153537
USA_02408540,5,4.119763,0.80300987,0.15443134307861328,2.0297198
USA_02408540,6,4.1438127,0.81829876,0.14945876598358154,2.0356357
USA_02408540,7,4.1684146,0.82857114,0.14437240362167358,2.0416696
USA_02408540,8,4.1192937,0.83246106,0.15447676181793213,2.0296044
USA_02408540,9,4.135768,0.83280146,0.15129011869430542,2.0336587
USA_02408540,10,4.132505,0.8295806,0.15205127000808716,2.0328565
USA_02415000,1,3.030153,0.4982153,0.4299358129501343,1.7407335
USA_02415000,2,4.1064143,0.652654,0.22743570804595947,2.026429
USA_02415000,3,4.3471236,0.7156113,0.18214577436447144,2.0849757
USA_02415000,4,4.4837,0.7494475,0.1564508080482483,2.1174748
USA_02415000,5,4.5633903,0.769313,0.14145809412002563,2.1362092
USA_02415000,6,4.5639544,0.7831858,0.14135199785232544,2.1363413
USA_02415000,7,4.5638046,0.7879065,0.14138436317443848,2.1363063
USA_02415000,8,4.504884,0.7880336,0.15253537893295288,2.122471
USA_02415000,9,4.547442,0.78877,0.14469808340072632,2.1324732
USA_02415000,10,4.53278,0.7839816,0.14751046895980835,2.1290326
USA_02422500,1,1.4570597,0.36151713,0.4784313440322876,1.2070873
USA_02422500,2,2.1089008,0.5147078,0.24512678384780884,1.4522055
USA_02422500,3,2.2327385,0.5659633,0.20082956552505493,1.494235
USA_02422500,4,2.264683,0.58209795,0.18941622972488403,1.5048864
USA_02422500,5,2.2729921,0.5884176,0.18645793199539185,1.5076445
USA_02422500,6,2.2811222,0.59774274,0.1835690140724182,1.5103384
USA_02422500,7,2.282062,0.59923875,0.18325889110565186,1.5106496
USA_02422500,8,2.2748435,0.59959143,0.18592584133148193,1.5082585
USA_02422500,9,2.2841642,0.59845674,0.1827412247657776,1.5113451
USA_02422500,10,2.2684486,0.59604824,0.18844187259674072,1.506137
USA_02427250,1,5.387132,0.5381587,0.5616759061813354,2.3210196
USA_02427250,2,9.691229,0.79991865,0.21146875619888306,3.1130738
USA_02427250,3,11.347969,0.9070213,0.07666254043579102,3.3686748
USA_02427250,4,11.63171,0.95265657,0.05357241630554199,3.4105294
USA_02427250,5,11.730011,0.96586263,0.04557228088378906,3.4249103
USA_02427250,6,11.788668,0.9716734,0.04079794883728027,3.4334629
USA_02427250,7,11.814165,0.9766729,0.038721680641174316,3.437174
USA_02427250,8,11.801041,0.9776084,0.03978949785232544,3.4352643
USA_02427250,9,11.79028,0.98245454,0.04068094491958618,3.4336977
USA_02427250,10,11.819771,0.9843144,0.03830462694168091,3.4379895
USA_02430085,1,3.983293,0.56107,0.2513158321380615,1.9958189
USA_02430085,2,4.915636,0.7037657,0.07947373390197754,2.2171233
USA_02430085,3,5.0239954,0.74639106,0.06539225578308105,2.2414272
USA_02430085,4,5.1570706,0.7615085,0.04106348752975464,2.2709184
USA_02430085,5,5.2020974,0.7712812,0.03277462720870972,2.2808106
USA_02430085,6,5.1492004,0.7695081,0.042720019817352295,2.269185
USA_02430085,7,5.136193,0.7623122,0.04633378982543945,2.2663171
USA_02430085,8,5.1489954,0.757682,0.04533696174621582,2.2691398
USA_02430085,9,5.1583953,0.76684284,0.04381042718887329,2.2712102
USA_02430085,10,5.137421,0.76879734,0.04775971174240112,2.266588
USA_02430615,1,2.5458214,0.508393,0.15693485736846924,1.595563
USA_02430615,2,3.0220985,0.61240417,-0.0008716583251953125,1.7384185
USA_02430615,3,2.904775,0.62474036,0.03791707754135132,1.70434
USA_02430615,4,2.8797004,0.6336292,0.046176910400390625,1.696968
USA_02430615,5,2.9014773,0.64573264,0.03902935981750488,1.7033724
USA_02430615,6,2.875257,0.6449171,0.047801196575164795,1.6956583
USA_02430615,7,2.8738923,0.6471551,0.048261404037475586,1.6952559
USA_02430615,8,2.9149125,0.65695256,0.03473472595214844,1.7073115
USA_02430615,9,2.9202034,0.66691375,0.03299582004547119,1.7088603
USA_02430615,10,2.9328558,0.6717718,0.028806030750274658,1.7125583
USA_02450250,1,4.2839093,0.51938105,0.48244935274124146,2.0697608
USA_02450250,2,6.435281,0.75723606,0.2289513349533081,2.5367856
USA_02450250,3,7.973947,0.9059764,0.12948668003082275,2.8238177
USA_02450250,4,8.1529875,0.96190417,0.11522841453552246,2.8553436
USA_02450250,5,8.233875,0.986898,0.10765206813812256,2.869473
USA_02450250,6,8.292555,1.000943,0.10159969329833984,2.8796797
USA_02450250,7,8.392317,1.0040493,0.09111332893371582,2.8969495
USA_02450250,8,8.454154,1.008382,0.08630764484405518,2.9076028
USA_02450250,9,8.370583,1.0067759,0.09637296199798584,2.8931959
USA_02450250,10,8.413754,1.0099344,0.09197217226028442,2.9006472
USA_02464000,1,3.9275515,0.4721975,0.5793390572071075,1.9818051
USA_02464000,2,7.118166,0.75600624,0.23761224746704102,2.667989
USA_02464000,3,7.874212,0.8907438,0.16411763429641724,2.8061025
USA_02464000,4,8.073682,0.94724673,0.14419060945510864,2.8414226
USA_02464000,5,8.157091,0.9711846,0.13537371158599854,2.8560622
USA_02464000,6,8.184789,0.98080176,0.13243788480758667,2.860907
USA_02464000,7,8.286645,0.98715466,0.12464427947998047,2.8786533
USA_02464000,8,8.286056,0.9829575,0.12681865692138672,2.878551
USA_02464000,9,8.254406,0.9770957,0.1305708885192871,2.8730483
USA_02464000,10,8.239199,0.97311306,0.13215112686157227,2.8704004
USA_02464146,1,5.159388,0.6237777,0.32728898525238037,2.2714286
USA_02464146,2,6.812969,0.7689598,0.11429458856582642,2.6101665
USA_02464146,3,7.043091,0.83506006,0.08795547485351562,2.6538823
USA_02464146,4,7.1342177,0.86691004,0.0763283371925354,2.6709957
USA_02464146,5,7.124901,0.8822567,0.07751500606536865,2.669251
USA_02464146,6,7.166528,0.88880557,0.07796525955200195,2.6770372
USA_02464146,7,7.589953,0.90937775,0.07205933332443237,2.754987
USA_02464146,8,7.5597615,0.90787876,0.08064913749694824,2.749502
USA_02464146,9,7.519726,0.90586126,0.08654701709747314,2.7422118
USA_02464146,10,7.4953012,0.90544784,0.08946073055267334,2.7377548
USA_02464360,1,3.1061087,0.4382263,0.37892425060272217,1.7624155
USA_02464360,2,4.1991653,0.6349793,0.16055554151535034,2.0491865
USA_02464360,3,4.458581,0.70505375,0.11933940649032593,2.1115353
USA_02464360,4,4.5343122,0.7235862,0.10478770732879639,2.1293924
USA_02464360,5,4.532764,0.7300649,0.10506367683410645,2.1290288
USA_02464360,6,4.5259843,0.73204476,0.1064150333404541,2.1274362
USA_02464360,7,4.601058,0.7425161,0.10319215059280396,2.1450076
USA_02464360,8,4.5808954,0.7391179,0.10792034864425659,2.1403027
USA_02464360,9,4.566373,0.7361434,0.11089938879013062,2.1369073
USA_02464360,10,4.539735,0.73614776,0.11598306894302368,2.1306653
USA_02465493,1,0.42903996,0.23661359,0.699712485074997,0.6550114
USA_02465493,2,0.89368856,0.3770041,0.3746151924133301,0.945351
USA_02465493,3,1.0712179,0.4383838,0.2537493109703064,1.0349965
USA_02465493,4,1.1084068,0.4573996,0.22807329893112183,1.052809
USA_02465493,5,1.1012793,0.45862043,0.23304414749145508,1.0494186
USA_02465493,6,1.0941219,0.45851627,0.2379809021949768,1.0460029
USA_02465493,7,1.1782094,0.46664023,0.21892821788787842,1.0854535
USA_02465493,8,1.2038959,0.47237048,0.21789300441741943,1.097222
USA_02465493,9,1.2071029,0.4733464,0.21629184484481812,1.0986824
USA_02465493,10,1.2136098,0.47521448,0.2119908332824707,1.1016396
USA_02469800,1,6.9393983,0.53404224,0.4673007130622864,2.6342738
USA_02469800,2,10.396169,0.7687323,0.2019435167312622,3.224309
USA_02469800,3,11.517373,0.86825234,0.11587494611740112,3.3937256
USA_02469800,4,11.777388,0.9100682,0.09591680765151978,3.43182
USA_02469800,5,11.907847,0.9300014,0.08590221405029297,3.450775
USA_02469800,6,11.98443,0.9476457,0.08002340793609619,3.4618535
USA_02469800,7,12.075387,0.95692694,0.07304108142852783,3.4749658
USA_02469800,8,12.131122,0.9623172,0.06877005100250244,3.482976
USA_02469800,9,12.153771,0.9623843,0.0670592188835144,3.4862258
USA_02469800,10,12.0920725,0.96501553,0.07181638479232788,3.4773657
USA_02472000,1,2.9834032,0.52028036,0.6755377352237701,1.7272531
USA_02472000,2,5.061575,0.7621611,0.4495323896408081,2.2497945
USA_02472000,3,6.5558004,0.9142871,0.2876059412956238,2.5604298
USA_02472000,4,7.58189,0.99628216,0.1767142415046692,2.753523
USA_02472000,5,8.106511,1.0416839,0.12032723426818848,2.8471935
USA_02472000,6,8.28134,1.0674859,0.10172528028488159,2.8777318
USA_02472000,7,8.363843,1.0789638,0.09503215551376343,2.892031
USA_02472000,8,8.428001,1.0862154,0.09192651510238647,2.903102
USA_02472000,9,8.531612,1.0907425,0.08782482147216797,2.9208925
USA_02472000,10,8.610266,1.0959221,0.08376777172088623,2.9343255
USA_02472500,1,1.8944732,0.42442006,0.7342150509357452,1.3763987
USA_02472500,2,4.9516673,0.6844856,0.3052053451538086,2.2252343
USA_02472500,3,6.1956677,0.8118871,0.1306188702583313,2.4891098
USA_02472500,4,6.610185,0.8664883,0.07243096828460693,2.571028
USA_02472500,5,6.7413507,0.89013296,0.05400127172470093,2.5964112
USA_02472500,6,6.780052,0.89172393,0.04852205514907837,2.6038532
USA_02472500,7,6.8104453,0.89279205,0.04421108961105347,2.609683
USA_02472500,8,6.81399,0.8894196,0.043693721294403076,2.610362
USA_02472500,9,6.796302,0.8826369,0.04617607593536377,2.6069717
USA_02472500,10,6.7888145,0.88355935,0.04722696542739868,2.6055353
USA_02479155,1,20.040024,0.86922264,0.2575468420982361,4.4766088
USA_02479155,2,26.549885,1.1594248,0.016422271728515625,5.152658
USA_02479155,3,27.189007,1.249323,-0.007209300994873047,5.214308
USA_02479155,4,27.295326,1.279773,-0.011109232902526855,5.224493
USA_02479155,5,27.314144,1.2883339,-0.01177358627319336,5.2262936
USA_02479155,6,27.264967,1.2951462,-0.00992441177368164,5.2215867
USA_02479155,7,27.280724,1.3043988,-0.01048433780670166,5.2230954
USA_02479155,8,27.231434,1.3049438,-0.008426189422607422,5.2183747
USA_02479155,9,27.200699,1.293869,-0.007352232933044434,5.215429
USA_02479155,10,27.135836,1.2887281,-0.004974484443664551,5.2092066
USA_02479300,1,2.018402,0.49770024,0.7707715630531311,1.4207048
USA_02479300,2,4.48902,0.7440571,0.4901374578475952,2.1187308
USA_02479300,3,6.6010404,0.9213317,0.25024348497390747,2.569249
USA_02479300,4,7.816682,1.0304012,0.11252665519714355,2.7958329
USA_02479300,5,8.442878,1.1001272,0.04152941703796387,2.905663
USA_02479300,6,8.760325,1.1425663,0.005389571189880371,2.9597847
USA_02479300,7,8.885858,1.166781,-0.008828043937683105,2.9809155
USA_02479300,8,8.913236,1.1823509,-0.01135563850402832,2.9855042
USA_02479300,9,8.885799,1.1834371,-0.008182168006896973,2.9809058
USA_02479300,10,8.834736,1.1804019,-0.003178715705871582,2.9723284
USA_02479560,1,1.5697374,0.49322045,0.8081754893064499,1.2528917
USA_02479560,2,4.0030966,0.7439001,0.5107785761356354,2.000774
USA_02479560,3,5.903546,0.92844033,0.27848488092422485,2.4297214
USA_02479560,4,6.9054856,1.0541577,0.15599483251571655,2.627829
USA_02479560,5,7.479114,1.1333597,0.08584916591644287,2.734797
USA_02479560,6,7.799242,1.1860722,0.046691298484802246,2.7927122
USA_02479560,7,7.931029,1.2251972,0.03057187795639038,2.8162081
USA_02479560,8,7.932187,1.2470983,0.030451714992523193,2.8164139
USA_02479560,9,7.902219,1.2527977,0.03421902656555176,2.8110886
USA_02479560,10,7.861968,1.2501408,0.039188504219055176,2.80392
USA_02481000,1,8.018332,0.81619567,0.6621857583522797,2.8316658
USA_02481000,2,19.864117,1.2393214,0.1631685495376587,4.456918
USA_02481000,3,23.178541,1.4432791,0.02358376979827881,4.8144097
USA_02481000,4,23.987759,1.5238457,-0.010467290878295898,4.89773
USA_02481000,5,24.298502,1.568603,-0.02352273464202881,4.929351
USA_02481000,6,24.372585,1.6002332,-0.026613235473632812,4.93686
USA_02481000,7,24.394087,1.619451,-0.02749323844909668,4.939037
USA_02481000,8,24.322552,1.6253208,-0.024459004402160645,4.93179
USA_02481000,9,24.229662,1.6236429,-0.020530104637145996,4.9223633
USA_02481000,10,24.124054,1.6193575,-0.016076087951660156,4.9116244
USA_02481510,1,10.755504,0.7432332,0.6368017196655273,3.2795584
USA_02481510,2,22.962975,1.1494504,0.22456985712051392,4.79197
USA_02481510,3,27.863337,1.3415701,0.05908763408660889,5.2785735
USA_02481510,4,29.584694,1.4444959,0.0009546875953674316,5.4391813
USA_02481510,5,30.191946,1.504939,-0.019556641578674316,5.49472
USA_02481510,6,30.325405,1.537416,-0.024086356163024902,5.5068507
USA_02481510,7,30.374083,1.5564291,-0.02576613426208496,5.5112686
USA_02481510,8,30.332647,1.5640987,-0.02438831329345703,5.5075083
USA_02481510,9,30.259087,1.566269,-0.02191627025604248,5.500826
USA_02481510,10,30.176771,1.559368,-0.019146084785461426,5.4933386
USA_03010655,1,0.41014495,0.25050697,0.8294388204813004,0.6404256
USA_03010655,2,0.9189385,0.38502368,0.6177770793437958,0.9586128
USA_03010655,3,1.2724336,0.4880861,0.47073888778686523,1.128022
USA_03010655,4,1.5231807,0.5613808,0.3664851784706116,1.2341721
USA_03010655,5,1.6835933,0.61109746,0.2998608350753784,1.2975335
USA_03010655,6,1.7725829,0.6507686,0.263012170791626,1.3313838
USA_03010655,7,1.8387474,0.6826744,0.2357923984527588,1.3560042
USA_03010655,8,1.8769721,0.70898783,0.2202097773551941,1.3700264
USA_03010655,9,1.8965124,0.72465557,0.21242409944534302,1.3771392
USA_03010655,10,1.916697,0.7346282,0.20441246032714844,1.3844483
USA_03011800,1,1.0943445,0.39328706,0.6991691291332245,1.0461092
USA_03011800,2,1.9930558,0.5939199,0.45157182216644287,1.4117563
USA_03011800,3,2.4200125,0.7260108,0.3339015245437622,1.5556389
USA_03011800,4,2.7043564,0.81549567,0.2553805112838745,1.6444927
USA_03011800,5,2.8538547,0.8697299,0.214103102684021,1.6893356
USA_03011800,6,2.9309897,0.90518624,0.19290810823440552,1.7120134
USA_03011800,7,3.0229754,0.93939424,0.16739535331726074,1.7386706
USA_03011800,8,3.0951042,0.9788105,0.14749360084533691,1.7592908
USA_03011800,9,3.116016,0.99759394,0.14183670282363892,1.7652241
USA_03011800,10,3.1437604,1.0078747,0.13421213626861572,1.7730652
USA_03015500,1,1.1731664,0.41147536,0.7799180895090103,1.0831281
USA_03015500,2,3.0003083,0.70888925,0.4371469020843506,1.7321398
USA_03015500,3,4.047093,0.9021117,0.24073249101638794,2.0117388
USA_03015500,4,4.5135765,0.99705094,0.153181254863739,2.124518
USA_03015500,5,4.681732,1.0453997,0.12159281969070435,2.163731
USA_03015500,6,4.74305,1.067284,0.11003082990646362,2.1778545
USA_03015500,7,4.7966075,1.0846751,0.09998160600662231,2.190116
USA_03015500,8,4.8587646,1.106766,0.08847665786743164,2.2042606
USA_03015500,9,4.869376,1.1213925,0.08649265766143799,2.2066662
USA_03015500,10,4.8717318,1.129196,0.08606201410293579,2.2072
USA_03021350,1,4.834623,0.8059037,0.646391898393631,2.1987777
USA_03021350,2,10.572741,1.2609701,0.2268052101135254,3.251575
USA_03021350,3,12.225984,1.4391731,0.10605692863464355,3.4965675
USA_03021350,4,12.72921,1.5054106,0.06933969259262085,3.5678017
USA_03021350,5,12.763915,1.5275675,0.06686735153198242,3.572662
USA_03021350,6,12.964016,1.5512707,0.05233287811279297,3.6005578
USA_03021350,7,13.025304,1.5731338,0.03811854124069214,3.6090586
USA_03021350,8,13.143462,1.5939254,0.028586506843566895,3.6253912
USA_03021350,9,13.202075,1.6246166,0.024242818355560303,3.633466
USA_03021350,10,13.1852255,1.6276504,0.0255051851272583,3.6311467
USA_03026500,1,1.2979348,0.40908885,0.6510948836803436,1.1392694
USA_03026500,2,2.2928002,0.60587674,0.38363850116729736,1.5141995
USA_03026500,3,2.717335,0.7407335,0.269492506980896,1.648434
USA_03026500,4,3.0024912,0.8343138,0.19292843341827393,1.7327698
USA_03026500,5,3.146874,0.88770384,0.15405499935150146,1.7739431
USA_03026500,6,3.2128932,0.92631066,0.13618522882461548,1.7924545
USA_03026500,7,3.2811458,0.957256,0.11781978607177734,1.8113934
USA_03026500,8,3.329219,0.9855808,0.10482686758041382,1.8246148
USA_03026500,9,3.3428364,1.0047756,0.1011304259300232,1.8283426
USA_03026500,10,3.3578527,1.0107869,0.09698385000228882,1.8324444
USA_03028000,1,1.4661717,0.411565,0.6964101195335388,1.2108558
USA_03028000,2,2.606242,0.6148313,0.4590222239494324,1.614386
USA_03028000,3,3.1611743,0.76484466,0.3429630398750305,1.7779691
USA_03028000,4,3.5125763,0.8682025,0.26938092708587646,1.8741869
USA_03028000,5,3.724745,0.935822,0.22510510683059692,1.9299599
USA_03028000,6,3.882217,0.98765063,0.1906147003173828,1.9703342
USA_03028000,7,4.00515,1.0323031,0.16386860609054565,2.001287
USA_03028000,8,4.0350204,1.0615909,0.15561801195144653,2.008736
USA_03028000,9,4.069131,1.0867909,0.14743554592132568,2.0172086
USA_03028000,10,4.1054587,1.099125,0.13931012153625488,2.0261931
USA_03049000,1,2.1606205,0.44531804,0.5567411780357361,1.4699049
USA_03049000,2,3.784549,0.6924081,0.22200947999954224,1.9453918
USA_03049000,3,4.1955028,0.8090264,0.11576443910598755,2.0482926
USA_03049000,4,4.409275,0.8764067,0.0600740909576416,2.0998273
USA_03049000,5,4.477957,0.90901774,0.041868507862091064,2.1161184
USA_03049000,6,4.500127,0.92833006,0.03581470251083374,2.1213503
USA_03049000,7,4.543434,0.9387556,0.026030361652374268,2.1315334
USA_03049000,8,4.5864463,0.94977355,0.01659601926803589,2.141599
USA_03049000,9,4.616391,0.96284235,0.010156869888305664,2.148579
USA_03049000,10,4.6269317,0.97114074,0.007912814617156982,2.1510303
USA_03049800,1,1.1366733,0.41988984,0.47184616327285767,1.0661489
USA_03049800,2,1.728219,0.58679223,0.19723427295684814,1.3146174
USA_03049800,3,1.9364396,0.6523215,0.10065072774887085,1.3915602
USA_03049800,4,2.0498228,0.69204646,0.0482746958732605,1.4317203
USA_03049800,5,2.0777357,0.7048522,0.03561633825302124,1.4414353
USA_03049800,6,2.074783,0.71582294,0.037273526191711426,1.4404107
USA_03049800,7,2.0836875,0.7236215,0.03340339660644531,1.4434984
USA_03049800,8,2.0970597,0.7278656,0.027499139308929443,1.4481229
USA_03049800,9,2.118281,0.7370475,0.017914950847625732,1.4554315
USA_03049800,10,2.1284816,0.7469647,0.013396203517913818,1.4589317
USA_03050000,1,3.658107,0.6197134,0.6435827612876892,1.9126178
USA_03050000,2,7.0047526,0.9979154,0.317598819732666,2.6466494
USA_03050000,3,7.984042,1.176442,0.22241425514221191,2.8256047
USA_03050000,4,8.482799,1.270631,0.1740661859512329,2.9125245
USA_03050000,5,8.854275,1.3092357,0.13811123371124268,2.9756134
USA_03050000,6,9.075978,1.3433799,0.11671340465545654,3.0126364
USA_03050000,7,9.124642,1.3548405,0.11214441061019897,3.0207024
USA_03050000,8,9.181065,1.3646657,0.1068066954612732,3.0300272
USA_03050000,9,9.237202,1.3812997,0.1014944314956665,3.0392766
USA_03050000,10,9.289374,1.3906167,0.09656423330307007,3.0478475
USA_03066000,1,2.6058662,0.706362,0.7391156256198883,1.6142695
USA_03066000,2,6.451629,1.1635342,0.3557460904121399,2.5400057
USA_03066000,3,8.053796,1.3888913,0.19834351539611816,2.8379211
USA_03066000,4,8.658831,1.5027812,0.13836103677749634,2.942589
USA_03066000,5,9.065834,1.5469455,0.09764379262924194,3.0109522
USA_03066000,6,9.419461,1.5859787,0.06211292743682861,3.069114
USA_03066000,7,9.542087,1.605002,0.04988962411880493,3.0890267
USA_03066000,8,9.476762,1.6055427,0.05514639616012573,3.078435
USA_03066000,9,9.5428915,1.6174548,0.04825007915496826,3.089157
USA_03066000,10,9.646232,1.6223559,0.037885963916778564,3.1058383
USA_03069500,1,2.9291642,0.64101255,0.7269511520862579,1.7114801
USA_03069500,2,6.968221,1.1100117,0.35053056478500366,2.6397388
USA_03069500,3,8.287535,1.3434528,0.22766602039337158,2.8788078
USA_03069500,4,8.953761,1.4803395,0.1656901240348816,2.9922836
USA_03069500,5,9.440951,1.5449775,0.12029963731765747,3.072613
USA_03069500,6,9.787877,1.5979124,0.08776867389678955,3.1285584
USA_03069500,7,9.903557,1.6222491,0.07683795690536499,3.1469917
USA_03069500,8,9.881232,1.6322938,0.07881438732147217,3.1434426
USA_03069500,9,9.942843,1.6450523,0.07299679517745972,3.1532276
USA_03069500,10,10.066785,1.6502643,0.06138664484024048,3.1728196
USA_03070500,1,1.4398143,0.50324154,0.7261868417263031,1.1999227
USA_03070500,2,3.1987357,0.82906145,0.3916659951210022,1.788501
USA_03070500,3,3.8320248,0.9897783,0.27114176750183105,1.9575558
USA_03070500,4,4.1172132,1.0716219,0.2168440818786621,2.0290918
USA_03070500,5,4.340103,1.1200219,0.17443150281906128,2.0832915
USA_03070500,6,4.5024815,1.1482941,0.1394098401069641,2.121905
USA_03070500,7,4.5478215,1.1635267,0.12895900011062622,2.1325622
USA_03070500,8,4.599348,1.1709365,0.11856615543365479,2.144609
USA_03070500,9,4.630715,1.1907377,0.11241257190704346,2.1519096
USA_03070500,10,4.6496696,1.2025226,0.1087806224822998,2.1563094
USA_03076600,1,1.1234705,0.35373983,0.7150366604328156,1.0599389
USA_03076600,2,2.175691,0.55067843,0.44815826416015625,1.4750223
USA_03076600,3,2.586161,0.68197113,0.34404677152633667,1.6081545
USA_03076600,4,2.8280215,0.76844406,0.28267258405685425,1.6816722
USA_03076600,5,3.020468,0.82221365,0.2338438630104065,1.7379494
USA_03076600,6,3.1352582,0.85969627,0.2047228217124939,1.770666
USA_03076600,7,3.1696944,0.880154,0.1959800124168396,1.7803636
USA_03076600,8,3.2073987,0.8947748,0.18645137548446655,1.7909212
USA_03076600,9,3.272638,0.90875316,0.169062077999115,1.8090434
USA_03076600,10,3.3143225,0.9161674,0.15783190727233887,1.820528
USA_03078000,1,1.4965379,0.43982908,0.6761524081230164,1.2233306
USA_03078000,2,2.8097103,0.67014086,0.3919951319694519,1.676219
USA_03078000,3,3.1490016,0.77105415,0.31855112314224243,1.7745427
USA_03078000,4,3.3226664,0.8339732,0.280972421169281,1.8228183
USA_03078000,5,3.478992,0.8772297,0.24711549282073975,1.8652056
USA_03078000,6,3.5823174,0.91103595,0.22472411394119263,1.892701
USA_03078000,7,3.6056604,0.9162,0.21963870525360107,1.8988577
USA_03078000,8,3.6413105,0.9244794,0.2119385004043579,1.9082218
USA_03078000,9,3.7192826,0.9383494,0.19422775506973267,1.9285442
USA_03078000,10,3.744278,0.9481761,0.18869727849960327,1.9350137
USA_03140000,1,3.4191694,0.47544986,0.36847013235092163,1.8490996
USA_03140000,2,4.9138584,0.5920242,0.09244644641876221,2.2167225
USA_03140000,3,5.08583,0.63322115,0.06071585416793823,2.2551785
USA_03140000,4,5.149886,0.6663129,0.04888951778411865,2.269336
USA_03140000,5,5.195491,0.68734306,0.04049062728881836,2.279362
USA_03140000,6,5.2110505,0.7003507,0.037650227546691895,2.2827725
USA_03140000,7,5.2420206,0.70898914,0.03192621469497681,2.289546
USA_03140000,8,5.2260914,0.70902854,0.034431397914886475,2.2860646
USA_03140000,9,5.2206306,0.71970886,0.0353657603263855,2.28487
USA_03140000,10,5.2500234,0.72811174,0.02993154525756836,2.291293
USA_03144000,1,1.0318831,0.27763808,0.6172311305999756,1.0158165
USA_03144000,2,1.9585292,0.42302307,0.27357959747314453,1.3994746
USA_03144000,3,2.1853151,0.4955312,0.18953293561935425,1.4782811
USA_03144000,4,2.2944953,0.5438896,0.149072527885437,1.5147592
USA_03144000,5,2.3510835,0.5730898,0.12816530466079712,1.5333244
USA_03144000,6,2.40867,0.5923904,0.10691612958908081,1.5519891
USA_03144000,7,2.4685469,0.6012167,0.08473968505859375,1.571161
USA_03144000,8,2.4689546,0.6092457,0.08449923992156982,1.5712907
USA_03144000,9,2.4742012,0.6178677,0.08207452297210693,1.5729594
USA_03144000,10,2.488905,0.6244963,0.07656019926071167,1.5776263
USA_03159540,1,1.9928968,0.43554693,0.546784371137619,1.4117
USA_03159540,2,3.5659716,0.62380993,0.18898743391036987,1.888378
USA_03159540,3,3.8857963,0.6959619,0.11615896224975586,1.9712423
USA_03159540,4,4.0794754,0.73422706,0.07054799795150757,2.019771
USA_03159540,5,4.166757,0.75130695,0.0587695837020874,2.0412636
USA_03159540,6,4.2010126,0.7651871,0.05464202165603638,2.049637
USA_03159540,7,4.221436,0.7704576,0.04986858367919922,2.0546134
USA_03159540,8,4.1130314,0.76375633,0.05091452598571777,2.028061
USA_03159540,9,4.1116066,0.7637523,0.04905003309249878,2.0277097
USA_03159540,10,4.1534743,0.77346987,0.03917020559310913,2.0380075
USA_03161000,1,2.0691516,0.369203,0.6126560270786285,1.4384546
USA_03161000,2,3.6064909,0.54728055,0.3251112103462219,1.8990763
USA_03161000,3,4.006161,0.6420996,0.2505394220352173,2.0015397
USA_03161000,4,4.2596397,0.69204223,0.2032923698425293,2.0638895
USA_03161000,5,4.4574943,0.7281329,0.1664586067199707,2.1112778
USA_03161000,6,4.583574,0.75735736,0.1430535912513733,2.1409283
USA_03161000,7,4.6851296,0.7791937,0.1242101788520813,2.164516
USA_03161000,8,4.7336187,0.79794925,0.11541742086410522,2.175688
USA_03161000,9,4.7690725,0.81964314,0.10912555456161499,2.1838207
USA_03161000,10,4.7975802,0.8311709,0.10398918390274048,2.190338
USA_03164000,1,0.80370396,0.28157303,0.7537479847669601,0.8964954
USA_03164000,2,1.8523676,0.43293285,0.432575523853302,1.3610171
USA_03164000,3,2.2541642,0.5438293,0.3095428943634033,1.5013875
USA_03164000,4,2.4920619,0.6080867,0.23665863275527954,1.5786265
USA_03164000,5,2.649892,0.64469004,0.1882449984550476,1.6278489
USA_03164000,6,2.7291996,0.6698781,0.1639503836631775,1.6520289
USA_03164000,7,2.778824,0.6835572,0.14876234531402588,1.6669805
USA_03164000,8,2.805701,0.6908739,0.1405242681503296,1.6750227
USA_03164000,9,2.82291,0.7013794,0.1352364420890808,1.6801518
USA_03164000,10,2.8470953,0.71362656,0.12779313325881958,1.6873338
USA_03165000,1,1.976343,0.41361138,0.5311507880687714,1.4058247
USA_03165000,2,2.944869,0.548986,0.30152028799057007,1.7160621
USA_03165000,3,3.192684,0.6078064,0.24271613359451294,1.7868083
USA_03165000,4,3.3560479,0.63792944,0.20397621393203735,1.831952
USA_03165000,5,3.4610238,0.66218024,0.1791287064552307,1.8603827
USA_03165000,6,3.5447118,0.6798443,0.15937292575836182,1.8827405
USA_03165000,7,3.5993593,0.6894933,0.1465383768081665,1.8971977
USA_03165000,8,3.613211,0.7011508,0.14326244592666626,1.9008448
USA_03165000,9,3.6681395,0.715428,0.130226731300354,1.9152387
USA_03165000,10,3.7286382,0.7280844,0.11590451002120972,1.9309682
USA_03170000,1,0.6323519,0.21644008,0.6092736423015594,0.79520553
USA_03170000,2,1.2447634,0.3330563,0.23098140954971313,1.1156896
USA_03170000,3,1.4033729,0.3924921,0.1330288052558899,1.1846404
USA_03170000,4,1.4742403,0.41987383,0.0892266035079956,1.214183
USA_03170000,5,1.5049504,0.43126425,0.07021766901016235,1.2267642
USA_03170000,6,1.5241426,0.44026333,0.05842691659927368,1.2345617
USA_03170000,7,1.5256661,0.4435542,0.057555973529815674,1.2351786
USA_03170000,8,1.5316069,0.45069355,0.05393773317337036,1.237581
USA_03170000,9,1.5294417,0.4573086,0.05526357889175415,1.236706
USA_03170000,10,1.5319326,0.45879456,0.05370873212814331,1.2377126
USA_03173000,1,0.56460804,0.22298153,0.7041841149330139,0.75140405
USA_03173000,2,1.1867949,0.34716687,0.3782634139060974,1.0894011
USA_03173000,3,1.4017011,0.4278161,0.26569825410842896,1.1839346
USA_03173000,4,1.5127193,0.47789606,0.20789796113967896,1.2299266
USA_03173000,5,1.5723345,0.51067686,0.17685425281524658,1.2539276
USA_03173000,6,1.5979055,0.5297508,0.16351795196533203,1.2640829
USA_03173000,7,1.6237729,0.5450283,0.14997482299804688,1.2742735
USA_03173000,8,1.6467847,0.5550811,0.13790088891983032,1.2832711
USA_03173000,9,1.6563649,0.56442374,0.13285893201828003,1.2869984
USA_03173000,10,1.6681224,0.5718734,0.12667417526245117,1.2915581
USA_03180500,1,1.6831214,0.46506637,0.7423746287822723,1.2973517
USA_03180500,2,3.6010113,0.7743735,0.4489314556121826,1.8976331
USA_03180500,3,4.3340497,0.95068747,0.3368845582008362,2.0818381
USA_03180500,4,4.6651,1.0536287,0.2862759828567505,2.1598842
USA_03180500,5,4.944832,1.1168423,0.2435089349746704,2.223698
USA_03180500,6,5.176736,1.1645384,0.20814543962478638,2.2752442
USA_03180500,7,5.27462,1.1883029,0.19327664375305176,2.296654
USA_03180500,8,5.2792516,1.2049426,0.19266974925994873,2.2976623
USA_03180500,9,5.2880616,1.2119541,0.19156330823898315,2.2995787
USA_03180500,10,5.124079,1.202246,0.19589495658874512,2.263643
USA_03182500,1,2.0495987,0.4053722,0.6792857050895691,1.4316419
USA_03182500,2,4.15039,0.65343755,0.35061562061309814,2.0372505
USA_03182500,3,4.7097774,0.7996291,0.26314401626586914,2.1702023
USA_03182500,4,4.9918685,0.8771577,0.21906030178070068,2.2342489
USA_03182500,5,5.19371,0.93362445,0.1875443458557129,2.2789712
USA_03182500,6,5.4482155,0.97399426,0.1478337049484253,2.3341413
USA_03182500,7,5.5378056,0.9893238,0.13394677639007568,2.3532543
USA_03182500,8,5.528139,1.0001385,0.1355574131011963,2.3511994
USA_03182500,9,5.5070057,1.0076035,0.13889217376708984,2.346701
USA_03182500,10,5.522616,1.0201033,0.13644325733184814,2.3500247
USA_03186500,1,3.9968507,0.7303561,0.6259643733501434,1.9992125
USA_03186500,2,6.9173636,1.1330808,0.3528071641921997,2.630088
USA_03186500,3,7.873235,1.336687,0.2635159492492676,2.8059285
USA_03186500,4,8.515594,1.4483768,0.20356035232543945,2.918149
USA_03186500,5,9.144953,1.5124412,0.14482426643371582,3.0240624
USA_03186500,6,9.449687,1.5590895,0.11642146110534668,3.0740342
USA_03186500,7,9.409148,1.5788374,0.12002474069595337,3.0674336
USA_03186500,8,9.503448,1.6068878,0.11106699705123901,3.0827663
USA_03186500,9,9.638474,1.6362817,0.09821206331253052,3.1045892
USA_03186500,10,9.817307,1.6547586,0.08129709959030151,3.1332583
USA_03187500,1,3.981115,0.74755764,0.6580750346183777,1.9952732
USA_03187500,2,7.2781124,1.2149029,0.37506550550460815,2.6977978
USA_03187500,3,8.56354,1.4470118,0.2648347020149231,2.9263527
USA_03187500,4,9.393093,1.577201,0.1937505602836609,3.0648153
USA_03187500,5,10.106271,1.6459032,0.13264834880828857,3.1790361
USA_03187500,6,10.484926,1.6981676,0.10015839338302612,3.2380435
USA_03187500,7,10.454039,1.7258092,0.10280847549438477,3.2332706
USA_03187500,8,10.561799,1.752406,0.09380125999450684,3.2498922
USA_03187500,9,10.692367,1.7773131,0.08235877752304077,3.2699184
USA_03187500,10,10.84849,1.7902033,0.0687057375907898,3.2937045
USA_03213700,1,0.6758128,0.2642313,0.6750802099704742,0.82207835
USA_03213700,2,1.2815437,0.38415948,0.3839011788368225,1.1320529
USA_03213700,3,1.4991076,0.4669791,0.27934056520462036,1.2243805
USA_03213700,4,1.6124417,0.5144893,0.22490966320037842,1.2698195
USA_03213700,5,1.6692841,0.54939824,0.19787722826004028,1.2920078
USA_03213700,6,1.7329195,0.57361525,0.16749078035354614,1.316404
USA_03213700,7,1.769267,0.58759546,0.1501636505126953,1.330138
USA_03213700,8,1.781861,0.6009631,0.14419019222259521,1.3348637
USA_03213700,9,1.7870133,0.6097523,0.14176559448242188,1.3367921
USA_03213700,10,1.7977481,0.6128462,0.13663989305496216,1.3408012
USA_03237280,1,1.3126628,0.34281543,0.394957959651947,1.145715
USA_03237280,2,1.5451931,0.4443535,0.2879335880279541,1.243058
USA_03237280,3,1.690687,0.5002227,0.22100257873535156,1.3002642
USA_03237280,4,1.7465256,0.53437966,0.19534915685653687,1.3215618
USA_03237280,5,1.7791471,0.5529721,0.1803969144821167,1.3338468
USA_03237280,6,1.7616823,0.5601435,0.18853509426116943,1.3272837
USA_03237280,7,1.7975168,0.5624137,0.17209571599960327,1.340715
USA_03237280,8,1.7844065,0.5653983,0.17816466093063354,1.3358169
USA_03237280,9,1.77183,0.5738789,0.18390268087387085,1.3311011
USA_03237280,10,1.7552934,0.57708687,0.19151592254638672,1.3248749
USA_03237500,1,2.36623,0.49154153,0.4425368309020996,1.5382555
USA_03237500,2,3.6174026,0.67064553,0.1479009985923767,1.901947
USA_03237500,3,3.8527913,0.72445434,0.09258419275283813,1.9628528
USA_03237500,4,3.9471974,0.74740386,0.07051289081573486,1.9867555
USA_03237500,5,3.8946495,0.7503464,0.08284920454025269,1.9734867
USA_03237500,6,3.900081,0.75357467,0.08173185586929321,1.9748622
USA_03237500,7,3.9543114,0.75674933,0.06912124156951904,1.9885451
USA_03237500,8,3.9455993,0.76357853,0.07131713628768921,1.9863533
USA_03237500,9,3.9628696,0.773874,0.06739151477813721,1.9906957
USA_03237500,10,3.960697,0.77926826,0.06805425882339478,1.99015
USA_03238500,1,11.913983,1.02063,0.2885436415672302,3.4516637
USA_03238500,2,16.551577,1.3549571,0.01158672571182251,4.0683627
USA_03238500,3,16.400974,1.367858,0.02057194709777832,4.049812
USA_03238500,4,16.30439,1.3539505,0.02481001615524292,4.0378695
USA_03238500,5,16.452211,1.3548583,0.015847444534301758,4.056133
USA_03238500,6,16.49617,1.3514142,0.013245820999145508,4.0615478
USA_03238500,7,16.503574,1.3572277,0.012833237648010254,4.062459
USA_03238500,8,16.626799,1.3698497,0.005416154861450195,4.077597
USA_03238500,9,16.798586,1.3772094,-0.0048902034759521484,4.098608
USA_03238500,10,16.842789,1.3800651,-0.007559657096862793,4.1039968
USA_03241500,1,1.2118304,0.34226954,0.72458216547966,1.1008316
USA_03241500,2,3.0884957,0.5353771,0.29687464237213135,1.7574116
USA_03241500,3,3.570077,0.6372427,0.18696808815002441,1.8894647
USA_03241500,4,3.7517307,0.6935355,0.14560985565185547,1.9369385
USA_03241500,5,3.785472,0.71289366,0.13802111148834229,1.9456289
USA_03241500,6,3.6375144,0.7100805,0.135237455368042,1.9072269
USA_03241500,7,2.9464476,0.68871135,0.1352420449256897,1.716522
USA_03241500,8,2.9590378,0.6913716,0.116538405418396,1.7201854
USA_03241500,9,2.99591,0.6989974,0.10386931896209717,1.7308697
USA_03241500,10,2.9775236,0.7072772,0.1088671088218689,1.7255502
USA_03280700,1,3.9222486,0.61644596,0.3933594822883606,1.9804667
USA_03280700,2,5.3395944,0.83899456,0.17405849695205688,2.3107562
USA_03280700,3,5.7338276,0.9471939,0.11305838823318481,2.3945413
USA_03280700,4,5.804031,1.0011517,0.10219508409500122,2.4091556
USA_03280700,5,5.979342,1.0289779,0.07506847381591797,2.4452693
USA_03280700,6,6.042991,1.0411582,0.06522279977798462,2.4582496
USA_03280700,7,6.076835,1.0463291,0.06000441312789917,2.4651237
USA_03280700,8,6.132794,1.053811,0.051386475563049316,2.4764478
USA_03280700,9,6.1402,1.0671223,0.05030691623687744,2.4779427
USA_03280700,10,6.09622,1.0745676,0.05717134475708008,2.4690526
USA_03281500,1,2.327748,0.5266166,0.6587268710136414,1.5256959
USA_03281500,2,4.991415,0.8104618,0.2681703567504883,2.2341475
USA_03281500,3,5.740462,0.9673138,0.15821826457977295,2.395926
USA_03281500,4,5.9385114,1.0339048,0.12911248207092285,2.436906
USA_03281500,5,6.0616727,1.0713062,0.11101144552230835,2.4620464
USA_03281500,6,6.220217,1.0910854,0.08773374557495117,2.4940364
USA_03281500,7,6.290853,1.102033,0.07735145092010498,2.5081573
USA_03281500,8,6.348346,1.107146,0.06894135475158691,2.5195925
USA_03281500,9,6.378106,1.1166565,0.06478631496429443,2.5254912
USA_03281500,10,6.3542776,1.1264035,0.06848865747451782,2.5207694
USA_03285000,1,2.4581547,0.48562068,0.6416468024253845,1.5678504
USA_03285000,2,4.8922257,0.79879653,0.28676193952560425,2.2118375
USA_03285000,3,5.578407,0.9323662,0.18666565418243408,2.361865
USA_03285000,4,5.8256283,1.0020018,0.15059423446655273,2.4136338
USA_03285000,5,6.056994,1.0465096,0.11685681343078613,2.461096
USA_03285000,6,6.1601353,1.0696498,0.10182148218154907,2.481962
USA_03285000,7,6.2317233,1.083985,0.09136152267456055,2.496342
USA_03285000,8,6.364854,1.099957,0.07192748785018921,2.5228662
USA_03285000,9,6.4686112,1.1150148,0.05681180953979492,2.5433464
USA_03285000,10,6.527555,1.1262085,0.04820650815963745,2.554908
USA_03291780,1,3.7528818,0.55060387,0.3650363087654114,1.9372356
USA_03291780,2,5.314935,0.7020386,0.10077083110809326,2.3054144
USA_03291780,3,5.5078235,0.7232986,0.06842511892318726,2.3468752
USA_03291780,4,5.447304,0.73563164,0.07875525951385498,2.333946
USA_03291780,5,5.379961,0.7464724,0.0901268720626831,2.3194742
USA_03291780,6,5.4265413,0.74751085,0.0822376012802124,2.3294938
USA_03291780,7,5.450891,0.7526741,0.07839149236679077,2.3347144
USA_03291780,8,5.507763,0.75824904,0.06865215301513672,2.3468623
USA_03291780,9,5.5878034,0.77229434,0.05509626865386963,2.3638535
USA_03291780,10,5.520266,0.768797,0.06653136014938354,2.3495247
USA_03300400,1,4.7016487,0.6132232,0.5440324544906616,2.1683285
USA_03300400,2,8.49274,0.8987671,0.17645299434661865,2.9142306
USA_03300400,3,9.582782,1.0162863,0.070823073387146,3.0956068
USA_03300400,4,9.889972,1.0670782,0.04106253385543823,3.1448326
USA_03300400,5,9.971559,1.0793264,0.03316682577133179,3.1577775
USA_03300400,6,10.055337,1.0897206,0.025065720081329346,3.171015
USA_03300400,7,10.127236,1.0970839,0.018125593662261963,3.1823318
USA_03300400,8,10.148684,1.1078761,0.016096055507659912,3.1857
USA_03300400,9,10.186138,1.1217486,0.012553155422210693,3.191573
USA_03300400,10,10.196206,1.1247662,0.011661887168884277,3.1931498
USA_03338780,1,0.872347,0.23729627,0.7299101948738098,0.9339952
USA_03338780,2,2.0715537,0.3795044,0.3586248755455017,1.4392893
USA_03338780,3,2.5055218,0.46303722,0.2242656946182251,1.582884
USA_03338780,4,2.7037094,0.50758284,0.16290205717086792,1.644296
USA_03338780,5,2.8143635,0.5354559,0.12863636016845703,1.6776065
USA_03338780,6,2.8468008,0.55115426,0.11859250068664551,1.6872466
USA_03338780,7,2.8866498,0.5659559,0.1062619686126709,1.6990144
USA_03338780,8,2.9146488,0.5802711,0.09760630130767822,1.7072343
USA_03338780,9,2.9406736,0.59058076,0.08956331014633179,1.7148392
USA_03338780,10,2.9640052,0.5966518,0.08230811357498169,1.7216287
USA_03340800,1,18.696358,0.5699674,0.26276230812072754,4.3239284
USA_03340800,2,22.400776,0.8044824,0.11668211221694946,4.732946
USA_03340800,3,23.645266,0.90645444,0.06760299205780029,4.86264
USA_03340800,4,24.259361,0.95706373,0.043415844440460205,4.9253793
USA_03340800,5,24.523117,0.97995263,0.03275686502456665,4.952082
USA_03340800,6,24.651684,0.9986108,0.027675330638885498,4.9650464
USA_03340800,7,24.871758,1.0146992,0.01904749870300293,4.9871593
USA_03340800,8,24.928226,1.0297416,0.01686728000640869,4.9928174
USA_03340800,9,25.070827,1.0387973,0.011274337768554688,5.0070777
USA_03340800,10,25.179485,1.0474384,0.006990313529968262,5.017916
USA_03346000,1,2.168746,0.43341368,0.5683203041553497,1.4726663
USA_03346000,2,3.8376184,0.6272097,0.23612725734710693,1.958984
USA_03346000,3,4.5960393,0.6960553,0.08542448282241821,2.1438375
USA_03346000,4,4.835815,0.73866004,0.03879648447036743,2.1990488
USA_03346000,5,4.929746,0.75627697,0.020192444324493408,2.220303
USA_03346000,6,4.969581,0.7643102,0.01223766803741455,2.2292557
USA_03346000,7,4.992662,0.7693176,0.007747769355773926,2.2344265
USA_03346000,8,5.019501,0.7756155,0.002539992332458496,2.2404244
USA_03346000,9,5.0396414,0.7787194,-0.0014986991882324219,2.2449145
USA_03346000,10,5.019386,0.77797127,0.002543926239013672,2.2403986
USA_03357350,1,17.46813,0.7754266,0.2687199115753174,4.179489
USA_03357350,2,21.297897,0.94258,0.10836952924728394,4.6149645
USA_03357350,3,22.547155,1.0074081,0.05604743957519531,4.7483845
USA_03357350,4,22.968725,1.0384318,0.03838634490966797,4.7925696
USA_03357350,5,23.119516,1.0435405,0.03208363056182861,4.8082757
USA_03357350,6,23.235424,1.0502018,0.027263402938842773,4.8203135
USA_03357350,7,23.362255,1.0617601,0.02195751667022705,4.8334517
USA_03357350,8,23.50451,1.074863,0.015999019145965576,4.848145
USA_03357350,9,23.697182,1.0819029,0.007920026779174805,4.867975
USA_03357350,10,23.796265,1.0874615,0.004033505916595459,4.8781414
USA_03364500,1,5.4114947,0.5907506,0.523485392332077,2.326262
USA_03364500,2,8.709636,0.86310565,0.2330641746520996,2.9512093
USA_03364500,3,9.732599,0.9814973,0.14298611879348755,3.1197114
USA_03364500,4,9.995409,1.0375386,0.11984419822692871,3.1615517
USA_03364500,5,10.13737,1.0624162,0.10734373331069946,3.1839237
USA_03364500,6,10.302167,1.079292,0.09283232688903809,3.209699
USA_03364500,7,10.458885,1.095144,0.07903224229812622,3.23402
USA_03364500,8,10.607736,1.1110513,0.06592929363250732,3.2569518
USA_03364500,9,10.750873,1.1298941,0.05333966016769409,3.2788522
USA_03364500,10,10.863995,1.1406524,0.043385088443756104,3.2960575
USA_03366500,1,5.4972134,0.56273985,0.5086406767368317,2.3446138
USA_03366500,2,9.84168,0.8548167,0.1203005313873291,3.137145
USA_03366500,3,10.442173,0.9405879,0.0666394829750061,3.231435
USA_03366500,4,10.691049,0.9831755,0.06675994396209717,3.269717
USA_03366500,5,10.734172,1.0039989,0.07055866718292236,3.2763047
USA_03366500,6,10.761145,1.0085881,0.06845742464065552,3.2804184
USA_03366500,7,10.880173,1.0097047,0.05803942680358887,3.2985108
USA_03366500,8,10.982425,1.0237278,0.049040019512176514,3.3139741
USA_03366500,9,11.14314,1.0429311,0.0351293683052063,3.3381343
USA_03366500,10,11.110245,1.0464199,0.03782433271408081,3.3332033
USA_03368000,1,21.815662,1.2286406,0.13602638244628906,4.670724
USA_03368000,2,23.899092,1.3439844,0.053508877754211426,4.8886695
USA_03368000,3,24.602673,1.3608464,0.0256384015083313,4.9601083
USA_03368000,4,24.426418,1.357388,0.03260505199432373,4.942309
USA_03368000,5,24.49367,1.3590539,0.02986985445022583,4.949108
USA_03368000,6,24.688738,1.3657634,0.022629201412200928,4.968776
USA_03368000,7,24.79636,1.3678738,0.018319904804229736,4.979594
USA_03368000,8,24.947186,1.3779176,0.012320637702941895,4.9947157
USA_03368000,9,25.155684,1.389171,0.004042923450469971,5.0155444
USA_03368000,10,25.201279,1.386444,0.0022179484367370605,5.0200877
USA_03384450,1,19.834143,0.6229245,0.18740010261535645,4.453554
USA_03384450,2,23.538046,0.75565153,0.035676777362823486,4.8516026
USA_03384450,3,23.712635,0.7931121,0.0285455584526062,4.869562
USA_03384450,4,23.8463,0.8132491,0.02308332920074463,4.8832674
USA_03384450,5,23.844877,0.8203104,0.023148655891418457,4.8831215
USA_03384450,6,23.75801,0.8249819,0.026721298694610596,4.874219
USA_03384450,7,23.5534,0.8290118,0.03510230779647827,4.8531847
USA_03384450,8,23.742807,0.8395918,0.02733016014099121,4.872659
USA_03384450,9,23.85813,0.8502281,0.022601962089538574,4.8844786
USA_03384450,10,23.962933,0.8585164,0.01831352710723877,4.895195
USA_03439000,1,5.278534,0.72976965,0.5731193125247955,2.297506
USA_03439000,2,7.7264934,0.95892173,0.37526464462280273,2.7796571
USA_03439000,3,8.87778,1.0807322,0.2822996973991394,2.9795604
USA_03439000,4,9.621554,1.1727321,0.22230154275894165,3.1018631
USA_03439000,5,10.166051,1.2361069,0.17823374271392822,3.1884246
USA_03439000,6,10.541467,1.2891984,0.14795058965682983,3.2467625
USA_03439000,7,10.779333,1.3255714,0.12917810678482056,3.2831895
USA_03439000,8,10.930807,1.3615732,0.11719763278961182,3.3061771
USA_03439000,9,11.122702,1.3926091,0.10180729627609253,3.3350716
USA_03439000,10,11.256279,1.4126157,0.09114444255828857,3.355038
USA_03455500,1,14.239913,1.2290454,0.44926273822784424,3.773581
USA_03455500,2,19.458963,1.5021485,0.24749118089675903,4.4112315
USA_03455500,3,21.581154,1.6271105,0.16549921035766602,4.645552
USA_03455500,4,22.855812,1.7082123,0.11629927158355713,4.780775
USA_03455500,5,23.842684,1.777836,0.07822930812835693,4.882897
USA_03455500,6,24.431358,1.8411843,0.055568695068359375,4.9428086
USA_03455500,7,24.785616,1.8790728,0.041994690895080566,4.9785156
USA_03455500,8,25.00805,1.9104244,0.03357023000717163,5.000805
USA_03455500,9,25.27512,1.9430468,0.023639321327209473,5.0274367
USA_03455500,10,25.374683,1.9598639,0.020109057426452637,5.037329
USA_03456500,1,5.926027,0.65528256,0.5222936272621155,2.434343
USA_03456500,2,8.632508,0.86849856,0.3041979670524597,2.938113
USA_03456500,3,9.819377,0.98889357,0.20863986015319824,3.1335886
USA_03456500,4,10.471025,1.0726889,0.1562328338623047,3.2358963
USA_03456500,5,10.915842,1.1372074,0.12044185400009155,3.303913
USA_03456500,6,11.213938,1.1875544,0.0965033769607544,3.3487217
USA_03456500,7,11.440896,1.2205553,0.07851630449295044,3.3824394
USA_03456500,8,11.649556,1.2576442,0.06190764904022217,3.4131446
USA_03456500,9,11.819098,1.2912192,0.04832649230957031,3.4378915
USA_03456500,10,11.871886,1.3063513,0.04415363073348999,3.4455605
USA_03460000,1,2.8316288,0.47529596,0.6324615180492401,1.6827444
USA_03460000,2,4.886549,0.6405137,0.3641554117202759,2.210554
USA_03460000,3,5.7217865,0.72846365,0.2542918920516968,2.3920257
USA_03460000,4,6.1020746,0.7860063,0.20199400186538696,2.4702377
USA_03460000,5,6.3845587,0.827597,0.1634756326675415,2.5267684
USA_03460000,6,6.580647,0.8599402,0.13687491416931152,2.565277
USA_03460000,7,6.6634884,0.88237065,0.12554484605789185,2.5813735
USA_03460000,8,6.677291,0.9026889,0.123526930809021,2.5840454
USA_03460000,9,6.70825,0.9208314,0.11931794881820679,2.590029
USA_03460000,10,6.7352076,0.93508613,0.11572247743606567,2.595228
USA_03463300,1,10.482922,0.9264154,0.4898301959037781,3.237734
USA_03463300,2,16.594868,1.2288085,0.192499577999115,4.07368
USA_03463300,3,17.99582,1.3666853,0.124392569065094,4.242148
USA_03463300,4,18.788555,1.4441584,0.08587205410003662,4.3345766
USA_03463300,5,19.341904,1.4983187,0.059001386165618896,4.397943
USA_03463300,6,19.767113,1.5509019,0.03829920291900635,4.446022
USA_03463300,7,20.0157,1.5865108,0.02620166540145874,4.473891
USA_03463300,8,20.26482,1.6132982,0.014117062091827393,4.5016465
USA_03463300,9,20.459612,1.6523198,0.004828751087188721,4.52323
USA_03463300,10,20.492079,1.6684686,0.003313422203063965,4.526818
USA_03471500,1,0.9618721,0.27875575,0.6693659722805023,0.9807508
USA_03471500,2,1.9014637,0.435469,0.3464618921279907,1.3789357
USA_03471500,3,2.2625008,0.5270939,0.22237080335617065,1.5041611
USA_03471500,4,2.4083483,0.5828995,0.1722763180732727,1.5518854
USA_03471500,5,2.4885643,0.61623436,0.1447163224220276,1.5775183
USA_03471500,6,2.5396419,0.6417683,0.12714862823486328,1.5936254
USA_03471500,7,2.579835,0.6652768,0.11330956220626831,1.6061865
USA_03471500,8,2.6108432,0.6790754,0.10262089967727661,1.6158104
USA_03471500,9,2.6193295,0.693486,0.09967249631881714,1.6184343
USA_03471500,10,2.6257942,0.704651,0.09740620851516724,1.6204302
USA_03473000,1,1.048541,0.31912607,0.7076984643936157,1.0239829
USA_03473000,2,2.2439065,0.51676846,0.3745696544647217,1.4979675
USA_03473000,3,2.7334208,0.6298222,0.23812365531921387,1.653306
USA_03473000,4,2.946429,0.6956827,0.17882728576660156,1.7165165
USA_03473000,5,3.0681758,0.7339823,0.14492464065551758,1.7516209
USA_03473000,6,3.1441925,0.7609666,0.12372708320617676,1.773187
USA_03473000,7,3.185624,0.777909,0.11214977502822876,1.7848316
USA_03473000,8,3.2069988,0.7905361,0.10616558790206909,1.7908095
USA_03473000,9,3.2066903,0.80464286,0.10624563694000244,1.7907234
USA_03473000,10,3.2026932,0.81500065,0.10735523700714111,1.789607
USA_03479000,1,6.0934377,0.6052855,0.5158472657203674,2.468489
USA_03479000,2,9.210527,0.8069817,0.26831328868865967,3.0348852
USA_03479000,3,10.411624,0.9130992,0.17300474643707275,3.2267048
USA_03479000,4,11.256039,0.97904354,0.10603511333465576,3.355002
USA_03479000,5,11.71748,1.0188801,0.06948864459991455,3.4230804
USA_03479000,6,11.935892,1.0517737,0.05224120616912842,3.4548361
USA_03479000,7,12.00515,1.0647578,0.046809494495391846,3.464845
USA_03479000,8,12.120045,1.0856535,0.03789258003234863,3.4813855
USA_03479000,9,12.168486,1.1093724,0.03420478105545044,3.4883356
USA_03479000,10,12.232174,1.1286492,0.029214799404144287,3.4974525
USA_03488000,1,1.0400397,0.30691135,0.6887180507183075,1.0198233
USA_03488000,2,2.1565294,0.5019542,0.3546257019042969,1.4685127
USA_03488000,3,2.525773,0.6136144,0.24412894248962402,1.5892681
USA_03488000,4,2.667037,0.6786326,0.20237857103347778,1.6331066
USA_03488000,5,2.7625341,0.7190684,0.17405134439468384,1.6620873
USA_03488000,6,2.8379998,0.743646,0.15154767036437988,1.6846364
USA_03488000,7,2.8898597,0.7597903,0.1360357403755188,1.6999587
USA_03488000,8,2.9350352,0.77118677,0.12252277135848999,1.7131945
USA_03488000,9,2.9608376,0.784852,0.11490345001220703,1.7207085
USA_03488000,10,2.9645107,0.79465276,0.11399316787719727,1.7217754
USA_03498500,1,4.09563,0.5325496,0.5934945344924927,2.0237663
USA_03498500,2,7.4183903,0.79389775,0.2638012766838074,2.7236722
USA_03498500,3,8.406318,0.9352175,0.16586154699325562,2.899365
USA_03498500,4,8.756856,1.001099,0.13117635250091553,2.9591985
USA_03498500,5,8.962266,1.0431119,0.11089128255844116,2.9937043
USA_03498500,6,9.066968,1.0674195,0.10059356689453125,3.0111406
USA_03498500,7,9.091773,1.0759068,0.09823065996170044,3.0152566
USA_03498500,8,9.1126585,1.0813335,0.09628427028656006,3.018718
USA_03498500,9,9.065172,1.0905118,0.0985262393951416,3.0108423
USA_03498500,10,9.11313,1.1021615,0.09374678134918213,3.018796
USA_03500000,1,1.2891045,0.4491576,0.7560309916734695,1.1353874
USA_03500000,2,2.8627422,0.6617088,0.45819735527038574,1.691964
USA_03500000,3,3.522426,0.75760704,0.3333212733268738,1.8768127
USA_03500000,4,3.8949435,0.81772506,0.26278364658355713,1.9735612
USA_03500000,5,4.176147,0.86658734,0.20952987670898438,2.0435624
USA_03500000,6,4.365929,0.9026524,0.17357110977172852,2.0894806
USA_03500000,7,4.4884872,0.92820877,0.1503596305847168,2.1186051
USA_03500000,8,4.572318,0.9495474,0.13497400283813477,2.138298
USA_03500000,9,4.622167,0.9668793,0.1261027455329895,2.1499226
USA_03500000,10,4.691337,0.9779829,0.11324912309646606,2.1659496
USA_03500240,1,1.3039143,0.42788908,0.7125297486782074,1.1418906
USA_03500240,2,2.5917988,0.59802,0.428863525390625,1.6099064
USA_03500240,3,3.2072437,0.6818548,0.3033742308616638,1.7908779
USA_03500240,4,3.4773638,0.73018223,0.2465534210205078,1.8647691
USA_03500240,5,3.6617465,0.7654498,0.20646953582763672,1.9135691
USA_03500240,6,3.8028226,0.7944907,0.17578178644180298,1.9500827
USA_03500240,7,3.9068997,0.81450605,0.15333861112594604,1.9765879
USA_03500240,8,3.961569,0.8284938,0.14072352647781372,1.9903691
USA_03500240,9,3.9800775,0.8367082,0.1366058588027954,1.9950131
USA_03500240,10,3.9977834,0.8380437,0.13298076391220093,1.9994458
USA_03504000,1,4.2631187,0.80917686,0.7105860114097595,2.064732
USA_03504000,2,7.9152226,1.0743607,0.46273183822631836,2.8134005
USA_03504000,3,10.057133,1.2318305,0.33396369218826294,3.1712983
USA_03504000,4,11.067998,1.3417528,0.2709695100784302,3.3268602
USA_03504000,5,11.826309,1.4203374,0.22138279676437378,3.43894
USA_03504000,6,12.383682,1.4841281,0.1846751570701599,3.5190456
USA_03504000,7,12.797665,1.5318635,0.15726470947265625,3.5773823
USA_03504000,8,12.968931,1.5631422,0.14250969886779785,3.6012402
USA_03504000,9,13.143507,1.5854782,0.13020700216293335,3.6253974
USA_03504000,10,13.258387,1.6005008,0.12245422601699829,3.6412067
USA_03574500,1,2.7380013,0.58913136,0.7106871902942657,1.6546907
USA_03574500,2,6.07703,0.9208882,0.3578745722770691,2.4651632
USA_03574500,3,7.7636914,1.1022038,0.18491482734680176,2.7863402
USA_03574500,4,8.550378,1.1957766,0.12490689754486084,2.924103
USA_03574500,5,8.730317,1.2347744,0.11453747749328613,2.954711
USA_03574500,6,8.728201,1.2459884,0.11539840698242188,2.9543529
USA_03574500,7,8.7963505,1.2520944,0.1085515022277832,2.9658642
USA_03574500,8,8.921302,1.2567382,0.09634006023406982,2.9868548
USA_03574500,9,8.964,1.2553653,0.09271913766860962,2.993994
USA_03574500,10,8.931634,1.259946,0.09611713886260986,2.988584
USA_03592718,1,4.6315,0.60768306,0.16947966814041138,2.152092
USA_03592718,2,5.2113957,0.71276224,0.06778651475906372,2.2828481
USA_03592718,3,5.1172795,0.73088706,0.08478331565856934,2.2621405
USA_03592718,4,5.0881157,0.7333478,0.09003877639770508,2.255685
USA_03592718,5,5.1216216,0.7431312,0.08400028944015503,2.2631
USA_03592718,6,5.0963173,0.74329036,0.08845388889312744,2.2575026
USA_03592718,7,5.1167793,0.7422839,0.08470112085342407,2.26203
USA_03592718,8,5.1764956,0.7390399,0.073932945728302,2.2751913
USA_03592718,9,5.208829,0.74678165,0.06820088624954224,2.282286
USA_03592718,10,5.206932,0.75134844,0.06845355033874512,2.2818704
USA_03604000,1,1.5141536,0.31035662,0.6078425943851471,1.2305095
USA_03604000,2,2.7861414,0.45781764,0.2771754860877991,1.6691738
USA_03604000,3,3.1348345,0.5641129,0.18548893928527832,1.7705464
USA_03604000,4,3.2870283,0.6234692,0.1454365849494934,1.8130164
USA_03604000,5,3.3959007,0.65807766,0.11690729856491089,1.842797
USA_03604000,6,3.4695492,0.6802042,0.09765273332595825,1.8626726
USA_03604000,7,3.4970467,0.6894412,0.09045684337615967,1.8700392
USA_03604000,8,3.5189376,0.6998835,0.08474701642990112,1.8758831
USA_03604000,9,3.5213912,0.7055697,0.08411574363708496,1.876537
USA_03604000,10,3.527616,0.7091593,0.08251607418060303,1.8781949
USA_04015330,1,16.644743,0.46066475,0.36650216579437256,4.079797
USA_04015330,2,21.880594,0.6676024,0.16722339391708374,4.6776695
USA_04015330,3,24.067148,0.81955117,0.08399659395217896,4.905828
USA_04015330,4,25.3297,0.91477793,0.03593313694000244,5.032862
USA_04015330,5,25.876968,0.9567721,0.01506894826889038,5.086941
USA_04015330,6,26.00845,0.9810482,0.010032415390014648,5.099848
USA_04015330,7,25.827002,0.9873109,0.01691502332687378,5.0820274
USA_04015330,8,25.41667,0.99112886,0.032514989376068115,5.041495
USA_04015330,9,24.857298,0.98848087,0.053794145584106445,4.985709
USA_04015330,10,24.399534,0.9906064,0.07120877504348755,4.9395885
USA_04024430,1,1.7620846,0.23966901,0.7022269666194916,1.3274354
USA_04024430,2,2.9856567,0.37300423,0.49543917179107666,1.7279053
USA_04024430,3,3.7176363,0.4758872,0.3717247247695923,1.9281173
USA_04024430,4,4.1434298,0.5440007,0.29975593090057373,2.0355415
USA_04024430,5,4.362873,0.58231187,0.262662410736084,2.0887492
USA_04024430,6,4.4495397,0.60219896,0.24801170825958252,2.1093931
USA_04024430,7,4.4697924,0.6086731,0.24459463357925415,2.1141884
USA_04024430,8,4.4916735,0.61455256,0.24089860916137695,2.1193569
USA_04024430,9,4.508328,0.6195005,0.23807811737060547,2.1232824
USA_04024430,10,4.503862,0.6179893,0.23882919549942017,2.1222303
USA_04027000,1,0.52462995,0.240777,0.9001332819461823,0.72431344
USA_04027000,2,1.2607886,0.3757886,0.7599901258945465,1.1228484
USA_04027000,3,1.916364,0.49194622,0.6351662576198578,1.384328
USA_04027000,4,2.3426592,0.56418777,0.5539633929729462,1.5305748
USA_04027000,5,2.6039567,0.60410607,0.504163533449173,1.613678
USA_04027000,6,2.7571175,0.6349509,0.4749431014060974,1.660457
USA_04027000,7,2.832139,0.654316,0.46058642864227295,1.682896
USA_04027000,8,2.8856413,0.6703603,0.4503231644630432,1.6987176
USA_04027000,9,2.9109454,0.68107164,0.4454305171966553,1.7061493
USA_04027000,10,2.9563036,0.68981475,0.4367201328277588,1.7193905
USA_04040500,1,0.17954636,0.1612028,0.9471745938062668,0.42372912
USA_04040500,2,0.2541285,0.21089223,0.9252227544784546,0.5041116
USA_04040500,3,0.41909063,0.27542907,0.8766686394810677,0.64737207
USA_04040500,4,0.59281373,0.33285347,0.8255246728658676,0.76994395
USA_04040500,5,0.7868692,0.37180033,0.7683827877044678,0.88705647
USA_04040500,6,0.9606198,0.40200704,0.7172044217586517,0.98011214
USA_04040500,7,1.0751152,0.42678428,0.6834596395492554,1.0368776
USA_04040500,8,1.1436635,0.44494626,0.6632361710071564,1.069422
USA_04040500,9,1.1866283,0.46242508,0.6505410671234131,1.0893247
USA_04040500,10,1.2388227,0.47188738,0.6351251006126404,1.1130241
USA_04043050,1,22.753374,0.5560734,-0.9957535266876221,4.7700496
USA_04043050,2,9.98376,0.68246025,0.12422215938568115,3.1597087
USA_04043050,3,7.578638,0.7733748,0.3351384401321411,2.7529325
USA_04043050,4,7.0241323,0.8473354,0.3837326169013977,2.650308
USA_04043050,5,6.933357,0.88462865,0.3916471600532532,2.6331267
USA_04043050,6,6.781281,0.8900866,0.40493470430374146,2.6040893
USA_04043050,7,6.5788713,0.89124745,0.42264145612716675,2.5649312
USA_04043050,8,6.1320014,0.89855886,0.46180713176727295,2.4762878
USA_04043050,9,6.2198477,0.89878494,0.4540480971336365,2.4939623
USA_04043050,10,6.585671,0.91730756,0.42188382148742676,2.5662563
USA_04045500,1,0.09692934,0.14631206,0.9300817549228668,0.3113348
USA_04045500,2,0.10856802,0.17728731,0.9218778386712074,0.32949662
USA_04045500,3,0.15358865,0.21639252,0.8897245898842812,0.39190388
USA_04045500,4,0.20473807,0.2536096,0.8532721847295761,0.4524799
USA_04045500,5,0.25353163,0.28925815,0.8185715675354004,0.50351924
USA_04045500,6,0.29802188,0.3186882,0.7869656533002853,0.5459138
USA_04045500,7,0.33761472,0.34273615,0.7588492333889008,0.5810462
USA_04045500,8,0.37458172,0.36365986,0.7325918674468994,0.6120308
USA_04045500,9,0.40470302,0.38214177,0.7112159430980682,0.63616276
USA_04045500,10,0.4234872,0.3942284,0.6979354023933411,0.6507589
USA_04056500,1,0.06892633,0.1350333,0.943860050290823,0.26253822
USA_04056500,2,0.09468248,0.15502092,0.9229989126324654,0.3077052
USA_04056500,3,0.13070685,0.18047005,0.8938385918736458,0.36153403
USA_04056500,4,0.16514187,0.20355955,0.8660056591033936,0.4063765
USA_04056500,5,0.19214919,0.22173394,0.8442134261131287,0.43834826
USA_04056500,6,0.21237418,0.23974814,0.8279040455818176,0.46084073
USA_04056500,7,0.22613913,0.25481528,0.8168039321899414,0.47554088
USA_04056500,8,0.24033438,0.26931217,0.8053370416164398,0.4902391
USA_04056500,9,0.25469196,0.28334,0.7937448918819427,0.50467014
USA_04056500,10,0.26348123,0.29406235,0.7866934090852737,0.51330423
USA_04057510,1,0.035224374,0.092958584,0.959029957652092,0.18768157
USA_04057510,2,0.07180717,0.1267781,0.9164963811635971,0.2679686
USA_04057510,3,0.10791343,0.16205832,0.8745498210191727,0.3285018
USA_04057510,4,0.13481826,0.19342385,0.8433233052492142,0.36717606
USA_04057510,5,0.16017039,0.21763447,0.8138938844203949,0.40021294
USA_04057510,6,0.17987648,0.23587829,0.7910014241933823,0.42411846
USA_04057510,7,0.19399087,0.24985723,0.7745731323957443,0.44044396
USA_04057510,8,0.21050319,0.264159,0.7553339153528214,0.45880628
USA_04057510,9,0.22518367,0.27943736,0.7382029294967651,0.4745352
USA_04057510,10,0.24303834,0.29124308,0.7173633575439453,0.49298918
USA_04057800,1,0.21407644,0.14966717,0.9335023984313011,0.46268395
USA_04057800,2,0.3911341,0.22173864,0.8784960508346558,0.62540716
USA_04057800,3,0.582964,0.27944955,0.8189000189304352,0.7635208
USA_04057800,4,0.71020615,0.32050088,0.779367208480835,0.8427373
USA_04057800,5,0.8386,0.3485717,0.7394859194755554,0.91575104
USA_04057800,6,0.9840776,0.3674066,0.6943116784095764,0.99200684
USA_04057800,7,1.1270884,0.3887951,0.6499172449111938,1.0616442
USA_04057800,8,1.258818,0.40506256,0.6090404093265533,1.1219707
USA_04057800,9,1.3213562,0.41781393,0.5896470844745636,1.1495026
USA_04057800,10,1.3552612,0.42420408,0.5791289508342743,1.1641569
USA_04059500,1,0.030582989,0.08867872,0.9661047607660294,0.17487992
USA_04059500,2,0.057208054,0.1170835,0.9365880861878395,0.23918205
USA_04059500,3,0.08929202,0.145984,0.9010124504566193,0.2988177
USA_04059500,4,0.120849885,0.17006184,0.86601223051548,0.3476347
USA_04059500,5,0.15507117,0.1923674,0.8280539065599442,0.39379078
USA_04059500,6,0.18408579,0.21346582,0.7958663403987885,0.4290522
USA_04059500,7,0.20763402,0.23093666,0.7697405368089676,0.45566875
USA_04059500,8,0.23213045,0.2456144,0.7425656914710999,0.4817992
USA_04059500,9,0.25556025,0.26046598,0.7165733873844147,0.50552964
USA_04059500,10,0.28255734,0.27238667,0.686614453792572,0.53156126
USA_04063700,1,0.02033611,0.064344555,0.9595373794436455,0.14260474
USA_04063700,2,0.040289458,0.093662344,0.9198360070586205,0.20072234
USA_04063700,3,0.063273825,0.121393695,0.8741049617528915,0.2515429
USA_04063700,4,0.08153619,0.14399852,0.8377697318792343,0.2855454
USA_04063700,5,0.09597669,0.1616888,0.8090413957834244,0.30980104
USA_04063700,6,0.1082898,0.17575832,0.7845440208911896,0.32907414
USA_04063700,7,0.12079992,0.18806157,0.7596549242734909,0.34756282
USA_04063700,8,0.1314934,0.19701402,0.738424152135849,0.3626202
USA_04063700,9,0.1410431,0.20449293,0.7197345793247223,0.37555704
USA_04063700,10,0.14979143,0.20880164,0.7028088867664337,0.387029
USA_04074950,1,0.013917772,0.06695861,0.9444531537592411,0.11797361
USA_04074950,2,0.027158245,0.095686585,0.8917219266295433,0.16479759
USA_04074950,3,0.042852245,0.1229123,0.8293329030275345,0.20700784
USA_04074950,4,0.056430355,0.14422773,0.7754627615213394,0.23755074
USA_04074950,5,0.06702417,0.15935527,0.7335049510002136,0.25889027
USA_04074950,6,0.07522388,0.1717204,0.7010313272476196,0.27426973
USA_04074950,7,0.081571154,0.1814786,0.6757798492908478,0.28560665
USA_04074950,8,0.08644878,0.18923987,0.6563028991222382,0.29402173
USA_04074950,9,0.09071282,0.19694255,0.6395764946937561,0.3011857
USA_04074950,10,0.09422199,0.2020076,0.626537948846817,0.306956
USA_04105700,1,0.02856959,0.10266558,0.8647690266370773,0.1690254
USA_04105700,2,0.07918682,0.1708894,0.6251877248287201,0.28140152
USA_04105700,3,0.12232203,0.21564345,0.42104917764663696,0.34974566
USA_04105700,4,0.15042438,0.24725905,0.2890028953552246,0.3878458
USA_04105700,5,0.16692835,0.26697314,0.2125607132911682,0.40856865
USA_04105700,6,0.17620698,0.27993113,0.1696966290473938,0.41977015
USA_04105700,7,0.18145913,0.28982848,0.14523577690124512,0.4259802
USA_04105700,8,0.18604352,0.29889342,0.12328469753265381,0.4313276
USA_04105700,9,0.19131881,0.30417475,0.09784150123596191,0.43740004
USA_04105700,10,0.1963666,0.30573502,0.07378751039505005,0.4431327
USA_04115265,1,0.16939238,0.13373041,0.5888962149620056,0.41157305
USA_04115265,2,0.2977981,0.20686142,0.2772618532180786,0.5457088
USA_04115265,3,0.34164742,0.23923028,0.17085754871368408,0.58450615
USA_04115265,4,0.35885486,0.2567612,0.1290968656539917,0.599045
USA_04115265,5,0.36421606,0.26419082,0.11608576774597168,0.60350317
USA_04115265,6,0.3614116,0.26657248,0.1228407621383667,0.6011752
USA_04115265,7,0.36379525,0.27297473,0.11699551343917847,0.6031544
USA_04115265,8,0.36022997,0.27449083,0.12561756372451782,0.6001916
USA_04115265,9,0.36517805,0.2757909,0.11359184980392456,0.60429966
USA_04115265,10,0.37027255,0.27491367,0.10128903388977051,0.60850024
USA_04122200,1,0.050420742,0.08882561,0.9014690294861794,0.22454564
USA_04122200,2,0.11483903,0.13342728,0.7755666375160217,0.33887908
USA_04122200,3,0.18415464,0.17515986,0.6400062441825867,0.42913243
USA_04122200,4,0.22814906,0.20742264,0.5539474189281464,0.4776495
USA_04122200,5,0.2590079,0.22976868,0.4936504364013672,0.5089282
USA_04122200,6,0.27448,0.24649692,0.4635465741157532,0.5239084
USA_04122200,7,0.28408822,0.25751328,0.4449547529220581,0.5329993
USA_04122200,8,0.287172,0.26748592,0.4391212463378906,0.5358843
USA_04122200,9,0.29388294,0.27387184,0.42619621753692627,0.5421097
USA_04122200,10,0.30192244,0.27940962,0.4106603264808655,0.5494747
USA_04122500,1,0.027862338,0.07831876,0.9243677780032158,0.16692016
USA_04122500,2,0.056285795,0.106636986,0.847209632396698,0.23724627
USA_04122500,3,0.08538489,0.1387599,0.7682039141654968,0.29220694
USA_04122500,4,0.11267963,0.16652991,0.694084882736206,0.33567786
USA_04122500,5,0.13674997,0.18775097,0.6287514865398407,0.3697972
USA_04122500,6,0.15366945,0.20339452,0.5828808844089508,0.39200693
USA_04122500,7,0.16320956,0.21441759,0.5570603907108307,0.40399203
USA_04122500,8,0.16717842,0.22192205,0.5463127195835114,0.40887457
USA_04122500,9,0.16934057,0.22749019,0.540441632270813,0.4115101
USA_04122500,10,0.1729123,0.23091549,0.5307342410087585,0.41582724
USA_04124000,1,0.010063978,0.059621923,0.9385403320193291,0.10031938
USA_04124000,2,0.024608212,0.091271706,0.849686473608017,0.15687005
USA_04124000,3,0.04253372,0.12081023,0.7401419281959534,0.20623705
USA_04124000,4,0.056250602,0.14268863,0.6562873423099518,0.2371721
USA_04124000,5,0.06612858,0.1591646,0.595888078212738,0.2571548
USA_04124000,6,0.07221585,0.17001826,0.5586942732334137,0.26873007
USA_04124000,7,0.075554535,0.17784746,0.5383964478969574,0.27487186
USA_04124000,8,0.077345595,0.1828199,0.5274834334850311,0.27811077
USA_04124000,9,0.07851007,0.18621147,0.5203164517879486,0.2801965
USA_04124000,10,0.079701334,0.1869422,0.5129113793373108,0.28231424
USA_04127918,1,0.24582684,0.13172258,0.7756564021110535,0.4958093
USA_04127918,2,0.5207606,0.20302421,0.5247446298599243,0.7216374
USA_04127918,3,0.614865,0.2543554,0.4388467073440552,0.78413326
USA_04127918,4,0.67393297,0.2878985,0.384915828704834,0.8209342
USA_04127918,5,0.7150582,0.31229368,0.3473593592643738,0.84561116
USA_04127918,6,0.7500162,0.33508283,0.3154315948486328,0.86603475
USA_04127918,7,0.7801638,0.358056,0.28790175914764404,0.88326883
USA_04127918,8,0.81919354,0.37700403,0.2522699236869812,0.90509313
USA_04127918,9,0.85933644,0.39615962,0.21560382843017578,0.92700404
USA_04127918,10,0.8884703,0.4096065,0.18896538019180298,0.942587
USA_04127997,1,0.028543854,0.077596664,0.7856345325708389,0.16894926
USA_04127997,2,0.06254186,0.124352254,0.5292187333106995,0.2500837
USA_04127997,3,0.07563259,0.14326446,0.43007147312164307,0.2750138
USA_04127997,4,0.077781595,0.15210813,0.4136533737182617,0.27889353
USA_04127997,5,0.08002075,0.15640832,0.3967270255088806,0.28287938
USA_04127997,6,0.08079033,0.16086118,0.39088624715805054,0.2842364
USA_04127997,7,0.081041515,0.16427493,0.3890193700790405,0.28467792
USA_04127997,8,0.082149066,0.1656998,0.3806610703468323,0.2866166
USA_04127997,9,0.0834435,0.16759,0.3708735704421997,0.2888659
USA_04127997,10,0.08441296,0.16761638,0.36350393295288086,0.2905391
USA_04161580,1,0.051195636,0.10115574,0.8825268596410751,0.22626452
USA_04161580,2,0.12188215,0.16850731,0.7200712263584137,0.34911624
USA_04161580,3,0.18112198,0.21586311,0.5837076306343079,0.4255843
USA_04161580,4,0.2219241,0.24676907,0.48954981565475464,0.4710882
USA_04161580,5,0.25295743,0.26689482,0.41677719354629517,0.50294876
USA_04161580,6,0.27675834,0.28062934,0.3587568402290344,0.5260783
USA_04161580,7,0.29607955,0.29021457,0.3086366653442383,0.54413193
USA_04161580,8,0.31238842,0.3014376,0.26704031229019165,0.55891716
USA_04161580,9,0.32549462,0.30816615,0.23454850912094116,0.57052135
USA_04161580,10,0.33288702,0.3113035,0.20843297243118286,0.5769636
USA_04185000,1,0.37357035,0.21276456,0.8115685284137726,0.611204
USA_04185000,2,0.5029558,0.27102554,0.7211001515388489,0.70919377
USA_04185000,3,0.5363478,0.33260092,0.6584205329418182,0.7323577
USA_04185000,4,0.5911875,0.37999892,0.5848839282989502,0.76888716
USA_04185000,5,0.6591319,0.4154002,0.5125440359115601,0.8118694
USA_04185000,6,0.7180295,0.44133443,0.45396971702575684,0.8473662
USA_04185000,7,0.7573386,0.458223,0.41262996196746826,0.870252
USA_04185000,8,0.7676079,0.46682522,0.3930376172065735,0.87613237
USA_04185000,9,0.7599194,0.4720048,0.38820505142211914,0.87173355
USA_04185000,10,0.75240785,0.47510806,0.3851783871650696,0.8674145
USA_04196800,1,1.8436147,0.46449068,0.6431023478507996,1.3577977
USA_04196800,2,3.3841937,0.672342,0.34432345628738403,1.8396178
USA_04196800,3,4.33532,0.7823563,0.16014879941940308,2.082143
USA_04196800,4,4.878281,0.8463741,0.05513155460357666,2.208683
USA_04196800,5,5.0970955,0.88288397,0.012924790382385254,2.2576747
USA_04196800,6,5.1913877,0.89732915,-0.005690097808837891,2.2784617
USA_04196800,7,5.226219,0.89885044,-0.012817144393920898,2.2860925
USA_04196800,8,5.216928,0.90569395,-0.010853886604309082,2.2840595
USA_04196800,9,5.196298,0.9110491,-0.006681919097900391,2.279539
USA_04196800,10,5.199593,0.9136884,-0.007256627082824707,2.2802615
USA_04197100,1,1.6313257,0.46798417,0.6986309885978699,1.2772336
USA_04197100,2,3.6661546,0.7417205,0.3227750062942505,1.9147205
USA_04197100,3,4.731019,0.88171554,0.12613576650619507,2.1750906
USA_04197100,4,5.1593356,0.94675714,0.047087669372558594,2.2714171
USA_04197100,5,5.325729,0.98468196,0.016413450241088867,2.307754
USA_04197100,6,5.3957567,0.99540144,0.0037031173706054688,2.322877
USA_04197100,7,5.3747797,0.9937081,0.00012320280075073242,2.3183572
USA_04197100,8,5.3613596,0.9908835,-0.00478208065032959,2.315461
USA_04197100,9,5.389638,1.0018592,-0.011667847633361816,2.3215594
USA_04197100,10,5.4056344,1.0024298,-0.014549732208251953,2.325002
USA_04197170,1,6.070857,0.67628247,0.3993426561355591,2.4639108
USA_04197170,2,9.312463,0.9429351,0.07874590158462524,3.051633
USA_04197170,3,9.963646,1.005188,0.014459848403930664,3.1565244
USA_04197170,4,10.049343,1.0158461,0.006110489368438721,3.17007
USA_04197170,5,10.066166,1.0178959,0.004556536674499512,3.172722
USA_04197170,6,10.048432,1.0113319,0.006255924701690674,3.1699262
USA_04197170,7,9.454066,0.97946256,0.010896861553192139,3.0747466
USA_04197170,8,9.471545,0.9781766,0.009040772914886475,3.0775876
USA_04197170,9,9.528347,0.9861348,0.0033783912658691406,3.086802
USA_04197170,10,9.516969,0.98611736,0.0033552050590515137,3.0849586
USA_04213000,1,2.2879245,0.6347595,0.6610671579837799,1.5125887
USA_04213000,2,4.966324,0.9543483,0.2643212080001831,2.228525
USA_04213000,3,6.150646,1.1164051,0.08891713619232178,2.4800496
USA_04213000,4,6.5225525,1.1820241,0.033833861351013184,2.5539289
USA_04213000,5,6.5782785,1.2047896,0.025582432746887207,2.5648155
USA_04213000,6,6.6289577,1.2213612,0.018058061599731445,2.5746763
USA_04213000,7,6.6905456,1.2385613,0.00854116678237915,2.586609
USA_04213000,8,6.770513,1.2532455,-0.003236532211303711,2.602021
USA_04213000,9,6.8297505,1.2676326,-0.011770844459533691,2.6133792
USA_04213000,10,6.868163,1.2791456,-0.017461419105529785,2.620718
USA_04213075,1,4.4980206,0.7893688,0.35865193605422974,2.1208537
USA_04213075,2,6.411082,0.98501825,0.08584177494049072,2.5320115
USA_04213075,3,6.8642907,1.0409905,0.021164417266845703,2.6199791
USA_04213075,4,6.912491,1.0524937,0.014202892780303955,2.6291616
USA_04213075,5,7.0334897,1.0612593,-0.0030853748321533203,2.6520727
USA_04213075,6,7.1225,1.080181,-0.015779614448547363,2.6688013
USA_04213075,7,7.1203866,1.0859004,-0.015418171882629395,2.6684053
USA_04213075,8,7.1242967,1.0923222,-0.016211628913879395,2.6691377
USA_04213075,9,7.1481853,1.1050514,-0.019725561141967773,2.673609
USA_04213075,10,7.161065,1.108757,-0.02143418788909912,2.6760166
USA_04216418,1,2.7450264,0.56260026,0.5021671652793884,1.6568121
USA_04216418,2,4.3466163,0.77866393,0.21182602643966675,2.0848541
USA_04216418,3,4.7594676,0.8604916,0.13714683055877686,2.1816204
USA_04216418,4,4.8255,0.89185363,0.12537699937820435,2.196702
USA_04216418,5,4.869607,0.8975788,0.11751621961593628,2.2067187
USA_04216418,6,4.8835287,0.9068754,0.11479121446609497,2.2098708
USA_04216418,7,4.8966713,0.9235848,0.10958653688430786,2.2128425
USA_04216418,8,4.908534,0.9293596,0.10767889022827148,2.215521
USA_04216418,9,4.849216,0.93617976,0.11872005462646484,2.2020936
USA_04216418,10,4.851554,0.941758,0.11853080987930298,2.2026243
USA_04221000,1,0.7485882,0.2856022,0.6493609845638275,0.86520994
USA_04221000,2,1.3458679,0.42729613,0.36980485916137695,1.1601155
USA_04221000,3,1.5552304,0.50513804,0.2720073461532593,1.2470888
USA_04221000,4,1.6706928,0.5530529,0.21821939945220947,1.2925528
USA_04221000,5,1.7432936,0.583606,0.18449562788009644,1.3203385
USA_04221000,6,1.7794892,0.6057697,0.1678261160850525,1.333975
USA_04221000,7,1.798876,0.6305341,0.1586819291114807,1.3412218
USA_04221000,8,1.8072056,0.64921504,0.15515905618667603,1.3443235
USA_04221000,9,1.8000107,0.65243924,0.1588934063911438,1.3416448
USA_04221000,10,1.788088,0.65387267,0.1648651361465454,1.3371941
USA_04224775,1,0.7270544,0.25054273,0.5244300663471222,0.85267484
USA_04224775,2,1.0246857,0.35345435,0.3298618793487549,1.0122676
USA_04224775,3,1.1351584,0.41320404,0.2577415108680725,1.0654382
USA_04224775,4,1.1916311,0.4461701,0.22093862295150757,1.0916185
USA_04224775,5,1.23728,0.46795234,0.19123023748397827,1.1123309
USA_04224775,6,1.253356,0.4794776,0.18100965023040771,1.1195338
USA_04224775,7,1.254389,0.49198952,0.17403239011764526,1.1199951
USA_04224775,8,1.2632806,0.5005452,0.16820460557937622,1.1239576
USA_04224775,9,1.2495981,0.50709677,0.17746013402938843,1.1178542
USA_04224775,10,1.248173,0.5119495,0.17869210243225098,1.1172166
USA_04233000,1,5.3302116,0.5371625,0.4938374161720276,2.308725
USA_04233000,2,8.379013,0.7089355,0.20434707403182983,2.8946526
USA_04233000,3,8.968804,0.7833681,0.1483718752861023,2.9947963
USA_04233000,4,9.265297,0.8250968,0.12025594711303711,3.043895
USA_04233000,5,9.377527,0.8440663,0.10964202880859375,3.062275
USA_04233000,6,9.510181,0.85519254,0.09709012508392334,3.0838583
USA_04233000,7,9.647173,0.8706264,0.08412593603134155,3.10599
USA_04233000,8,9.742982,0.8860445,0.0750700831413269,3.121375
USA_04233000,9,9.757453,0.8991679,0.07373857498168945,3.1236923
USA_04233000,10,9.711554,0.90342724,0.07813787460327148,3.1163366
USA_04256000,1,0.8186877,0.3914791,0.8595836460590363,0.9048136
USA_04256000,2,1.7997793,0.6174957,0.6913500726222992,1.3415586
USA_04256000,3,2.6890974,0.7806505,0.5388775765895844,1.6398468
USA_04256000,4,3.1038444,0.8880971,0.467833936214447,1.7617731
USA_04256000,5,3.3718166,0.95386666,0.4219937324523926,1.8362507
USA_04256000,6,3.5093062,0.98934925,0.3985334038734436,1.8733143
USA_04256000,7,3.5471604,1.006643,0.39218515157699585,1.8833907
USA_04256000,8,3.6316204,1.0388213,0.3778783082962036,1.9056811
USA_04256000,9,3.7222092,1.0637876,0.36251628398895264,1.9293028
USA_04256000,10,3.7916956,1.0894257,0.3507627248764038,1.9472277
USA_04296000,1,0.6418472,0.32358587,0.8596980720758438,0.80115366
USA_04296000,2,1.4480072,0.5385008,0.6835032999515533,1.2033317
USA_04296000,3,1.9631343,0.6724337,0.5709759593009949,1.401119
USA_04296000,4,2.254912,0.7512544,0.507294088602066,1.5016364
USA_04296000,5,2.476003,0.8005664,0.4590623378753662,1.573532
USA_04296000,6,2.573854,0.8316339,0.43770062923431396,1.6043235
USA_04296000,7,2.659098,0.8569784,0.4191552996635437,1.6306741
USA_04296000,8,2.7535582,0.8868659,0.3986501097679138,1.6593848
USA_04296000,9,2.8326814,0.9035147,0.38148945569992065,1.6830572
USA_04296000,10,2.9509163,0.91622645,0.3556970953941345,1.7178231
USA_05056000,1,0.014814211,0.057203986,0.9293803796172142,0.121713646
USA_05056000,2,0.01452743,0.059514303,0.930737741291523,0.120529786
USA_05056000,3,0.028070897,0.07283956,0.866147443652153,0.16754371
USA_05056000,4,0.044028725,0.085080475,0.7900247275829315,0.20983022
USA_05056000,5,0.060722113,0.0947973,0.7103743553161621,0.24641857
USA_05056000,6,0.07917941,0.103288025,0.6222663223743439,0.28138837
USA_05056000,7,0.096909106,0.110520765,0.5375947654247284,0.31130227
USA_05056000,8,0.11252349,0.11728138,0.4629746079444885,0.3354452
USA_05056000,9,0.12464938,0.122957505,0.4049786329269409,0.3530572
USA_05056000,10,0.13450335,0.12883067,0.3578147888183594,0.366747
USA_05057000,1,0.011637077,0.057879742,0.8995044305920601,0.10787528
USA_05057000,2,0.016651867,0.06770413,0.8561196029186249,0.12904212
USA_05057000,3,0.023667047,0.07507928,0.795392632484436,0.15384097
USA_05057000,4,0.028947005,0.0814072,0.7496139407157898,0.1701382
USA_05057000,5,0.03217608,0.08833737,0.7215351164340973,0.17937693
USA_05057000,6,0.03443398,0.09411159,0.7018426656723022,0.18556395
USA_05057000,7,0.03575728,0.098528944,0.6902257204055786,0.18909596
USA_05057000,8,0.03578881,0.10178561,0.6897924840450287,0.18917932
USA_05057000,9,0.035285875,0.105241634,0.6939928531646729,0.18784535
USA_05057000,10,0.037192505,0.111887485,0.6772809624671936,0.19285358
USA_05057200,1,0.006531976,0.026811428,0.8857049196958542,0.08082064
USA_05057200,2,0.009548241,0.032702047,0.832937479019165,0.0977151
USA_05057200,3,0.014715885,0.040273312,0.74253249168396,0.12130905
USA_05057200,4,0.020410433,0.046676457,0.6429173946380615,0.14286509
USA_05057200,5,0.02567337,0.051666692,0.5508620738983154,0.16022912
USA_05057200,6,0.030103719,0.055635206,0.47338002920150757,0.17350423
USA_05057200,7,0.033477288,0.05953422,0.41439080238342285,0.18296799
USA_05057200,8,0.03560763,0.06216789,0.3771533966064453,0.18869984
USA_05057200,9,0.036822293,0.06404474,0.35593563318252563,0.19189136
USA_05057200,10,0.037822258,0.065396644,0.33845895528793335,0.19447945
USA_05087500,1,0.034817737,0.06198489,0.8744923174381256,0.18659511
USA_05087500,2,0.07526087,0.08486545,0.7287034392356873,0.27433714
USA_05087500,3,0.12247727,0.11023114,0.5584947764873505,0.34996754
USA_05087500,4,0.17171277,0.13692431,0.3810034990310669,0.4143824
USA_05087500,5,0.21139048,0.15625823,0.2379624843597412,0.4597722
USA_05087500,6,0.23686782,0.17146492,0.14610940217971802,0.48669067
USA_05087500,7,0.24891964,0.18443352,0.10265254974365234,0.49891847
USA_05087500,8,0.24946293,0.19140835,0.10068303346633911,0.49946263
USA_05087500,9,0.2465316,0.19630098,0.11125051975250244,0.4965195
USA_05087500,10,0.23909663,0.19711481,0.13805365562438965,0.48897508
USA_05120500,1,0.005100812,0.027001182,0.9411969855427742,0.07141997
USA_05120500,2,0.00711467,0.032187205,0.9179786220192909,0.0843485
USA_05120500,3,0.013257901,0.040222596,0.8471521586179733,0.11514296
USA_05120500,4,0.018804822,0.047220226,0.7831967025995255,0.13713068
USA_05120500,5,0.022943763,0.05230939,0.7354783117771149,0.15147199
USA_05120500,6,0.025691528,0.05655216,0.7037989497184753,0.16028577
USA_05120500,7,0.027792988,0.05962427,0.6795709431171417,0.1667123
USA_05120500,8,0.029943913,0.062126312,0.6547726690769196,0.1730431
USA_05120500,9,0.03209628,0.06350317,0.6299577355384827,0.17915435
USA_05120500,10,0.03473725,0.06593971,0.599509596824646,0.18637933
USA_05123400,1,0.0019389285,0.02235116,0.9519915133714676,0.044033267
USA_05123400,2,0.0026746674,0.02604253,0.9337743818759918,0.05171719
USA_05123400,3,0.0040134024,0.030836606,0.900626890361309,0.06335142
USA_05123400,4,0.005232624,0.035519425,0.8704385608434677,0.072336875
USA_05123400,5,0.0063484097,0.039653838,0.8428113758563995,0.07967691
USA_05123400,6,0.007554443,0.043316882,0.8129495829343796,0.0869163
USA_05123400,7,0.008900758,0.047111366,0.7796144038438797,0.094343826
USA_05123400,8,0.010329278,0.050737426,0.7442437708377838,0.10163306
USA_05123400,9,0.011749848,0.05413635,0.7090700566768646,0.10839672
USA_05123400,10,0.013195307,0.05735101,0.6732799708843231,0.114870824
USA_05129115,1,0.017362002,0.06971544,0.9731989204883575,0.13176495
USA_05129115,2,0.021449937,0.07618055,0.9668842665851116,0.14645797
USA_05129115,3,0.03488294,0.09660201,0.9461386278271675,0.18676975
USA_05129115,4,0.052552916,0.11693891,0.9188446626067162,0.22924423
USA_05129115,5,0.07216279,0.13467515,0.8885458931326866,0.26863134
USA_05129115,6,0.0923351,0.15069102,0.8573696464300156,0.3038669
USA_05129115,7,0.111822136,0.16521707,0.8272431194782257,0.33439818
USA_05129115,8,0.12919253,0.17856047,0.8003813922405243,0.35943362
USA_05129115,9,0.14375898,0.1907501,0.777845710515976,0.3791556
USA_05129115,10,0.15544942,0.19951063,0.7597450166940689,0.39427075
USA_05131500,1,0.08621661,0.10542487,0.9395668469369411,0.29362667
USA_05131500,2,0.16867818,0.14076892,0.8817640542984009,0.4107045
USA_05131500,3,0.30749035,0.18858656,0.7844597399234772,0.5545181
USA_05131500,4,0.4537891,0.22949278,0.6819047033786774,0.6736387
USA_05131500,5,0.58965135,0.26352885,0.5866624712944031,0.7678876
USA_05131500,6,0.7011354,0.2922025,0.5085066258907318,0.83733827
USA_05131500,7,0.7842025,0.31677568,0.45026475191116333,0.8855521
USA_05131500,8,0.8319935,0.3368909,0.4167497754096985,0.9121368
USA_05131500,9,0.858015,0.35486183,0.3984948396682739,0.926291
USA_05131500,10,0.86878675,0.36489236,0.3909343481063843,0.9320873
USA_05291000,1,0.10624485,0.06597794,0.6006413996219635,0.3259522
USA_05291000,2,0.1606733,0.0905668,0.3960404396057129,0.40084076
USA_05291000,3,0.19339073,0.10783761,0.2730429172515869,0.43976212
USA_05291000,4,0.21168351,0.11944327,0.20425474643707275,0.46009076
USA_05291000,5,0.22207965,0.12742864,0.16516536474227905,0.47125328
USA_05291000,6,0.22876382,0.13114586,0.14002925157546997,0.4782926
USA_05291000,7,0.23203012,0.133846,0.12774109840393066,0.48169506
USA_05291000,8,0.23356968,0.1353317,0.12194424867630005,0.48329046
USA_05291000,9,0.23275349,0.1372242,0.12500303983688354,0.48244533
USA_05291000,10,0.23429878,0.13708852,0.11918443441390991,0.4840442
USA_05362000,1,0.45814946,0.24205418,0.877217710018158,0.67686737
USA_05362000,2,0.95424694,0.36535302,0.7442238628864288,0.97685564
USA_05362000,3,1.358378,0.4629362,0.6358434855937958,1.1654948
USA_05362000,4,1.5756795,0.52969486,0.5775276124477386,1.2552607
USA_05362000,5,1.7556589,0.57261795,0.5292029678821564,1.3250128
USA_05362000,6,1.9144908,0.5983037,0.4865320920944214,1.3836513
USA_05362000,7,2.0098655,0.6120272,0.4608863592147827,1.4176973
USA_05362000,8,2.0479124,0.62176234,0.4506072998046875,1.4310529
USA_05362000,9,2.0713818,0.6270121,0.4442468285560608,1.4392296
USA_05362000,10,2.1083107,0.619276,0.43427902460098267,1.4520023
USA_05393500,1,0.6432959,0.2730211,0.8680171221494675,0.80205727
USA_05393500,2,1.3707943,0.4391754,0.7187201380729675,1.1708093
USA_05393500,3,1.7677315,0.52870834,0.6372205317020416,1.3295606
USA_05393500,4,2.002417,0.59168786,0.589005321264267,1.4150679
USA_05393500,5,2.2376103,0.6376714,0.5406733453273773,1.4958644
USA_05393500,6,2.4165764,0.6638219,0.5038771033287048,1.5545342
USA_05393500,7,2.4700415,0.6765995,0.49285292625427246,1.5716366
USA_05393500,8,2.5096126,0.6850045,0.48469507694244385,1.5841757
USA_05393500,9,2.5351288,0.6923184,0.4794631600379944,1.5922087
USA_05393500,10,2.5663972,0.6962691,0.4730467200279236,1.6019979
USA_05399500,1,2.0188866,0.37355307,0.6246423423290253,1.4208753
USA_05399500,2,2.8428564,0.524494,0.4714539051055908,1.6860772
USA_05399500,3,3.0798476,0.59111196,0.42739957571029663,1.7549495
USA_05399500,4,3.358286,0.6436751,0.37563765048980713,1.8325627
USA_05399500,5,3.471182,0.6464386,0.35465168952941895,1.8631109
USA_05399500,6,3.5404515,0.66021293,0.34177517890930176,1.8816087
USA_05399500,7,3.4437099,0.65743184,0.3602446913719177,1.8557235
USA_05399500,8,3.6206627,0.684396,0.32772719860076904,1.9028039
USA_05399500,9,3.7862902,0.7067453,0.29706698656082153,1.9458392
USA_05399500,10,3.9317517,0.71821374,0.2700049877166748,1.9828645
USA_05408000,1,0.09337436,0.106474586,0.6279847919940948,0.30557218
USA_05408000,2,0.15351342,0.15279411,0.3881934881210327,0.39180788
USA_05408000,3,0.1811598,0.17378826,0.2780478000640869,0.4256287
USA_05408000,4,0.19129606,0.18798196,0.2377232313156128,0.43737406
USA_05408000,5,0.19728944,0.19611166,0.21385157108306885,0.44417277
USA_05408000,6,0.1908568,0.19905005,0.23951029777526855,0.43687162
USA_05408000,7,0.18924874,0.20003924,0.24600517749786377,0.4350273
USA_05408000,8,0.19228815,0.20653021,0.23399460315704346,0.43850672
USA_05408000,9,0.18405941,0.21038973,0.26688146591186523,0.42902145
USA_05408000,10,0.1879603,0.21096613,0.2514410614967346,0.4335439
USA_05412500,1,0.36438745,0.17629485,0.7995884865522385,0.60364515
USA_05412500,2,0.6800503,0.23232467,0.6259602010250092,0.82465166
USA_05412500,3,0.9072825,0.29680213,0.5009526610374451,0.95251375
USA_05412500,4,1.0792469,0.34318322,0.4063335061073303,1.0388681
USA_05412500,5,1.1858325,0.37514392,0.34767311811447144,1.0889593
USA_05412500,6,1.2512648,0.39934847,0.311643123626709,1.1185995
USA_05412500,7,1.2701012,0.41766813,0.3012526035308838,1.1269877
USA_05412500,8,1.2800314,0.42933923,0.2957894802093506,1.1313847
USA_05412500,9,1.2999374,0.44262248,0.28486907482147217,1.1401479
USA_05412500,10,1.3154649,0.45090666,0.27637696266174316,1.1469371
USA_05413500,1,0.48018795,0.13754384,0.3526110053062439,0.692956
USA_05413500,2,0.64568925,0.17851973,0.1290549635887146,0.8035479
USA_05413500,3,0.70442533,0.19785105,0.04982304573059082,0.8393005
USA_05413500,4,0.7100562,0.21415572,0.04227417707443237,0.8426483
USA_05413500,5,0.7239959,0.2223154,0.023546814918518066,0.8508795
USA_05413500,6,0.7223687,0.22919641,0.025831878185272217,0.8499228
USA_05413500,7,0.7123426,0.23747429,0.0394587516784668,0.8440039
USA_05413500,8,0.7039727,0.24224423,0.05085563659667969,0.8390308
USA_05413500,9,0.6984211,0.24725296,0.0584525465965271,0.83571595
USA_05413500,10,0.7030359,0.2503242,0.05235135555267334,0.83847237
USA_05414000,1,0.24117905,0.1125478,0.5141044557094574,0.49109983
USA_05414000,2,0.38799086,0.16364811,0.21819478273391724,0.6228891
USA_05414000,3,0.43612278,0.18880491,0.12128949165344238,0.6603959
USA_05414000,4,0.435823,0.20492356,0.12200158834457397,0.6601689
USA_05414000,5,0.44347218,0.21585794,0.10670459270477295,0.66593707
USA_05414000,6,0.4367572,0.2213729,0.12035071849822998,0.6608761
USA_05414000,7,0.4255392,0.22563955,0.14308220148086548,0.6523337
USA_05414000,8,0.42275524,0.23402184,0.1488286852836609,0.6501963
USA_05414000,9,0.4234403,0.2379991,0.14758771657943726,0.6507229
USA_05414000,10,0.42617458,0.24036421,0.1422199010848999,0.65282047
USA_05444000,1,0.43158898,0.1321783,0.545662134885788,0.65695435
USA_05444000,2,0.770251,0.1784844,0.1892297863960266,0.8776394
USA_05444000,3,0.81530225,0.20246014,0.14189594984054565,0.90294087
USA_05444000,4,0.82969916,0.21921258,0.12683361768722534,0.91087824
USA_05444000,5,0.84732056,0.23228039,0.10838592052459717,0.92050016
USA_05444000,6,0.8661279,0.24404009,0.08869338035583496,0.93065995
USA_05444000,7,0.85946465,0.25203025,0.09580731391906738,0.9270732
USA_05444000,8,0.8495985,0.25912315,0.10629463195800781,0.9217367
USA_05444000,9,0.85733324,0.2652906,0.09827315807342529,0.92592293
USA_05444000,10,0.86678225,0.27042305,0.08836984634399414,0.93101144
USA_05454000,1,7.9963193,0.45055693,0.3051563501358032,2.8277764
USA_05454000,2,11.074511,0.55652696,0.03766953945159912,3.3278387
USA_05454000,3,11.157856,0.59930414,0.030414700508117676,3.3403378
USA_05454000,4,11.261472,0.6321314,0.021404027938842773,3.3558116
USA_05454000,5,11.307883,0.6575125,0.017367959022521973,3.3627195
USA_05454000,6,11.298741,0.6756423,0.01815420389175415,3.36136
USA_05454000,7,11.289195,0.688585,0.018981754779815674,3.3599398
USA_05454000,8,11.310984,0.7001918,0.01711404323577881,3.3631806
USA_05454000,9,11.33902,0.70673895,0.01470482349395752,3.367346
USA_05454000,10,11.360724,0.70855206,0.012836456298828125,3.3705673
USA_05458000,1,1.4974983,0.20825763,0.5522686839103699,1.2237232
USA_05458000,2,1.94979,0.2899502,0.41700148582458496,1.3963488
USA_05458000,3,2.27497,0.3536553,0.319713830947876,1.5083004
USA_05458000,4,2.4510148,0.40115374,0.267005980014801,1.5655717
USA_05458000,5,2.5924356,0.4336596,0.2246430516242981,1.6101042
USA_05458000,6,2.6561618,0.45607635,0.20551574230194092,1.6297735
USA_05458000,7,2.6860929,0.47005254,0.19653630256652832,1.6389304
USA_05458000,8,2.6718695,0.48167133,0.20076125860214233,1.6345854
USA_05458000,9,2.6761227,0.49004796,0.1994650959968567,1.635886
USA_05458000,10,2.7042496,0.49363846,0.19101130962371826,1.6444603
USA_05466500,1,0.50482845,0.20420521,0.7930350601673126,0.7105128
USA_05466500,2,1.1109937,0.30345148,0.5444831848144531,1.0540369
USA_05466500,3,1.51784,0.37699488,0.3776213526725769,1.2320065
USA_05466500,4,1.7701756,0.42208928,0.27412623167037964,1.3304795
USA_05466500,5,1.9365287,0.4558079,0.20590925216674805,1.3915921
USA_05466500,6,2.0177374,0.48011205,0.17261189222335815,1.4204708
USA_05466500,7,2.0475605,0.49667367,0.16036325693130493,1.4309299
USA_05466500,8,2.0587523,0.5091793,0.15574467182159424,1.4348353
USA_05466500,9,2.0885365,0.5207915,0.14352178573608398,1.445177
USA_05466500,10,2.0929148,0.5264242,0.14170968532562256,1.446691
USA_05487980,1,4.045261,0.37918636,0.3880311846733093,2.0112834
USA_05487980,2,5.9370055,0.5249848,0.10183429718017578,2.436597
USA_05487980,3,6.426072,0.58098644,0.02780592441558838,2.5349698
USA_05487980,4,6.584282,0.6115274,0.015508651733398438,2.5659857
USA_05487980,5,6.610335,0.62530524,0.01268833875656128,2.571057
USA_05487980,6,6.6140833,0.6303501,0.011874556541442871,2.571786
USA_05487980,7,6.5905323,0.63369197,0.015298783779144287,2.5672033
USA_05487980,8,6.603418,0.6379504,0.01336967945098877,2.5697117
USA_05487980,9,6.615331,0.6394219,0.01158672571182251,2.5720286
USA_05487980,10,6.657178,0.63769567,0.005330145359039307,2.5801508
USA_05488200,1,3.0736256,0.33777598,0.4066600203514099,1.7531759
USA_05488200,2,4.8046527,0.45695376,0.07249176502227783,2.1919518
USA_05488200,3,5.1044493,0.50264955,0.01460886001586914,2.2593029
USA_05488200,4,5.121311,0.52190936,0.011344850063323975,2.2630315
USA_05488200,5,5.1269784,0.52979124,0.010245442390441895,2.2642832
USA_05488200,6,5.123675,0.53580207,0.010875999927520752,2.2635536
USA_05488200,7,5.1123466,0.5399693,0.013055860996246338,2.26105
USA_05488200,8,5.1122894,0.5443309,0.013056159019470215,2.2610373
USA_05488200,9,5.130161,0.5460156,0.009598910808563232,2.2649858
USA_05488200,10,5.1615896,0.54570943,0.0035088658332824707,2.2719133
USA_05489000,1,9.320914,0.45564678,0.3508458137512207,3.0530171
USA_05489000,2,13.379256,0.6132141,0.06819677352905273,3.6577666
USA_05489000,3,14.181997,0.65766644,0.012282967567443848,3.7658992
USA_05489000,4,14.260883,0.6748469,0.006783127784729004,3.7763584
USA_05489000,5,14.275553,0.6818982,0.00575631856918335,3.7783003
USA_05489000,6,14.284122,0.685804,0.005155384540557861,3.7794342
USA_05489000,7,14.251602,0.69003433,0.007415294647216797,3.7751293
USA_05489000,8,14.266363,0.6928808,0.006381511688232422,3.7770839
USA_05489000,9,14.306704,0.6951516,0.0035660862922668457,3.7824204
USA_05489000,10,14.345849,0.6945939,0.0008257627487182617,3.7875915
USA_05495000,1,2.1170065,0.3188029,0.5986450910568237,1.4549936
USA_05495000,2,3.8447623,0.4547861,0.27107876539230347,1.9608066
USA_05495000,3,4.6782594,0.52125716,0.11302542686462402,2.1629283
USA_05495000,4,5.022086,0.5625989,0.04780399799346924,2.2410011
USA_05495000,5,5.12033,0.5862243,0.02915257215499878,2.2628145
USA_05495000,6,5.142197,0.5957524,0.02498757839202881,2.2676413
USA_05495000,7,5.139821,0.5986581,0.02542591094970703,2.2671173
USA_05495000,8,5.1281714,0.60302544,0.02763313055038452,2.2645466
USA_05495000,9,5.130423,0.60565555,0.027211427688598633,2.2650437
USA_05495000,10,5.120976,0.60454744,0.028999388217926025,2.2629573
USA_05495500,1,6.603593,0.38631254,0.3909035921096802,2.5697458
USA_05495500,2,9.830531,0.5525456,0.09325647354125977,3.1353679
USA_05495500,3,10.468117,0.62074107,0.034441351890563965,3.235447
USA_05495500,4,10.6408825,0.6517076,0.018494725227355957,3.2620366
USA_05495500,5,10.702692,0.66069,0.012774407863616943,3.271497
USA_05495500,6,10.687859,0.6667908,0.014127194881439209,3.269229
USA_05495500,7,10.691128,0.6712497,0.013813436031341553,3.269729
USA_05495500,8,10.666604,0.6768189,0.016067922115325928,3.2659767
USA_05495500,9,10.700977,0.679917,0.012890458106994629,3.2712348
USA_05495500,10,10.706512,0.67979735,0.012374281883239746,3.2720807
USA_05501000,1,6.5122924,0.46391693,0.4220477342605591,2.5519195
USA_05501000,2,9.652506,0.6499092,0.14336484670639038,3.1068482
USA_05501000,3,10.457115,0.7382509,0.07193976640701294,3.2337463
USA_05501000,4,10.88363,0.7836217,0.03407186269760132,3.2990346
USA_05501000,5,11.00673,0.80425537,0.023136913776397705,3.3176394
USA_05501000,6,10.988775,0.81692964,0.024723529815673828,3.314932
USA_05501000,7,10.9510975,0.8213658,0.028063058853149414,3.3092442
USA_05501000,8,10.917551,0.82704806,0.031039297580718994,3.3041718
USA_05501000,9,10.956571,0.8273332,0.02757960557937622,3.310071
USA_05501000,10,10.9378,0.82338035,0.029250025749206543,3.3072345
USA_05503800,1,6.9737425,0.46409243,0.3644390106201172,2.6407845
USA_05503800,2,10.095523,0.6293126,0.07992041110992432,3.1773453
USA_05503800,3,10.643236,0.68058157,0.02997690439224243,3.2623973
USA_05503800,4,10.855469,0.7024912,0.01061713695526123,3.2947638
USA_05503800,5,10.883333,0.70731074,0.00806736946105957,3.2989898
USA_05503800,6,10.755986,0.7065892,0.019667387008666992,3.279632
USA_05503800,7,10.702116,0.7082681,0.024572372436523438,3.2714088
USA_05503800,8,10.684437,0.7084311,0.026181697845458984,3.2687056
USA_05503800,9,10.710018,0.70613295,0.02385014295578003,3.2726164
USA_05503800,10,10.679775,0.7042892,0.026608586311340332,3.2679925
USA_05507600,1,5.1068845,0.43293703,0.2733301520347595,2.2598417
USA_05507600,2,6.658371,0.5445041,0.05253255367279053,2.5803819
USA_05507600,3,6.91257,0.5853823,0.01632457971572876,2.6291766
USA_05507600,4,6.9999123,0.5998997,0.0038680434226989746,2.6457348
USA_05507600,5,7.0244937,0.605754,0.00035178661346435547,2.650376
USA_05507600,6,6.997532,0.60644144,0.004175901412963867,2.645285
USA_05507600,7,7.0103726,0.6065169,0.002338111400604248,2.6477108
USA_05507600,8,6.9711237,0.60613614,0.007917225360870361,2.6402886
USA_05507600,9,6.985142,0.6058323,0.005926907062530518,2.642942
USA_05507600,10,6.938636,0.60532975,0.012549161911010742,2.634129
USA_05508805,1,3.0719848,0.3635705,0.3827325105667114,1.7527078
USA_05508805,2,4.494566,0.48326987,0.09685802459716797,2.1200392
USA_05508805,3,4.75286,0.5306772,0.044921278953552246,2.1801054
USA_05508805,4,4.837755,0.5490304,0.027820944786071777,2.1994898
USA_05508805,5,4.8415794,0.55417633,0.027019798755645752,2.2003589
USA_05508805,6,4.8186064,0.55502594,0.03160911798477173,2.1951325
USA_05508805,7,4.8310666,0.5583737,0.029082059860229492,2.1979687
USA_05508805,8,4.8181076,0.56016093,0.03166764974594116,2.1950188
USA_05508805,9,4.817577,0.5595682,0.031758129596710205,2.194898
USA_05508805,10,4.7828703,0.55863875,0.038722217082977295,2.1869774
USA_05514500,1,2.7445202,0.3577258,0.542228490114212,1.6566594
USA_05514500,2,5.1119537,0.51383936,0.1473519206047058,2.260963
USA_05514500,3,5.5917373,0.5779804,0.06735336780548096,2.3646855
USA_05514500,4,5.689061,0.60535645,0.05107903480529785,2.3851752
USA_05514500,5,5.738237,0.6164175,0.042834699153900146,2.3954618
USA_05514500,6,5.7408957,0.6227198,0.04235565662384033,2.3960166
USA_05514500,7,5.7640934,0.6277272,0.0384557843208313,2.4008527
USA_05514500,8,5.7782707,0.6304349,0.036071062088012695,2.4038033
USA_05514500,9,5.7822146,0.63034254,0.03543823957443237,2.4046235
USA_05514500,10,5.751596,0.6266646,0.04056692123413086,2.3982484
USA_05525500,1,0.46827245,0.22751108,0.7883058339357376,0.68430436
USA_05525500,2,1.1510816,0.363231,0.4796547293663025,1.0728847
USA_05525500,3,1.5802773,0.45347062,0.28566211462020874,1.2570908
USA_05525500,4,1.7888899,0.5100184,0.19135189056396484,1.3374939
USA_05525500,5,1.9042914,0.5440694,0.13915139436721802,1.3799607
USA_05525500,6,1.9617797,0.5669493,0.1131172776222229,1.4006355
USA_05525500,7,2.0065546,0.58298063,0.09283101558685303,1.416529
USA_05525500,8,2.036398,0.59597456,0.07930809259414673,1.4270241
USA_05525500,9,2.0637252,0.6065477,0.06694197654724121,1.4365672
USA_05525500,10,2.0915115,0.611054,0.054379045963287354,1.4462059
USA_05556500,1,1.6542884,0.25616467,0.5439660549163818,1.2861915
USA_05556500,2,2.875216,0.34867373,0.20741254091262817,1.6956462
USA_05556500,3,3.2061768,0.40397877,0.11621153354644775,1.79058
USA_05556500,4,3.3331625,0.43975744,0.0812385082244873,1.825695
USA_05556500,5,3.3800805,0.46421507,0.06832736730575562,1.8384995
USA_05556500,6,3.440985,0.4827948,0.05156034231185913,1.8549892
USA_05556500,7,3.4500418,0.4938049,0.0490795373916626,1.8574288
USA_05556500,8,3.4429762,0.5075798,0.05104571580886841,1.8555259
USA_05556500,9,3.4589562,0.5218657,0.04665714502334595,1.8598269
USA_05556500,10,3.482105,0.5298959,0.04029792547225952,1.8660399
USA_05584500,1,2.4924421,0.27080268,0.52383753657341,1.578747
USA_05584500,2,3.9290495,0.37887576,0.2494000792503357,1.982183
USA_05584500,3,4.5857425,0.44690508,0.1257190704345703,2.1414347
USA_05584500,4,4.8554482,0.49051547,0.07560986280441284,2.2035081
USA_05584500,5,4.963513,0.5152766,0.05527156591415405,2.2278943
USA_05584500,6,5.010444,0.52910566,0.04638016223907471,2.2384021
USA_05584500,7,5.0318108,0.53786474,0.04229682683944702,2.2431698
USA_05584500,8,5.0398765,0.5451941,0.04072374105453491,2.244967
USA_05584500,9,5.0434036,0.552696,0.040006399154663086,2.2457523
USA_05584500,10,5.0441403,0.5535991,0.03981924057006836,2.2459164
USA_05585000,1,1.0256106,0.24887682,0.7218520939350128,1.0127243
USA_05585000,2,1.9497082,0.34629652,0.4712284803390503,1.3963195
USA_05585000,3,2.5042171,0.41926792,0.32082146406173706,1.5824718
USA_05585000,4,2.8394456,0.47052148,0.2298685908317566,1.6850655
USA_05585000,5,3.044529,0.50035465,0.1742093563079834,1.7448579
USA_05585000,6,3.174189,0.52429736,0.13901323080062866,1.7816254
USA_05585000,7,3.2545235,0.5373695,0.11719810962677002,1.8040298
USA_05585000,8,3.298816,0.54622114,0.10516417026519775,1.8162643
USA_05585000,9,3.32567,0.5546573,0.09786653518676758,1.823642
USA_05585000,10,3.3492615,0.56096387,0.09146934747695923,1.8300987
USA_05591550,1,2.866226,0.32283723,0.45369333028793335,1.6929932
USA_05591550,2,4.3234177,0.45423827,0.17616015672683716,2.079283
USA_05591550,3,4.6951857,0.51764244,0.10562354326248169,2.1668377
USA_05591550,4,4.8502955,0.55708355,0.07646381855010986,2.2023387
USA_05591550,5,4.9218426,0.5804914,0.06295204162597656,2.2185225
USA_05591550,6,4.944019,0.5920179,0.05876922607421875,2.223515
USA_05591550,7,4.9647393,0.6044738,0.05488276481628418,2.2281694
USA_05591550,8,5.0054784,0.6145151,0.0471610426902771,2.2372925
USA_05591550,9,5.040616,0.62268674,0.040480852127075195,2.2451317
USA_05591550,10,5.030462,0.6254798,0.042410850524902344,2.2428691
USA_05592050,1,1.6528774,0.29470322,0.5616620779037476,1.2856429
USA_05592050,2,3.0382054,0.41073138,0.19495081901550293,1.7430449
USA_05592050,3,3.3777947,0.45182,0.10565388202667236,1.8378778
USA_05592050,4,3.4577172,0.47284546,0.08456116914749146,1.8594939
USA_05592050,5,3.4613273,0.4824547,0.08358556032180786,1.8604642
USA_05592050,6,3.471545,0.49113947,0.08081978559494019,1.8632083
USA_05592050,7,3.5023854,0.5035787,0.07259643077850342,1.8714662
USA_05592050,8,3.55337,0.51443493,0.0590553879737854,1.8850385
USA_05592050,9,3.579259,0.5201749,0.052145302295684814,1.8918929
USA_05592050,10,3.5525682,0.5220719,0.0591619610786438,1.8848258
USA_05592575,1,10.981892,0.78149545,0.2679840326309204,3.3138938
USA_05592575,2,14.505834,0.96278995,0.036046624183654785,3.8086524
USA_05592575,3,15.073051,1.0222857,-0.001498103141784668,3.882403
USA_05592575,4,15.150853,1.0422939,-0.006685495376586914,3.8924098
USA_05592575,5,15.141978,1.0518278,-0.006097912788391113,3.8912694
USA_05592575,6,15.130557,1.0614125,-0.005326390266418457,3.8898017
USA_05592575,7,15.219947,1.0712737,-0.011167526245117188,3.901275
USA_05592575,8,15.268785,1.0729796,-0.014374256134033203,3.9075294
USA_05592575,9,15.248336,1.0737066,-0.012960195541381836,3.9049118
USA_05592575,10,15.200859,1.0706769,-0.009767651557922363,3.8988278
USA_05593575,1,10.90091,0.7539172,0.27340060472488403,3.3016527
USA_05593575,2,14.862748,0.96634084,0.009752213954925537,3.8552234
USA_05593575,3,15.300708,1.0123965,-0.019461631774902344,3.911612
USA_05593575,4,15.338389,1.0238093,-0.022005915641784668,3.9164257
USA_05593575,5,15.362019,1.0216639,-0.023616909980773926,3.9194412
USA_05593575,6,15.317423,1.0202184,-0.020670056343078613,3.913748
USA_05593575,7,15.32104,1.0257187,-0.020880818367004395,3.91421
USA_05593575,8,15.2998905,1.0260218,-0.019562125205993652,3.9115074
USA_05593575,9,15.291566,1.0273768,-0.01899278163909912,3.910443
USA_05593575,10,15.260305,1.0262086,-0.016892075538635254,3.906444
USA_05593900,1,4.185147,0.4964652,0.3881096839904785,2.0457633
USA_05593900,2,6.259037,0.65124667,0.08815449476242065,2.5018067
USA_05593900,3,6.6668463,0.6873483,0.028830111026763916,2.5820236
USA_05593900,4,6.716678,0.7016755,0.02160334587097168,2.5916555
USA_05593900,5,6.674269,0.70573616,0.027761101722717285,2.5834608
USA_05593900,6,6.669599,0.7079058,0.02842932939529419,2.5825567
USA_05593900,7,6.7145343,0.718095,0.021867096424102783,2.5912418
USA_05593900,8,6.7579536,0.7236983,0.015552341938018799,2.5996065
USA_05593900,9,6.763591,0.7253019,0.014751613140106201,2.6006904
USA_05593900,10,6.7231035,0.7227449,0.02067387104034424,2.5928948
USA_05595730,1,12.745049,0.77528304,0.27065467834472656,3.570021
USA_05595730,2,17.000025,1.018253,0.027248799800872803,4.123109
USA_05595730,3,17.552885,1.0740833,-0.004415631294250488,4.189616
USA_05595730,4,17.663609,1.0863477,-0.010779738426208496,4.20281
USA_05595730,5,17.667997,1.0853502,-0.011065244674682617,4.2033315
USA_05595730,6,17.641712,1.083117,-0.009589195251464844,4.200204
USA_05595730,7,17.690159,1.0852522,-0.012083172798156738,4.205967
USA_05595730,8,17.67938,1.0866367,-0.011759161949157715,4.2046857
USA_05595730,9,17.722498,1.0843596,-0.014229774475097656,4.20981
USA_05595730,10,17.717829,1.0857008,-0.013936758041381836,4.209255
USA_06037500,1,0.0037796712,0.036912996,0.9704869128763676,0.061479032
USA_06037500,2,0.008614751,0.053868786,0.932736299932003,0.09281568
USA_06037500,3,0.013102286,0.06477299,0.8977002575993538,0.114465214
USA_06037500,4,0.01725541,0.07396246,0.8652938902378082,0.13135985
USA_06037500,5,0.020755641,0.08125544,0.8379827439785004,0.14406818
USA_06037500,6,0.023147758,0.08603945,0.8193178474903107,0.15214387
USA_06037500,7,0.024808932,0.08937405,0.8063605725765228,0.1575085
USA_06037500,8,0.026315529,0.09234824,0.7946216762065887,0.16222061
USA_06037500,9,0.028344292,0.09620482,0.7787949591875076,0.16835763
USA_06037500,10,0.030944161,0.10037803,0.7585259228944778,0.17590952
USA_06043500,1,0.0117221335,0.0590411,0.9885214474052191,0.108268805
USA_06043500,2,0.02639981,0.07848524,0.9741462506353855,0.16248019
USA_06043500,3,0.050214164,0.104478166,0.9508195444941521,0.22408517
USA_06043500,4,0.07557149,0.1264142,0.9259781911969185,0.2749027
USA_06043500,5,0.10033107,0.14329956,0.9017130136489868,0.3167508
USA_06043500,6,0.11721847,0.15163103,0.8851568475365639,0.34237182
USA_06043500,7,0.12960114,0.15629911,0.8730131238698959,0.36000156
USA_06043500,8,0.14316754,0.1635052,0.859709158539772,0.37837487
USA_06043500,9,0.15466608,0.16812956,0.8484260886907578,0.3932761
USA_06043500,10,0.16648379,0.17232323,0.8368263989686966,0.40802425
USA_06154410,1,0.48943672,0.11469181,0.6076039671897888,0.69959754
USA_06154410,2,0.73471785,0.14889908,0.41095197200775146,0.8571568
USA_06154410,3,0.86122215,0.17220628,0.30952590703964233,0.92802054
USA_06154410,4,0.9632346,0.18902121,0.2277349829673767,0.98144513
USA_06154410,5,1.0365869,0.20015468,0.16892153024673462,1.0181291
USA_06154410,6,1.0752921,0.20834564,0.13788557052612305,1.0369629
USA_06154410,7,1.0966773,0.21584068,0.12073588371276855,1.0472236
USA_06154410,8,1.1115013,0.22156289,0.10885071754455566,1.0542777
USA_06154410,9,1.1214982,0.22738764,0.10083568096160889,1.0590081
USA_06154410,10,1.1321844,0.23225792,0.09225970506668091,1.0640415
USA_06188000,1,0.10327283,0.12975006,0.9828105606138706,0.32136092
USA_06188000,2,0.33990267,0.20121889,0.9434184916317463,0.58301175
USA_06188000,3,0.5850631,0.2816139,0.9025987535715103,0.7648942
USA_06188000,4,0.7864933,0.33846566,0.8690552413463593,0.8868446
USA_06188000,5,1.0024875,0.3873878,0.8330814838409424,1.001243
USA_06188000,6,1.1613142,0.41806012,0.806622102856636,1.0776429
USA_06188000,7,1.2713648,0.44127315,0.7882781773805618,1.1275481
USA_06188000,8,1.3658209,0.45733166,0.7725204676389694,1.1686834
USA_06188000,9,1.4595679,0.4695202,0.7568821907043457,1.2081258
USA_06188000,10,1.5494472,0.48342794,0.7418814301490784,1.2447679
USA_06191500,1,0.028121607,0.08328227,0.9851967068389058,0.16769499
USA_06191500,2,0.0699722,0.10987819,0.9631608091294765,0.26452258
USA_06191500,3,0.10758934,0.14254077,0.9433475323021412,0.32800815
USA_06191500,4,0.13539338,0.16452852,0.928697869181633,0.3679584
USA_06191500,5,0.16494678,0.18593262,0.9131234660744667,0.4061364
USA_06191500,6,0.18391846,0.19823569,0.9031199663877487,0.42885715
USA_06191500,7,0.19779845,0.20367897,0.8957943320274353,0.44474536
USA_06191500,8,0.2137728,0.20981,0.8873576447367668,0.4623557
USA_06191500,9,0.23000877,0.21064927,0.8787846937775612,0.4795923
USA_06191500,10,0.2492182,0.21698654,0.8686435967683792,0.49921757
USA_06221400,1,0.11683059,0.17111075,0.9681016616523266,0.3418049
USA_06221400,2,0.19221477,0.21893962,0.9475056603550911,0.43842304
USA_06221400,3,0.32011184,0.29790264,0.912555955350399,0.5657843
USA_06221400,4,0.45685765,0.36208096,0.8751734122633934,0.67591244
USA_06221400,5,0.58847916,0.4112022,0.839173212647438,0.76712394
USA_06221400,6,0.6944641,0.44610527,0.8101699501276016,0.8333451
USA_06221400,7,0.77569264,0.4707841,0.7879247069358826,0.88073415
USA_06221400,8,0.8376729,0.4902609,0.7709296345710754,0.9152447
USA_06221400,9,0.8934358,0.505861,0.7556335479021072,0.9452173
USA_06221400,10,0.950284,0.52312034,0.7400346398353577,0.97482514
USA_06224000,1,0.047748968,0.11739905,0.9825762957334518,0.21851537
USA_06224000,2,0.08960977,0.15280175,0.9672999940812588,0.29934892
USA_06224000,3,0.1847991,0.21345757,0.9325633198022842,0.42988268
USA_06224000,4,0.2877732,0.26721996,0.894963376224041,0.53644496
USA_06224000,5,0.38889745,0.31078842,0.858000248670578,0.62361646
USA_06224000,6,0.47856033,0.34251198,0.8251945227384567,0.69178057
USA_06224000,7,0.5428135,0.3622057,0.8016457557678223,0.73675877
USA_06224000,8,0.59311306,0.37907723,0.7831769585609436,0.7701383
USA_06224000,9,0.63140774,0.3918334,0.7690845131874084,0.7946117
USA_06224000,10,0.6581561,0.4009259,0.7592067569494247,0.8112682
USA_06278300,1,0.82377005,0.2537068,0.9132376164197922,0.9076178
USA_06278300,2,1.5846001,0.36908543,0.833096519112587,1.258809
USA_06278300,3,2.3294463,0.4785274,0.7546310722827911,1.5262524
USA_06278300,4,3.190449,0.55488545,0.663922131061554,1.7861828
USA_06278300,5,3.650416,0.6105017,0.615452766418457,1.9106061
USA_06278300,6,3.798475,0.640494,0.5998407006263733,1.9489677
USA_06278300,7,3.8705225,0.65790236,0.5922354459762573,1.9673643
USA_06278300,8,4.1073065,0.68354255,0.5672737658023834,2.026649
USA_06278300,9,4.2574997,0.69487065,0.5514272749423981,2.063371
USA_06278300,10,4.3921328,0.7073637,0.5372249782085419,2.0957415
USA_06280300,1,0.10879908,0.15450689,0.976399639621377,0.32984704
USA_06280300,2,0.28482157,0.224581,0.9382127001881599,0.53368676
USA_06280300,3,0.4394469,0.28796282,0.9046651273965836,0.6629079
USA_06280300,4,0.56119126,0.32886738,0.8782505318522453,0.749127
USA_06280300,5,0.685027,0.36219895,0.851376473903656,0.8276636
USA_06280300,6,0.7717205,0.38621187,0.8325600624084473,0.87847626
USA_06280300,7,0.8145369,0.40014935,0.82326839864254,0.902517
USA_06280300,8,0.84208846,0.40902784,0.8172962218523026,0.9176538
USA_06280300,9,0.8594383,0.4174808,0.8135367929935455,0.92705894
USA_06280300,10,0.8727814,0.42563638,0.8106389194726944,0.9342277
USA_06289000,1,0.016177813,0.053085368,0.9822707064449787,0.12719204
USA_06289000,2,0.02418979,0.06821321,0.9734885133802891,0.15553068
USA_06289000,3,0.03900715,0.084560975,0.9572487026453018,0.19750227
USA_06289000,4,0.06554961,0.100527965,0.9281585216522217,0.2560266
USA_06289000,5,0.10101677,0.11446623,0.8892861530184746,0.31783134
USA_06289000,6,0.1331677,0.12395191,0.8540466129779816,0.3649215
USA_06289000,7,0.16214603,0.13175277,0.822284609079361,0.4026736
USA_06289000,8,0.18581417,0.13930072,0.796342208981514,0.43106169
USA_06289000,9,0.20500153,0.1458299,0.7753104567527771,0.45277095
USA_06289000,10,0.22430187,0.15159206,0.7541524916887283,0.4736052
USA_06291500,1,0.06192627,0.09174327,0.9426053427159786,0.2488499
USA_06291500,2,0.10281001,0.12002607,0.9047094136476517,0.32064
USA_06291500,3,0.14709724,0.14794159,0.8636567145586014,0.38353258
USA_06291500,4,0.18919823,0.17453095,0.8246307373046875,0.43496922
USA_06291500,5,0.23513651,0.19557561,0.7820446342229843,0.48490876
USA_06291500,6,0.27095988,0.2128137,0.7488388121128082,0.5205381
USA_06291500,7,0.3051492,0.22732754,0.7171428203582764,0.5524031
USA_06291500,8,0.34244967,0.23922831,0.6825672686100006,0.58519197
USA_06291500,9,0.37103966,0.24866982,0.6560570895671844,0.60913026
USA_06291500,10,0.40415072,0.2589063,0.6253484785556793,0.6357285
USA_06311000,1,0.0574288,0.09501751,0.9474554136395454,0.23964307
USA_06311000,2,0.114323296,0.13449088,0.895396389067173,0.33811727
USA_06311000,3,0.15785776,0.16185103,0.8555597960948944,0.39731318
USA_06311000,4,0.19503736,0.17602393,0.8215348273515701,0.44163036
USA_06311000,5,0.2385796,0.18940827,0.7816888839006424,0.48844612
USA_06311000,6,0.2790789,0.20091884,0.7446281015872955,0.5282792
USA_06311000,7,0.31177545,0.2124962,0.7147137820720673,0.55836856
USA_06311000,8,0.33728278,0.21969359,0.6913592219352722,0.58076054
USA_06311000,9,0.3573631,0.22388282,0.6729789078235626,0.5977985
USA_06311000,10,0.37554818,0.22994709,0.6563298106193542,0.61281985
USA_06332515,1,0.043054692,0.047070086,0.4570605754852295,0.20749624
USA_06332515,2,0.059813675,0.058919612,0.2457333207130432,0.24456835
USA_06332515,3,0.064684585,0.068004206,0.18430978059768677,0.25433165
USA_06332515,4,0.06424705,0.07258921,0.18982714414596558,0.25347
USA_06332515,5,0.06731899,0.07630039,0.15108907222747803,0.25945905
USA_06332515,6,0.07207233,0.077931404,0.09114837646484375,0.2684629
USA_06332515,7,0.073187426,0.08036602,0.07708656787872314,0.27053174
USA_06332515,8,0.07445115,0.082302235,0.06115061044692993,0.27285737
USA_06332515,9,0.074990064,0.082995705,0.054354846477508545,0.27384314
USA_06332515,10,0.07550556,0.08298218,0.04785436391830444,0.27478275
USA_06339100,1,0.037736595,0.04508569,0.6322289705276489,0.19425909
USA_06339100,2,0.08240107,0.065047555,0.1969224214553833,0.28705585
USA_06339100,3,0.09214093,0.07355685,0.1019778847694397,0.30354723
USA_06339100,4,0.09301042,0.077255435,0.09348297119140625,0.3049761
USA_06339100,5,0.096074,0.08138852,0.06360280513763428,0.30995807
USA_06339100,6,0.09814867,0.0845177,0.04336017370223999,0.31328687
USA_06339100,7,0.09932273,0.08617906,0.03189462423324585,0.3151551
USA_06339100,8,0.09962417,0.08696801,0.028944432735443115,0.31563297
USA_06339100,9,0.09856363,0.08649889,0.039269983768463135,0.31394845
USA_06339100,10,0.09854605,0.087286085,0.039429545402526855,0.31392044
USA_06339500,1,0.043943327,0.043219134,0.6285503208637238,0.20962663
USA_06339500,2,0.07543282,0.06173476,0.36234307289123535,0.27465037
USA_06339500,3,0.09579395,0.07382205,0.1901874542236328,0.30950597
USA_06339500,4,0.104735024,0.08246699,0.1145622730255127,0.32362792
USA_06339500,5,0.10848298,0.0884744,0.0828351378440857,0.32936755
USA_06339500,6,0.1115585,0.09206875,0.05679595470428467,0.33400375
USA_06339500,7,0.11426404,0.094790295,0.03388291597366333,0.33802965
USA_06339500,8,0.11594074,0.09742952,0.019667327404022217,0.3405007
USA_06339500,9,0.11715332,0.098960534,0.00937509536743164,0.34227666
USA_06339500,10,0.11804511,0.09948289,0.0017948150634765625,0.34357694
USA_06344600,1,0.18289183,0.06627223,0.3774901032447815,0.42765856
USA_06344600,2,0.26966032,0.08996278,0.08215105533599854,0.5192883
USA_06344600,3,0.2869606,0.09955098,0.023256361484527588,0.535687
USA_06344600,4,0.28950545,0.10632373,0.014577805995941162,0.5380571
USA_06344600,5,0.2927018,0.11056686,0.00367891788482666,0.54101926
USA_06344600,6,0.29393786,0.11306001,-0.0005480051040649414,0.5421604
USA_06344600,7,0.29484355,0.11533369,-0.0036504268646240234,0.542995
USA_06344600,8,0.29546443,0.11625549,-0.005779266357421875,0.5435664
USA_06344600,9,0.29564,0.11625608,-0.006386518478393555,0.5437279
USA_06344600,10,0.29365253,0.11622246,0.0003737807273864746,0.5418972
USA_06350000,1,0.016791746,0.029503891,0.7376547753810883,0.12958297
USA_06350000,2,0.040028755,0.042383846,0.37461215257644653,0.20007187
USA_06350000,3,0.05110944,0.05062642,0.20148158073425293,0.22607397
USA_06350000,4,0.05391517,0.0551859,0.15763318538665771,0.2321964
USA_06350000,5,0.05538558,0.058256593,0.13465958833694458,0.23534141
USA_06350000,6,0.05728873,0.060548827,0.10492479801177979,0.23935065
USA_06350000,7,0.058679484,0.062985964,0.08319586515426636,0.24223849
USA_06350000,8,0.059635468,0.06466045,0.068259596824646,0.24420375
USA_06350000,9,0.060880132,0.06580559,0.0488131046295166,0.246739
USA_06350000,10,0.061888054,0.06654237,0.03306537866592407,0.2487731
USA_06352000,1,0.012571883,0.029613543,0.846478745341301,0.11212441
USA_06352000,2,0.037225243,0.04367252,0.545418918132782,0.19293845
USA_06352000,3,0.05377654,0.05372202,0.3432919979095459,0.2318977
USA_06352000,4,0.06175273,0.061405055,0.24587863683700562,0.24850096
USA_06352000,5,0.066129364,0.066604376,0.19242095947265625,0.2571563
USA_06352000,6,0.0691086,0.07034346,0.15602725744247437,0.26288515
USA_06352000,7,0.07105103,0.0730874,0.13229453563690186,0.266554
USA_06352000,8,0.07227672,0.07558721,0.11731451749801636,0.2688433
USA_06352000,9,0.07349526,0.077871524,0.10242116451263428,0.2711001
USA_06352000,10,0.074617945,0.078843966,0.08869832754135132,0.27316284
USA_06353000,1,0.0030742728,0.019470243,0.8463797718286514,0.055446126
USA_06353000,2,0.004810765,0.024506768,0.7595880478620529,0.069359675
USA_06353000,3,0.0072251917,0.030408995,0.6389002203941345,0.085001126
USA_06353000,4,0.009418093,0.035645314,0.5292647182941437,0.09704686
USA_06353000,5,0.011115955,0.04010208,0.4443560838699341,0.10543223
USA_06353000,6,0.011970329,0.043469105,0.4015997052192688,0.109409
USA_06353000,7,0.012696214,0.045973234,0.3652598261833191,0.11267748
USA_06353000,8,0.013407183,0.047803506,0.32965975999832153,0.11578939
USA_06353000,9,0.014194289,0.049695928,0.2902466654777527,0.11913979
USA_06353000,10,0.014823083,0.051581576,0.2587437033653259,0.12175009
USA_06354000,1,0.0038269854,0.021756558,0.8742871880531311,0.061862633
USA_06354000,2,0.008298312,0.029475734,0.7274000346660614,0.091095075
USA_06354000,3,0.012798253,0.036181685,0.5795638263225555,0.11312936
USA_06354000,4,0.015982412,0.042138055,0.4749447703361511,0.12642157
USA_06354000,5,0.018268988,0.04646578,0.39980775117874146,0.13516282
USA_06354000,6,0.019732976,0.049939323,0.3516913056373596,0.14047411
USA_06354000,7,0.021068802,0.053255323,0.3077828884124756,0.14515096
USA_06354000,8,0.02256732,0.055755123,0.2585263252258301,0.15022424
USA_06354000,9,0.023628378,0.05759499,0.22364020347595215,0.15371525
USA_06354000,10,0.024486268,0.059303846,0.19542783498764038,0.1564809
USA_06360500,1,0.021703599,0.0325074,0.7341675758361816,0.14732142
USA_06360500,2,0.04213023,0.04441428,0.483975887298584,0.2052565
USA_06360500,3,0.055719875,0.052037433,0.3175256848335266,0.23605058
USA_06360500,4,0.06335779,0.05795711,0.22396326065063477,0.25170973
USA_06360500,5,0.0680733,0.06251653,0.16618388891220093,0.2609086
USA_06360500,6,0.07065856,0.066388875,0.13449543714523315,0.26581678
USA_06360500,7,0.07212454,0.068641484,0.1165156364440918,0.2685601
USA_06360500,8,0.072908595,0.07027927,0.1068885326385498,0.27001593
USA_06360500,9,0.074031815,0.07213306,0.09311658143997192,0.27208787
USA_06360500,10,0.07545595,0.073369585,0.07565796375274658,0.27469248
USA_06404000,1,0.05078789,0.028576812,0.47027236223220825,0.22536169
USA_06404000,2,0.060148917,0.036000397,0.3726317286491394,0.24525276
USA_06404000,3,0.06538019,0.041746642,0.3180643916130066,0.25569552
USA_06404000,4,0.070512824,0.047477737,0.2644972801208496,0.2655425
USA_06404000,5,0.07407709,0.052472103,0.22728180885314941,0.27217108
USA_06404000,6,0.07675966,0.056740385,0.19925826787948608,0.27705532
USA_06404000,7,0.07795341,0.060187478,0.18675297498703003,0.2792014
USA_06404000,8,0.08048626,0.06295504,0.16027897596359253,0.283701
USA_06404000,9,0.08299299,0.06538237,0.13440394401550293,0.28808504
USA_06404000,10,0.086534455,0.0688187,0.11789929866790771,0.2941674
USA_06406000,1,0.0028232664,0.011040911,0.5616494715213776,0.05313442
USA_06406000,2,0.0041446425,0.013354778,0.3564305901527405,0.064378895
USA_06406000,3,0.0046107145,0.015647823,0.28406018018722534,0.067902245
USA_06406000,4,0.0049467855,0.01782361,0.23187589645385742,0.07033339
USA_06406000,5,0.0052732304,0.019558223,0.18111366033554077,0.07261701
USA_06406000,6,0.005489711,0.020772733,0.1474204659461975,0.07409258
USA_06406000,7,0.005545294,0.021621635,0.1387881636619568,0.07446673
USA_06406000,8,0.0056752004,0.022618225,0.11861300468444824,0.07533392
USA_06406000,9,0.0058584916,0.023523698,0.09055131673812866,0.07654078
USA_06406000,10,0.0060050553,0.024462547,0.07339811325073242,0.07749229
USA_06408700,1,0.0020249032,0.033485387,0.8406458795070648,0.044998925
USA_06408700,2,0.0026820041,0.03904161,0.7882721126079559,0.05178807
USA_06408700,3,0.0031160486,0.04239245,0.7532253563404083,0.05582158
USA_06408700,4,0.003508961,0.0458108,0.7212564051151276,0.059236486
USA_06408700,5,0.003997717,0.05020388,0.6814781129360199,0.063227504
USA_06408700,6,0.0045183185,0.05364755,0.6389484107494354,0.06721844
USA_06408700,7,0.004899492,0.055468086,0.6073852181434631,0.06999637
USA_06408700,8,0.005461104,0.058737043,0.5611379444599152,0.073899284
USA_06408700,9,0.006150041,0.06265489,0.5040252506732941,0.078422196
USA_06408700,10,0.0068792435,0.06751057,0.44379353523254395,0.082941204
USA_06409000,1,0.0005355861,0.013515212,0.7551571726799011,0.023142733
USA_06409000,2,0.0007404499,0.016976368,0.661398857831955,0.027211208
USA_06409000,3,0.00085698516,0.01833699,0.6079865396022797,0.029274309
USA_06409000,4,0.0009253138,0.019092202,0.5766834616661072,0.030418972
USA_06409000,5,0.0009939452,0.019937856,0.5451441407203674,0.031526897
USA_06409000,6,0.0010471301,0.02089717,0.5206440687179565,0.032359388
USA_06409000,7,0.0010841632,0.021260036,0.5035360157489777,0.032926634
USA_06409000,8,0.0011413618,0.021690262,0.4772714376449585,0.033784047
USA_06409000,9,0.0011913565,0.021972938,0.45420366525650024,0.034516033
USA_06409000,10,0.0011795189,0.021768633,0.4594436287879944,0.034344126
USA_06431500,1,0.046235997,0.04375679,0.6982115209102631,0.21502557
USA_06431500,2,0.08074008,0.057886884,0.4729957580566406,0.28414798
USA_06431500,3,0.09379203,0.06706852,0.38780003786087036,0.30625483
USA_06431500,4,0.101829,0.07417142,0.33533960580825806,0.31910658
USA_06431500,5,0.106865376,0.0797748,0.3024621605873108,0.3269027
USA_06431500,6,0.1094032,0.08405179,0.28589242696762085,0.33076155
USA_06431500,7,0.10958932,0.08660768,0.28467273712158203,0.3310428
USA_06431500,8,0.110288434,0.08963792,0.2801024913787842,0.33209702
USA_06431500,9,0.110493414,0.09257467,0.27878642082214355,0.3324055
USA_06431500,10,0.110891595,0.095046714,0.2761886715888977,0.3330039
USA_06440200,1,0.050449703,0.04222474,0.4475240707397461,0.22461012
USA_06440200,2,0.06711743,0.049453046,0.2649953365325928,0.2590703
USA_06440200,3,0.07278321,0.0524293,0.20294928550720215,0.26978365
USA_06440200,4,0.0811334,0.055947956,0.11150610446929932,0.28483927
USA_06440200,5,0.08542252,0.05846943,0.06453585624694824,0.29227132
USA_06440200,6,0.08741505,0.060661376,0.04271584749221802,0.29566035
USA_06440200,7,0.08922734,0.06258003,0.0228692889213562,0.29870945
USA_06440200,8,0.091000676,0.063508935,0.003449380397796631,0.3016632
USA_06440200,9,0.091930315,0.06399555,-0.0067310333251953125,0.30320013
USA_06440200,10,0.09232939,0.064441286,-0.011101126670837402,0.3038575
USA_06441500,1,0.0031604124,0.017772857,0.6547320783138275,0.056217544
USA_06441500,2,0.0063564903,0.02126526,0.3055678606033325,0.0797276
USA_06441500,3,0.0073584174,0.024123486,0.19610947370529175,0.08578122
USA_06441500,4,0.007768471,0.027061645,0.15131205320358276,0.08813893
USA_06441500,5,0.008243929,0.02870218,0.09936928749084473,0.09079608
USA_06441500,6,0.008674036,0.030340102,0.052381157875061035,0.0931345
USA_06441500,7,0.008858697,0.0314646,0.032207369804382324,0.09412065
USA_06441500,8,0.008987917,0.032522228,0.01809030771255493,0.09480462
USA_06441500,9,0.008987676,0.03297513,0.018116533756256104,0.094803356
USA_06441500,10,0.008851203,0.033039816,0.033025920391082764,0.094080836
USA_06447000,1,0.008840751,0.027493358,0.6271219849586487,0.09402527
USA_06447000,2,0.01608143,0.03790539,0.32173049449920654,0.12681258
USA_06447000,3,0.01830538,0.042207886,0.22793048620224,0.13529737
USA_06447000,4,0.019480018,0.045147765,0.17838764190673828,0.13957083
USA_06447000,5,0.020808026,0.047374643,0.1223759651184082,0.14424987
USA_06447000,6,0.021580646,0.04858926,0.08978903293609619,0.14690353
USA_06447000,7,0.022108125,0.05002992,0.06754153966903687,0.148688
USA_06447000,8,0.022755908,0.050883748,0.04025125503540039,0.15085061
USA_06447000,9,0.023059947,0.05147769,0.027428269386291504,0.15185502
USA_06447000,10,0.023310564,0.052416883,0.018117070198059082,0.15267798
USA_06447500,1,0.0003363497,0.010166643,0.8872090429067612,0.018339839
USA_06447500,2,0.00068792555,0.013343808,0.7693456709384918,0.026228335
USA_06447500,3,0.0009941116,0.016025767,0.6667329370975494,0.031529535
USA_06447500,4,0.001233129,0.017954176,0.5866644084453583,0.035115935
USA_06447500,5,0.001411263,0.019470504,0.5270237028598785,0.03756678
USA_06447500,6,0.0015395293,0.020579841,0.48411065340042114,0.039236836
USA_06447500,7,0.0016041816,0.021385146,0.4625236392021179,0.040052235
USA_06447500,8,0.0016533518,0.02246069,0.4461294412612915,0.040661428
USA_06447500,9,0.0017259435,0.023264185,0.421941339969635,0.041544475
USA_06447500,10,0.001796753,0.023792183,0.39826273918151855,0.042388123
USA_06450500,1,0.00082489447,0.0134275155,0.739599734544754,0.028720977
USA_06450500,2,0.0013230605,0.016544532,0.5823722183704376,0.0363739
USA_06450500,3,0.0014729492,0.018144578,0.5350951254367828,0.03837902
USA_06450500,4,0.0015045675,0.019499887,0.5251232385635376,0.038788754
USA_06450500,5,0.0016417226,0.020660222,0.4818820357322693,0.040518176
USA_06450500,6,0.0017233295,0.021329682,0.4561690092086792,0.041513003
USA_06450500,7,0.0017574001,0.022139749,0.4454687237739563,0.041921355
USA_06450500,8,0.001876522,0.022690734,0.4079093337059021,0.04331884
USA_06450500,9,0.0018854374,0.02330136,0.40512460470199585,0.043421622
USA_06450500,10,0.0019006511,0.023830932,0.4003526568412781,0.043596458
USA_06452000,1,0.0034903558,0.021400329,0.5441053807735443,0.059079234
USA_06452000,2,0.0041038482,0.024560504,0.46394282579421997,0.064061284
USA_06452000,3,0.00375769,0.026215674,0.5091387629508972,0.061300002
USA_06452000,4,0.0046179723,0.028566815,0.39676135778427124,0.067955665
USA_06452000,5,0.005344114,0.0307916,0.30186033248901367,0.07310344
USA_06452000,6,0.0056290925,0.032171506,0.26458287239074707,0.07502728
USA_06452000,7,0.005975166,0.03359044,0.2193179726600647,0.0772992
USA_06452000,8,0.006313458,0.035226595,0.1750638484954834,0.079457276
USA_06452000,9,0.0065396326,0.03621835,0.14551115036010742,0.080868
USA_06452000,10,0.0068249567,0.03720095,0.10817044973373413,0.0826133
USA_06453600,1,0.0007131916,0.013650464,0.7291373610496521,0.026705647
USA_06453600,2,0.00076829625,0.015326638,0.7082255482673645,0.027718157
USA_06453600,3,0.000991858,0.018225264,0.6233444511890411,0.031493776
USA_06453600,4,0.0012628768,0.021275276,0.5205155313014984,0.03553698
USA_06453600,5,0.0015194535,0.023721073,0.4232068657875061,0.038980167
USA_06453600,6,0.0016916024,0.025464121,0.35789018869400024,0.041129094
USA_06453600,7,0.0018458728,0.026745673,0.29921913146972656,0.042963624
USA_06453600,8,0.0019897742,0.02794699,0.24446463584899902,0.044606883
USA_06453600,9,0.0021330805,0.029103363,0.18968790769577026,0.046185285
USA_06453600,10,0.00227004,0.030422417,0.13727140426635742,0.04764494
USA_06464500,1,0.00032241535,0.00916925,0.866917684674263,0.017955927
USA_06464500,2,0.0005726023,0.011401707,0.7637090384960175,0.02392911
USA_06464500,3,0.0008350943,0.014028254,0.6554461121559143,0.028897999
USA_06464500,4,0.001065858,0.016162338,0.5603079199790955,0.032647483
USA_06464500,5,0.0012429556,0.017868888,0.48733633756637573,0.035255574
USA_06464500,6,0.0013879611,0.01930188,0.4276732802391052,0.03725535
USA_06464500,7,0.0015295547,0.020433776,0.36944693326950073,0.03910952
USA_06464500,8,0.0016556563,0.021440841,0.3175753951072693,0.040689755
USA_06464500,9,0.0017611431,0.022490358,0.27421635389328003,0.041965976
USA_06464500,10,0.0018188956,0.023232004,0.2505403757095337,0.042648513
USA_06468170,1,0.031563412,0.048311558,0.9153347983956337,0.17766094
USA_06468170,2,0.022461908,0.04859702,0.9397500678896904,0.14987297
USA_06468170,3,0.055464353,0.06428453,0.8512308597564697,0.23550871
USA_06468170,4,0.09284094,0.0786358,0.7509839683771133,0.3046981
USA_06468170,5,0.13044553,0.08929819,0.6501306593418121,0.36117244
USA_06468170,6,0.16538146,0.09692853,0.5564399063587189,0.4066712
USA_06468170,7,0.19372037,0.10325902,0.4804428219795227,0.44013676
USA_06468170,8,0.21682337,0.10860082,0.4184908866882324,0.46564296
USA_06468170,9,0.23382299,0.11358114,0.3729097247123718,0.48355246
USA_06468170,10,0.24667868,0.11736204,0.3384436368942261,0.49666756
USA_06468250,1,0.03516393,0.050399285,0.8752092868089676,0.18752049
USA_06468250,2,0.013080618,0.04592298,0.9535806216299534,0.11437053
USA_06468250,3,0.023992795,0.055859245,0.9148591384291649,0.15489608
USA_06468250,4,0.044348825,0.068546996,0.8426287174224854,0.2105916
USA_06468250,5,0.06798063,0.07865921,0.7587792277336121,0.26073095
USA_06468250,6,0.09027723,0.08589034,0.6796727180480957,0.3004617
USA_06468250,7,0.10995046,0.091770746,0.6098793745040894,0.3315878
USA_06468250,8,0.12731004,0.097046204,0.5482994019985199,0.35680532
USA_06468250,9,0.14171317,0.10163276,0.49720752239227295,0.3764481
USA_06468250,10,0.15363275,0.10550739,0.4549294114112854,0.39196014
USA_06470800,1,0.02380434,0.04376639,0.7650299221277237,0.15428655
USA_06470800,2,0.053446982,0.059864666,0.47244203090667725,0.23118603
USA_06470800,3,0.074472636,0.07455328,0.2649204134941101,0.27289674
USA_06470800,4,0.087439835,0.086311,0.13694679737091064,0.29570228
USA_06470800,5,0.092431225,0.09338972,0.08770018815994263,0.30402505
USA_06470800,6,0.0933069,0.097043544,0.07907706499099731,0.3054618
USA_06470800,7,0.09302735,0.100442074,0.08185595273971558,0.30500385
USA_06470800,8,0.09184253,0.10305128,0.09356909990310669,0.30305532
USA_06470800,9,0.08928345,0.10517251,0.11884468793869019,0.29880336
USA_06470800,10,0.086000524,0.10648552,0.1512628197669983,0.29325846
USA_06477500,1,0.0010259897,0.014364702,0.6370639801025391,0.032031074
USA_06477500,2,0.0017140708,0.016968776,0.39366042613983154,0.041401338
USA_06477500,3,0.00227032,0.019815097,0.19689154624938965,0.047647875
USA_06477500,4,0.0027185702,0.023064192,0.038326382637023926,0.052139908
USA_06477500,5,0.0030323633,0.025553055,-0.07267558574676514,0.0550669
USA_06477500,6,0.003271735,0.027712172,-0.15735149383544922,0.057199083
USA_06477500,7,0.0034648897,0.029513745,-0.2256784439086914,0.058863312
USA_06477500,8,0.0035787881,0.030732607,-0.2659691572189331,0.059822973
USA_06477500,9,0.003629358,0.031511396,-0.2838578224182129,0.060244154
USA_06477500,10,0.0036500394,0.03208213,-0.29117369651794434,0.060415555
USA_06479215,1,0.012739475,0.03969146,0.8305143564939499,0.112869285
USA_06479215,2,0.022738172,0.051925015,0.6974839270114899,0.15079181
USA_06479215,3,0.03292207,0.06417496,0.5619824230670929,0.1814444
USA_06479215,4,0.04075793,0.07409606,0.4577288031578064,0.20188594
USA_06479215,5,0.046212964,0.08142373,0.3851512670516968,0.214972
USA_06479215,6,0.05030949,0.08770271,0.3306483030319214,0.22429778
USA_06479215,7,0.053424824,0.09247549,0.2891997694969177,0.23113811
USA_06479215,8,0.055559043,0.09662946,0.2608047127723694,0.23570965
USA_06479215,9,0.057039283,0.09970843,0.24111050367355347,0.23882899
USA_06479215,10,0.057832308,0.10162817,0.2305595874786377,0.2404835
USA_06479438,1,0.039606184,0.04949044,0.7284803092479706,0.19901302
USA_06479438,2,0.063506156,0.06448179,0.5646516382694244,0.25200427
USA_06479438,3,0.08535875,0.07822485,0.4148707389831543,0.29216218
USA_06479438,4,0.100421086,0.09017468,0.31164658069610596,0.31689286
USA_06479438,5,0.11028098,0.09905388,0.2440813183784485,0.33208582
USA_06479438,6,0.11554766,0.10547119,0.2080029845237732,0.33992302
USA_06479438,7,0.11980231,0.110171944,0.17887622117996216,0.3461247
USA_06479438,8,0.1221485,0.11333061,0.1628420352935791,0.3494975
USA_06479438,9,0.12328274,0.115972176,0.15512430667877197,0.35111642
USA_06479438,10,0.12355189,0.11701725,0.15333586931228638,0.3514995
USA_06601000,1,0.43967643,0.087257534,0.0909624695777893,0.663081
USA_06601000,2,0.45105177,0.09367229,0.06744384765625,0.67160386
USA_06601000,3,0.46007535,0.09943465,0.04878741502761841,0.6782885
USA_06601000,4,0.45690453,0.10284322,0.055342912673950195,0.6759471
USA_06601000,5,0.44829276,0.1031801,0.07314789295196533,0.66954666
USA_06601000,6,0.45952162,0.10574495,0.049932003021240234,0.6778802
USA_06601000,7,0.4598812,0.10674988,0.04918879270553589,0.6781454
USA_06601000,8,0.45973217,0.10982585,0.04949706792831421,0.6780355
USA_06601000,9,0.4633924,0.11239505,0.041930437088012695,0.6807293
USA_06601000,10,0.46372968,0.113635875,0.04123407602310181,0.680977
USA_06614800,1,0.18588485,0.19747372,0.9754822496324778,0.43114364
USA_06614800,2,0.39618072,0.2700468,0.9477420449256897,0.62942886
USA_06614800,3,0.5602275,0.3270283,0.92610003054142,0.7484835
USA_06614800,4,0.65894115,0.3675483,0.9130748212337494,0.8117519
USA_06614800,5,0.7790308,0.3971546,0.8972285017371178,0.8826272
USA_06614800,6,0.9442085,0.43652594,0.8754329010844231,0.97170395
USA_06614800,7,1.1291609,0.46665272,0.8510266095399857,1.0626198
USA_06614800,8,1.3196064,0.49248037,0.8258936107158661,1.1487412
USA_06614800,9,1.4295548,0.50812435,0.8113796710968018,1.19564
USA_06614800,10,1.4660281,0.5193658,0.8065595030784607,1.2107965
USA_06622700,1,0.21869788,0.15355475,0.9626933261752129,0.46765146
USA_06622700,2,0.48398423,0.21579175,0.917439728975296,0.69568974
USA_06622700,3,0.731559,0.28780487,0.875202015042305,0.8553122
USA_06622700,4,0.91392386,0.32704037,0.8440920561552048,0.95599365
USA_06622700,5,0.92262185,0.34940535,0.8426102250814438,0.96053207
USA_06622700,6,0.99961525,0.36101237,0.8294794261455536,0.9998076
USA_06622700,7,1.0953968,0.37888014,0.813143864274025,1.046612
USA_06622700,8,1.1498129,0.38696402,0.8038603663444519,1.0722933
USA_06622700,9,1.2111768,0.39098114,0.7933748960494995,1.1005348
USA_06622700,10,1.2644659,0.38994917,0.7842698246240616,1.1244848
USA_06623800,1,0.14858368,0.14611636,0.9801600780338049,0.38546553
USA_06623800,2,0.31538776,0.19530185,0.9578867331147194,0.56159395
USA_06623800,3,0.46352154,0.2411381,0.9381033256649971,0.68082416
USA_06623800,4,0.55301595,0.2696699,0.9261514097452164,0.74365044
USA_06623800,5,0.615365,0.29265678,0.9178252294659615,0.7844521
USA_06623800,6,0.66304046,0.31133127,0.9114591851830482,0.81427294
USA_06623800,7,0.7402594,0.32774335,0.9011475592851639,0.8603833
USA_06623800,8,0.79792655,0.3360711,0.8934452086687088,0.89326733
USA_06623800,9,0.8512204,0.34666896,0.8863221406936646,0.92261606
USA_06623800,10,0.9084141,0.35370776,0.8786785006523132,0.9531076
USA_06632400,1,0.19649783,0.13603656,0.9703176096081734,0.44328076
USA_06632400,2,0.42892307,0.19598362,0.9352050125598907,0.6549222
USA_06632400,3,0.5852595,0.24755113,0.9115833640098572,0.7650226
USA_06632400,4,0.6598456,0.27617756,0.9003121554851532,0.8123088
USA_06632400,5,0.7350505,0.30075547,0.8889471814036369,0.8573509
USA_06632400,6,0.88778365,0.32769048,0.8658687621355057,0.9422227
USA_06632400,7,1.1015964,0.35364223,0.8335612565279007,1.0495696
USA_06632400,8,1.2308929,0.36707073,0.8140210062265396,1.1094562
USA_06632400,9,1.2992901,0.37575495,0.8036687672138214,1.1398641
USA_06632400,10,1.3949531,0.3905981,0.7891977876424789,1.1810813
USA_06746095,1,0.99508935,0.43484077,0.9714942779392004,0.99754167
USA_06746095,2,1.9755845,0.58127433,0.9433953501284122,1.4055549
USA_06746095,3,2.7427359,0.70003885,0.9213997051119804,1.6561208
USA_06746095,4,3.3798532,0.80136865,0.9031238928437233,1.8384377
USA_06746095,5,4.097665,0.88414526,0.8825266063213348,2.0242689
USA_06746095,6,4.9097185,0.96211684,0.8592189699411392,2.2157884
USA_06746095,7,5.793153,1.0131406,0.8338557630777359,2.4068968
USA_06746095,8,6.740475,1.065255,0.8066501468420029,2.5962424
USA_06746095,9,7.475747,1.1043693,0.7855168282985687,2.7341812
USA_06746095,10,7.8631544,1.1164385,0.7743574678897858,2.8041317
USA_06784000,1,0.00079038844,0.012624304,0.7485633492469788,0.028113848
USA_06784000,2,0.0012726182,0.016045803,0.5952142179012299,0.035673775
USA_06784000,3,0.0016162639,0.019223567,0.48608195781707764,0.040202785
USA_06784000,4,0.0017665755,0.021478534,0.43818962574005127,0.04203065
USA_06784000,5,0.0017811708,0.022903224,0.4335480332374573,0.042203918
USA_06784000,6,0.00178499,0.0241545,0.4323853850364685,0.042249143
USA_06784000,7,0.001841291,0.024764892,0.4142008423805237,0.042910267
USA_06784000,8,0.0019172757,0.025487851,0.39000165462493896,0.04378671
USA_06784000,9,0.0019917195,0.026021997,0.3665316700935364,0.044628683
USA_06784000,10,0.002054276,0.026695793,0.34697574377059937,0.04532412
USA_06803510,1,1.367484,0.151378,0.08894896507263184,1.1693947
USA_06803510,2,1.4718288,0.16322936,0.019429326057434082,1.2131895
USA_06803510,3,1.4809076,0.16755581,0.01337742805480957,1.2169255
USA_06803510,4,1.5012429,0.17166965,-0.00017583370208740234,1.2252522
USA_06803510,5,1.5019234,0.17416508,-0.0006290674209594727,1.2255299
USA_06803510,6,1.5056627,0.17724623,-0.0031203031539916992,1.2270545
USA_06803510,7,1.5039997,0.17851405,-0.002012491226196289,1.2263767
USA_06803510,8,1.4992553,0.17902733,0.0011484622955322266,1.2244408
USA_06803510,9,1.5000126,0.17895485,0.0006428360939025879,1.22475
USA_06803510,10,1.4973626,0.17887777,0.002406179904937744,1.2236677
USA_06803530,1,2.3000548,0.18681099,0.13529127836227417,1.5165931
USA_06803530,2,2.5936713,0.21847308,0.024901390075683594,1.6104879
USA_06803530,3,2.6142764,0.22666097,0.01715373992919922,1.6168724
USA_06803530,4,2.6512735,0.23309591,0.003242194652557373,1.6282731
USA_06803530,5,2.6509235,0.23622322,0.0033738017082214355,1.6281657
USA_06803530,6,2.6552672,0.23941426,0.001740872859954834,1.6294991
USA_06803530,7,2.6639152,0.24087216,-0.001515507698059082,1.6321504
USA_06803530,8,2.6620207,0.24151812,-0.0008072853088378906,1.63157
USA_06803530,9,2.6591623,0.24116206,0.00026482343673706055,1.6306938
USA_06803530,10,2.6443317,0.2395981,0.005837976932525635,1.6261401
USA_06814000,1,0.599264,0.1273933,0.3708949685096741,0.77412146
USA_06814000,2,0.83192515,0.1511428,0.12664276361465454,0.9120993
USA_06814000,3,0.90497214,0.1630544,0.049953579902648926,0.95130026
USA_06814000,4,0.94358164,0.16955274,0.00941622257232666,0.9713813
USA_06814000,5,0.9408201,0.17245044,0.01231527328491211,0.96995884
USA_06814000,6,0.9385497,0.17488164,0.014705538749694824,0.9687877
USA_06814000,7,0.9382938,0.1756265,0.014985740184783936,0.96865565
USA_06814000,8,0.93235415,0.17767422,0.021235406398773193,0.9655849
USA_06814000,9,0.93410885,0.18126222,0.01940453052520752,0.96649307
USA_06814000,10,0.94270974,0.1851985,0.010391712188720703,0.9709324
USA_06847900,1,2.2929136e-05,0.002592426,-0.0016627311706542969,0.004788438
USA_06847900,2,2.4733621e-05,0.0027875123,-0.08289980888366699,0.004973291
USA_06847900,3,2.4098481e-05,0.002899684,-0.0574570894241333,0.0049090204
USA_06847900,4,2.372342e-05,0.0030345859,-0.043346285820007324,0.0048706695
USA_06847900,5,2.4614199e-05,0.0031742707,-0.08497750759124756,0.00496127
USA_06847900,6,2.4340057e-05,0.0032164268,-0.07534074783325195,0.0049335645
USA_06847900,7,2.5277184e-05,0.0033790995,-0.11930525302886963,0.005027642
USA_06847900,8,2.6181937e-05,0.0034626184,-0.16204464435577393,0.0051168287
USA_06847900,9,2.6479918e-05,0.0035069417,-0.17799818515777588,0.005145864
USA_06847900,10,2.6916441e-05,0.0035601344,-0.20021307468414307,0.0051881056
USA_06853800,1,0.004968686,0.019385358,0.40815311670303345,0.07048891
USA_06853800,2,0.00766539,0.022462126,0.0867045521736145,0.08755221
USA_06853800,3,0.00789519,0.025121972,0.05919194221496582,0.08885489
USA_06853800,4,0.008093297,0.027301759,0.035447537899017334,0.08996275
USA_06853800,5,0.008104884,0.02829483,0.033819615840911865,0.09002713
USA_06853800,6,0.008287357,0.029254563,0.011924028396606445,0.09103493
USA_06853800,7,0.008234625,0.030224837,0.017957627773284912,0.09074483
USA_06853800,8,0.0081995465,0.030788947,0.021996915340423584,0.09055135
USA_06853800,9,0.008231883,0.031676225,0.017883896827697754,0.09072973
USA_06853800,10,0.008399922,0.032656986,-0.0023142099380493164,0.09165109
USA_06876700,1,0.0038044194,0.020035045,0.519786536693573,0.061679974
USA_06876700,2,0.00658737,0.023823347,0.16848397254943848,0.08116262
USA_06876700,3,0.0072074495,0.028180053,0.09022462368011475,0.0848967
USA_06876700,4,0.0075251716,0.03126698,0.0501323938369751,0.08674775
USA_06876700,5,0.0077428115,0.033570707,0.022673845291137695,0.08799325
USA_06876700,6,0.0080906395,0.03523434,-0.021216630935668945,0.08994798
USA_06876700,7,0.0082459105,0.036518265,-0.0408017635345459,0.090807
USA_06876700,8,0.00837718,0.03739368,-0.057357192039489746,0.09152694
USA_06876700,9,0.008519755,0.038748406,-0.07533895969390869,0.092302516
USA_06876700,10,0.008557941,0.039860357,-0.08008897304534912,0.092509136
USA_06878000,1,0.45212984,0.09648785,0.3512788414955139,0.672406
USA_06878000,2,0.6544499,0.12019496,0.06100332736968994,0.80898076
USA_06878000,3,0.670394,0.12791337,0.0381397008895874,0.8187759
USA_06878000,4,0.65671563,0.13186222,0.057777464389801025,0.8103799
USA_06878000,5,0.6709547,0.13373747,0.03736066818237305,0.81911826
USA_06878000,6,0.6885297,0.13557895,0.01216202974319458,0.8297769
USA_06878000,7,0.69501334,0.13850725,0.0028783679008483887,0.8336746
USA_06878000,8,0.6968734,0.14072926,0.0002281665802001953,0.83478945
USA_06878000,9,0.6947454,0.14283817,0.003299713134765625,0.8335139
USA_06878000,10,0.69633186,0.14392687,0.001042187213897705,0.834465
USA_06879650,1,0.52156925,0.08816118,0.21065831184387207,0.72219753
USA_06879650,2,0.57130826,0.09568842,0.13540542125701904,0.75584936
USA_06879650,3,0.5835022,0.107296005,0.11697548627853394,0.76387316
USA_06879650,4,0.59637743,0.115311004,0.0975082516670227,0.77225477
USA_06879650,5,0.6073453,0.12190229,0.08090823888778687,0.7793236
USA_06879650,6,0.61882997,0.12763447,0.06354415416717529,0.78665745
USA_06879650,7,0.6246952,0.13279,0.0546841025352478,0.7903766
USA_06879650,8,0.62942016,0.1389281,0.04755687713623047,0.79336005
USA_06879650,9,0.63581383,0.14647669,0.037899672985076904,0.7973794
USA_06879650,10,0.63665044,0.1526724,0.03665655851364136,0.7979038
USA_06885500,1,0.62023294,0.12927479,0.41603386402130127,0.78754866
USA_06885500,2,0.92797536,0.16280887,0.1262989640235901,0.9633148
USA_06885500,3,1.0129504,0.17649615,0.04629814624786377,1.0064543
USA_06885500,4,1.0406978,0.1860608,0.02018284797668457,1.020146
USA_06885500,5,1.0457033,0.1893537,0.015484511852264404,1.0225964
USA_06885500,6,1.0417916,0.1909395,0.019185006618499756,1.0206819
USA_06885500,7,1.0398738,0.19082892,0.021010756492614746,1.019742
USA_06885500,8,1.0401213,0.19297089,0.020798146724700928,1.0198634
USA_06885500,9,1.0429097,0.19721146,0.018195271492004395,1.0212295
USA_06885500,10,1.041187,0.19973482,0.019839227199554443,1.0203857
USA_06888500,1,0.6872254,0.111223884,0.21807974576950073,0.8289906
USA_06888500,2,0.76863295,0.12914042,0.1254766583442688,0.87671715
USA_06888500,3,0.7813703,0.13766548,0.11100947856903076,0.88395154
USA_06888500,4,0.81240064,0.14565544,0.07573091983795166,0.9013327
USA_06888500,5,0.8071605,0.15270528,0.0817185640335083,0.8984211
USA_06888500,6,0.8344505,0.15756147,0.050698280334472656,0.9134826
USA_06888500,7,0.8379043,0.1628499,0.04679590463638306,0.9153711
USA_06888500,8,0.8382468,0.16694395,0.0464329719543457,0.9155582
USA_06888500,9,0.84509414,0.17164592,0.03867042064666748,0.91929
USA_06888500,10,0.84734213,0.17679182,0.03613996505737305,0.9205119
USA_06889200,1,0.13684705,0.09028194,0.35123318433761597,0.36992845
USA_06889200,2,0.18400986,0.11136289,0.12761670351028442,0.42896372
USA_06889200,3,0.20065188,0.12488639,0.04871326684951782,0.44794184
USA_06889200,4,0.2081653,0.13394637,0.013092219829559326,0.45625135
USA_06889200,5,0.20915385,0.1382859,0.008401036262512207,0.45733342
USA_06889200,6,0.20856893,0.13908434,0.011162161827087402,0.45669347
USA_06889200,7,0.2071375,0.14007615,0.01792675256729126,0.4551236
USA_06889200,8,0.20711812,0.14353682,0.0179937481880188,0.45510232
USA_06889200,9,0.20773615,0.14836153,0.015045404434204102,0.4557808
USA_06889200,10,0.2094929,0.15051256,0.006714463233947754,0.45770395
USA_06889500,1,0.05788116,0.07093215,0.41357511281967163,0.24058504
USA_06889500,2,0.07750797,0.09011179,0.2146998643875122,0.27840254
USA_06889500,3,0.090164624,0.10619989,0.08655780553817749,0.30027425
USA_06889500,4,0.095663846,0.11536946,0.03084874153137207,0.3092957
USA_06889500,5,0.09783275,0.11935246,0.008876919746398926,0.31278226
USA_06889500,6,0.09872319,0.12063009,-0.0001366138458251953,0.31420246
USA_06889500,7,0.0968739,0.12183309,0.018590927124023438,0.31124574
USA_06889500,8,0.09636603,0.12488334,0.0237271785736084,0.3104288
USA_06889500,9,0.099714555,0.12980525,-0.010222673416137695,0.3157761
USA_06889500,10,0.10130484,0.13361105,-0.026361465454101562,0.3182842
USA_06892000,1,0.21489345,0.12861504,0.5724370181560516,0.463566
USA_06892000,2,0.3657839,0.17624289,0.2722184658050537,0.6048007
USA_06892000,3,0.4399989,0.20224726,0.12462455034255981,0.6633241
USA_06892000,4,0.4738363,0.21991415,0.0573192834854126,0.6883577
USA_06892000,5,0.48203152,0.22792235,0.04101395606994629,0.6942849
USA_06892000,6,0.48918012,0.2330333,0.02679210901260376,0.69941413
USA_06892000,7,0.48816407,0.23541962,0.028817296028137207,0.6986874
USA_06892000,8,0.48235145,0.23883,0.0403863787651062,0.6945153
USA_06892000,9,0.48855677,0.2423999,0.028051793575286865,0.69896835
USA_06892000,10,0.49390522,0.24625832,0.01742488145828247,0.7027839
USA_06903400,1,3.9242997,0.41051418,0.48557209968566895,1.9809846
USA_06903400,2,6.202375,0.5567013,0.18694067001342773,2.4904568
USA_06903400,3,7.0522456,0.6351452,0.07553637027740479,2.6556065
USA_06903400,4,7.3189588,0.67250466,0.040595054626464844,2.7053573
USA_06903400,5,7.446592,0.69468826,0.02387136220932007,2.7288444
USA_06903400,6,7.482727,0.7031319,0.019136130809783936,2.7354574
USA_06903400,7,7.4735413,0.70916045,0.020338773727416992,2.7337778
USA_06903400,8,7.4888306,0.71224755,0.01833134889602661,2.7365727
USA_06903400,9,7.504593,0.7116827,0.01626211404800415,2.7394512
USA_06903400,10,7.5399942,0.70926976,0.011618256568908691,2.745905
USA_06906800,1,3.9361234,0.41049415,0.484000563621521,1.9839666
USA_06906800,2,6.6907034,0.5610263,0.12288510799407959,2.5866394
USA_06906800,3,7.2105803,0.63290113,0.05469399690628052,2.6852524
USA_06906800,4,7.373048,0.6615188,0.03335678577423096,2.7153356
USA_06906800,5,7.4232397,0.67396605,0.026751220226287842,2.7245624
USA_06906800,6,7.410597,0.68290794,0.028393089771270752,2.7222412
USA_06906800,7,7.4035144,0.6881381,0.029313743114471436,2.7209399
USA_06906800,8,7.381005,0.69463503,0.0322650671005249,2.7168005
USA_06906800,9,7.366412,0.70155376,0.034183621406555176,2.7141135
USA_06906800,10,7.359019,0.70486814,0.035158514976501465,2.7127512
USA_06910800,1,0.35036105,0.10167895,0.3566907048225403,0.59191304
USA_06910800,2,0.4823953,0.12858154,0.11427146196365356,0.6945468
USA_06910800,3,0.48975456,0.14213406,0.10076987743377686,0.6998247
USA_06910800,4,0.51796156,0.15158425,0.04898571968078613,0.71969545
USA_06910800,5,0.5236948,0.15446773,0.03846549987792969,0.7236676
USA_06910800,6,0.5288682,0.15719059,0.02897721529006958,0.72723323
USA_06910800,7,0.5319319,0.16060635,0.02336519956588745,0.7293366
USA_06910800,8,0.5321889,0.1655531,0.022910773754119873,0.72951275
USA_06910800,9,0.536723,0.17240997,0.014608800411224365,0.7326138
USA_06910800,10,0.5378175,0.17553717,0.012625157833099365,0.7333604
USA_06911900,1,1.2325228,0.15787867,0.18286925554275513,1.1101905
USA_06911900,2,1.3584235,0.18237631,0.09941011667251587,1.1655142
USA_06911900,3,1.3821174,0.1946734,0.0837090015411377,1.1756349
USA_06911900,4,1.453277,0.20548353,0.0365368127822876,1.2055194
USA_06911900,5,1.458271,0.20791747,0.03323245048522949,1.2075889
USA_06911900,6,1.4757376,0.21125454,0.021661341190338135,1.2147994
USA_06911900,7,1.4724338,0.21475443,0.02385944128036499,1.2134389
USA_06911900,8,1.4728217,0.2190495,0.023616313934326172,1.2135986
USA_06911900,9,1.4804171,0.22430465,0.018600106239318848,1.2167239
USA_06911900,10,1.4876478,0.22808103,0.013825654983520508,1.2196916
USA_06917000,1,2.3882816,0.36226043,0.527411699295044,1.5454066
USA_06917000,2,3.8676064,0.50445414,0.23464900255203247,1.9666231
USA_06917000,3,4.4071636,0.56542957,0.12783503532409668,2.0993245
USA_06917000,4,4.707449,0.5909874,0.06836718320846558,2.1696656
USA_06917000,5,4.8124986,0.60420793,0.04753768444061279,2.1937408
USA_06917000,6,4.8679013,0.61477935,0.036537349224090576,2.2063322
USA_06917000,7,4.9032154,0.6256776,0.029519319534301758,2.2143204
USA_06917000,8,4.8960238,0.6329396,0.030945658683776855,2.212696
USA_06917000,9,4.9194193,0.63431895,0.026318073272705078,2.2179763
USA_06917000,10,4.955314,0.6410383,0.019216716289520264,2.2260535
USA_06918460,1,0.9889116,0.20336963,0.5135409832000732,0.9944404
USA_06918460,2,1.3196251,0.2571306,0.3507922291755676,1.1487494
USA_06918460,3,1.455778,0.30507794,0.2837347388267517,1.2065562
USA_06918460,4,1.5308112,0.34436184,0.2467382550239563,1.2372595
USA_06918460,5,1.6148524,0.37597546,0.2053070068359375,1.2707684
USA_06918460,6,1.6745456,0.39927766,0.1758529543876648,1.2940423
USA_06918460,7,1.6985637,0.41551247,0.16396385431289673,1.3032895
USA_06918460,8,1.7183938,0.4312596,0.15415513515472412,1.3108752
USA_06918460,9,1.7351975,0.44587082,0.14584898948669434,1.317269
USA_06918460,10,1.766397,0.45606467,0.1304684281349182,1.3290586
USA_06919500,1,2.1887312,0.32541022,0.5970614552497864,1.4794362
USA_06919500,2,4.052259,0.4701256,0.2540023922920227,2.0130224
USA_06919500,3,4.770969,0.5330931,0.12170237302780151,2.184255
USA_06919500,4,5.011483,0.5675437,0.0774337649345398,2.238634
USA_06919500,5,5.0771637,0.58730614,0.0653529167175293,2.2532563
USA_06919500,6,5.0862103,0.59882087,0.06369948387145996,2.2552629
USA_06919500,7,5.0833783,0.6054718,0.0642361044883728,2.2546349
USA_06919500,8,5.0870194,0.6166296,0.06361943483352661,2.2554421
USA_06919500,9,5.10958,0.6252571,0.05949348211288452,2.260438
USA_06919500,10,5.116649,0.63323885,0.05824542045593262,2.262001
USA_06921070,1,1.3194988,0.2645065,0.5105458498001099,1.1486944
USA_06921070,2,2.0502577,0.3549249,0.2394568920135498,1.4318721
USA_06921070,3,2.2367642,0.41838452,0.17023903131484985,1.4955815
USA_06921070,4,2.3422954,0.4574491,0.13104736804962158,1.530456
USA_06921070,5,2.3888128,0.4817333,0.11374175548553467,1.5455785
USA_06921070,6,2.396463,0.49760547,0.11085832118988037,1.5480514
USA_06921070,7,2.4075525,0.51149035,0.10670745372772217,1.551629
USA_06921070,8,2.4202976,0.5205823,0.1019018292427063,1.5557306
USA_06921070,9,2.4402628,0.5322084,0.09440749883651733,1.562134
USA_06921070,10,2.4406962,0.5407341,0.09423655271530151,1.5622728
USA_06921200,1,3.9836032,0.38792208,0.2813403010368347,1.9958966
USA_06921200,2,4.759874,0.47756585,0.1412755846977234,2.1817136
USA_06921200,3,4.9925256,0.52658355,0.09927761554718018,2.234396
USA_06921200,4,5.098941,0.55452955,0.0800521969795227,2.2580833
USA_06921200,5,5.1093674,0.56947446,0.07814770936965942,2.260391
USA_06921200,6,5.084445,0.58068794,0.08262991905212402,2.2548714
USA_06921200,7,5.0675664,0.58831525,0.08567076921463013,2.2511256
USA_06921200,8,5.088721,0.59566915,0.08187645673751831,2.2558193
USA_06921200,9,5.148998,0.6078261,0.0710291862487793,2.2691402
USA_06921200,10,5.110666,0.6109376,0.07797366380691528,2.2606783
USA_06934000,1,1.4131358,0.25356716,0.6888013184070587,1.1887538
USA_06934000,2,2.8899372,0.3312389,0.36359429359436035,1.6999816
USA_06934000,3,3.5617216,0.37903142,0.2156774401664734,1.8872523
USA_06934000,4,3.9306767,0.41314575,0.13445496559143066,1.9825934
USA_06934000,5,4.1631894,0.43746328,0.08328282833099365,2.0403895
USA_06934000,6,4.2863727,0.45844904,0.05618637800216675,2.0703557
USA_06934000,7,4.349108,0.47500363,0.04240155220031738,2.0854516
USA_06934000,8,4.3906336,0.48908,0.03327709436416626,2.095384
USA_06934000,9,4.420543,0.5016107,0.02669757604598999,2.1025088
USA_06934000,10,4.4465513,0.5082654,0.02087622880935669,2.1086848
USA_07014500,1,0.49216413,0.1661305,0.6210207939147949,0.7015441
USA_07014500,2,0.8745203,0.22549362,0.32662343978881836,0.9351579
USA_07014500,3,1.0193058,0.27286348,0.21517282724380493,1.0096067
USA_07014500,4,1.0566367,0.30520853,0.18646347522735596,1.0279284
USA_07014500,5,1.0744739,0.3263588,0.17277127504348755,1.0365683
USA_07014500,6,1.0795162,0.34160286,0.16893035173416138,1.0389977
USA_07014500,7,1.0801852,0.3524048,0.168459951877594,1.0393195
USA_07014500,8,1.092599,0.36189824,0.15890353918075562,1.0452746
USA_07014500,9,1.1062888,0.3692732,0.14810585975646973,1.0518026
USA_07014500,10,1.1154703,0.37456977,0.14085936546325684,1.0561583
USA_07056000,1,1.0475757,0.28089905,0.7497373223304749,1.0235114
USA_07056000,2,2.6234121,0.4256157,0.3746492266654968,1.6196951
USA_07056000,3,3.2493875,0.52751654,0.2256273627281189,1.8026057
USA_07056000,4,3.4594061,0.5945456,0.17560100555419922,1.8599479
USA_07056000,5,3.5190785,0.63167673,0.1565738320350647,1.8759207
USA_07056000,6,3.5539403,0.65721864,0.1459762454032898,1.8851898
USA_07056000,7,3.5718594,0.67166483,0.140880286693573,1.8899363
USA_07056000,8,3.5781834,0.67972887,0.13907939195632935,1.8916087
USA_07056000,9,3.5922492,0.68430406,0.13563096523284912,1.8953229
USA_07056000,10,3.6043835,0.6846475,0.13275331258773804,1.8985214
USA_07057500,1,0.59273976,0.1620246,0.6677828133106232,0.769896
USA_07057500,2,1.1360388,0.22719572,0.36321842670440674,1.0658512
USA_07057500,3,1.3748584,0.2777688,0.2293238639831543,1.1725435
USA_07057500,4,1.4904675,0.31401423,0.16452044248580933,1.220847
USA_07057500,5,1.5538832,0.33946618,0.12899047136306763,1.2465485
USA_07057500,6,1.5986688,0.36056986,0.10390889644622803,1.2643847
USA_07057500,7,1.6246684,0.37516734,0.08936303853988647,1.2746248
USA_07057500,8,1.6386709,0.3859971,0.08147507905960083,1.2801058
USA_07057500,9,1.6554093,0.39506152,0.07184338569641113,1.2866272
USA_07057500,10,1.6693023,0.40155154,0.06389409303665161,1.2920148
USA_07060710,1,9.270135,0.323619,0.10154670476913452,3.0446897
USA_07060710,2,9.821442,0.41691816,0.04812842607498169,3.133918
USA_07060710,3,10.0409355,0.47838032,0.026889443397521973,3.1687436
USA_07060710,4,10.096781,0.5182507,0.021501660346984863,3.1775432
USA_07060710,5,10.1466055,0.53629416,0.016706228256225586,3.1853738
USA_07060710,6,10.112472,0.5442916,0.02004140615463257,3.1800113
USA_07060710,7,10.134277,0.5482394,0.017934322357177734,3.183438
USA_07060710,8,10.133551,0.54848266,0.018003404140472412,3.1833239
USA_07060710,9,10.12486,0.54773784,0.01883256435394287,3.1819584
USA_07060710,10,10.100394,0.54452044,0.02118438482284546,3.1781118
USA_07066000,1,0.6413756,0.18493985,0.6424057185649872,0.8008593
USA_07066000,2,1.1614178,0.2674596,0.35243886709213257,1.077691
USA_07066000,3,1.3764783,0.33108103,0.23252111673355103,1.1732341
USA_07066000,4,1.4893103,0.37504005,0.16961199045181274,1.220373
USA_07066000,5,1.5395043,0.40687427,0.14163434505462646,1.2407676
USA_07066000,6,1.5802999,0.4295859,0.11890017986297607,1.2570997
USA_07066000,7,1.6005855,0.44452617,0.1075979471206665,1.2651424
USA_07066000,8,1.6180924,0.45551544,0.09763425588607788,1.2720426
USA_07066000,9,1.6271126,0.46474898,0.09215772151947021,1.2755833
USA_07066000,10,1.6381085,0.4720188,0.08581483364105225,1.2798861
USA_07067000,1,0.17916147,0.13785547,0.8129587471485138,0.4232747
USA_07067000,2,0.4611601,0.19418265,0.518568605184555,0.6790877
USA_07067000,3,0.59611565,0.24755892,0.3776940703392029,0.77208525
USA_07067000,4,0.6758702,0.28733328,0.2944544553756714,0.8221132
USA_07067000,5,0.7273974,0.31706616,0.24069744348526,0.85287595
USA_07067000,6,0.75879085,0.33920822,0.2079642415046692,0.871086
USA_07067000,7,0.78249556,0.35559982,0.18324631452560425,0.88458776
USA_07067000,8,0.80388886,0.36851552,0.16092997789382935,0.8965985
USA_07067000,9,0.81662065,0.37800115,0.1474427580833435,0.90367067
USA_07067000,10,0.8256335,0.38474932,0.13787555694580078,0.9086438
USA_07068000,1,0.26961544,0.16813876,0.7511174231767654,0.5192451
USA_07068000,2,0.49996206,0.21054001,0.538451075553894,0.70707995
USA_07068000,3,0.6939266,0.2559641,0.35937756299972534,0.83302253
USA_07068000,4,0.776679,0.29398867,0.28299278020858765,0.88129395
USA_07068000,5,0.83254343,0.3244588,0.23145252466201782,0.91243815
USA_07068000,6,0.8682233,0.34887457,0.19855785369873047,0.931785
USA_07068000,7,0.8875917,0.36793497,0.18072229623794556,0.94212085
USA_07068000,8,0.9076402,0.38294944,0.1622370481491089,0.9527015
USA_07068000,9,0.9224194,0.39277837,0.14847087860107422,0.9604267
USA_07068000,10,0.9291177,0.3985172,0.14191991090774536,0.9639075
USA_07071500,1,0.0692997,0.091802806,0.7659126222133636,0.26324835
USA_07071500,2,0.1413241,0.11979505,0.5222916007041931,0.375931
USA_07071500,3,0.16916479,0.14626642,0.42786240577697754,0.4112965
USA_07071500,4,0.19125864,0.16599211,0.3529099225997925,0.43733126
USA_07071500,5,0.20592825,0.18195276,0.303119421005249,0.45379317
USA_07071500,6,0.2165,0.19489922,0.26720088720321655,0.4652956
USA_07071500,7,0.22421502,0.2068446,0.24094396829605103,0.47351348
USA_07071500,8,0.23265202,0.21749005,0.21200567483901978,0.48234016
USA_07071500,9,0.23979454,0.22554561,0.1873553991317749,0.48968822
USA_07071500,10,0.24236207,0.23039544,0.17823177576065063,0.49230283
USA_07083000,1,0.040742584,0.09391567,0.9818484093993902,0.20184793
USA_07083000,2,0.099945076,0.13610409,0.955462884157896,0.31614092
USA_07083000,3,0.17117567,0.17375083,0.9237054213881493,0.4137338
USA_07083000,4,0.23469348,0.19807103,0.8953740522265434,0.48445174
USA_07083000,5,0.28586063,0.21873406,0.87253837287426,0.5346594
USA_07083000,6,0.32022658,0.23152307,0.8571871668100357,0.56588566
USA_07083000,7,0.34657422,0.24166302,0.8454065918922424,0.58870554
USA_07083000,8,0.36899227,0.25122648,0.8353766947984695,0.6074473
USA_07083000,9,0.38410822,0.2553893,0.8286014795303345,0.6197646
USA_07083000,10,0.40172112,0.2609372,0.8207118958234787,0.63381475
USA_07142300,1,2.58896e-05,0.0034724458,-0.7416212558746338,0.005088182
USA_07142300,2,2.7241607e-05,0.0033600095,-0.8421814441680908,0.005219349
USA_07142300,3,3.1102973e-05,0.0037676778,-1.1144144535064697,0.005577004
USA_07142300,4,3.5292152e-05,0.004189215,-1.4119739532470703,0.00594072
USA_07142300,5,3.8329825e-05,0.0044737114,-1.6336324214935303,0.0061911084
USA_07142300,6,4.2315238e-05,0.0047854893,-1.923189640045166,0.0065050162
USA_07142300,7,4.7435336e-05,0.0051429826,-2.294748544692993,0.0068873316
USA_07142300,8,5.230604e-05,0.005416432,-2.6530086994171143,0.0072322916
USA_07142300,9,5.7850106e-05,0.005743107,-3.062563896179199,0.0076059257
USA_07142300,10,6.3475876e-05,0.00609,-3.482506275177002,0.007967175
USA_07145700,1,0.31019902,0.11616393,0.5237507522106171,0.55695516
USA_07145700,2,0.49860394,0.14224797,0.23450732231140137,0.70611894
USA_07145700,3,0.56249744,0.15823606,0.13643664121627808,0.7499983
USA_07145700,4,0.5624767,0.16116999,0.1364917755126953,0.74998444
USA_07145700,5,0.5851111,0.16767728,0.10176783800125122,0.76492554
USA_07145700,6,0.6109204,0.1723313,0.062171339988708496,0.781614
USA_07145700,7,0.62438035,0.17587887,0.04153472185134888,0.7901774
USA_07145700,8,0.63507944,0.1799032,0.02513355016708374,0.7969187
USA_07145700,9,0.636042,0.1837817,0.02368175983428955,0.7975224
USA_07145700,10,0.6349145,0.18685025,0.025438368320465088,0.7968152
USA_07148400,1,0.0038342418,0.017626977,0.510381668806076,0.061921254
USA_07148400,2,0.0063045654,0.021640046,0.19435691833496094,0.07940129
USA_07148400,3,0.0069314716,0.024191353,0.11377334594726562,0.08325546
USA_07148400,4,0.007013398,0.025917137,0.10295909643173218,0.08374603
USA_07148400,5,0.006953877,0.026795978,0.1102338433265686,0.08338991
USA_07148400,6,0.007077707,0.027509024,0.0940437912940979,0.08412911
USA_07148400,7,0.0070266174,0.028398957,0.10023832321166992,0.08382492
USA_07148400,8,0.007019846,0.028851042,0.10087960958480835,0.08378452
USA_07148400,9,0.0070785605,0.029723413,0.09313040971755981,0.084134184
USA_07148400,10,0.007045206,0.03051603,0.09717446565628052,0.08393572
USA_07149000,1,0.0019405057,0.017118067,0.6715878546237946,0.04405117
USA_07149000,2,0.0036428454,0.020544222,0.3833796977996826,0.060355987
USA_07149000,3,0.004152207,0.024414212,0.2970424294471741,0.06443762
USA_07149000,4,0.004423591,0.027232708,0.2509714365005493,0.06651008
USA_07149000,5,0.0046286085,0.029300358,0.21609944105148315,0.068033874
USA_07149000,6,0.004765303,0.030810125,0.19286644458770752,0.06903117
USA_07149000,7,0.004853576,0.032032706,0.17774951457977295,0.06966761
USA_07149000,8,0.0050336327,0.03316599,0.14707350730895996,0.0709481
USA_07149000,9,0.0051518446,0.03470615,0.12701129913330078,0.07177635
USA_07149000,10,0.0052117878,0.036096852,0.11667478084564209,0.07219271
USA_07151500,1,0.020445598,0.039654303,0.6495246291160583,0.1429881
USA_07151500,2,0.040170167,0.05098393,0.3106728792190552,0.20042497
USA_07151500,3,0.04241145,0.05763921,0.2716832756996155,0.20594041
USA_07151500,4,0.043663993,0.061792765,0.24979352951049805,0.20895931
USA_07151500,5,0.047995355,0.06529327,0.1750621199607849,0.21907842
USA_07151500,6,0.051387038,0.06857756,0.11625003814697266,0.22668709
USA_07151500,7,0.053152412,0.071230605,0.0854787826538086,0.23054807
USA_07151500,8,0.053399626,0.073752485,0.08074748516082764,0.23108359
USA_07151500,9,0.05466165,0.077277586,0.05871129035949707,0.23379831
USA_07151500,10,0.054927632,0.07993535,0.053920745849609375,0.23436645
USA_07167500,1,0.5458734,0.15468611,0.20243608951568604,0.7388325
USA_07167500,2,0.5286427,0.17231593,0.22761839628219604,0.7270782
USA_07167500,3,0.60444504,0.19361867,0.11687237024307251,0.77746063
USA_07167500,4,0.62954366,0.20668976,0.08020460605621338,0.7934379
USA_07167500,5,0.6352501,0.21225245,0.07187288999557495,0.7970258
USA_07167500,6,0.63305247,0.21560222,0.07509386539459229,0.79564595
USA_07167500,7,0.64269215,0.22000277,0.06102550029754639,0.8016808
USA_07167500,8,0.6394499,0.2235064,0.06578391790390015,0.7996561
USA_07167500,9,0.6400826,0.22684017,0.06488454341888428,0.8000516
USA_07167500,10,0.6412976,0.22881517,0.06313735246658325,0.8008106
USA_07180500,1,1.599844,0.20195843,0.23476636409759521,1.2648494
USA_07180500,2,1.8238891,0.21377414,0.12762469053268433,1.3505144
USA_07180500,3,1.8470441,0.21333452,0.11657160520553589,1.35906
USA_07180500,4,1.901161,0.22622593,0.09070926904678345,1.3788259
USA_07180500,5,1.9310619,0.23816879,0.07643377780914307,1.3896265
USA_07180500,6,2.012275,0.24564318,0.03761833906173706,1.4185468
USA_07180500,7,2.024981,0.2515422,0.03156846761703491,1.4230183
USA_07180500,8,2.040877,0.2587286,0.02399343252182007,1.4285927
USA_07180500,9,2.0650284,0.2662787,0.012469708919525146,1.4370207
USA_07180500,10,2.0752532,0.2721066,0.007607519626617432,1.4405739
USA_07184000,1,9.97105,0.5342314,0.4001448154449463,3.157697
USA_07184000,2,14.914351,0.7213406,0.10275650024414062,3.8619103
USA_07184000,3,16.277233,0.7898544,0.02076512575149536,4.0345054
USA_07184000,4,16.615143,0.8218558,0.0004374384880065918,4.0761676
USA_07184000,5,16.661798,0.83239,-0.002368450164794922,4.081887
USA_07184000,6,16.672834,0.84366405,-0.0030313730239868164,4.083238
USA_07184000,7,16.666761,0.84914446,-0.0026661157608032227,4.0824947
USA_07184000,8,16.614351,0.8555674,0.000485837459564209,4.076071
USA_07184000,9,16.554188,0.85927653,0.0041043758392333984,4.0686836
USA_07184000,10,16.534147,0.858261,0.005309164524078369,4.0662203
USA_07195800,1,1.267025,0.16418421,0.23127448558807373,1.125622
USA_07195800,2,1.554068,0.2100349,0.05713963508605957,1.2466227
USA_07195800,3,1.5885578,0.25182873,0.03623753786087036,1.26038
USA_07195800,4,1.6209313,0.28216192,0.016624629497528076,1.273158
USA_07195800,5,1.6313865,0.301076,0.010293781757354736,1.2772574
USA_07195800,6,1.6252097,0.31365973,0.014034509658813477,1.2748371
USA_07195800,7,1.6392746,0.32374847,0.00549161434173584,1.2803416
USA_07195800,8,1.6445115,0.33456358,0.0023040771484375,1.2823851
USA_07195800,9,1.6575211,0.34447375,-0.005597233772277832,1.2874476
USA_07195800,10,1.6525476,0.35205817,-0.0025850534439086914,1.2855145
USA_07196900,1,1.5765992,0.25713646,0.21305185556411743,1.255627
USA_07196900,2,1.7143692,0.3205904,0.14410239458084106,1.3093392
USA_07196900,3,1.7349863,0.35695305,0.13373219966888428,1.3171887
USA_07196900,4,1.7637311,0.3825363,0.11935466527938843,1.3280554
USA_07196900,5,1.7453328,0.39635506,0.1285572648048401,1.3211105
USA_07196900,6,1.7266291,0.4058509,0.13792932033538818,1.3140126
USA_07196900,7,1.7329462,0.41119704,0.1348211169242859,1.3164141
USA_07196900,8,1.7132213,0.41305318,0.14469093084335327,1.3089008
USA_07196900,9,1.6450447,0.40762854,0.14638930559158325,1.282593
USA_07196900,10,1.617709,0.40536106,0.14029693603515625,1.271892
USA_07197000,1,0.22377186,0.13548933,0.6941451728343964,0.4730453
USA_07197000,2,0.40981483,0.19695078,0.4398903250694275,0.64016783
USA_07197000,3,0.5117351,0.24700846,0.3006287217140198,0.7153566
USA_07197000,4,0.55659103,0.28266641,0.23936402797698975,0.7460503
USA_07197000,5,0.5795753,0.30777857,0.2080012559890747,0.7612984
USA_07197000,6,0.5874432,0.3224862,0.19728422164916992,0.76644844
USA_07197000,7,0.59017724,0.3322471,0.19355791807174683,0.76822996
USA_07197000,8,0.597311,0.34090117,0.1824939250946045,0.772859
USA_07197000,9,0.58930683,0.34506047,0.1807565689086914,0.76766324
USA_07197000,10,0.5944846,0.34787136,0.17020267248153687,0.7710283
USA_07208500,1,0.0013493552,0.016492458,0.8981544077396393,0.03673357
USA_07208500,2,0.002462553,0.019323377,0.8141219317913055,0.04962412
USA_07208500,3,0.003747218,0.023658002,0.7171357572078705,0.061214525
USA_07208500,4,0.004716742,0.027404474,0.6439498066902161,0.06867854
USA_07208500,5,0.005514013,0.030395238,0.5837666392326355,0.0742564
USA_07208500,6,0.006255555,0.033382945,0.5278191268444061,0.07909206
USA_07208500,7,0.0068708304,0.035780545,0.4813770055770874,0.08289047
USA_07208500,8,0.0073770043,0.037713554,0.44317007064819336,0.08588949
USA_07208500,9,0.0077570947,0.03961804,0.4144800901412964,0.08807437
USA_07208500,10,0.007976494,0.041583493,0.3979194164276123,0.08931122
USA_07226500,1,0.0053240494,0.007164416,0.14717668294906616,0.072966084
USA_07226500,2,0.006129148,0.007817284,0.018288612365722656,0.078288876
USA_07226500,3,0.006233385,0.008308924,0.001312553882598877,0.07895179
USA_07226500,4,0.006227677,0.008543933,0.0021508336067199707,0.07891563
USA_07226500,5,0.006242324,0.008737104,-0.0001914501190185547,0.07900838
USA_07226500,6,0.006229927,0.00876912,0.0017949342727661133,0.078929886
USA_07226500,7,0.0062212874,0.008841004,0.003179192543029785,0.07887514
USA_07226500,8,0.00621836,0.008882438,0.0036482810974121094,0.07885658
USA_07226500,9,0.006212893,0.008906878,0.00452423095703125,0.078821905
USA_07226500,10,0.006199975,0.008961451,0.006593942642211914,0.07873992
USA_07261000,1,3.5073051,0.34132865,0.5629177689552307,1.8727801
USA_07261000,2,6.140661,0.5295864,0.23150938749313354,2.4780357
USA_07261000,3,6.5482807,0.6401752,0.17916637659072876,2.558961
USA_07261000,4,6.7169194,0.6969312,0.15741968154907227,2.591702
USA_07261000,5,6.8185925,0.7326655,0.1444271206855774,2.6112435
USA_07261000,6,6.8677063,0.755908,0.13820159435272217,2.620631
USA_07261000,7,6.9112787,0.7600085,0.13275128602981567,2.628931
USA_07261000,8,6.853524,0.76099634,0.14006316661834717,2.6179237
USA_07261000,9,6.7696266,0.7586296,0.15067559480667114,2.6018505
USA_07261000,10,6.748895,0.75287277,0.15286505222320557,2.5978637
USA_07263295,1,5.2662935,0.5546993,0.5248653888702393,2.2948406
USA_07263295,2,9.208176,0.800611,0.1693282127380371,3.0344975
USA_07263295,3,9.832808,0.9367904,0.11302512884140015,3.1357307
USA_07263295,4,10.186462,1.01036,0.08114707469940186,3.1916237
USA_07263295,5,10.382982,1.0458227,0.06345462799072266,3.2222636
USA_07263295,6,10.319956,1.0522312,0.06267815828323364,3.2124689
USA_07263295,7,9.468488,1.0268565,0.06668740510940552,3.0770907
USA_07263295,8,9.346347,1.0141884,0.0720522403717041,3.0571795
USA_07263295,9,9.320914,1.0099041,0.07343894243240356,3.0530171
USA_07263295,10,9.338969,1.0060059,0.07137095928192139,3.0559728
USA_07291000,1,22.676584,0.93059766,-0.16060316562652588,4.761994
USA_07291000,2,18.85815,1.0611241,0.03482556343078613,4.342597
USA_07291000,3,19.05528,1.0859985,0.024735331535339355,4.3652353
USA_07291000,4,19.11152,1.09975,0.021853387355804443,4.3716726
USA_07291000,5,19.083158,1.1106128,0.02328348159790039,4.3684273
USA_07291000,6,19.200861,1.1158986,0.017254769802093506,4.381879
USA_07291000,7,19.232595,1.1149508,0.015639424324035645,4.3854985
USA_07291000,8,19.227152,1.113241,0.015922725200653076,4.3848777
USA_07291000,9,19.220238,1.112107,0.016280174255371094,4.384089
USA_07291000,10,19.231674,1.1094522,0.01570296287536621,4.385393
USA_07292500,1,6.6041794,0.55835974,0.24130791425704956,2.5698597
USA_07292500,2,7.767463,0.78575665,0.10768532752990723,2.7870169
USA_07292500,3,8.050491,0.8498751,0.07591098546981812,2.8373387
USA_07292500,4,8.111043,0.8716673,0.06894886493682861,2.8479893
USA_07292500,5,8.129343,0.88349056,0.06686276197433472,2.8512003
USA_07292500,6,8.193366,0.891135,0.05953270196914673,2.8624055
USA_07292500,7,8.280879,0.9036986,0.053611934185028076,2.8776517
USA_07292500,8,8.2354965,0.8980851,0.04992234706878662,2.8697555
USA_07292500,9,8.2330885,0.8997002,0.04953581094741821,2.869336
USA_07292500,10,8.148333,0.8930705,0.044200003147125244,2.8545284
USA_07299670,1,0.11284588,0.037773937,0.11655974388122559,0.3359254
USA_07299670,2,0.12746608,0.045968678,0.0021067261695861816,0.35702392
USA_07299670,3,0.12821935,0.04919894,-0.0037856101989746094,0.3580773
USA_07299670,4,0.12817442,0.050559636,-0.003429412841796875,0.35801455
USA_07299670,5,0.12813623,0.05118829,-0.0031256675720214844,0.3579612
USA_07299670,6,0.1278687,0.0514715,-0.0010266304016113281,0.35758734
USA_07299670,7,0.12807047,0.05190146,-0.0026017427444458008,0.35786936
USA_07299670,8,0.12846203,0.05202603,-0.005660891532897949,0.358416
USA_07299670,9,0.12861253,0.052102942,-0.0068389177322387695,0.3586259
USA_07299670,10,0.12804435,0.052255493,-0.0023910999298095703,0.35783285
USA_07301410,1,0.00020362363,0.0053437585,0.4901309013366699,0.014269675
USA_07301410,2,0.0002652252,0.006214108,0.33588188886642456,0.016285736
USA_07301410,3,0.00031169437,0.0073263654,0.219524085521698,0.017654868
USA_07301410,4,0.00034037756,0.008063235,0.14770203828811646,0.018449323
USA_07301410,5,0.00035417403,0.008563337,0.11304581165313721,0.018819513
USA_07301410,6,0.0003586773,0.008876571,0.0987291932106018,0.018938778
USA_07301410,7,0.0003591238,0.0089893965,0.09694403409957886,0.018950563
USA_07301410,8,0.00035804245,0.009008876,0.09954798221588135,0.01892201
USA_07301410,9,0.00035691875,0.009143722,0.10225868225097656,0.018892294
USA_07301410,10,0.00035854554,0.009349128,0.09805071353912354,0.018935299
USA_07301500,1,0.00015858818,0.0052796714,0.3955581784248352,0.01259318
USA_07301500,2,0.00021387776,0.0056075337,0.18481206893920898,0.01462456
USA_07301500,3,0.00024720226,0.0063456832,0.05777788162231445,0.015722668
USA_07301500,4,0.00028239365,0.00708657,-0.0763779878616333,0.016804572
USA_07301500,5,0.00030389952,0.007635556,-0.15837514400482178,0.017432714
USA_07301500,6,0.00031434538,0.008111152,-0.19821858406066895,0.017729787
USA_07301500,7,0.00032175303,0.00844086,-0.22648310661315918,0.017937476
USA_07301500,8,0.00032764697,0.008592579,-0.24992001056671143,0.018101022
USA_07301500,9,0.0003306656,0.008914469,-0.26241981983184814,0.018184213
USA_07301500,10,0.00033567,0.009237716,-0.2825298309326172,0.018321298
USA_07315200,1,0.13137037,0.052615285,0.32548630237579346,0.3624505
USA_07315200,2,0.18225466,0.061509352,0.06422382593154907,0.42691293
USA_07315200,3,0.18560866,0.062609226,-0.005707502365112305,0.43082324
USA_07315200,4,0.17868145,0.062688574,-0.005318760871887207,0.4227073
USA_07315200,5,0.17702246,0.06358486,0.00382155179977417,0.42074037
USA_07315200,6,0.17642815,0.06485513,0.007166683673858643,0.4200335
USA_07315200,7,0.17590454,0.066769466,0.010120213031768799,0.41940975
USA_07315200,8,0.17435959,0.06700036,0.01881939172744751,0.4175639
USA_07315200,9,0.174631,0.06685244,0.017295479774475098,0.41788873
USA_07315200,10,0.17552911,0.06727049,0.012244760990142822,0.41896194
USA_07315700,1,0.066416465,0.06347964,0.4729980230331421,0.2577139
USA_07315700,2,0.10453741,0.07710014,0.17052173614501953,0.32332245
USA_07315700,3,0.12130716,0.08458058,0.03746497631072998,0.34829178
USA_07315700,4,0.1254241,0.09030304,0.0048056840896606445,0.35415265
USA_07315700,5,0.12345398,0.091747046,0.02044510841369629,0.3513602
USA_07315700,6,0.123047024,0.094352216,0.023681342601776123,0.3507806
USA_07315700,7,0.12049503,0.09565492,0.04393702745437622,0.34712395
USA_07315700,8,0.11704069,0.09578402,0.07135230302810669,0.3421121
USA_07315700,9,0.11647332,0.096512005,0.07586073875427246,0.34128186
USA_07315700,10,0.11850181,0.098264486,0.059773027896881104,0.34424093
USA_07335700,1,17.074389,0.8434833,0.18568766117095947,4.132117
USA_07335700,2,18.923946,1.049956,0.09748786687850952,4.3501663
USA_07335700,3,19.652515,1.1818577,0.0627586841583252,4.433116
USA_07335700,4,20.103182,1.265922,0.041288018226623535,4.4836574
USA_07335700,5,20.215422,1.327133,0.035967230796813965,4.496156
USA_07335700,6,20.350647,1.3655732,0.029538631439208984,4.511169
USA_07335700,7,20.248365,1.3842096,0.03440892696380615,4.4998183
USA_07335700,8,20.126509,1.3921398,0.04021310806274414,4.4862576
USA_07335700,9,20.067562,1.395793,0.04301762580871582,4.4796834
USA_07335700,10,20.138891,1.3983004,0.039616167545318604,4.4876375
USA_07340300,1,13.44925,0.7979839,0.34606850147247314,3.667322
USA_07340300,2,18.428713,1.13596,0.10397690534591675,4.2928677
USA_07340300,3,20.009623,1.2916707,0.027136564254760742,4.473212
USA_07340300,4,20.46717,1.3783414,0.004914224147796631,4.5240655
USA_07340300,5,20.47733,1.4128147,0.00443953275680542,4.5251884
USA_07340300,6,20.468374,1.4269514,0.004884243011474609,4.5241985
USA_07340300,7,20.37732,1.4266995,0.009237229824066162,4.5141244
USA_07340300,8,19.346003,1.3860217,0.018569648265838623,4.398409
USA_07340300,9,19.05036,1.3582956,0.027703046798706055,4.3646717
USA_07340300,10,19.136835,1.3440168,0.022571444511413574,4.374567
USA_07346045,1,0.069400124,0.11229196,0.788555696606636,0.26343903
USA_07346045,2,0.07933642,0.13281433,0.7582865953445435,0.2816672
USA_07346045,3,0.10812928,0.16053443,0.6705574989318848,0.32883015
USA_07346045,4,0.1364495,0.18408139,0.5842566192150116,0.36939073
USA_07346045,5,0.15808234,0.20105912,0.5183247029781342,0.3975957
USA_07346045,6,0.17712647,0.2148976,0.4602755308151245,0.42086396
USA_07346045,7,0.19516216,0.22727156,0.40530645847320557,0.44177163
USA_07346045,8,0.21105747,0.23931885,0.3568573594093323,0.45940992
USA_07346045,9,0.22239338,0.24806105,0.3222859501838684,0.47158602
USA_07346045,10,0.22881535,0.2523175,0.302701473236084,0.47834647
USA_07359610,1,6.803225,0.56468624,0.4794744849205017,2.6082993
USA_07359610,2,11.503059,0.8549116,0.11917006969451904,3.391616
USA_07359610,3,12.374043,0.98705727,0.05160802602767944,3.5176759
USA_07359610,4,12.674519,1.0711732,0.028663575649261475,3.560129
USA_07359610,5,12.786331,1.1139615,0.020212292671203613,3.575798
USA_07359610,6,12.803942,1.1366814,0.018969178199768066,3.5782597
USA_07359610,7,12.848308,1.1462353,0.015660345554351807,3.5844536
USA_07359610,8,10.467055,1.0953445,0.028553128242492676,3.235283
USA_07359610,9,9.317975,1.0581775,0.04392117261886597,3.0525358
USA_07359610,10,9.24648,1.0468391,0.04829615354537964,3.0408025
USA_07362100,1,0.34901136,0.20544328,0.7369351089000702,0.59077185
USA_07362100,2,0.6326916,0.29331508,0.523173987865448,0.79541916
USA_07362100,3,0.8864761,0.3641907,0.3321033716201782,0.9415286
USA_07362100,4,1.031628,0.40815842,0.2228599190711975,1.0156909
USA_07362100,5,1.099773,0.43577585,0.17148888111114502,1.0487007
USA_07362100,6,1.1274854,0.45084998,0.15058398246765137,1.0618311
USA_07362100,7,1.1321725,0.46055317,0.14703547954559326,1.0640359
USA_07362100,8,1.1287459,0.46100184,0.14961695671081543,1.0624245
USA_07362100,9,1.1296606,0.46467447,0.14893203973770142,1.0628549
USA_07362100,10,1.1271597,0.4642806,0.15082049369812012,1.0616778
USA_07362587,1,12.970963,0.8262822,0.33618873357772827,3.6015222
USA_07362587,2,17.170374,1.1068063,0.12135004997253418,4.143715
USA_07362587,3,18.130585,1.2528511,0.07223063707351685,4.2580023
USA_07362587,4,18.721365,1.3364121,0.041989684104919434,4.3268194
USA_07362587,5,18.922718,1.3764052,0.031701743602752686,4.350025
USA_07362587,6,18.8267,1.384604,0.03274548053741455,4.3389745
USA_07362587,7,18.123198,1.3625114,0.036102116107940674,4.257135
USA_07362587,8,17.973738,1.3436939,0.042994678020477295,4.2395444
USA_07362587,9,17.839062,1.3342309,0.050016164779663086,4.2236314
USA_07362587,10,18.02112,1.3253412,0.04036223888397217,4.245129
USA_07373000,1,4.5694075,0.41613635,0.34539085626602173,2.1376173
USA_07373000,2,6.544366,0.5983862,0.06244701147079468,2.5581958
USA_07373000,3,6.7711506,0.633619,0.029973983764648438,2.6021435
USA_07373000,4,6.7866197,0.6451861,0.027564942836761475,2.6051142
USA_07373000,5,6.766762,0.65180784,0.03044980764389038,2.6013
USA_07373000,6,6.7525353,0.65597904,0.03251361846923828,2.5985641
USA_07373000,7,6.766051,0.6571855,0.03058910369873047,2.6011634
USA_07373000,8,6.762017,0.6559309,0.031174302101135254,2.6003878
USA_07373000,9,6.7136965,0.6589987,0.0381016731262207,2.5910802
USA_07373000,10,6.740805,0.6639993,0.03423261642456055,2.596306
USA_07375000,1,6.315625,0.48336375,0.5980528295040131,2.5130908
USA_07375000,2,12.178683,0.7120939,0.22491204738616943,3.489797
USA_07375000,3,14.410507,0.8295172,0.08287632465362549,3.7961173
USA_07375000,4,15.181734,0.88458353,0.033801913261413574,3.8963745
USA_07375000,5,15.48498,0.913623,0.014550924301147461,3.9350958
USA_07375000,6,15.64794,0.9260093,0.0042105913162231445,3.9557476
USA_07375000,7,15.750862,0.9348575,-0.0023238658905029297,3.9687357
USA_07375000,8,15.818814,0.93916506,-0.006639003753662109,3.9772873
USA_07375000,9,15.843067,0.93871295,-0.008175373077392578,3.980335
USA_07375000,10,15.829309,0.93364304,-0.007285475730895996,3.9786065
USA_07376000,1,1.7578408,0.45285428,0.7457272708415985,1.3258358
USA_07376000,2,3.6935077,0.6398882,0.4657222032546997,1.9218501
USA_07376000,3,4.977187,0.7474387,0.2800060510635376,2.230961
USA_07376000,4,5.6473985,0.80644757,0.18301057815551758,2.3764255
USA_07376000,5,6.009151,0.8361968,0.13064098358154297,2.451357
USA_07376000,6,6.1850786,0.8612008,0.10516494512557983,2.4869819
USA_07376000,7,6.291482,0.87911236,0.08975118398666382,2.5082827
USA_07376000,8,6.3473654,0.885324,0.08165085315704346,2.5193977
USA_07376000,9,6.372061,0.8831694,0.0780600905418396,2.5242941
USA_07376000,10,6.3768525,0.88446367,0.07734894752502441,2.525243
USA_08013000,1,2.8786697,0.42640615,0.5764223337173462,1.6966643
USA_08013000,2,3.336949,0.5026344,0.5090066194534302,1.8267318
USA_08013000,3,3.9847107,0.5934742,0.41372746229171753,1.996174
USA_08013000,4,4.6390367,0.6582523,0.3174869418144226,2.1538422
USA_08013000,5,5.0101786,0.70555955,0.26291853189468384,2.2383428
USA_08013000,6,5.2232137,0.74058056,0.23160988092422485,2.2854352
USA_08013000,7,5.424892,0.7728385,0.2019703984260559,2.3291397
USA_08013000,8,5.5747013,0.7936561,0.17992621660232544,2.3610806
USA_08013000,9,5.698246,0.81644976,0.16163784265518188,2.3871
USA_08013000,10,5.770137,0.8272527,0.15101826190948486,2.4021108
USA_08014500,1,1.3603593,0.31797907,0.6820066869258881,1.1663444
USA_08014500,2,2.0607848,0.43824893,0.518252044916153,1.4355434
USA_08014500,3,2.808292,0.51963544,0.34347522258758545,1.6757959
USA_08014500,4,3.2703154,0.57483995,0.23543000221252441,1.8084013
USA_08014500,5,3.5516067,0.6086426,0.1696333885192871,1.8845707
USA_08014500,6,3.660959,0.62756896,0.14403820037841797,1.9133632
USA_08014500,7,3.6764824,0.6404587,0.1403799057006836,1.9174156
USA_08014500,8,3.6902077,0.651695,0.1371479630470276,1.9209913
USA_08014500,9,3.7054048,0.65534097,0.1335747241973877,1.9249429
USA_08014500,10,3.7356062,0.6577304,0.1265014410018921,1.9327717
USA_08023080,1,3.1587758,0.4067722,0.5533292889595032,1.7772945
USA_08023080,2,5.7122045,0.57918054,0.19228214025497437,2.3900218
USA_08023080,3,6.609193,0.65999043,0.0654570460319519,2.570835
USA_08023080,4,6.753919,0.70328057,0.044999003410339355,2.5988302
USA_08023080,5,6.821246,0.7119192,0.03548544645309448,2.6117516
USA_08023080,6,6.8842764,0.7151041,0.026597976684570312,2.6237905
USA_08023080,7,6.928654,0.7202324,0.020376145839691162,2.6322336
USA_08023080,8,6.8890634,0.7174642,0.026013731956481934,2.6247025
USA_08023080,9,6.8439956,0.71488756,0.03241628408432007,2.6161032
USA_08023080,10,6.846578,0.7137472,0.030812501907348633,2.6165967
USA_08025500,1,2.9966998,0.39403364,0.5983527898788452,1.7310978
USA_08025500,2,5.927438,0.5971018,0.2056064009666443,2.434633
USA_08025500,3,6.8948345,0.70668566,0.07601606845855713,2.6258018
USA_08025500,4,7.1079087,0.7403491,0.04751026630401611,2.6660662
USA_08025500,5,7.1246066,0.75553596,0.04531443119049072,2.669196
USA_08025500,6,7.104707,0.7611649,0.0480155348777771,2.6654656
USA_08025500,7,7.1112885,0.7624653,0.0471610426902771,2.6667
USA_08025500,8,7.0497823,0.76022285,0.05542123317718506,2.6551425
USA_08025500,9,7.0289106,0.7591073,0.05801725387573242,2.6512094
USA_08025500,10,6.9924264,0.75631267,0.05534636974334717,2.6443195
USA_08029500,1,2.3305814,0.297043,0.45860981941223145,1.5266242
USA_08029500,2,3.7924328,0.42724454,0.11904406547546387,1.9474169
USA_08029500,3,4.0778747,0.49403355,0.05276221036911011,2.0193748
USA_08029500,4,4.1534047,0.51781607,0.035247206687927246,2.0379903
USA_08029500,5,4.174808,0.5227116,0.030308842658996582,2.0432346
USA_08029500,6,4.1593976,0.52789813,0.03391295671463013,2.0394602
USA_08029500,7,4.196105,0.5365481,0.028172314167022705,2.0484397
USA_08029500,8,4.046903,0.5310665,0.030402719974517822,2.0116916
USA_08029500,9,3.9816682,0.5285809,0.0377160906791687,1.9954118
USA_08029500,10,3.9658198,0.5302456,0.03674495220184326,1.9914366
USA_08050800,1,1.9475266,0.13824847,0.15407532453536987,1.3955381
USA_08050800,2,2.2881584,0.17087182,0.006119191646575928,1.512666
USA_08050800,3,2.299693,0.17774133,0.0011088848114013672,1.5164739
USA_08050800,4,2.2957473,0.18246686,0.0028228163719177246,1.5151724
USA_08050800,5,2.2915964,0.18441129,0.004625678062438965,1.5138019
USA_08050800,6,2.2856195,0.18898706,0.00722193717956543,1.5118265
USA_08050800,7,2.2906568,0.19338392,0.00503385066986084,1.5134916
USA_08050800,8,2.2861943,0.19451672,0.006961524486541748,1.5120167
USA_08050800,9,2.2639995,0.19132318,0.008719384670257568,1.5046593
USA_08050800,10,2.2721832,0.19287133,0.005142271518707275,1.5073763
USA_08066200,1,1.978829,0.29612076,0.3895971179008484,1.4067086
USA_08066200,2,3.1087472,0.39380762,0.04105496406555176,1.763164
USA_08066200,3,3.1519613,0.41388947,0.027724862098693848,1.7753764
USA_08066200,4,3.2076106,0.42368436,0.010558903217315674,1.7909803
USA_08066200,5,3.2348878,0.42785254,0.002142786979675293,1.7985793
USA_08066200,6,3.2427206,0.4326556,-0.0002753734588623047,1.8007556
USA_08066200,7,3.2358892,0.43636096,0.0018298625946044922,1.7988577
USA_08066200,8,3.209719,0.43500513,0.00990074872970581,1.7915689
USA_08066200,9,3.1768618,0.43174776,0.019188880920410156,1.7823753
USA_08066200,10,3.142261,0.4267448,0.026018381118774414,1.7726424
USA_08066300,1,0.073309734,0.111776024,0.7244280874729156,0.2707577
USA_08066300,2,0.13255554,0.14961798,0.5006276071071625,0.36408177
USA_08066300,3,0.15083358,0.17100249,0.4305989742279053,0.388373
USA_08066300,4,0.18219896,0.19221382,0.31125038862228394,0.4268477
USA_08066300,5,0.20434725,0.21185172,0.22662758827209473,0.45204785
USA_08066300,6,0.21055447,0.22111166,0.20199054479599,0.45886216
USA_08066300,7,0.2208655,0.22867659,0.16094744205474854,0.4699633
USA_08066300,8,0.22110929,0.23354368,0.134335458278656,0.4702226
USA_08066300,9,0.21997376,0.23730934,0.12421095371246338,0.4690136
USA_08066300,10,0.21090186,0.23578085,0.10676395893096924,0.45924053
USA_08070000,1,0.31818295,0.15250564,0.61860591173172,0.5640771
USA_08070000,2,0.5380161,0.21210167,0.35509437322616577,0.7334958
USA_08070000,3,0.66102976,0.25079614,0.20763236284255981,0.81303734
USA_08070000,4,0.72368705,0.2697244,0.1325470209121704,0.850698
USA_08070000,5,0.75737226,0.2841593,0.09220325946807861,0.8702714
USA_08070000,6,0.77440494,0.29136202,0.07180124521255493,0.8800028
USA_08070000,7,0.7862277,0.29623964,0.05762225389480591,0.88669485
USA_08070000,8,0.7895304,0.2995032,0.050897836685180664,0.8885552
USA_08070000,9,0.7851361,0.30158442,0.04965615272521973,0.8860791
USA_08070000,10,0.771508,0.30090973,0.04772680997848511,0.87835526
USA_08070200,1,0.15546638,0.14864682,0.7270214855670929,0.39429224
USA_08070200,2,0.28094524,0.20520009,0.5067311227321625,0.5300427
USA_08070200,3,0.37783915,0.24670425,0.3366442322731018,0.6146862
USA_08070200,4,0.4331842,0.27597666,0.2395133376121521,0.6581673
USA_08070200,5,0.46591404,0.29109457,0.18208056688308716,0.682579
USA_08070200,6,0.49334624,0.3044496,0.13394474983215332,0.7023861
USA_08070200,7,0.5095962,0.31296098,0.10542565584182739,0.7138601
USA_08070200,8,0.5163319,0.31651765,0.09359419345855713,0.71856236
USA_08070200,9,0.5175582,0.3179551,0.09142714738845825,0.7194152
USA_08070200,10,0.5127569,0.31783834,0.0998416543006897,0.7160705
USA_08079600,1,0.24193808,0.07472537,0.19005060195922852,0.491872
USA_08079600,2,0.2655348,0.08331101,0.11105132102966309,0.5153007
USA_08079600,3,0.29078808,0.08371117,0.026509106159210205,0.5392477
USA_08079600,4,0.2956471,0.08417898,0.010242164134979248,0.54373443
USA_08079600,5,0.29482523,0.08460121,0.012997627258300781,0.5429781
USA_08079600,6,0.29464963,0.084756464,0.013585329055786133,0.5428164
USA_08079600,7,0.29677853,0.08633812,0.006458282470703125,0.5447738
USA_08079600,8,0.29794642,0.08631543,0.0025485754013061523,0.5458447
USA_08079600,9,0.29810715,0.08559579,0.0020104050636291504,0.5459919
USA_08079600,10,0.29777446,0.085327566,0.0031279921531677246,0.54568714
USA_08082700,1,0.00530607,0.016835205,-0.09539854526519775,0.07284278
USA_08082700,2,0.005246134,0.017595079,-0.08302521705627441,0.0724302
USA_08082700,3,0.005326385,0.018720442,-0.09959232807159424,0.07298209
USA_08082700,4,0.005317894,0.01990115,-0.09783947467803955,0.07292389
USA_08082700,5,0.005239304,0.020597903,-0.08161520957946777,0.07238304
USA_08082700,6,0.005208615,0.021309776,-0.07527971267700195,0.072170734
USA_08082700,7,0.0052639833,0.022443052,-0.08670997619628906,0.072553314
USA_08082700,8,0.005249808,0.022230092,-0.08378362655639648,0.07245556
USA_08082700,9,0.005178074,0.02170224,-0.06897461414337158,0.07195883
USA_08082700,10,0.00513167,0.021377498,-0.05939483642578125,0.07163567
USA_08086212,1,0.009615522,0.015552843,0.13009119033813477,0.09805877
USA_08086212,2,0.011455616,0.017004827,-0.036380767822265625,0.10703091
USA_08086212,3,0.011702382,0.018490579,-0.05870544910430908,0.10817755
USA_08086212,4,0.0117061725,0.019837713,-0.05904817581176758,0.10819507
USA_08086212,5,0.011646679,0.02053604,-0.053665757179260254,0.10791978
USA_08086212,6,0.011575713,0.021320488,-0.04724562168121338,0.10759049
USA_08086212,7,0.011525221,0.02238778,-0.04267764091491699,0.10735558
USA_08086212,8,0.01147054,0.022311237,-0.03773069381713867,0.107100606
USA_08086212,9,0.011418109,0.021929095,-0.032987236976623535,0.10685555
USA_08086212,10,0.011395197,0.02194081,-0.0309145450592041,0.10674829
USA_08086290,1,0.2902707,0.041335687,0.10857653617858887,0.53876776
USA_08086290,2,0.3266785,0.046698425,-0.003232240676879883,0.571558
USA_08086290,3,0.32833052,0.048992056,-0.00830543041229248,0.5730013
USA_08086290,4,0.32871848,0.050662395,-0.009496808052062988,0.57333976
USA_08086290,5,0.32822707,0.051282793,-0.007987737655639648,0.572911
USA_08086290,6,0.3277413,0.051970523,-0.006495952606201172,0.57248694
USA_08086290,7,0.32730603,0.053005617,-0.005159258842468262,0.57210666
USA_08086290,8,0.32699284,0.052815042,-0.004197359085083008,0.5718329
USA_08086290,9,0.32697135,0.05228099,-0.004131436347961426,0.57181406
USA_08086290,10,0.32695174,0.052230347,-0.0040901899337768555,0.57179695
USA_08101000,1,0.11805065,0.05499951,0.0522691011428833,0.34358498
USA_08101000,2,0.12642157,0.061377116,-0.014934301376342773,0.3555581
USA_08101000,3,0.12416023,0.06480473,0.0032203197479248047,0.35236377
USA_08101000,4,0.12218272,0.06676943,0.019096076488494873,0.34954646
USA_08101000,5,0.12086024,0.067989305,0.029713213443756104,0.3476496
USA_08101000,6,0.12185179,0.0698175,0.021752893924713135,0.34907275
USA_08101000,7,0.12280174,0.07209857,0.014126479625701904,0.3504308
USA_08101000,8,0.122832075,0.07253156,0.013882994651794434,0.35047406
USA_08101000,9,0.12173649,0.07241689,0.022678494453430176,0.34890756
USA_08101000,10,0.12203472,0.073180966,0.02028423547744751,0.3493347
USA_08103900,1,0.59769225,0.053564914,0.07822239398956299,0.77310556
USA_08103900,2,0.6452439,0.05373002,0.004887104034423828,0.80327076
USA_08103900,3,0.64281857,0.05521645,0.008627355098724365,0.80175966
USA_08103900,4,0.64045894,0.05761394,0.012266695499420166,0.80028677
USA_08103900,5,0.6422734,0.059437077,0.009468317031860352,0.8014196
USA_08103900,6,0.6433171,0.06174546,0.007858574390411377,0.8020705
USA_08103900,7,0.64438933,0.064225644,0.006204843521118164,0.80273867
USA_08103900,8,0.6468191,0.065498814,0.0024576187133789062,0.80425066
USA_08103900,9,0.64535624,0.066658124,0.004713714122772217,0.8033407
USA_08103900,10,0.6465463,0.0683603,0.0028784871101379395,0.804081
USA_08104900,1,0.11293122,0.054376405,-0.022750020027160645,0.33605242
USA_08104900,2,0.11189881,0.060969274,-0.013405203819274902,0.3345128
USA_08104900,3,0.108304895,0.064637,0.01913583278656006,0.3290971
USA_08104900,4,0.10724661,0.06832875,0.028713107109069824,0.3274853
USA_08104900,5,0.107191935,0.07104873,0.029208242893218994,0.3274018
USA_08104900,6,0.10771382,0.074849784,0.024481773376464844,0.32819784
USA_08104900,7,0.109329045,0.07800623,0.009858906269073486,0.33064944
USA_08104900,8,0.11002976,0.07985008,0.0035129189491271973,0.33170733
USA_08104900,9,0.10897658,0.08130018,0.013056933879852295,0.330116
USA_08104900,10,0.10594515,0.08098048,0.015478909015655518,0.32549217
USA_08109700,1,0.03630842,0.049626812,0.6743164956569672,0.19054767
USA_08109700,2,0.06289389,0.0670705,0.4358375668525696,0.25078654
USA_08109700,3,0.08542185,0.0778893,0.23376083374023438,0.29227018
USA_08109700,4,0.09144935,0.086194284,0.17970484495162964,0.30240592
USA_08109700,5,0.09245362,0.08975895,0.17070776224136353,0.30406186
USA_08109700,6,0.091980256,0.09382938,0.17496496438980103,0.30328247
USA_08109700,7,0.0930801,0.09736766,0.16511136293411255,0.3050903
USA_08109700,8,0.09513564,0.099226214,0.14668619632720947,0.30844066
USA_08109700,9,0.09643112,0.09927806,0.1350785493850708,0.3105336
USA_08109700,10,0.09727631,0.09961783,0.11950820684432983,0.3118915
USA_08150800,1,0.071582876,0.032652877,0.17752856016159058,0.26754975
USA_08150800,2,0.08539067,0.039882373,0.018887042999267578,0.29221684
USA_08150800,3,0.08614783,0.042285,0.01019960641860962,0.2935095
USA_08150800,4,0.08603877,0.04437643,0.011464715003967285,0.29332367
USA_08150800,5,0.08686441,0.046638962,0.0019905567169189453,0.29472768
USA_08150800,6,0.08743572,0.04884202,-0.004558444023132324,0.29569533
USA_08150800,7,0.08750032,0.05082312,-0.005288481712341309,0.29580453
USA_08150800,8,0.087378725,0.05141286,-0.0038791894912719727,0.29559892
USA_08150800,9,0.08735922,0.051538695,-0.003640294075012207,0.29556593
USA_08150800,10,0.0871052,0.051406525,-0.0016484260559082031,0.29513592
USA_08158700,1,1.013736,0.10259863,0.07562458515167236,1.0068446
USA_08158700,2,1.0570942,0.10692603,0.036088407039642334,1.0281509
USA_08158700,3,1.0504373,0.11187851,0.04215848445892334,1.0249084
USA_08158700,4,1.040782,0.116439134,0.05096268653869629,1.0201873
USA_08158700,5,1.0629815,0.121396564,0.030720055103302002,1.0310099
USA_08158700,6,1.0711812,0.12697631,0.02324312925338745,1.0349789
USA_08158700,7,1.0759757,0.13302003,0.018871307373046875,1.0372925
USA_08158700,8,1.0773166,0.1377473,0.01764577627182007,1.0379386
USA_08158700,9,1.0744375,0.1411848,0.02027130126953125,1.0365508
USA_08158700,10,1.0697653,0.14359549,0.02453148365020752,1.0342946
USA_08158810,1,19.451864,0.3846163,0.113578200340271,4.4104266
USA_08158810,2,21.276196,0.3903214,0.030434250831604004,4.6126127
USA_08158810,3,21.33456,0.40103927,0.02776700258255005,4.618935
USA_08158810,4,21.35314,0.41765547,0.026913821697235107,4.620946
USA_08158810,5,21.637007,0.43277195,0.013973593711853027,4.65156
USA_08158810,6,21.683346,0.44697964,0.011857986450195312,4.656538
USA_08158810,7,21.719687,0.45858946,0.010198891162872314,4.6604385
USA_08158810,8,21.72019,0.4664727,0.010173439979553223,4.6604924
USA_08158810,9,21.725483,0.47397336,0.009930133819580078,4.6610603
USA_08158810,10,21.743748,0.48021242,0.009096026420593262,4.663019
USA_08164000,1,0.05735402,0.07211701,0.5055549442768097,0.23948699
USA_08164000,2,0.08336148,0.08428767,0.2813464403152466,0.2887239
USA_08164000,3,0.10923947,0.098180875,0.05826050043106079,0.33051395
USA_08164000,4,0.121310934,0.1085396,-0.045790672302246094,0.34829718
USA_08164000,5,0.12151952,0.11285698,-0.04756784439086914,0.3485965
USA_08164000,6,0.120653085,0.11514505,-0.040067315101623535,0.34735152
USA_08164000,7,0.120430276,0.117760554,-0.03812587261199951,0.34703067
USA_08164000,8,0.12054273,0.11914174,-0.03907954692840576,0.34719265
USA_08164000,9,0.1205346,0.11984107,-0.038985371589660645,0.34718093
USA_08164000,10,0.11978458,0.12019298,-0.03251969814300537,0.34609908
USA_08164300,1,0.24176586,0.09511186,0.437921941280365,0.49169692
USA_08164300,2,0.42096537,0.12202185,0.021305441856384277,0.64881843
USA_08164300,3,0.42984077,0.12568772,0.0006748437881469727,0.6556224
USA_08164300,4,0.41832384,0.12719555,0.02745223045349121,0.6467796
USA_08164300,5,0.4117129,0.12749776,0.042826175689697266,0.6416486
USA_08164300,6,0.41656503,0.12934801,0.03154349327087402,0.64541847
USA_08164300,7,0.42149082,0.13220438,0.020096540451049805,0.64922327
USA_08164300,8,0.41852525,0.13275823,0.026995360851287842,0.6469353
USA_08164300,9,0.41572967,0.13301584,0.033500492572784424,0.64477104
USA_08164300,10,0.3764179,0.12730706,0.028585314750671387,0.6135291
USA_08164600,1,0.35241854,0.08275167,0.25840330123901367,0.5936485
USA_08164600,2,0.4622185,0.092237435,0.02735048532485962,0.67986655
USA_08164600,3,0.47936317,0.10002825,-0.008727073669433594,0.6923606
USA_08164600,4,0.4833563,0.10662459,-0.017129898071289062,0.6952383
USA_08164600,5,0.48603025,0.111424156,-0.022756576538085938,0.6971587
USA_08164600,6,0.4878589,0.11858119,-0.026604771614074707,0.698469
USA_08164600,7,0.48992482,0.12510414,-0.030952095985412598,0.6999463
USA_08164600,8,0.49044883,0.12758584,-0.032054781913757324,0.70032054
USA_08164600,9,0.49157044,0.12805049,-0.03441488742828369,0.70112085
USA_08164600,10,0.4907554,0.12886165,-0.03269994258880615,0.70053935
USA_08165300,1,0.00488176,0.016332762,0.34908705949783325,0.06986959
USA_08165300,2,0.0071345665,0.020575419,0.04856294393539429,0.08446636
USA_08165300,3,0.0073922644,0.023009717,0.014047324657440186,0.08597828
USA_08165300,4,0.00764579,0.025459534,-0.019922614097595215,0.08744021
USA_08165300,5,0.0077577364,0.027111616,-0.03501391410827637,0.088078015
USA_08165300,6,0.007927512,0.028712953,-0.057826995849609375,0.08903658
USA_08165300,7,0.007966004,0.029879432,-0.06312644481658936,0.08925247
USA_08165300,8,0.008006917,0.030954797,-0.06875133514404297,0.089481376
USA_08165300,9,0.008042154,0.032167077,-0.07348287105560303,0.08967806
USA_08165300,10,0.008056251,0.033455625,-0.07536447048187256,0.08975662
USA_08171300,1,1.4242342,0.08056825,0.01756882667541504,1.1934128
USA_08171300,2,1.4458874,0.08924338,0.0026372671127319336,1.2024506
USA_08171300,3,1.4428154,0.09412916,0.004760384559631348,1.2011725
USA_08171300,4,1.443703,0.09745385,0.004151046276092529,1.2015419
USA_08171300,5,1.4455383,0.0996573,0.0028884410858154297,1.2023054
USA_08171300,6,1.4484034,0.10301092,0.0009154677391052246,1.2034963
USA_08171300,7,1.4503086,0.10662944,-0.0003952980041503906,1.2042875
USA_08171300,8,1.4482646,0.10923629,0.0010166764259338379,1.2034386
USA_08171300,9,1.446243,0.11207745,0.0024133920669555664,1.2025985
USA_08171300,10,1.4393257,0.11387558,0.007171630859375,1.199719
USA_08175000,1,0.031216612,0.0459326,0.5930761098861694,0.17668223
USA_08175000,2,0.05799933,0.061794378,0.24395018815994263,0.24083051
USA_08175000,3,0.073074766,0.071656376,0.047442734241485596,0.27032346
USA_08175000,4,0.07788668,0.078167856,-0.015282511711120605,0.27908185
USA_08175000,5,0.07856907,0.08151853,-0.024168729782104492,0.28030175
USA_08175000,6,0.078847356,0.08326035,-0.02776956558227539,0.28079772
USA_08175000,7,0.07922341,0.08474889,-0.03264439105987549,0.28146654
USA_08175000,8,0.07935716,0.08500161,-0.03436112403869629,0.28170404
USA_08175000,9,0.07920767,0.08521748,-0.032392024993896484,0.2814386
USA_08175000,10,0.07868443,0.084382445,-0.026618242263793945,0.28050745
USA_08176900,1,0.011947378,0.029003186,0.6000075936317444,0.10930406
USA_08176900,2,0.026899457,0.03267901,0.0994192361831665,0.16401054
USA_08176900,3,0.03097675,0.035761178,-0.0370866060256958,0.17600213
USA_08176900,4,0.03227711,0.03883279,-0.08062195777893066,0.17965832
USA_08176900,5,0.032402247,0.04030784,-0.08481144905090332,0.18000624
USA_08176900,6,0.03239143,0.042311843,-0.08444929122924805,0.1799762
USA_08176900,7,0.032641754,0.044924278,-0.09283006191253662,0.18067029
USA_08176900,8,0.03276029,0.04522186,-0.09679853916168213,0.18099803
USA_08176900,9,0.032641143,0.045285836,-0.09280967712402344,0.18066859
USA_08176900,10,0.032344613,0.04547225,-0.08288192749023438,0.17984608
USA_08178880,1,0.077955976,0.041715905,0.14560377597808838,0.27920598
USA_08178880,2,0.08771235,0.046637665,0.038643717765808105,0.2961627
USA_08178880,3,0.08814989,0.051099084,0.033825814723968506,0.29690048
USA_08178880,4,0.0893054,0.05456985,0.02113807201385498,0.2988401
USA_08178880,5,0.090941794,0.057074368,0.0031892061233520508,0.30156556
USA_08178880,6,0.09229221,0.059148245,-0.011625289916992188,0.30379632
USA_08178880,7,0.09276609,0.061353937,-0.016832590103149414,0.30457526
USA_08178880,8,0.092964076,0.06349275,-0.01901555061340332,0.3049001
USA_08178880,9,0.09297821,0.06584239,-0.01918327808380127,0.3049233
USA_08178880,10,0.09278772,0.06773242,-0.01710820198059082,0.30461076
USA_08189500,1,0.03619327,0.042379167,0.3633648157119751,0.19024529
USA_08189500,2,0.054140903,0.044360235,0.0476682186126709,0.23268197
USA_08189500,3,0.060210735,0.046670057,-0.059099435806274414,0.24537876
USA_08189500,4,0.060906354,0.04922209,-0.07133519649505615,0.24679212
USA_08189500,5,0.060702085,0.050613113,-0.0677422285079956,0.24637793
USA_08189500,6,0.060785234,0.053371567,-0.06920480728149414,0.24654661
USA_08189500,7,0.061199665,0.05705197,-0.07649457454681396,0.24738567
USA_08189500,8,0.061537996,0.057311717,-0.08244585990905762,0.24806853
USA_08189500,9,0.06159163,0.05684273,-0.08338916301727295,0.2481766
USA_08189500,10,0.061257508,0.056664594,-0.07751202583312988,0.24750254
USA_08190000,1,0.002433019,0.014774387,0.25354355573654175,0.04932564
USA_08190000,2,0.0025733695,0.015337838,0.21054959297180176,0.050728388
USA_08190000,3,0.0027571917,0.016748741,0.15415722131729126,0.05250897
USA_08190000,4,0.0028794385,0.018037666,0.11665469408035278,0.0536604
USA_08190000,5,0.00295788,0.018977867,0.09259063005447388,0.054386396
USA_08190000,6,0.0030446234,0.020623831,0.06605768203735352,0.055178106
USA_08190000,7,0.0031678807,0.0222863,0.028353571891784668,0.05628393
USA_08190000,8,0.0032075832,0.023513664,0.016257941722869873,0.05663553
USA_08190000,9,0.0032891838,0.025100693,-0.008659601211547852,0.057351407
USA_08190000,10,0.0034023211,0.026535507,-0.04324209690093994,0.05832942
USA_08190500,1,0.00024271845,0.008738722,-5.103982448577881,0.015579424
USA_08190500,2,0.00022480609,0.008709373,-4.653514862060547,0.014993535
USA_08190500,3,0.00021124755,0.009370538,-4.312539577484131,0.014534358
USA_08190500,4,0.00022160323,0.010250644,-4.572968482971191,0.014886344
USA_08190500,5,0.00022781419,0.010797564,-4.729163646697998,0.015093515
USA_08190500,6,0.0002460233,0.011660031,-5.187094211578369,0.01568513
USA_08190500,7,0.00028448296,0.012929495,-6.154293537139893,0.016866622
USA_08190500,8,0.00027736495,0.012784973,-5.975286960601807,0.016654277
USA_08190500,9,0.00025858727,0.012318587,-5.503057479858398,0.01608065
USA_08190500,10,0.00025068969,0.012193842,-5.304446220397949,0.015833182
USA_08194200,1,0.74372274,0.06356644,0.19668322801589966,0.8623936
USA_08194200,2,0.8875422,0.071433395,0.04133963584899902,0.94209456
USA_08194200,3,0.9173154,0.074733414,0.009180724620819092,0.9577659
USA_08194200,4,0.9242304,0.0768656,0.0017116069793701172,0.96136904
USA_08194200,5,0.92646986,0.07776115,-0.0007072687149047852,0.96253306
USA_08194200,6,0.9277338,0.07947138,-0.002072572708129883,0.96318936
USA_08194200,7,0.92702377,0.0810777,-0.0013055801391601562,0.9628207
USA_08194200,8,0.92192256,0.080747694,0.004204392433166504,0.960168
USA_08194200,9,0.92135257,0.07941703,0.004819989204406738,0.9598711
USA_08194200,10,0.92195785,0.07831963,0.004166245460510254,0.96018636
USA_08195000,1,0.029111084,0.029643696,0.2991025447845459,0.17061971
USA_08195000,2,0.039250277,0.033188943,0.055019915103912354,0.19811682
USA_08195000,3,0.039438214,0.035786282,0.05053055286407471,0.19859056
USA_08195000,4,0.040475022,0.038009737,0.02560555934906006,0.20118405
USA_08195000,5,0.040944364,0.03948248,0.014343321323394775,0.20234714
USA_08195000,6,0.041346908,0.04154014,0.004689693450927734,0.20333938
USA_08195000,7,0.04172586,0.043701414,-0.0043953657150268555,0.20426908
USA_08195000,8,0.041558128,0.045505214,-0.0003211498260498047,0.2038581
USA_08195000,9,0.041499745,0.048195466,0.0011186599731445312,0.20371486
USA_08195000,10,0.04176727,0.050562356,-0.005341649055480957,0.20437042
USA_08196000,1,0.09280758,0.040735655,0.2728372812271118,0.30464336
USA_08196000,2,0.1132888,0.04862145,0.11237066984176636,0.336584
USA_08196000,3,0.118178114,0.05385389,0.0740695595741272,0.34377044
USA_08196000,4,0.12113027,0.05849675,0.050946831703186035,0.34803775
USA_08196000,5,0.122992426,0.06214335,0.03636449575424194,0.35070276
USA_08196000,6,0.1242166,0.06614581,0.026790201663970947,0.35244375
USA_08196000,7,0.12550981,0.070127495,0.016675055027008057,0.35427365
USA_08196000,8,0.12596016,0.07341333,0.013163924217224121,0.35490865
USA_08196000,9,0.12667815,0.076832324,0.007555902004241943,0.35591874
USA_08196000,10,0.12774539,0.07981155,-0.0007714033126831055,0.35741487
USA_08198500,1,0.04964407,0.031368267,0.029977500438690186,0.2228095
USA_08198500,2,0.05367928,0.033570733,-0.048868656158447266,0.23168789
USA_08198500,3,0.051846918,0.034149203,-0.013065218925476074,0.22769918
USA_08198500,4,0.052170604,0.035393592,-0.019389867782592773,0.22840886
USA_08198500,5,0.05208018,0.036235254,-0.017622947692871094,0.22821082
USA_08198500,6,0.052224133,0.03791855,-0.020435333251953125,0.228526
USA_08198500,7,0.05253406,0.040692974,-0.02649104595184326,0.22920309
USA_08198500,8,0.052510794,0.041421153,-0.026036500930786133,0.22915234
USA_08198500,9,0.052462403,0.04152725,-0.025091052055358887,0.22904673
USA_08198500,10,0.052624054,0.04181666,-0.028249621391296387,0.22939934
USA_08200000,1,0.05621997,0.041855425,-0.1608649492263794,0.2371075
USA_08200000,2,0.053468056,0.042832177,-0.10405313968658447,0.2312316
USA_08200000,3,0.050432548,0.043998893,-0.041373252868652344,0.22457193
USA_08200000,4,0.05062664,0.04576186,-0.04538118839263916,0.22500364
USA_08200000,5,0.050531123,0.046951212,-0.043408751487731934,0.22479129
USA_08200000,6,0.05102869,0.049418226,-0.05368304252624512,0.22589532
USA_08200000,7,0.05129112,0.051891398,-0.05910181999206543,0.22647543
USA_08200000,8,0.051198624,0.054009397,-0.05719184875488281,0.22627112
USA_08200000,9,0.05140881,0.056648567,-0.061532020568847656,0.2267351
USA_08200000,10,0.05165752,0.058649436,-0.06706571578979492,0.22728291
USA_08202700,1,0.24646902,0.027995447,-0.005047440528869629,0.49645647
USA_08202700,2,0.24557462,0.028515723,-0.0014002323150634766,0.49555486
USA_08202700,3,0.2445816,0.028058993,0.0026491284370422363,0.49455193
USA_08202700,4,0.24552348,0.028133072,-0.0011916160583496094,0.49550328
USA_08202700,5,0.2454539,0.028097184,-0.00090789794921875,0.49543303
USA_08202700,6,0.2457766,0.028293777,-0.0022238492965698242,0.4957586
USA_08202700,7,0.2457241,0.029031422,-0.002009749412536621,0.49570566
USA_08202700,8,0.24564485,0.028942911,-0.0016865730285644531,0.4956257
USA_08202700,9,0.245708,0.028503964,-0.0019441843032836914,0.49568942
USA_08202700,10,0.24616972,0.028221104,-0.0038268566131591797,0.49615493
USA_08267500,1,0.009963943,0.06219846,0.9656222015619278,0.09981955
USA_08267500,2,0.011306473,0.061939053,0.9609821327030659,0.1063319
USA_08267500,3,0.015452639,0.07210298,0.9466685988008976,0.124308646
USA_08267500,4,0.020799942,0.08194338,0.9282034933567047,0.14422186
USA_08267500,5,0.025864659,0.090381995,0.9107122495770454,0.16082494
USA_08267500,6,0.031126881,0.09724152,0.8925407007336617,0.17642812
USA_08267500,7,0.035763815,0.103353985,0.8765211701393127,0.18911323
USA_08267500,8,0.039408386,0.10734867,0.8639252632856369,0.19851546
USA_08267500,9,0.04140304,0.110689186,0.8570301830768585,0.20347737
USA_08267500,10,0.04170233,0.111998454,0.8559833317995071,0.20421149
USA_08269000,1,0.0017700606,0.026933534,0.9606699533760548,0.042072088
USA_08269000,2,0.002204609,0.028355667,0.9510144628584385,0.046953265
USA_08269000,3,0.0033916659,0.03376095,0.9246385246515274,0.05823801
USA_08269000,4,0.00496838,0.039683208,0.8896143212914467,0.07048674
USA_08269000,5,0.006527171,0.045045942,0.8549945056438446,0.08079091
USA_08269000,6,0.008174796,0.049489085,0.8184166550636292,0.090414576
USA_08269000,7,0.009762555,0.052648656,0.783178523182869,0.09880564
USA_08269000,8,0.011174016,0.05521481,0.751854732632637,0.10570721
USA_08269000,9,0.012088667,0.057293154,0.7315687537193298,0.10994847
USA_08269000,10,0.012258508,0.059327703,0.7278454601764679,0.110718146
USA_08271000,1,0.014911332,0.0734999,0.9670156724750996,0.12211197
USA_08271000,2,0.020297535,0.07900812,0.9550955332815647,0.14246942
USA_08271000,3,0.03475383,0.09742757,0.9230857938528061,0.1864238
USA_08271000,4,0.050334577,0.11434059,0.8885653242468834,0.22435369
USA_08271000,5,0.065334536,0.12939753,0.8553669303655624,0.2556062
USA_08271000,6,0.07885344,0.14133894,0.8254787772893906,0.28080854
USA_08271000,7,0.089666545,0.15020798,0.8015676587820053,0.29944372
USA_08271000,8,0.09863991,0.15780579,0.7817177623510361,0.31406993
USA_08271000,9,0.10591239,0.16460435,0.7656333446502686,0.32544184
USA_08271000,10,0.11156545,0.1682568,0.7531240731477737,0.33401415
USA_08324000,1,0.00096052786,0.012747175,0.8475621938705444,0.030992383
USA_08324000,2,0.0021730952,0.016114103,0.6551436483860016,0.04661647
USA_08324000,3,0.0028127457,0.019658495,0.5536352097988129,0.053035326
USA_08324000,4,0.00311008,0.021754237,0.5064501762390137,0.05576809
USA_08324000,5,0.0031867789,0.022797368,0.49427855014801025,0.056451563
USA_08324000,6,0.0031786913,0.023438092,0.49556201696395874,0.056379884
USA_08324000,7,0.0032996675,0.024401981,0.4763638377189636,0.057442732
USA_08324000,8,0.0034486982,0.02501516,0.4526844024658203,0.058725618
USA_08324000,9,0.0035545568,0.025585834,0.4358842968940735,0.059620105
USA_08324000,10,0.0037379784,0.026771389,0.40677499771118164,0.06113901
USA_08377900,1,0.06691766,0.058520265,0.8200255781412125,0.2586845
USA_08377900,2,0.11999977,0.07596137,0.6772694289684296,0.34640983
USA_08377900,3,0.16376549,0.09064443,0.5595647692680359,0.40467948
USA_08377900,4,0.19138345,0.10423839,0.4852978587150574,0.43747395
USA_08377900,5,0.2097277,0.11537106,0.43597930669784546,0.45796037
USA_08377900,6,0.2224486,0.12437323,0.4017813205718994,0.47164458
USA_08377900,7,0.23198842,0.1335737,0.37612640857696533,0.48165175
USA_08377900,8,0.2392156,0.14190774,0.3567039966583252,0.4890967
USA_08377900,9,0.24469262,0.15022409,0.3419894576072693,0.49466416
USA_08377900,10,0.24911219,0.15640506,0.3301190137863159,0.4991114
USA_08378500,1,0.036401678,0.044188045,0.7475502490997314,0.19079223
USA_08378500,2,0.04828701,0.053269766,0.6651318967342377,0.21974306
USA_08378500,3,0.06246626,0.06184779,0.5668201148509979,0.24993251
USA_08378500,4,0.07032757,0.06972293,0.5123268663883209,0.26519346
USA_08378500,5,0.075625196,0.07640703,0.4755914807319641,0.27500036
USA_08378500,6,0.07956731,0.08253107,0.44828200340270996,0.28207678
USA_08378500,7,0.08274856,0.08761094,0.4262365698814392,0.2876605
USA_08378500,8,0.085131206,0.09273471,0.40971577167510986,0.2917725
USA_08378500,9,0.0869214,0.09748906,0.39732998609542847,0.29482436
USA_08378500,10,0.08810399,0.100953035,0.38915807008743286,0.29682314
USA_08380500,1,0.35980916,0.050457194,0.3381935954093933,0.59984094
USA_08380500,2,0.45044085,0.06301817,0.1714819073677063,0.6711489
USA_08380500,3,0.5026467,0.07120133,0.0754426121711731,0.7089758
USA_08380500,4,0.52384293,0.078035355,0.03644078969955444,0.72376996
USA_08380500,5,0.5341673,0.08245537,0.017436563968658447,0.7308675
USA_08380500,6,0.53889495,0.08564278,0.00872713327407837,0.7340946
USA_08380500,7,0.5418421,0.08850811,0.0032935738563537598,0.73609924
USA_08380500,8,0.5431466,0.090967886,0.0008816719055175781,0.7369848
USA_08380500,9,0.54365295,0.09396393,-6.198883056640625e-05,0.73732823
USA_08380500,10,0.5440525,0.0965637,-0.0008108615875244141,0.73759913
USA_09034900,1,0.1263503,0.16114467,0.9821014106273651,0.35545787
USA_09034900,2,0.31998846,0.22878824,0.9546650946140289,0.5656752
USA_09034900,3,0.47433907,0.27697027,0.9327884614467621,0.6887228
USA_09034900,4,0.58775514,0.30995634,0.916702002286911,0.7666519
USA_09034900,5,0.67270094,0.33096072,0.9046479538083076,0.82018346
USA_09034900,6,0.7470148,0.35765362,0.8940995037555695,0.8643002
USA_09034900,7,0.84700394,0.3841178,0.8799085021018982,0.92032814
USA_09034900,8,0.9636165,0.3989295,0.8633579313755035,0.9816397
USA_09034900,9,1.0791446,0.41656703,0.8469565659761429,1.0388188
USA_09034900,10,1.1917326,0.43330917,0.8309688419103622,1.091665
USA_09035800,1,0.044422597,0.0957453,0.9833444394171238,0.21076669
USA_09035800,2,0.08527506,0.12005359,0.9680260755121708,0.29201895
USA_09035800,3,0.14440686,0.14878777,0.945852242410183,0.38000903
USA_09035800,4,0.19507116,0.17071928,0.9268516004085541,0.4416686
USA_09035800,5,0.23602551,0.18920676,0.9114904627203941,0.48582456
USA_09035800,6,0.27414334,0.20863314,0.8971922397613525,0.523587
USA_09035800,7,0.30860436,0.22292934,0.8842636123299599,0.5555217
USA_09035800,8,0.33812803,0.23247962,0.873185470700264,0.5814878
USA_09035800,9,0.36748597,0.24337538,0.8621727228164673,0.60620624
USA_09035800,10,0.39562273,0.25625685,0.8516169190406799,0.62898546
USA_09035900,1,0.03768951,0.08935486,0.9877061657607555,0.19413787
USA_09035900,2,0.078214996,0.11882801,0.9744855463504791,0.27966943
USA_09035900,3,0.13927443,0.15127176,0.9545649252831936,0.3731949
USA_09035900,4,0.20944403,0.17617857,0.9316699877381325,0.45765054
USA_09035900,5,0.27835387,0.20135505,0.9091850891709328,0.52759254
USA_09035900,6,0.33012322,0.21949005,0.8922909200191498,0.5745635
USA_09035900,7,0.3853854,0.2332482,0.874255821108818,0.6207942
USA_09035900,8,0.43624026,0.24437949,0.8576574474573135,0.66048485
USA_09035900,9,0.47359574,0.2517171,0.8454644083976746,0.68818295
USA_09035900,10,0.50536466,0.25407523,0.8350936621427536,0.71089005
USA_09047700,1,0.016097836,0.050197553,0.9802531823515892,0.12687725
USA_09047700,2,0.03986975,0.0646505,0.9510908015072346,0.19967411
USA_09047700,3,0.066818796,0.08318018,0.9180262833833694,0.25849333
USA_09047700,4,0.09162969,0.099534474,0.8875726535916328,0.30270398
USA_09047700,5,0.113203876,0.1163041,0.8610934764146805,0.33645785
USA_09047700,6,0.13166828,0.12959194,0.8384251147508621,0.36286125
USA_09047700,7,0.15588526,0.13860933,0.8086937665939331,0.39482307
USA_09047700,8,0.18166824,0.14589335,0.7770361751317978,0.42622557
USA_09047700,9,0.20304264,0.15162915,0.7507844567298889,0.45060253
USA_09047700,10,0.21906595,0.15515645,0.7310972511768341,0.46804482
USA_09065500,1,0.121065855,0.16471587,0.9828601852059364,0.34794518
USA_09065500,2,0.3472854,0.24880826,0.9508279860019684,0.5893093
USA_09065500,3,0.60768354,0.32176924,0.9139524772763252,0.7795406
USA_09065500,4,0.8177456,0.374258,0.8842003867030144,0.9042929
USA_09065500,5,0.9312089,0.40417162,0.8681259602308273,0.9649917
USA_09065500,6,0.9689774,0.422262,0.8627663105726242,0.9843665
USA_09065500,7,0.97699594,0.433247,0.8616200089454651,0.98843104
USA_09065500,8,0.982182,0.44417438,0.8608703911304474,0.99105096
USA_09065500,9,0.97247833,0.44045946,0.862231120467186,0.9861432
USA_09065500,10,0.94447786,0.43012115,0.8661840409040451,0.9718425
USA_09066000,1,0.06298202,0.10437837,0.9871181529015303,0.2509622
USA_09066000,2,0.1447832,0.1429615,0.9703869204968214,0.38050386
USA_09066000,3,0.270621,0.18663153,0.9446489848196507,0.5202125
USA_09066000,4,0.4318226,0.23216686,0.9116784259676933,0.6571321
USA_09066000,5,0.5774469,0.26849693,0.8818950802087784,0.75989926
USA_09066000,6,0.6975911,0.29985216,0.8573224544525146,0.8352192
USA_09066000,7,0.8383001,0.3267621,0.828537181019783,0.9155873
USA_09066000,8,0.9806201,0.34467873,0.7994168847799301,0.9902626
USA_09066000,9,1.1025159,0.36167634,0.7744699418544769,1.0500076
USA_09066000,10,1.2014922,0.3718853,0.7542109042406082,1.096126
USA_09066200,1,0.15731983,0.17382626,0.974808307364583,0.39663565
USA_09066200,2,0.42929903,0.26012003,0.931254006922245,0.6552091
USA_09066200,3,0.7401076,0.34161904,0.8814781457185745,0.86029506
USA_09066200,4,0.9998405,0.4054078,0.8398777395486832,0.99992025
USA_09066200,5,1.1635162,0.43757975,0.813657283782959,1.0786641
USA_09066200,6,1.273803,0.46198076,0.7959847748279572,1.1286288
USA_09066200,7,1.3455043,0.48064166,0.7844844609498978,1.1599587
USA_09066200,8,1.381225,0.49432,0.7787381410598755,1.1752553
USA_09066200,9,1.376537,0.49512395,0.7794609665870667,1.1732591
USA_09066200,10,1.310164,0.4855487,0.7900667041540146,1.144624
USA_09066300,1,0.026081631,0.07472213,0.9862204985693097,0.16149808
USA_09066300,2,0.051296983,0.089866206,0.972896920517087,0.22648837
USA_09066300,3,0.09237731,0.117731035,0.9511887207627296,0.30393636
USA_09066300,4,0.122836664,0.13592918,0.9350897520780563,0.35048062
USA_09066300,5,0.14805546,0.15080412,0.9217582941055298,0.38477975
USA_09066300,6,0.1598662,0.16175525,0.9155118763446808,0.39983273
USA_09066300,7,0.1756714,0.17156939,0.9071507453918457,0.41913173
USA_09066300,8,0.1904025,0.18104918,0.8993543088436127,0.43635133
USA_09066300,9,0.20584099,0.1845059,0.8911822587251663,0.45369703
USA_09066300,10,0.21472935,0.1886232,0.8864726424217224,0.46338898
USA_09081600,1,0.04797156,0.113856964,0.9859675085172057,0.2190241
USA_09081600,2,0.12958278,0.16630344,0.9620929583907127,0.35997608
USA_09081600,3,0.24269755,0.22375418,0.9290029108524323,0.49264345
USA_09081600,4,0.34158176,0.2665687,0.900068923830986,0.58444995
USA_09081600,5,0.41781393,0.2914695,0.8777608498930931,0.64638525
USA_09081600,6,0.48504645,0.31238702,0.8580867648124695,0.69645274
USA_09081600,7,0.51830524,0.3234085,0.8483568876981735,0.71993417
USA_09081600,8,0.52763045,0.32928059,0.8456216901540756,0.7263818
USA_09081600,9,0.5134539,0.32822737,0.849761888384819,0.71655697
USA_09081600,10,0.47985494,0.31920472,0.8595905750989914,0.69271564
USA_09107000,1,0.010100302,0.05742246,0.9847028674557805,0.10050026
USA_09107000,2,0.023945993,0.080635734,0.963727630674839,0.15474492
USA_09107000,3,0.04311397,0.10249925,0.9346868172287941,0.20763904
USA_09107000,4,0.0632641,0.12304246,0.9041415974497795,0.25152355
USA_09107000,5,0.08163167,0.14161384,0.876289926469326,0.28571257
USA_09107000,6,0.09781881,0.15546086,0.8517384380102158,0.31276
USA_09107000,7,0.11239924,0.16760354,0.8296253681182861,0.33525997
USA_09107000,8,0.1241738,0.17748082,0.8117488473653793,0.35238302
USA_09107000,9,0.13233705,0.18378545,0.7993418723344803,0.3637816
USA_09107000,10,0.13662526,0.18711573,0.7928199172019958,0.36962855
USA_09210500,1,0.0065560117,0.036387704,0.9698984362185001,0.0809692
USA_09210500,2,0.011129036,0.047835838,0.948900081217289,0.105494246
USA_09210500,3,0.016472328,0.05804456,0.9243658930063248,0.12834457
USA_09210500,4,0.02201184,0.06727328,0.8989307656884193,0.14836387
USA_09210500,5,0.026883567,0.07477473,0.8765637651085854,0.1639621
USA_09210500,6,0.030384425,0.078839965,0.8604940474033356,0.1743113
USA_09210500,7,0.033169452,0.08056455,0.847709521651268,0.18212482
USA_09210500,8,0.035474643,0.08330896,0.8371257036924362,0.18834713
USA_09210500,9,0.03760752,0.08651916,0.8273362219333649,0.19392659
USA_09210500,10,0.03973253,0.09000977,0.8175867199897766,0.19933021
USA_09223000,1,0.055434234,0.079828285,0.9553034268319607,0.23544475
USA_09223000,2,0.06547235,0.09597434,0.9472082033753395,0.25587565
USA_09223000,3,0.079562,0.11244322,0.9358460754156113,0.28206736
USA_09223000,4,0.09720073,0.12709972,0.921621635556221,0.31177032
USA_09223000,5,0.11255782,0.13695396,0.9092351794242859,0.33549637
USA_09223000,6,0.1276131,0.14736049,0.8970911651849747,0.35722977
USA_09223000,7,0.13905974,0.15328014,0.887855589389801,0.37290713
USA_09223000,8,0.15019768,0.15848108,0.8788681700825691,0.38755345
USA_09223000,9,0.15708715,0.16346276,0.8733064383268356,0.39634222
USA_09223000,10,0.16412596,0.16877802,0.8676237910985947,0.40512463
USA_09306242,1,3.432883e-05,0.0042437995,0.7158748507499695,0.005859081
USA_09306242,2,3.154212e-05,0.0040203966,0.7389392256736755,0.0056162374
USA_09306242,3,3.7760645e-05,0.0046165497,0.6874711811542511,0.0061449693
USA_09306242,4,4.4616398e-05,0.005133168,0.6307290494441986,0.0066795507
USA_09306242,5,4.9492002e-05,0.005489146,0.5903757512569427,0.007035055
USA_09306242,6,5.4978627e-05,0.00580123,0.5449652075767517,0.0074147573
USA_09306242,7,6.0358725e-05,0.0059931893,0.5004364848136902,0.007769088
USA_09306242,8,6.737197e-05,0.0062495,0.4423908591270447,0.008208043
USA_09306242,9,7.910473e-05,0.006806375,0.3452838063240051,0.008894084
USA_09306242,10,9.1805516e-05,0.0073491954,0.24016469717025757,0.009581519
USA_09312600,1,0.0013555116,0.020529844,0.9222044125199318,0.036817275
USA_09312600,2,0.002872212,0.024828216,0.8352207243442535,0.053593025
USA_09312600,3,0.004619523,0.030531522,0.7353148460388184,0.06796707
USA_09312600,4,0.0062838504,0.035651892,0.6400816738605499,0.07927074
USA_09312600,5,0.0077287243,0.039835475,0.5572939217090607,0.08791316
USA_09312600,6,0.008931578,0.043511223,0.4883822202682495,0.09450702
USA_09312600,7,0.009946225,0.046622902,0.4302613139152527,0.09973077
USA_09312600,8,0.010942338,0.04964608,0.37321609258651733,0.10460563
USA_09312600,9,0.01180042,0.052305225,0.3240872621536255,0.10862973
USA_09312600,10,0.012514827,0.054936457,0.2832227349281311,0.111869685
USA_09352900,1,0.38357654,0.21154764,0.8816501125693321,0.6193356
USA_09352900,2,0.74542737,0.32942566,0.7706814557313919,0.8633814
USA_09352900,3,1.0669469,0.419647,0.6722153127193451,1.0329312
USA_09352900,4,1.3372184,0.49653363,0.5894866585731506,1.1563816
USA_09352900,5,1.5689332,0.5518313,0.5185813307762146,1.2525706
USA_09352900,6,1.7561234,0.60151845,0.46125203371047974,1.325188
USA_09352900,7,1.90127,0.63929945,0.4167027473449707,1.3788655
USA_09352900,8,2.025811,0.67144907,0.3784029483795166,1.4233098
USA_09352900,9,2.1144164,0.697201,0.3510701656341553,1.4541032
USA_09352900,10,2.154022,0.7145623,0.3387641906738281,1.4676586
USA_09378170,1,0.0008303312,0.012436461,0.5433014631271362,0.028815467
USA_09378170,2,0.00072204473,0.012185329,0.6029020845890045,0.02687089
USA_09378170,3,0.00078332215,0.014373078,0.5692460834980011,0.027987894
USA_09378170,4,0.00086474244,0.01621697,0.5245212018489838,0.029406503
USA_09378170,5,0.000985258,0.017643157,0.4583108425140381,0.03138882
USA_09378170,6,0.001065012,0.018659877,0.41452205181121826,0.03263452
USA_09378170,7,0.0011301286,0.019179981,0.37878888845443726,0.033617385
USA_09378170,8,0.0012363037,0.019870706,0.32049643993377686,0.03516111
USA_09378170,9,0.0013852759,0.021168208,0.23869597911834717,0.037219293
USA_09378170,10,0.0015462056,0.022837767,0.15034139156341553,0.03932182
USA_09378630,1,0.00036032745,0.014161185,0.8009301424026489,0.018982293
USA_09378630,2,0.0003839489,0.0137837995,0.7878800183534622,0.019594613
USA_09378630,3,0.00063553377,0.017368933,0.6488870978355408,0.025209796
USA_09378630,4,0.0009211419,0.02087639,0.4910973906517029,0.03035032
USA_09378630,5,0.0011780347,0.023441145,0.3491719365119934,0.03432251
USA_09378630,6,0.0014060041,0.025106207,0.2232258915901184,0.03749672
USA_09378630,7,0.001626009,0.026151681,0.1016799807548523,0.0403238
USA_09378630,8,0.0018985554,0.027599989,-0.04889357089996338,0.043572415
USA_09378630,9,0.002287568,0.029853072,-0.2638111114501953,0.04782853
USA_09378630,10,0.0027176593,0.032393325,-0.5014232397079468,0.052131176
USA_09386900,1,0.00042372057,0.009096634,-0.07947957515716553,0.020584473
USA_09386900,2,0.0005164677,0.008701395,-0.3157641887664795,0.022725927
USA_09386900,3,0.00055466074,0.009549837,-0.4130655527114868,0.023551237
USA_09386900,4,0.00058296794,0.010549138,-0.4851815700531006,0.02414473
USA_09386900,5,0.0006233774,0.011369809,-0.5881295204162598,0.024967527
USA_09386900,6,0.0006529801,0.011973368,-0.663546085357666,0.025553476
USA_09386900,7,0.00066022674,0.012488142,-0.6820077896118164,0.025694877
USA_09386900,8,0.00068333274,0.012604624,-0.7408730983734131,0.026140634
USA_09386900,9,0.00068738987,0.012842745,-0.7512091398239136,0.026218122
USA_09386900,10,0.0007009589,0.013216697,-0.7857778072357178,0.026475629
USA_09404450,1,0.013533173,0.028978497,0.20127379894256592,0.116332166
USA_09404450,2,0.017307833,0.03691313,0.10523808002471924,0.13155924
USA_09404450,3,0.017664285,0.040202722,0.08797675371170044,0.13290706
USA_09404450,4,0.017832808,0.04276993,0.0792229175567627,0.13353954
USA_09404450,5,0.017817928,0.044069573,0.07991170883178711,0.13348381
USA_09404450,6,0.017790232,0.045292698,0.0812981128692627,0.13338003
USA_09404450,7,0.017889332,0.046368185,0.07616347074508667,0.133751
USA_09404450,8,0.018435312,0.047530845,0.04788476228713989,0.1357767
USA_09404450,9,0.018543866,0.04876177,0.04219478368759155,0.13617586
USA_09404450,10,0.018740034,0.04999659,0.03197723627090454,0.13689424
USA_09430500,1,0.06415738,0.029913712,0.4935288429260254,0.25329307
USA_09430500,2,0.08764423,0.037595477,0.30810070037841797,0.2960477
USA_09430500,3,0.100252,0.043492526,0.20857834815979004,0.31662595
USA_09430500,4,0.10826347,0.048020493,0.14534610509872437,0.32903415
USA_09430500,5,0.114057906,0.05134521,0.09961587190628052,0.3377246
USA_09430500,6,0.11855574,0.05421456,0.06412380933761597,0.34431925
USA_09430500,7,0.12151234,0.056831826,0.040798842906951904,0.3485862
USA_09430500,8,0.1236161,0.058663864,0.024206876754760742,0.3515908
USA_09430500,9,0.124933496,0.060220577,0.013816535472869873,0.35345933
USA_09430500,10,0.12546343,0.061758053,0.009637951850891113,0.35420817
USA_09430600,1,6.8538523,0.26641148,0.24608278274536133,2.6179862
USA_09430600,2,8.252303,0.32812318,0.09226137399673462,2.8726823
USA_09430600,3,8.7004385,0.3624938,0.04297339916229248,2.9496505
USA_09430600,4,8.837632,0.38328516,0.027888953685760498,2.9728155
USA_09430600,5,8.911403,0.397706,0.019781947135925293,2.9851973
USA_09430600,6,9.003811,0.4119241,0.009623348712921143,3.0006351
USA_09430600,7,9.081618,0.42041746,0.0010806918144226074,3.0135725
USA_09430600,8,9.116465,0.42558962,-0.0027382373809814453,3.0193484
USA_09430600,9,9.144187,0.42952743,-0.005770564079284668,3.0239358
USA_09430600,10,9.150729,0.43295792,-0.006475567817687988,3.0250173
USA_09447800,1,0.000115705836,0.0050430004,-0.5192375183105469,0.010756665
USA_09447800,2,9.51838e-05,0.0046760566,-0.24901652336120605,0.009756219
USA_09447800,3,9.058245e-05,0.0048277443,-0.18791449069976807,0.009517482
USA_09447800,4,9.2364004e-05,0.005091321,-0.21054542064666748,0.009610619
USA_09447800,5,9.532271e-05,0.005409689,-0.24857044219970703,0.009763335
USA_09447800,6,0.000101184036,0.0056224247,-0.3245497941970825,0.010059028
USA_09447800,7,0.00011044129,0.005932685,-0.4448692798614502,0.010509105
USA_09447800,8,0.00010976302,0.005925224,-0.43514275550842285,0.010476785
USA_09447800,9,0.00010832691,0.005930683,-0.41552841663360596,0.0104080215
USA_09447800,10,0.000110794885,0.0060629216,-0.4469255208969116,0.010525915
USA_09480000,1,0.00041245617,0.0077349893,-0.4877406358718872,0.020309016
USA_09480000,2,0.00037249204,0.006721232,-0.34374356269836426,0.019300053
USA_09480000,3,0.00035015043,0.0068276585,-0.2632938623428345,0.018712306
USA_09480000,4,0.00035070686,0.007470572,-0.2654496431350708,0.018727168
USA_09480000,5,0.0003490126,0.007946935,-0.2594836950302124,0.01868188
USA_09480000,6,0.00034407477,0.008379802,-0.24181067943572998,0.018549252
USA_09480000,7,0.000371752,0.009121502,-0.341860294342041,0.019280871
USA_09480000,8,0.00034361906,0.0091098,-0.24046075344085693,0.018536964
USA_09480000,9,0.00036946466,0.009159099,-0.3339226245880127,0.019221464
USA_09480000,10,0.00037419467,0.009333929,-0.3511631488800049,0.019344112
USA_09484600,1,0.0016294623,0.008922209,-0.012269735336303711,0.0403666
USA_09484600,2,0.0015090478,0.007995517,0.06253522634506226,0.038846463
USA_09484600,3,0.0016052537,0.008289889,0.0027694106101989746,0.040065616
USA_09484600,4,0.0015712181,0.008331671,0.023913264274597168,0.039638594
USA_09484600,5,0.0016033654,0.008613107,0.003942430019378662,0.040042046
USA_09484600,6,0.0016115064,0.0086730225,-0.0011150836944580078,0.04014357
USA_09484600,7,0.0016045505,0.008793117,0.003206193447113037,0.04005684
USA_09484600,8,0.001606523,0.008816137,0.001980900764465332,0.040081453
USA_09484600,9,0.0016170922,0.008800883,-0.0045850276947021484,0.040213086
USA_09484600,10,0.0015972041,0.008733181,0.007770061492919922,0.039965037
USA_09492400,1,0.017291123,0.057493348,0.9135520532727242,0.13149571
USA_09492400,2,0.033086404,0.07555808,0.8345459550619125,0.18189669
USA_09492400,3,0.045195155,0.094996355,0.7739438861608505,0.21259151
USA_09492400,4,0.05497583,0.1129408,0.7249636948108673,0.23446925
USA_09492400,5,0.061527517,0.12734641,0.6921321153640747,0.24804741
USA_09492400,6,0.06635772,0.13896564,0.6679109036922455,0.25759992
USA_09492400,7,0.07090551,0.14820775,0.6451141536235809,0.2662809
USA_09492400,8,0.07393286,0.15558368,0.6299285590648651,0.27190596
USA_09492400,9,0.07691109,0.16238074,0.6149494349956512,0.2773285
USA_09492400,10,0.08035867,0.16885178,0.5975995063781738,0.28347605
USA_09494000,1,0.0017998563,0.022206774,0.8711075931787491,0.042424712
USA_09494000,2,0.00296731,0.0283922,0.7874768376350403,0.05447302
USA_09494000,3,0.003780028,0.03423877,0.7292426824569702,0.061481934
USA_09494000,4,0.004551813,0.038882066,0.673960953950882,0.06746712
USA_09494000,5,0.0052125384,0.04214908,0.6266084015369415,0.072197914
USA_09494000,6,0.0057318546,0.045028687,0.5894306898117065,0.075709015
USA_09494000,7,0.0062763323,0.047930416,0.5505413711071014,0.079223305
USA_09494000,8,0.0067405766,0.050203826,0.5173226296901703,0.08210102
USA_09494000,9,0.007100945,0.052617617,0.4915453791618347,0.0842671
USA_09494000,10,0.007439851,0.055271037,0.46727848052978516,0.08625457
USA_09497800,1,0.0096613625,0.024645306,0.10645526647567749,0.09829223
USA_09497800,2,0.010561536,0.028968746,0.023229479789733887,0.10276934
USA_09497800,3,0.010850831,0.030781167,-0.0034966468811035156,0.10416732
USA_09497800,4,0.010629628,0.031779893,0.016988635063171387,0.103100084
USA_09497800,5,0.010429245,0.03206555,0.035547614097595215,0.10212368
USA_09497800,6,0.01049072,0.03309896,0.02990126609802246,0.10242422
USA_09497800,7,0.010538571,0.034371726,0.025515198707580566,0.10265754
USA_09497800,8,0.01074126,0.035296917,0.006801307201385498,0.10364005
USA_09497800,9,0.010616464,0.035961915,0.01836872100830078,0.103036225
USA_09497800,10,0.010783786,0.03682638,0.002926170825958252,0.10384501
USA_09497980,1,0.043882594,0.03761982,0.5151116847991943,0.20948173
USA_09497980,2,0.07115861,0.047557905,0.21372783184051514,0.2667557
USA_09497980,3,0.081857905,0.05490229,0.09551370143890381,0.2861082
USA_09497980,4,0.08719797,0.060387366,0.03651773929595947,0.29529303
USA_09497980,5,0.090439446,0.06384309,0.0007105469703674316,0.3007315
USA_09497980,6,0.09171269,0.06620013,-0.01334846019744873,0.30284104
USA_09497980,7,0.09213681,0.068528906,-0.01802527904510498,0.30354047
USA_09497980,8,0.09216324,0.06979986,-0.018307805061340332,0.303584
USA_09497980,9,0.092182495,0.07076446,-0.018511176109313965,0.3036157
USA_09497980,10,0.09161639,0.071583085,-0.012256503105163574,0.302682
USA_09505350,1,0.51795834,0.0843811,0.36302340030670166,0.71969324
USA_09505350,2,0.73241085,0.10504043,0.0992932915687561,0.85581005
USA_09505350,3,0.77980775,0.11879811,0.04100543260574341,0.88306725
USA_09505350,4,0.79059094,0.12883697,0.02774447202682495,0.8891518
USA_09505350,5,0.79837006,0.13620076,0.01817786693572998,0.8935156
USA_09505350,6,0.8055664,0.14165537,0.009335160255432129,0.8975335
USA_09505350,7,0.8102288,0.14612043,0.003615081310272217,0.9001271
USA_09505350,8,0.81398785,0.14880638,-0.000998377799987793,0.90221274
USA_09505350,9,0.81634295,0.151048,-0.003887176513671875,0.903517
USA_09505350,10,0.8173544,0.15265621,-0.005123496055603027,0.9040765
USA_09505800,1,0.036122445,0.034308232,0.4312553405761719,0.19005905
USA_09505800,2,0.052327067,0.042569377,0.17612433433532715,0.22875111
USA_09505800,3,0.05731269,0.048066773,0.09763717651367188,0.23940068
USA_09505800,4,0.059327554,0.053180456,0.06592452526092529,0.24357249
USA_09505800,5,0.0605865,0.057099797,0.046113789081573486,0.24614325
USA_09505800,6,0.061581645,0.05973383,0.030457019805908203,0.24815649
USA_09505800,7,0.06274766,0.06214565,0.012110292911529541,0.25049484
USA_09505800,8,0.06347691,0.06397668,0.0006402730941772461,0.25194624
USA_09505800,9,0.064692624,0.065709345,-0.018487930297851562,0.25434744
USA_09505800,10,0.06548357,0.06728303,-0.03094029426574707,0.25589758
USA_09508300,1,0.8215872,0.09891632,0.5038227736949921,0.90641445
USA_09508300,2,1.3536061,0.13532464,0.18252849578857422,1.1634458
USA_09508300,3,1.5680127,0.15267597,0.030933022499084473,1.2522031
USA_09508300,4,1.5897844,0.16562387,0.009239256381988525,1.2608665
USA_09508300,5,1.598115,0.17630087,0.001940906047821045,1.2641658
USA_09508300,6,1.6020148,0.18419792,-0.0009984970092773438,1.2657073
USA_09508300,7,1.6044003,0.1906088,-0.0026853084564208984,1.2666492
USA_09508300,8,1.6003,0.19435728,-0.0004042387008666992,1.2650297
USA_09508300,9,1.5915738,0.19586907,0.003627777099609375,1.2615759
USA_09508300,10,1.5810204,0.19595775,0.009510695934295654,1.2573863
USA_09510200,1,0.12808028,0.0476031,0.43609046936035156,0.35788307
USA_09510200,2,0.20055358,0.05775172,0.11701017618179321,0.44783208
USA_09510200,3,0.22103152,0.06178728,0.026855051517486572,0.4701399
USA_09510200,4,0.22587965,0.065896705,0.005514383316040039,0.47526798
USA_09510200,5,0.22749138,0.06881576,-0.001577138900756836,0.47696057
USA_09510200,6,0.22780614,0.07136097,-0.002958536148071289,0.47729042
USA_09510200,7,0.2284692,0.07373904,-0.005873203277587891,0.47798452
USA_09510200,8,0.22812012,0.07481012,-0.004331827163696289,0.47761923
USA_09510200,9,0.22715732,0.07538888,-8.869171142578125e-05,0.47661024
USA_09510200,10,0.22616501,0.0757466,0.00428462028503418,0.4755681
USA_09512280,1,0.21716589,0.030449701,0.00420689582824707,0.4660106
USA_09512280,2,0.2190634,0.033688147,-0.0044939517974853516,0.4680421
USA_09512280,3,0.21931037,0.035085984,-0.0056264400482177734,0.46830586
USA_09512280,4,0.219015,0.036120236,-0.004271984100341797,0.4679904
USA_09512280,5,0.21899696,0.036735084,-0.004189252853393555,0.46797112
USA_09512280,6,0.21939479,0.037023526,-0.00601351261138916,0.46839598
USA_09512280,7,0.21896456,0.037361015,-0.004040718078613281,0.4679365
USA_09512280,8,0.21907228,0.037312046,-0.004534721374511719,0.46805158
USA_09512280,9,0.2190882,0.0373357,-0.004607677459716797,0.46806857
USA_09512280,10,0.21900302,0.03749253,-0.0042171478271484375,0.46797758
USA_09513780,1,1.163549,0.05794222,0.02992802858352661,1.0786792
USA_09513780,2,1.1916052,0.06642611,0.006536245346069336,1.0916067
USA_09513780,3,1.200624,0.07029304,-0.0009828805923461914,1.09573
USA_09513780,4,1.2018765,0.07346902,-0.002027153968811035,1.0963013
USA_09513780,5,1.2019464,0.0754181,-0.002085447311401367,1.0963331
USA_09513780,6,1.2024823,0.0768831,-0.0025322437286376953,1.0965775
USA_09513780,7,1.2002785,0.07813721,-0.0006948709487915039,1.0955722
USA_09513780,8,1.204077,0.07805309,-0.003863215446472168,1.0973045
USA_09513780,9,1.2040818,0.077949665,-0.00386810302734375,1.0973066
USA_09513780,10,1.2035314,0.07808299,-0.0034102201461791992,1.0970558
USA_10023000,1,0.00023072722,0.010797292,0.9658878706395626,0.015189708
USA_10023000,2,0.00036086008,0.012505795,0.9464626312255859,0.018996317
USA_10023000,3,0.00045251494,0.013878872,0.932595431804657,0.021272399
USA_10023000,4,0.00053345883,0.01531108,0.9202170521020889,0.023096727
USA_10023000,5,0.0006133718,0.016765948,0.9078914150595665,0.024766345
USA_10023000,6,0.0006824813,0.017987803,0.8970920369029045,0.026124343
USA_10023000,7,0.00074974867,0.018849827,0.8864804580807686,0.02738154
USA_10023000,8,0.0008449721,0.019914225,0.8715278208255768,0.029068403
USA_10023000,9,0.00095454947,0.021109963,0.8542861789464951,0.030895784
USA_10023000,10,0.0010659087,0.022259362,0.8366688042879105,0.032648258
USA_10166430,1,0.000122466,0.00765238,0.8201559782028198,0.011066436
USA_10166430,2,0.00014528312,0.007509262,0.7866507023572922,0.012053344
USA_10166430,3,0.00018792681,0.00817949,0.7240306735038757,0.01370864
USA_10166430,4,0.00022809234,0.008884157,0.6651926338672638,0.015102726
USA_10166430,5,0.00025537534,0.009328281,0.625306099653244,0.015980467
USA_10166430,6,0.00027592864,0.009692128,0.5953226387500763,0.0166111
USA_10166430,7,0.00029039718,0.010148064,0.5742837190628052,0.017041044
USA_10166430,8,0.00030668243,0.010436376,0.550599604845047,0.017512351
USA_10166430,9,0.00033407248,0.011150487,0.5104628205299377,0.018277649
USA_10166430,10,0.0003675343,0.011885336,0.4614262580871582,0.019171184
USA_10172700,1,0.00034896482,0.009405354,0.705630362033844,0.0186806
USA_10172700,2,0.00057656143,0.01029704,0.5125681161880493,0.024011694
USA_10172700,3,0.0007584539,0.011313704,0.35736846923828125,0.027540041
USA_10172700,4,0.0008261173,0.01200788,0.2984693646430969,0.028742256
USA_10172700,5,0.00081209914,0.01238849,0.3088158965110779,0.028497353
USA_10172700,6,0.00080129714,0.0128984805,0.3164573907852173,0.028307192
USA_10172700,7,0.00079249823,0.013512654,0.32241231203079224,0.028151345
USA_10172700,8,0.0007708343,0.013789529,0.3394113779067993,0.027763903
USA_10172700,9,0.00075085694,0.014230675,0.35503220558166504,0.02740177
USA_10172700,10,0.00074440904,0.0146014895,0.3590691089630127,0.02728386
USA_10172800,1,0.016648268,0.07569295,0.976659256964922,0.12902817
USA_10172800,2,0.02624288,0.08896757,0.9632148146629333,0.16199654
USA_10172800,3,0.040469397,0.10565962,0.9432858377695084,0.20117007
USA_10172800,4,0.05639812,0.12152599,0.920978493988514,0.23748289
USA_10172800,5,0.07384214,0.1390842,0.8965600207448006,0.2717391
USA_10172800,6,0.08845964,0.15323696,0.87611473351717,0.29742166
USA_10172800,7,0.1009404,0.16594413,0.8586671501398087,0.31771117
USA_10172800,8,0.11176246,0.1745799,0.8435539752244949,0.33430892
USA_10172800,9,0.121898316,0.1823025,0.8294086754322052,0.3491394
USA_10172800,10,0.13382483,0.19066916,0.8127651810646057,0.36582077
USA_10173450,1,0.0023520852,0.032518454,0.9700859431177378,0.048498303
USA_10173450,2,0.0040190844,0.038668294,0.9488930404186249,0.06339625
USA_10173450,3,0.0068647955,0.04672832,0.9127240404486656,0.08285406
USA_10173450,4,0.010332368,0.054613244,0.8686701357364655,0.101648256
USA_10173450,5,0.01376884,0.062349148,0.8250320702791214,0.1173407
USA_10173450,6,0.01723466,0.06904637,0.7809843868017197,0.13128084
USA_10173450,7,0.02075839,0.07451001,0.7364258766174316,0.14407772
USA_10173450,8,0.023961928,0.07984272,0.6960038244724274,0.1547964
USA_10173450,9,0.026759077,0.084831044,0.6607636511325836,0.16358201
USA_10173450,10,0.029292742,0.08914514,0.628713995218277,0.17115122
USA_10205030,1,0.0006234157,0.015790317,0.9674130752682686,0.024968294
USA_10205030,2,0.0010116267,0.017168527,0.9471242055296898,0.031806078
USA_10205030,3,0.0015804704,0.02082048,0.9174013733863831,0.03975513
USA_10205030,4,0.0021394454,0.0244846,0.888201080262661,0.04625414
USA_10205030,5,0.0026250682,0.027866146,0.8628333061933517,0.05123542
USA_10205030,6,0.0029868819,0.030227728,0.8439453691244125,0.054652374
USA_10205030,7,0.0032839575,0.03175622,0.8284436017274857,0.057305824
USA_10205030,8,0.0034864857,0.032355327,0.8178839087486267,0.05904647
USA_10205030,9,0.0036188578,0.033038106,0.810990646481514,0.06015694
USA_10205030,10,0.0037382888,0.03449242,0.8047809153795242,0.061141547
USA_10234500,1,0.0027405103,0.031750977,0.9661290161311626,0.052349884
USA_10234500,2,0.0042652963,0.035015337,0.9472873993217945,0.065309234
USA_10234500,3,0.006582343,0.042743452,0.9186580553650856,0.08113164
USA_10234500,4,0.00882193,0.049494077,0.8909934759140015,0.093925126
USA_10234500,5,0.01057726,0.0548136,0.8693134486675262,0.1028458
USA_10234500,6,0.011608739,0.05755468,0.8565839529037476,0.10774386
USA_10234500,7,0.012189867,0.059053324,0.849426195025444,0.11040773
USA_10234500,8,0.012507026,0.060020044,0.8455256968736649,0.11183482
USA_10234500,9,0.012518588,0.06039374,0.8453946709632874,0.1118865
USA_10234500,10,0.012110046,0.061045125,0.8504516184329987,0.11004566
USA_10242000,1,0.007835903,0.041828398,0.8949978277087212,0.08852064
USA_10242000,2,0.013303366,0.05477632,0.8217614740133286,0.11534022
USA_10242000,3,0.018491598,0.06482981,0.752276211977005,0.13598381
USA_10242000,4,0.022390418,0.07276303,0.7001262307167053,0.14963429
USA_10242000,5,0.025170507,0.07753624,0.6629729568958282,0.15865216
USA_10242000,6,0.027510857,0.081300974,0.6317117214202881,0.16586398
USA_10242000,7,0.029557478,0.08366001,0.6043946743011475,0.17192288
USA_10242000,8,0.03127891,0.08483492,0.5814402401447296,0.17685844
USA_10242000,9,0.03256009,0.087918214,0.5643695890903473,0.18044415
USA_10242000,10,0.03394771,0.091744974,0.5458762645721436,0.18424904
USA_10244950,1,0.00066683994,0.020270677,0.8918389230966568,0.025823245
USA_10244950,2,0.0005714767,0.018244004,0.9070296660065651,0.023905579
USA_10244950,3,0.0007132481,0.020520728,0.883628748357296,0.026706705
USA_10244950,4,0.000839808,0.022311002,0.8625977635383606,0.028979441
USA_10244950,5,0.0009114098,0.023253484,0.8504645377397537,0.030189564
USA_10244950,6,0.0009822495,0.023854522,0.8383866399526596,0.03134086
USA_10244950,7,0.001009513,0.02387736,0.8334286212921143,0.031772833
USA_10244950,8,0.0010439347,0.023959778,0.8273080438375473,0.03230998
USA_10244950,9,0.0011372841,0.025222346,0.8114064931869507,0.03372364
USA_10244950,10,0.0012760608,0.026993483,0.7877804338932037,0.035721995
USA_10249300,1,0.00033285207,0.014696598,0.778581440448761,0.018244233
USA_10249300,2,0.00038207954,0.015487442,0.7458345293998718,0.019546855
USA_10249300,3,0.00046571772,0.017135452,0.6901896893978119,0.021580493
USA_10249300,4,0.0005537784,0.018558769,0.6315444707870483,0.023532497
USA_10249300,5,0.00060498854,0.019530378,0.5972889065742493,0.024596514
USA_10249300,6,0.0006545085,0.020279357,0.5641274750232697,0.025583364
USA_10249300,7,0.00068543496,0.020631742,0.543323278427124,0.026180813
USA_10249300,8,0.00069085945,0.020627609,0.5394982397556305,0.026284205
USA_10249300,9,0.00074647216,0.021300066,0.502200186252594,0.027321642
USA_10249300,10,0.00083437347,0.022498243,0.4430973529815674,0.028885523
USA_10258000,1,0.00593145,0.021317376,0.25797879695892334,0.07701591
USA_10258000,2,0.0050269677,0.022351306,0.3710349202156067,0.07090111
USA_10258000,3,0.0049116383,0.024999673,0.38537245988845825,0.07008308
USA_10258000,4,0.004970231,0.02793689,0.3779466152191162,0.07049987
USA_10258000,5,0.005328194,0.030705107,0.3330448865890503,0.07299448
USA_10258000,6,0.0054583997,0.033283915,0.31664299964904785,0.073880985
USA_10258000,7,0.005604703,0.035037853,0.2980661988258362,0.07486457
USA_10258000,8,0.005618748,0.035886712,0.29582470655441284,0.07495831
USA_10258000,9,0.005781046,0.0375284,0.2753753066062927,0.07603319
USA_10258000,10,0.0061336863,0.039611764,0.23077571392059326,0.07831785
USA_10258500,1,0.0010014575,0.008810857,-0.38871145248413086,0.031645812
USA_10258500,2,0.0008765509,0.007971535,-0.21541452407836914,0.029606603
USA_10258500,3,0.000803502,0.008231952,-0.11404263973236084,0.02834611
USA_10258500,4,0.000732117,0.008610991,-0.015068531036376953,0.02705766
USA_10258500,5,0.00083241286,0.009418356,-0.15404152870178223,0.028851567
USA_10258500,6,0.0008367445,0.009800548,-0.16004681587219238,0.028926536
USA_10258500,7,0.0008512689,0.010243992,-0.18009650707244873,0.029176513
USA_10258500,8,0.0008369469,0.01021885,-0.16032731533050537,0.028930034
USA_10258500,9,0.00081978936,0.0102163935,-0.13662493228912354,0.028631965
USA_10258500,10,0.00091413764,0.010498783,-0.2675318717956543,0.03023471
USA_10259000,1,0.012515603,0.028097525,0.32048797607421875,0.11187316
USA_10259000,2,0.016538644,0.032340385,0.10208255052566528,0.12860265
USA_10259000,3,0.016327962,0.03599541,0.11353880167007446,0.12778091
USA_10259000,4,0.016031729,0.038293812,0.12960386276245117,0.12661646
USA_10259000,5,0.016126368,0.03983752,0.1244657039642334,0.12698963
USA_10259000,6,0.016833527,0.041672587,0.08607268333435059,0.12974408
USA_10259000,7,0.016933471,0.043598976,0.08050459623336792,0.13012867
USA_10259000,8,0.017025813,0.044788852,0.075175940990448,0.130483
USA_10259000,9,0.017101968,0.04718929,0.07112538814544678,0.1307745
USA_10259000,10,0.017544106,0.049745727,0.047199547290802,0.13245417
USA_10259200,1,0.0005295595,0.009256505,-0.3323993682861328,0.02301216
USA_10259200,2,0.0005261973,0.009372712,-0.3239400386810303,0.022938991
USA_10259200,3,0.0005308331,0.009894268,-0.33560407161712646,0.023039816
USA_10259200,4,0.00053685677,0.010091452,-0.3507598638534546,0.02317017
USA_10259200,5,0.0005367737,0.010251412,-0.35055088996887207,0.023168378
USA_10259200,6,0.00053694355,0.009718386,-0.35097837448120117,0.023172043
USA_10259200,7,0.00050829694,0.0090694865,-0.27890193462371826,0.022545442
USA_10259200,8,0.0005081578,0.008995695,-0.27873682975769043,0.022542356
USA_10259200,9,0.00051036366,0.0091219265,-0.2844740152359009,0.02259123
USA_10259200,10,0.00051903905,0.009361983,-0.3064984083175659,0.022782428
USA_10263500,1,0.02569151,0.037773766,0.24955564737319946,0.16028571
USA_10263500,2,0.027503619,0.038568713,0.19640910625457764,0.16584215
USA_10263500,3,0.02959064,0.046318967,0.13519775867462158,0.1720193
USA_10263500,4,0.031122362,0.052005224,0.09018409252166748,0.17641531
USA_10263500,5,0.032185126,0.055533692,0.058856308460235596,0.17940213
USA_10263500,6,0.033085324,0.058602974,0.03226393461227417,0.18189372
USA_10263500,7,0.033589404,0.0611026,0.017243802547454834,0.18327412
USA_10263500,8,0.034169108,0.06350837,-5.960464477539062e-07,0.18484887
USA_10263500,9,0.03474047,0.06735681,-0.017013072967529297,0.18638796
USA_10263500,10,0.035899375,0.07149451,-0.05132472515106201,0.1894713
USA_10310500,1,0.0038287246,0.020760125,0.7006451487541199,0.06187669
USA_10310500,2,0.004566496,0.022979697,0.6422274708747864,0.06757585
USA_10310500,3,0.004940532,0.026249755,0.6122177541255951,0.07028892
USA_10310500,4,0.0054319208,0.029792842,0.5728688836097717,0.07370157
USA_10310500,5,0.0057114405,0.031862777,0.5500590205192566,0.07557407
USA_10310500,6,0.006129232,0.034149844,0.5162555277347565,0.07828941
USA_10310500,7,0.0064649154,0.036557097,0.4889288544654846,0.0804047
USA_10310500,8,0.006715635,0.03850707,0.4681222438812256,0.08194898
USA_10310500,9,0.0068463557,0.040261872,0.45675748586654663,0.082742706
USA_10310500,10,0.006762233,0.041933835,0.4624413847923279,0.082232796
USA_10316500,1,0.07213219,0.124341816,0.9783385843038559,0.26857436
USA_10316500,2,0.14133382,0.1533632,0.9575559385120869,0.3759439
USA_10316500,3,0.24045783,0.196104,0.9277857393026352,0.490365
USA_10316500,4,0.32778957,0.23405552,0.9015552997589111,0.5725291
USA_10316500,5,0.39583218,0.25801566,0.8811165392398834,0.62915194
USA_10316500,6,0.4531816,0.27759448,0.8638882040977478,0.6731876
USA_10316500,7,0.49311545,0.28863344,0.8518896847963333,0.7022218
USA_10316500,8,0.5192925,0.2982355,0.8440225273370743,0.7206195
USA_10316500,9,0.5508428,0.3129984,0.8345408886671066,0.74218786
USA_10316500,10,0.5938525,0.32895887,0.82161645591259,0.77061826
USA_10329500,1,0.0005790276,0.014655965,0.8655228316783905,0.024062991
USA_10329500,2,0.0007792117,0.016611166,0.8191140294075012,0.027914364
USA_10329500,3,0.0010754005,0.018968578,0.7503951042890549,0.0327933
USA_10329500,4,0.0013225767,0.021326317,0.6931049823760986,0.03636725
USA_10329500,5,0.0014758077,0.022673223,0.6576011180877686,0.038416244
USA_10329500,6,0.0015757749,0.023767153,0.6345036625862122,0.03969603
USA_10329500,7,0.0016734103,0.024783643,0.6119167506694794,0.04090734
USA_10329500,8,0.001762541,0.025575118,0.5913088023662567,0.04198263
USA_10329500,9,0.0018703894,0.02649009,0.5663675963878632,0.043247998
USA_10329500,10,0.002028431,0.02755668,0.5297989249229431,0.045038108
USA_10336645,1,0.8158207,0.2260555,0.8341725617647171,0.9032279
USA_10336645,2,0.9041218,0.30592936,0.8162310272455215,0.9508532
USA_10336645,3,1.1916071,0.36820668,0.7578067928552628,1.0916076
USA_10336645,4,1.4621905,0.4331004,0.7028221487998962,1.2092108
USA_10336645,5,1.7199479,0.47783595,0.6504482626914978,1.3114679
USA_10336645,6,1.8976929,0.5124678,0.6143407225608826,1.3775678
USA_10336645,7,2.0322149,0.536108,0.5870198607444763,1.4255577
USA_10336645,8,2.172133,0.5625851,0.5586029887199402,1.4738158
USA_10336645,9,2.2689326,0.59086454,0.5389517843723297,1.5062976
USA_10336645,10,2.366447,0.6150037,0.5191608965396881,1.538326
USA_10336660,1,2.5078487,0.33151102,0.6497690379619598,1.5836189
USA_10336660,2,1.7784603,0.3604426,0.7516417801380157,1.3335892
USA_10336660,3,2.2230666,0.40374878,0.6895668804645538,1.4909952
USA_10336660,4,2.5018394,0.46936008,0.6506563425064087,1.5817204
USA_10336660,5,2.7712336,0.5284704,0.6130592823028564,1.6647023
USA_10336660,6,2.9524086,0.57277447,0.5877832472324371,1.7182574
USA_10336660,7,3.199561,0.6200578,0.5532983541488647,1.7887317
USA_10336660,8,3.4389277,0.6514575,0.5199112296104431,1.8544346
USA_10336660,9,3.5795476,0.68461114,0.5003132522106171,1.8919692
USA_10336660,10,3.665835,0.704049,0.4883038401603699,1.914637
USA_10336740,1,0.0022878319,0.02339576,0.9776077140122652,0.047831286
USA_10336740,2,0.005341475,0.03335825,0.9477200023829937,0.0730854
USA_10336740,3,0.008678345,0.04102284,0.9150574952363968,0.093157634
USA_10336740,4,0.011308193,0.04630093,0.889311321079731,0.10633999
USA_10336740,5,0.012885796,0.049199436,0.8738628029823303,0.11351562
USA_10336740,6,0.01402177,0.051506873,0.8627331852912903,0.11841355
USA_10336740,7,0.014735821,0.053662423,0.8557326942682266,0.12139119
USA_10336740,8,0.015622117,0.055989865,0.8470413684844971,0.12498847
USA_10336740,9,0.016207421,0.058493126,0.8412956893444061,0.12730837
USA_10336740,10,0.01690415,0.060284257,0.8344577997922897,0.13001595
USA_10343500,1,0.119075954,0.087805204,0.6743296980857849,0.34507385
USA_10343500,2,0.105233565,0.10308254,0.7122037708759308,0.32439724
USA_10343500,3,0.12590666,0.1175085,0.6556841433048248,0.35483328
USA_10343500,4,0.14410476,0.13257085,0.6059437990188599,0.37961134
USA_10343500,5,0.1587952,0.14410569,0.5658121407032013,0.39849114
USA_10343500,6,0.17200097,0.15470211,0.5297467112541199,0.41473
USA_10343500,7,0.184881,0.16473992,0.4945818781852722,0.4299779
USA_10343500,8,0.19961847,0.17428601,0.4543464779853821,0.44678682
USA_10343500,9,0.20650858,0.1834303,0.4355738162994385,0.45443216
USA_10343500,10,0.21296963,0.19150075,0.4179818034172058,0.46148634
USA_10348850,1,0.16849767,0.15833971,0.9341542422771454,0.41048467
USA_10348850,2,0.3006537,0.21323256,0.8824960887432098,0.548319
USA_10348850,3,0.42313424,0.255976,0.8346128761768341,0.6504877
USA_10348850,4,0.53373283,0.29545593,0.7913628965616226,0.7305702
USA_10348850,5,0.6461087,0.3327922,0.7474046945571899,0.80380887
USA_10348850,6,0.7234975,0.36162177,0.7171156704425812,0.8505866
USA_10348850,7,0.8031879,0.3847469,0.685920774936676,0.8962075
USA_10348850,8,0.87044626,0.3978384,0.6595807373523712,0.9329771
USA_10348850,9,0.9157576,0.40281278,0.6418204009532928,0.9569522
USA_10348850,10,0.95095056,0.4063964,0.6280159652233124,0.9751669
USA_10396000,1,0.0233691,0.059655607,0.816503182053566,0.15286955
USA_10396000,2,0.040502492,0.079269074,0.681989461183548,0.20125231
USA_10396000,3,0.050901856,0.09509091,0.6004681587219238,0.2256144
USA_10396000,4,0.05556333,0.105493434,0.5640079081058502,0.23571876
USA_10396000,5,0.057564147,0.110794336,0.5484274923801422,0.2399253
USA_10396000,6,0.059338197,0.114718065,0.5346651375293732,0.24359433
USA_10396000,7,0.060967833,0.11771889,0.5219886302947998,0.24691665
USA_10396000,8,0.062726796,0.12150106,0.5083037912845612,0.25045317
USA_10396000,9,0.0643568,0.12474978,0.49564236402511597,0.25368643
USA_10396000,10,0.065754145,0.12697333,0.48479318618774414,0.2564257
USA_11098000,1,0.15651196,0.058083486,0.20208388566970825,0.39561594
USA_11098000,2,0.188997,0.06942546,0.03653299808502197,0.43473786
USA_11098000,3,0.18983942,0.07703967,0.032299816608428955,0.43570566
USA_11098000,4,0.18903928,0.08153809,0.036451637744903564,0.43478647
USA_11098000,5,0.18866263,0.08367414,0.03814488649368286,0.4343531
USA_11098000,6,0.18837333,0.086180925,0.039415717124938965,0.43401995
USA_11098000,7,0.18849725,0.08856635,0.03881150484085083,0.4341627
USA_11098000,8,0.18823901,0.08879282,0.04018127918243408,0.4338652
USA_11098000,9,0.18842754,0.08960138,0.03927290439605713,0.43408242
USA_11098000,10,0.19029437,0.091022335,0.029807567596435547,0.43622744
USA_11124500,1,0.014106396,0.024251517,0.1782335638999939,0.118770346
USA_11124500,2,0.017889572,0.027890783,-0.04212343692779541,0.1337519
USA_11124500,3,0.01783612,0.031197028,-0.0389782190322876,0.13355194
USA_11124500,4,0.017783808,0.03446677,-0.035899996757507324,0.13335595
USA_11124500,5,0.01762725,0.036312073,-0.02675008773803711,0.13276766
USA_11124500,6,0.017651865,0.037812226,-0.028153657913208008,0.13286032
USA_11124500,7,0.017739918,0.0386719,-0.03328096866607666,0.13319129
USA_11124500,8,0.017738027,0.038885612,-0.03316962718963623,0.13318418
USA_11124500,9,0.01773513,0.039323926,-0.03299999237060547,0.1331733
USA_11124500,10,0.017738141,0.040694397,-0.03314638137817383,0.13318461
USA_11141280,1,0.012044107,0.027652074,0.23783594369888306,0.109745644
USA_11141280,2,0.012225575,0.030067608,0.22600167989730835,0.11056932
USA_11141280,3,0.013653486,0.034393046,0.13511192798614502,0.11684813
USA_11141280,4,0.014023981,0.03814634,0.11123758554458618,0.11842289
USA_11141280,5,0.014122443,0.040230874,0.10448884963989258,0.118837886
USA_11141280,6,0.014202194,0.042457245,0.09902763366699219,0.11917296
USA_11141280,7,0.014177761,0.044099852,0.10017281770706177,0.1190704
USA_11141280,8,0.014460968,0.0453238,0.08178412914276123,0.120253764
USA_11141280,9,0.014765491,0.047245912,0.06202352046966553,0.12151334
USA_11141280,10,0.015103917,0.049029116,0.04008936882019043,0.12289799
USA_11143000,1,2.083905,0.25737244,0.43214160203933716,1.4435737
USA_11143000,2,2.0051394,0.305719,0.4540550708770752,1.4160295
USA_11143000,3,2.6515572,0.3462548,0.278462290763855,1.6283603
USA_11143000,4,2.891356,0.3827348,0.21351373195648193,1.7003988
USA_11143000,5,3.0180256,0.41194484,0.17927539348602295,1.7372465
USA_11143000,6,3.0316036,0.43423113,0.17573726177215576,1.74115
USA_11143000,7,3.0374157,0.45671034,0.17425966262817383,1.7428184
USA_11143000,8,3.1077135,0.4742571,0.15522319078445435,1.7628708
USA_11143000,9,3.1604836,0.48798186,0.14093279838562012,1.7777749
USA_11143000,10,3.165457,0.49617827,0.13961684703826904,1.7791731
USA_11148900,1,0.5984474,0.1297498,0.5659065544605255,0.7735938
USA_11148900,2,0.89402956,0.17329772,0.3516696095466614,0.94553137
USA_11148900,3,1.2248985,0.20449601,0.11184710264205933,1.1067513
USA_11148900,4,1.2852879,0.22506712,0.06812542676925659,1.1337054
USA_11148900,5,1.2934467,0.23659328,0.06224477291107178,1.137298
USA_11148900,6,1.3007616,0.24452461,0.05695539712905884,1.1405094
USA_11148900,7,1.3073066,0.25331944,0.05221682786941528,1.1433752
USA_11148900,8,1.3323119,0.26158002,0.034088075160980225,1.1542581
USA_11148900,9,1.3520603,0.2695517,0.01976609230041504,1.1627812
USA_11148900,10,1.3492137,0.27316248,0.02182060480117798,1.1615566
USA_11151300,1,0.00026579527,0.007767128,0.333748996257782,0.016303228
USA_11151300,2,0.00052574807,0.0077547147,-0.31787538528442383,0.022929197
USA_11151300,3,0.000573695,0.008479326,-0.43808257579803467,0.02395193
USA_11151300,4,0.0005943582,0.009453322,-0.48990094661712646,0.024379462
USA_11151300,5,0.00061590614,0.010170875,-0.5439391136169434,0.024817456
USA_11151300,6,0.00062996143,0.010811025,-0.5791974067687988,0.025099032
USA_11151300,7,0.00062543,0.011428471,-0.5678631067276001,0.025008598
USA_11151300,8,0.0006361944,0.011444836,-0.5948739051818848,0.025222896
USA_11151300,9,0.00063927,0.011561442,-0.6026111841201782,0.02528379
USA_11151300,10,0.0006454828,0.0118955355,-0.61821448802948,0.025406353
USA_11162500,1,1.8780025,0.20231113,0.26830053329467773,1.3704023
USA_11162500,2,2.0042415,0.24255337,0.2193446159362793,1.4157124
USA_11162500,3,2.2480822,0.2631386,0.12450695037841797,1.4993606
USA_11162500,4,2.318881,0.2826606,0.09701395034790039,1.5227872
USA_11162500,5,2.3646574,0.3009945,0.07922160625457764,1.5377443
USA_11162500,6,2.387283,0.31961885,0.07043302059173584,1.5450835
USA_11162500,7,2.414201,0.3342944,0.05996066331863403,1.55377
USA_11162500,8,2.4067671,0.3409605,0.06285113096237183,1.5513759
USA_11162500,9,2.4102206,0.3455213,0.061495959758758545,1.5524886
USA_11162500,10,2.414901,0.34956643,0.05965787172317505,1.5539951
USA_11176400,1,0.03867221,0.04102694,0.6875281929969788,0.1966525
USA_11176400,2,0.10327587,0.053425033,0.1660330891609192,0.32136562
USA_11176400,3,0.11043884,0.05787147,0.10840874910354614,0.3323234
USA_11176400,4,0.11254349,0.06223811,0.09151095151901245,0.33547503
USA_11176400,5,0.11534182,0.067180194,0.06896394491195679,0.3396201
USA_11176400,6,0.11879041,0.0712377,0.04114419221878052,0.34465984
USA_11176400,7,0.12073986,0.07458772,0.0254133939743042,0.34747642
USA_11176400,8,0.12256396,0.07671798,0.010687112808227539,0.35009137
USA_11176400,9,0.12354435,0.07846806,0.0027680397033691406,0.35148877
USA_11176400,10,0.12558073,0.08069331,-0.013675570487976074,0.35437372
USA_11180500,1,0.40598604,0.09317541,0.3426528573036194,0.6371703
USA_11180500,2,0.51506746,0.11314322,0.1665477752685547,0.717682
USA_11180500,3,0.5655878,0.11978779,0.08513373136520386,0.7520557
USA_11180500,4,0.5797669,0.12976132,0.06242191791534424,0.7614243
USA_11180500,5,0.5881793,0.13820595,0.048895061016082764,0.7669285
USA_11180500,6,0.59661067,0.14407644,0.03528439998626709,0.77240574
USA_11180500,7,0.6045569,0.14839981,0.0224418044090271,0.7775326
USA_11180500,8,0.6001685,0.15077925,0.029530763626098633,0.77470547
USA_11180500,9,0.59913623,0.1529777,0.031183362007141113,0.7740389
USA_11180500,10,0.6083855,0.15466183,0.0162084698677063,0.77999073
USA_11180960,1,0.9123755,0.13560337,0.09952521324157715,0.9551835
USA_11180960,2,0.807872,0.13747971,0.20266807079315186,0.898817
USA_11180960,3,0.91521895,0.14521714,0.0967245101928711,0.95667076
USA_11180960,4,0.97488743,0.15940957,0.0378376841545105,0.9873639
USA_11180960,5,0.98104554,0.16689737,0.03176313638687134,0.99047744
USA_11180960,6,0.97766083,0.17334448,0.0351065993309021,0.9887673
USA_11180960,7,0.97934437,0.17887324,0.033448100090026855,0.9896183
USA_11180960,8,0.9738349,0.1807101,0.03888869285583496,0.9868307
USA_11180960,9,0.9765411,0.18248294,0.03622078895568848,0.98820096
USA_11180960,10,0.9691921,0.18294999,0.043476879596710205,0.98447555
USA_11224500,1,0.00017155467,0.008465509,-11.88557243347168,0.013097888
USA_11224500,2,0.00014664173,0.0069278227,-10.087736129760742,0.012109572
USA_11224500,3,0.00014505573,0.0070270495,-10.041537284851074,0.012043908
USA_11224500,4,0.00015539111,0.0076538892,-10.908468246459961,0.012465597
USA_11224500,5,0.00016745662,0.008238194,-11.920914649963379,0.012940503
USA_11224500,6,0.00018750549,0.008793277,-13.567752838134766,0.013693265
USA_11224500,7,0.0002138448,0.009475931,-15.729843139648438,0.014623433
USA_11224500,8,0.0002166967,0.009465636,-16.07211685180664,0.0147206215
USA_11224500,9,0.00021825456,0.009555542,-16.316814422607422,0.014773441
USA_11224500,10,0.00022735921,0.00990214,-17.16832733154297,0.015078436
USA_11230500,1,0.04426754,0.11329223,0.9731908161193132,0.21039852
USA_11230500,2,0.10870167,0.15786289,0.934183344244957,0.32969937
USA_11230500,3,0.19173756,0.20515102,0.8839342147111893,0.4378785
USA_11230500,4,0.27012008,0.24485713,0.8365313708782196,0.5197308
USA_11230500,5,0.33032358,0.27489322,0.8001548647880554,0.57473785
USA_11230500,6,0.36305052,0.29586193,0.7804150730371475,0.60253674
USA_11230500,7,0.37253708,0.30426857,0.7747365683317184,0.6103582
USA_11230500,8,0.37357286,0.30473992,0.7741605192422867,0.61120605
USA_11230500,9,0.37459233,0.304037,0.7735883295536041,0.6120395
USA_11230500,10,0.38294804,0.31062424,0.7685851454734802,0.61882794
USA_11237500,1,0.102145426,0.10889491,0.9417711906135082,0.31960198
USA_11237500,2,0.13209955,0.13775678,0.9247008040547371,0.36345503
USA_11237500,3,0.16238837,0.1631891,0.9074425101280212,0.4029744
USA_11237500,4,0.22595471,0.1881672,0.8712222427129745,0.47534695
USA_11237500,5,0.2725884,0.21509643,0.8446609079837799,0.5221
USA_11237500,6,0.31228882,0.238868,0.8220549076795578,0.55882806
USA_11237500,7,0.37880388,0.2598275,0.7841747105121613,0.61547047
USA_11237500,8,0.44555146,0.27678686,0.7461662590503693,0.6674964
USA_11237500,9,0.47761485,0.29232463,0.7279209196567535,0.69109684
USA_11237500,10,0.5194288,0.30391586,0.7041243314743042,0.7207141
USA_11253310,1,0.0004300518,0.009445548,-0.44191670417785645,0.02073769
USA_11253310,2,0.00047318995,0.007990206,-0.586861252784729,0.02175293
USA_11253310,3,0.0004564454,0.008048375,-0.5310045480728149,0.021364583
USA_11253310,4,0.0004524841,0.008533463,-0.5180131196975708,0.021271674
USA_11253310,5,0.0004602857,0.009082331,-0.5444875955581665,0.021454269
USA_11253310,6,0.00046759404,0.009510591,-0.5693182945251465,0.021623923
USA_11253310,7,0.0004813143,0.01000018,-0.61568284034729,0.021938875
USA_11253310,8,0.000489057,0.010095733,-0.6419978141784668,0.022114633
USA_11253310,9,0.00049763493,0.010302192,-0.6711282730102539,0.022307733
USA_11253310,10,0.0005079078,0.010662715,-0.7059650421142578,0.02253681
USA_11264500,1,0.067532316,0.12054165,0.9728985615074635,0.2598698
USA_11264500,2,0.13937151,0.16922219,0.9440687224268913,0.37332493
USA_11264500,3,0.27825892,0.23005491,0.888331726193428,0.52750254
USA_11264500,4,0.43170565,0.27874103,0.8267547637224197,0.6570431
USA_11264500,5,0.56575984,0.31980714,0.7729711681604385,0.7521701
USA_11264500,6,0.6669352,0.35341954,0.732383668422699,0.816661
USA_11264500,7,0.73352385,0.37422025,0.7056792676448822,0.8564601
USA_11264500,8,0.7808449,0.38830385,0.68671053647995,0.8836543
USA_11264500,9,0.8136338,0.3922505,0.6735784113407135,0.9020165
USA_11264500,10,0.8473612,0.39721587,0.6600802540779114,0.9205223
USA_11266500,1,0.064223215,0.111537226,0.9717843718826771,0.253423
USA_11266500,2,0.087182336,0.14204739,0.9616977907717228,0.29526654
USA_11266500,3,0.14954026,0.1874076,0.9343018010258675,0.38670436
USA_11266500,4,0.23334917,0.22578394,0.897482767701149,0.4830623
USA_11266500,5,0.31237915,0.25714308,0.8627727031707764,0.5589089
USA_11266500,6,0.38090453,0.28739014,0.8326804935932159,0.6171746
USA_11266500,7,0.44297174,0.31149122,0.8054321110248566,0.6655612
USA_11266500,8,0.48926708,0.32733664,0.7851133197546005,0.6994763
USA_11266500,9,0.52576613,0.33521405,0.7691012173891068,0.7250973
USA_11266500,10,0.55423105,0.34318393,0.7566273212432861,0.74446696
USA_11274500,1,0.07494194,0.025690254,0.2887572646141052,0.27375525
USA_11274500,2,0.10450627,0.026406111,0.008174538612365723,0.32327428
USA_11274500,3,0.10511298,0.028010676,0.002416551113128662,0.32421133
USA_11274500,4,0.10573002,0.03021443,-0.003439664840698242,0.32516152
USA_11274500,5,0.10609147,0.031808943,-0.0068700313568115234,0.32571685
USA_11274500,6,0.10578437,0.033368085,-0.003955483436584473,0.32524508
USA_11274500,7,0.10544207,0.03489466,-0.0007069110870361328,0.32471845
USA_11274500,8,0.10558297,0.03505818,-0.0020439624786376953,0.32493532
USA_11274500,9,0.10573569,0.035251852,-0.0034934282302856445,0.32517025
USA_11274500,10,0.10588166,0.035775594,-0.0048787593841552734,0.32539463
USA_11274630,1,0.005704208,0.016912375,0.4665752053260803,0.07552621
USA_11274630,2,0.010929003,0.017755458,-0.022017717361450195,0.104541875
USA_11274630,3,0.010856483,0.018544894,-0.0152360200881958,0.10419445
USA_11274630,4,0.011161866,0.020465702,-0.043793678283691406,0.10564973
USA_11274630,5,0.011343728,0.021866444,-0.06080031394958496,0.106506936
USA_11274630,6,0.011328072,0.023074819,-0.059336304664611816,0.106433414
USA_11274630,7,0.011320229,0.024196628,-0.05860280990600586,0.10639656
USA_11274630,8,0.0113554085,0.024489019,-0.06189262866973877,0.10656176
USA_11274630,9,0.011402327,0.02475686,-0.06628012657165527,0.10678168
USA_11274630,10,0.011430532,0.025222383,-0.06891787052154541,0.10691366
USA_11284400,1,0.2685373,0.080161855,0.5151089429855347,0.5182059
USA_11284400,2,0.43854517,0.100833766,0.2081431746482849,0.66222745
USA_11284400,3,0.5021573,0.11275278,0.0932990312576294,0.70863056
USA_11284400,4,0.51102614,0.123463966,0.07730227708816528,0.7148609
USA_11284400,5,0.51065403,0.13022721,0.07796704769134521,0.7146006
USA_11284400,6,0.50992435,0.13573292,0.07929134368896484,0.7140899
USA_11284400,7,0.5171639,0.1403751,0.06623154878616333,0.71914107
USA_11284400,8,0.52534133,0.14425015,0.05148273706436157,0.72480434
USA_11284400,9,0.52597475,0.14580895,0.050358712673187256,0.7252412
USA_11284400,10,0.5254146,0.14563432,0.05138981342315674,0.7248549
USA_11299600,1,0.6904331,0.114354044,0.09677332639694214,0.830923
USA_11299600,2,0.630756,0.124748744,0.17483288049697876,0.7942015
USA_11299600,3,0.6970205,0.12901238,0.08812958002090454,0.8348775
USA_11299600,4,0.7208302,0.13878155,0.05696451663970947,0.8490172
USA_11299600,5,0.7336202,0.14584188,0.04023009538650513,0.85651636
USA_11299600,6,0.73789966,0.15014866,0.034627556800842285,0.8590109
USA_11299600,7,0.7449168,0.15607491,0.02544081211090088,0.8630856
USA_11299600,8,0.7482617,0.15979959,0.021055936813354492,0.8650212
USA_11299600,9,0.74611485,0.16260558,0.023854553699493408,0.8637794
USA_11299600,10,0.7476388,0.16430722,0.02185213565826416,0.8646611
USA_11381500,1,2.5689363,0.30283546,0.4961113929748535,1.6027901
USA_11381500,2,3.30762,0.41694334,0.35183417797088623,1.8186864
USA_11381500,3,3.7386408,0.4725357,0.2677115797996521,1.9335566
USA_11381500,4,3.9802752,0.5142517,0.22060739994049072,1.9950627
USA_11381500,5,4.084831,0.54190385,0.2002221941947937,2.0210965
USA_11381500,6,4.25636,0.5743466,0.1666504144668579,2.0630949
USA_11381500,7,4.346723,0.6000204,0.14893943071365356,2.0848796
USA_11381500,8,4.401718,0.61725676,0.1381322741508484,2.0980272
USA_11381500,9,4.4119453,0.62330127,0.13608300685882568,2.1004632
USA_11381500,10,4.3867126,0.62269694,0.14097684621810913,2.094448
USA_11383500,1,0.79238635,0.16816108,0.6418478190898895,0.89016086
USA_11383500,2,1.135465,0.24701336,0.4868226647377014,1.065582
USA_11383500,3,1.4807413,0.2936052,0.33083075284957886,1.2168571
USA_11383500,4,1.6553105,0.32734004,0.2520062327384949,1.2865887
USA_11383500,5,1.7643626,0.35243076,0.20280534029006958,1.3282931
USA_11383500,6,1.8392107,0.37584832,0.16908478736877441,1.3561751
USA_11383500,7,1.8792244,0.3915902,0.1510835886001587,1.3708481
USA_11383500,8,1.8935467,0.40049285,0.1446790099143982,1.376062
USA_11383500,9,1.8820734,0.405945,0.14992785453796387,1.3718868
USA_11383500,10,1.8569249,0.40930352,0.16135364770889282,1.3626903
USA_11451100,1,9.918707,0.46509734,-0.019488811492919922,3.1493979
USA_11451100,2,6.5369396,0.5076859,0.32869720458984375,2.5567439
USA_11451100,3,7.4164577,0.54913825,0.23878103494644165,2.7233174
USA_11451100,4,8.097315,0.6114584,0.16914242506027222,2.8455782
USA_11451100,5,8.431553,0.6508737,0.13499116897583008,2.9037137
USA_11451100,6,8.670631,0.6930361,0.11054736375808716,2.9445937
USA_11451100,7,8.816778,0.7302168,0.09559375047683716,2.969306
USA_11451100,8,8.870046,0.7523761,0.09014260768890381,2.9782622
USA_11451100,9,8.989208,0.76505136,0.0779159665107727,2.998201
USA_11451100,10,8.995262,0.77038044,0.07728183269500732,2.9992104
USA_11468500,1,1.2584907,0.25050116,0.8103905469179153,1.1218247
USA_11468500,2,3.0362833,0.40052345,0.54255011677742,1.7424934
USA_11468500,3,3.8184876,0.48842373,0.42471110820770264,1.9540951
USA_11468500,4,4.588471,0.5694097,0.30871397256851196,2.1420717
USA_11468500,5,5.1696844,0.63377064,0.22116029262542725,2.273694
USA_11468500,6,5.486612,0.6803072,0.1734226942062378,2.3423517
USA_11468500,7,5.677269,0.71797067,0.14470499753952026,2.382702
USA_11468500,8,5.7991204,0.7430261,0.1263495683670044,2.4081364
USA_11468500,9,5.845983,0.7577544,0.11928242444992065,2.4178467
USA_11468500,10,5.7918015,0.762625,0.12745052576065063,2.4066162
USA_11473900,1,3.6142485,0.37521434,0.46826308965682983,1.9011177
USA_11473900,2,3.4017313,0.46951106,0.49954622983932495,1.8443782
USA_11473900,3,3.9049258,0.52500564,0.42553722858428955,1.9760885
USA_11473900,4,4.621218,0.6110512,0.3201811909675598,2.1497018
USA_11473900,5,5.063277,0.66047436,0.2551719546318054,2.2501726
USA_11473900,6,5.354693,0.70455045,0.21230781078338623,2.3140209
USA_11473900,7,5.598303,0.7463027,0.17637652158737183,2.3660734
USA_11473900,8,5.742618,0.7730558,0.15509498119354248,2.3963761
USA_11473900,9,5.7399273,0.78516805,0.15547537803649902,2.3958144
USA_11473900,10,5.6467686,0.7873424,0.1691797375679016,2.376293
USA_11475560,1,12.937633,0.7143356,0.6094377636909485,3.596892
USA_11475560,2,14.146684,0.85890377,0.5740441083908081,3.7612078
USA_11475560,3,16.559374,1.0138263,0.5020999908447266,4.069321
USA_11475560,4,20.181555,1.187931,0.3936695456504822,4.4923887
USA_11475560,5,22.911243,1.3007276,0.3119505047798157,4.786569
USA_11475560,6,24.334942,1.3892212,0.26937049627304077,4.933046
USA_11475560,7,25.415718,1.4860867,0.23701781034469604,5.0414004
USA_11475560,8,26.269053,1.554868,0.21147054433822632,5.1253343
USA_11475560,9,26.618486,1.6043199,0.2010260820388794,5.159311
USA_11475560,10,26.792492,1.6395731,0.19583290815353394,5.1761465
USA_11476600,1,15.040163,0.72101444,0.6836817264556885,3.878165
USA_11476600,2,21.875084,0.94287986,0.5399419069290161,4.6770806
USA_11476600,3,28.97415,1.1369383,0.3906617760658264,5.3827643
USA_11476600,4,34.460743,1.2959213,0.27529269456863403,5.8703275
USA_11476600,5,38.00771,1.4223524,0.2007707953453064,6.165039
USA_11476600,6,39.492973,1.5191213,0.169547438621521,6.2843437
USA_11476600,7,40.46156,1.6084689,0.14923828840255737,6.36094
USA_11476600,8,41.102203,1.6642925,0.135844886302948,6.4111
USA_11476600,9,41.134495,1.7016853,0.13523316383361816,6.413618
USA_11476600,10,41.094204,1.7306983,0.13613855838775635,6.410476
USA_11478500,1,12.512111,0.715338,0.624250739812851,3.5372462
USA_11478500,2,18.1548,1.0556118,0.4548225402832031,4.260845
USA_11478500,3,21.11601,1.2121233,0.3659251928329468,4.5952163
USA_11478500,4,24.369955,1.3585591,0.2682421803474426,4.9365935
USA_11478500,5,26.527523,1.4694598,0.20348525047302246,5.1504874
USA_11478500,6,27.447788,1.5562928,0.17588138580322266,5.2390637
USA_11478500,7,28.31419,1.6310235,0.14989137649536133,5.321108
USA_11478500,8,28.69657,1.6783024,0.138416588306427,5.356918
USA_11478500,9,28.566656,1.6926054,0.14232385158538818,5.3447785
USA_11478500,10,28.327604,1.7003477,0.14946985244750977,5.322368
USA_11480390,1,3.3869753,0.39831463,0.7247541546821594,1.8403736
USA_11480390,2,5.542423,0.55536324,0.5495957732200623,2.3542352
USA_11480390,3,6.5537596,0.67771256,0.4674168825149536,2.5600312
USA_11480390,4,8.010062,0.7885088,0.349079966545105,2.8302054
USA_11480390,5,8.981288,0.85976017,0.27016401290893555,2.9968798
USA_11480390,6,9.497635,0.9191677,0.22820770740509033,3.0818233
USA_11480390,7,9.916545,0.9667162,0.19416797161102295,3.1490545
USA_11480390,8,10.214132,1.0024441,0.16995346546173096,3.1959555
USA_11480390,9,10.229313,1.0273894,0.168620765209198,3.1983297
USA_11480390,10,10.227362,1.0441753,0.1687244176864624,3.1980247
USA_11481200,1,6.4747286,0.69602376,0.6999143958091736,2.5445487
USA_11481200,2,12.401588,0.95384383,0.42516666650772095,3.5215888
USA_11481200,3,14.718825,1.111659,0.31771349906921387,3.836512
USA_11481200,4,16.272972,1.2327926,0.2456321120262146,4.033977
USA_11481200,5,17.073328,1.3179121,0.2085004448890686,4.1319885
USA_11481200,6,17.482018,1.3833022,0.18962538242340088,4.1811504
USA_11481200,7,18.223495,1.4400253,0.15515440702438354,4.2688985
USA_11481200,8,18.677822,1.4661369,0.1339954137802124,4.3217845
USA_11481200,9,18.649971,1.4835819,0.1352187991142273,4.318561
USA_11481200,10,18.540865,1.4973506,0.14022701978683472,4.3059106
USA_11482500,1,3.46297,0.5020982,0.8189034461975098,1.8609056
USA_11482500,2,6.30982,0.70885396,0.6700220704078674,2.5119355
USA_11482500,3,8.954009,0.8960186,0.5317245721817017,2.992325
USA_11482500,4,10.846832,1.0353576,0.43273401260375977,3.293453
USA_11482500,5,12.042348,1.1386064,0.3701171875,3.4702086
USA_11482500,6,12.827576,1.2277249,0.3289414644241333,3.5815606
USA_11482500,7,13.6713505,1.3095412,0.2846904993057251,3.697479
USA_11482500,8,14.323654,1.367293,0.2504968047142029,3.7846603
USA_11482500,9,14.511497,1.3964188,0.24056285619735718,3.8093958
USA_11482500,10,14.5200615,1.4094679,0.24005001783370972,3.81052
USA_11522500,1,0.93414503,0.306106,0.8265287578105927,0.9665118
USA_11522500,2,1.8124225,0.44546086,0.6652311682701111,1.3462625
USA_11522500,3,2.1410923,0.53234345,0.6056163311004639,1.4632472
USA_11522500,4,2.5799644,0.5962448,0.5255841314792633,1.6062268
USA_11522500,5,2.859895,0.63437957,0.4745931625366211,1.6911224
USA_11522500,6,2.955876,0.65817404,0.4572499990463257,1.7192662
USA_11522500,7,3.1116295,0.6856531,0.4288322329521179,1.7639811
USA_11522500,8,3.1956651,0.7038896,0.41351330280303955,1.7876424
USA_11522500,9,3.256165,0.7183889,0.402468740940094,1.8044847
USA_11522500,10,3.2485101,0.7248373,0.4038998484611511,1.8023623
USA_11523200,1,0.96278805,0.26210782,0.8652453422546387,0.9812176
USA_11523200,2,1.8703345,0.39028013,0.7382467687129974,1.3676018
USA_11523200,3,2.3164113,0.47326452,0.6758484542369843,1.5219761
USA_11523200,4,2.7504194,0.53848535,0.6151416003704071,1.6584388
USA_11523200,5,3.05493,0.573001,0.5724707841873169,1.7478358
USA_11523200,6,3.086782,0.6064497,0.568009078502655,1.756924
USA_11523200,7,3.1288443,0.6315161,0.5621389448642731,1.7688539
USA_11523200,8,3.2192852,0.65089417,0.5495072901248932,1.7942367
USA_11523200,9,3.2639563,0.6719205,0.5432875752449036,1.8066423
USA_11523200,10,3.3214061,0.6864886,0.535285472869873,1.8224726
USA_11528700,1,0.74377984,0.21114212,0.72360759973526,0.8624267
USA_11528700,2,0.8760836,0.26519033,0.6752598583698273,0.9359934
USA_11528700,3,1.0197965,0.30922326,0.6225023567676544,1.0098498
USA_11528700,4,1.2698965,0.35417992,0.5303336381912231,1.1268969
USA_11528700,5,1.5041344,0.3897474,0.443961501121521,1.2264316
USA_11528700,6,1.62892,0.41379333,0.39798563718795776,1.2762915
USA_11528700,7,1.7069417,0.4366775,0.3692432641983032,1.3064998
USA_11528700,8,1.7603863,0.45254865,0.34954726696014404,1.3267956
USA_11528700,9,1.7840008,0.46608332,0.3408483862876892,1.3356649
USA_11528700,10,1.7828664,0.4737673,0.34127211570739746,1.3352402
USA_11532500,1,31.470839,1.3915504,0.6778833270072937,5.6098876
USA_11532500,2,50.910522,1.9914951,0.47897714376449585,7.135161
USA_11532500,3,65.81292,2.3958077,0.32649320363998413,8.112516
USA_11532500,4,74.46009,2.6908672,0.23804700374603271,8.629026
USA_11532500,5,78.47121,2.8485303,0.1970641016960144,8.8583975
USA_11532500,6,80.271095,2.976623,0.1787077784538269,8.959414
USA_11532500,7,82.68338,3.0772355,0.15408450365066528,9.09304
USA_11532500,8,84.36365,3.1400282,0.13688766956329346,9.184969
USA_11532500,9,84.512566,3.1825485,0.13530182838439941,9.193071
USA_11532500,10,84.898315,3.1937778,0.13133221864700317,9.214028
USA_12010000,1,34.254322,2.0435846,0.6595662534236908,5.8527193
USA_12010000,2,44.02976,2.6332304,0.5627943575382233,6.6354923
USA_12010000,3,58.678238,3.2715356,0.41764724254608154,7.660172
USA_12010000,4,68.65826,3.725565,0.31881433725357056,8.286028
USA_12010000,5,75.70581,3.983224,0.24897485971450806,8.700909
USA_12010000,6,79.49238,4.1635113,0.21149009466171265,8.91585
USA_12010000,7,82.05869,4.2994967,0.18617284297943115,9.058625
USA_12010000,8,84.03783,4.401243,0.16658341884613037,9.167214
USA_12010000,9,86.19123,4.4500685,0.14522027969360352,9.283923
USA_12010000,10,87.0392,4.4864197,0.13678103685379028,9.32948
USA_12013500,1,13.340174,1.252782,0.7445635795593262,3.6524203
USA_12013500,2,21.575306,1.6576359,0.5844117403030396,4.6449227
USA_12013500,3,29.405994,2.0819902,0.4311710596084595,5.4227295
USA_12013500,4,34.334026,2.3757932,0.3346099853515625,5.8595243
USA_12013500,5,38.48495,2.5770364,0.26051223278045654,6.2036242
USA_12013500,6,41.13939,2.7281272,0.22236651182174683,6.4139996
USA_12013500,7,42.453384,2.8334079,0.19979923963546753,6.515626
USA_12013500,8,43.466434,2.9182692,0.18132811784744263,6.592908
USA_12013500,9,44.746357,2.9893465,0.15737038850784302,6.689272
USA_12013500,10,45.424896,3.0303652,0.1446477770805359,6.7397995
USA_12020000,1,21.158417,1.3196452,0.5967624485492706,4.599828
USA_12020000,2,27.122519,1.7667141,0.4820548892021179,5.2079287
USA_12020000,3,33.434067,2.1665764,0.3630596995353699,5.78222
USA_12020000,4,38.329395,2.4217126,0.2728751301765442,6.191074
USA_12020000,5,41.37668,2.5690658,0.21465939283370972,6.432471
USA_12020000,6,42.407246,2.6626046,0.19483792781829834,6.5120845
USA_12020000,7,43.598846,2.7379737,0.17203903198242188,6.6029425
USA_12020000,8,44.531384,2.8154008,0.15424644947052002,6.673184
USA_12020000,9,45.773506,2.8566775,0.13061553239822388,6.765612
USA_12020000,10,45.92484,2.8822746,0.12773048877716064,6.776787
USA_12025000,1,3.7254424,0.73820764,0.7912748157978058,1.9301405
USA_12025000,2,6.621743,1.0577087,0.6292648315429688,2.5732749
USA_12025000,3,9.114593,1.3403484,0.4904959797859192,3.0190384
USA_12025000,4,10.920724,1.5297164,0.3900477886199951,3.304652
USA_12025000,5,12.357098,1.6628011,0.30996716022491455,3.5152664
USA_12025000,6,13.136653,1.7465773,0.2665208578109741,3.624452
USA_12025000,7,13.597731,1.8040092,0.24121743440628052,3.68751
USA_12025000,8,13.894535,1.8533388,0.22485923767089844,3.7275374
USA_12025000,9,14.272236,1.8972943,0.20383334159851074,3.7778614
USA_12025000,10,14.428109,1.922174,0.19437819719314575,3.7984352
USA_12025700,1,12.662492,1.2378806,0.6936427056789398,3.5584395
USA_12025700,2,19.2422,1.6832001,0.5348024964332581,4.3865933
USA_12025700,3,24.227144,2.081066,0.41487956047058105,4.9221077
USA_12025700,4,27.945908,2.3328588,0.32542335987091064,5.286389
USA_12025700,5,30.799517,2.4950528,0.2566832900047302,5.5497313
USA_12025700,6,32.26307,2.5870342,0.22153115272521973,5.680059
USA_12025700,7,33.198742,2.6262624,0.1991715431213379,5.761835
USA_12025700,8,33.513893,2.662919,0.19166356325149536,5.7891183
USA_12025700,9,33.86145,2.71588,0.18330669403076172,5.8190594
USA_12025700,10,33.711086,2.7534266,0.18576580286026,5.8061247
USA_12035000,1,8.25368,1.233691,0.8539561778306961,2.872922
USA_12035000,2,18.320887,1.7760918,0.6762836873531342,4.2802906
USA_12035000,3,26.446991,2.252564,0.5331857204437256,5.142664
USA_12035000,4,31.693827,2.5667608,0.44076037406921387,5.629727
USA_12035000,5,36.044556,2.7977192,0.3641006350517273,6.0037117
USA_12035000,6,38.21412,2.9165254,0.3259199261665344,6.181757
USA_12035000,7,39.145786,3.0030482,0.30956608057022095,6.2566595
USA_12035000,8,40.39614,3.0878315,0.28754734992980957,6.355796
USA_12035000,9,41.72444,3.1497507,0.2641305923461914,6.459446
USA_12035000,10,42.266235,3.1937478,0.2543792128562927,6.501249
USA_12040500,1,16.610313,1.8402113,0.8033403158187866,4.0755754
USA_12040500,2,40.090668,2.985135,0.5207200050354004,6.3317194
USA_12040500,3,51.57717,3.5302794,0.3819953203201294,7.181725
USA_12040500,4,58.940605,3.8723278,0.29343539476394653,7.6772785
USA_12040500,5,63.235256,4.056043,0.241915762424469,7.9520597
USA_12040500,6,65.086555,4.1607003,0.21974748373031616,8.067624
USA_12040500,7,66.40841,4.235994,0.2031041979789734,8.149136
USA_12040500,8,66.5039,4.2703447,0.19321149587631226,8.154992
USA_12040500,9,67.14362,4.3064914,0.1788974404335022,8.194121
USA_12040500,10,67.68901,4.3553452,0.171370267868042,8.227333
USA_12041200,1,11.810791,1.5692644,0.7675875872373581,3.4366832
USA_12041200,2,26.135729,2.5408907,0.4793630838394165,5.1123114
USA_12041200,3,33.0716,2.983431,0.3394930958747864,5.7507915
USA_12041200,4,37.64781,3.2718153,0.24774450063705444,6.1357813
USA_12041200,5,40.920464,3.4097652,0.18231630325317383,6.3969107
USA_12041200,6,42.160835,3.491628,0.157539963722229,6.4931374
USA_12041200,7,42.93725,3.5516455,0.14107906818389893,6.552652
USA_12041200,8,43.10281,3.594189,0.12736904621124268,6.565273
USA_12041200,9,43.079872,3.6056888,0.11703217029571533,6.5635257
USA_12041200,10,43.692028,3.6386878,0.10306638479232788,6.6099944
USA_12043000,1,22.028873,1.7866409,0.7590491324663162,4.693493
USA_12043000,2,47.452866,2.7842376,0.4814767837524414,6.888604
USA_12043000,3,58.471214,3.2778125,0.3616490364074707,7.6466475
USA_12043000,4,65.629684,3.6146588,0.2836875915527344,8.101215
USA_12043000,5,70.92194,3.8371603,0.2259618043899536,8.421516
USA_12043000,6,74.02805,3.9776611,0.1921069622039795,8.603955
USA_12043000,7,75.58554,4.059977,0.17516136169433594,8.6939945
USA_12043000,8,76.34305,4.1080074,0.16686415672302246,8.737451
USA_12043000,9,77.1462,4.127435,0.15806537866592407,8.783291
USA_12043000,10,77.39913,4.1558275,0.15447384119033813,8.797678
USA_12048000,1,0.59159666,0.31148198,0.8251118063926697,0.76915324
USA_12048000,2,1.3201375,0.46012077,0.6103555858135223,1.1489724
USA_12048000,3,1.7137829,0.5623128,0.49509215354919434,1.3091153
USA_12048000,4,1.9462849,0.61890626,0.42737919092178345,1.3950932
USA_12048000,5,2.1087673,0.65463054,0.3799378275871277,1.4521595
USA_12048000,6,2.1954472,0.67955,0.35402172803878784,1.4817041
USA_12048000,7,2.1702063,0.685868,0.34876149892807007,1.473162
USA_12048000,8,2.1838694,0.69714284,0.3412953019142151,1.477792
USA_12048000,9,2.2124293,0.7125529,0.3324391841888428,1.4874237
USA_12048000,10,2.238469,0.72413385,0.3248789310455322,1.4961513
USA_12054000,1,8.0374155,1.0608025,0.7579887956380844,2.8350337
USA_12054000,2,16.596354,1.6460044,0.5002459287643433,4.073862
USA_12054000,3,20.841854,1.9749972,0.3721189498901367,4.565288
USA_12054000,4,23.363214,2.152731,0.2962610125541687,4.833551
USA_12054000,5,25.318428,2.2622378,0.23743081092834473,5.031742
USA_12054000,6,26.257423,2.3494112,0.20918041467666626,5.1242
USA_12054000,7,26.949856,2.4280343,0.18831336498260498,5.191325
USA_12054000,8,27.54945,2.4866858,0.1702120304107666,5.248757
USA_12054000,9,28.155329,2.5291705,0.15192151069641113,5.3061595
USA_12054000,10,28.445648,2.548276,0.14319592714309692,5.333446
USA_12056500,1,22.387335,1.8704696,0.735425591468811,4.7315254
USA_12056500,2,47.167023,2.758531,0.48397207260131836,6.867825
USA_12056500,3,65.25771,3.353773,0.3517065644264221,8.078224
USA_12056500,4,75.45528,3.7149432,0.27583473920822144,8.6865
USA_12056500,5,82.22196,3.9107108,0.2213728427886963,9.067633
USA_12056500,6,85.45732,4.045393,0.1937485933303833,9.244313
USA_12056500,7,87.714096,4.158971,0.1737920045852661,9.365581
USA_12056500,8,89.803665,4.241998,0.15466707944869995,9.47648
USA_12056500,9,92.25707,4.3319836,0.1318424940109253,9.605055
USA_12056500,10,94.084335,4.3778048,0.11475318670272827,9.699708
USA_12073500,1,0.52594686,0.24244216,0.7797070294618607,0.72522193
USA_12073500,2,1.0770869,0.34657323,0.548928439617157,1.037828
USA_12073500,3,1.3840334,0.41610497,0.42025142908096313,1.1764495
USA_12073500,4,1.5833634,0.46099877,0.33587580919265747,1.2583177
USA_12073500,5,1.7414163,0.49016944,0.2694113254547119,1.3196274
USA_12073500,6,1.8155535,0.5082818,0.23838406801223755,1.3474247
USA_12073500,7,1.8569022,0.5208715,0.22118639945983887,1.362682
USA_12073500,8,1.8785858,0.5298431,0.21207451820373535,1.3706151
USA_12073500,9,1.9012018,0.53754276,0.20256882905960083,1.3788408
USA_12073500,10,1.9162214,0.53669053,0.19641852378845215,1.3842765
USA_12082500,1,2.6254191,0.76001465,0.794343039393425,1.6203145
USA_12082500,2,6.071448,1.1620606,0.5240667164325714,2.4640307
USA_12082500,3,8.10834,1.4432285,0.36418676376342773,2.8475149
USA_12082500,4,9.259818,1.607355,0.2731814384460449,3.042995
USA_12082500,5,9.988194,1.6938905,0.21586835384368896,3.1604104
USA_12082500,6,10.383948,1.7619238,0.18510043621063232,3.2224135
USA_12082500,7,10.58609,1.8056004,0.16940104961395264,3.2536273
USA_12082500,8,10.739395,1.8245876,0.1577269434928894,3.2771018
USA_12082500,9,10.834078,1.8581473,0.15144503116607666,3.291516
USA_12082500,10,10.851569,1.8873397,0.15093570947647095,3.294172
USA_12092000,1,2.7089791,0.7471559,0.7143116295337677,1.6458976
USA_12092000,2,4.938262,1.1279483,0.47854822874069214,2.22222
USA_12092000,3,6.1901007,1.3596488,0.34592247009277344,2.4879913
USA_12092000,4,6.869945,1.4960825,0.2732570767402649,2.621058
USA_12092000,5,7.2204375,1.5700928,0.2356623411178589,2.6870873
USA_12092000,6,7.4920216,1.6229897,0.206626296043396,2.7371557
USA_12092000,7,7.60806,1.6507128,0.19424021244049072,2.7582712
USA_12092000,8,7.74345,1.6567539,0.18034642934799194,2.7827055
USA_12092000,9,7.8937125,1.678714,0.16448193788528442,2.809575
USA_12092000,10,7.95117,1.7068325,0.15828049182891846,2.819782
USA_12095000,1,1.1218976,0.5099388,0.8692712932825089,1.0591967
USA_12095000,2,3.3739552,0.8477722,0.6070315837860107,1.8368329
USA_12095000,3,4.7511287,1.069516,0.44708776473999023,2.1797085
USA_12095000,4,5.4978623,1.2065421,0.360664963722229,2.344752
USA_12095000,5,5.9864454,1.2852868,0.3042457103729248,2.4467213
USA_12095000,6,6.298432,1.3293508,0.26836448907852173,2.5096676
USA_12095000,7,6.5157404,1.3601354,0.24351435899734497,2.552595
USA_12095000,8,6.6770415,1.3832438,0.2250833511352539,2.5839972
USA_12095000,9,6.6792426,1.3872197,0.21591085195541382,2.584423
USA_12095000,10,6.752017,1.3948689,0.20499032735824585,2.5984643
USA_12114500,1,7.2541285,1.17908,0.84237340092659,2.693349
USA_12114500,2,15.927199,1.6459875,0.6546216905117035,3.9908895
USA_12114500,3,21.693436,2.0864608,0.5313406586647034,4.6576214
USA_12114500,4,25.352615,2.3976862,0.4528842568397522,5.035138
USA_12114500,5,28.272644,2.604786,0.38997477293014526,5.3172026
USA_12114500,6,30.234951,2.7755034,0.34766143560409546,5.498632
USA_12114500,7,31.411144,2.8754988,0.32223618030548096,5.6045647
USA_12114500,8,32.189804,2.9448204,0.3052513003349304,5.673606
USA_12114500,9,32.597786,3.0174317,0.2962355613708496,5.709447
USA_12114500,10,32.914314,3.0886505,0.2892177700996399,5.7370996
USA_12115000,1,7.355244,1.1466238,0.8296810537576675,2.7120554
USA_12115000,2,17.57897,1.6272458,0.5934143364429474,4.192728
USA_12115000,3,23.082314,2.0633972,0.4677613377571106,4.8044057
USA_12115000,4,26.545233,2.3710291,0.38836807012557983,5.1522064
USA_12115000,5,29.31323,2.5653152,0.32463669776916504,5.4141693
USA_12115000,6,31.152184,2.7114477,0.28224557638168335,5.581414
USA_12115000,7,32.145042,2.7902694,0.2593105435371399,5.6696596
USA_12115000,8,32.72688,2.844691,0.24572843313217163,5.7207413
USA_12115000,9,32.882523,2.8977306,0.24195265769958496,5.7343283
USA_12115000,10,32.98765,2.9502294,0.2394135594367981,5.743488
USA_12115500,1,24.589743,1.833232,0.6738417744636536,4.9588046
USA_12115500,2,42.44544,2.579726,0.4385179281234741,6.5150166
USA_12115500,3,51.634663,3.0862126,0.31931746006011963,7.185726
USA_12115500,4,56.548374,3.399969,0.254974901676178,7.5198655
USA_12115500,5,60.972805,3.6029332,0.1966758370399475,7.8085084
USA_12115500,6,63.355778,3.7328281,0.16539496183395386,7.9596343
USA_12115500,7,64.02937,3.7950008,0.15655511617660522,8.001836
USA_12115500,8,64.11356,3.839841,0.15530282258987427,8.007094
USA_12115500,9,64.09017,3.8776927,0.15551155805587769,8.005633
USA_12115500,10,64.13353,3.9145658,0.15489882230758667,8.008341
USA_12117000,1,3.2840369,0.9258813,0.8109719455242157,1.8121911
USA_12117000,2,6.2009807,1.1396209,0.6431326270103455,2.490177
USA_12117000,3,7.931258,1.3137876,0.5436416566371918,2.816249
USA_12117000,4,8.946528,1.4447991,0.4852929711341858,2.9910748
USA_12117000,5,9.894181,1.5352404,0.43093258142471313,3.1455019
USA_12117000,6,10.528734,1.5977484,0.39462560415267944,3.244801
USA_12117000,7,10.883216,1.6497731,0.3744511008262634,3.298972
USA_12117000,8,11.067573,1.6978078,0.36393338441848755,3.326796
USA_12117000,9,11.185638,1.7276508,0.35711580514907837,3.3444939
USA_12117000,10,11.374437,1.7586848,0.34639960527420044,3.372601
USA_12141300,1,14.659029,1.5832766,0.7291571795940399,3.828711
USA_12141300,2,29.861696,2.513913,0.44833022356033325,5.464586
USA_12141300,3,37.057743,3.0094163,0.3173152804374695,6.0875072
USA_12141300,4,40.22512,3.2635193,0.25915032625198364,6.3423276
USA_12141300,5,42.767773,3.4073358,0.21193575859069824,6.539707
USA_12141300,6,44.40074,3.507953,0.1820186972618103,6.6633883
USA_12141300,7,45.191425,3.531464,0.1672622561454773,6.722457
USA_12141300,8,45.275707,3.5527353,0.16546183824539185,6.7287226
USA_12141300,9,45.715076,3.6325939,0.15913039445877075,6.7612925
USA_12141300,10,46.08314,3.6955457,0.15223580598831177,6.7884564
USA_12143600,1,9.687593,1.2579956,0.772049605846405,3.11249
USA_12143600,2,19.697151,1.9162903,0.5371608734130859,4.438147
USA_12143600,3,24.9567,2.341222,0.41689348220825195,4.995668
USA_12143600,4,27.93004,2.599773,0.34782636165618896,5.284888
USA_12143600,5,30.576397,2.77077,0.28598684072494507,5.529593
USA_12143600,6,32.118282,2.8884113,0.24992328882217407,5.6672993
USA_12143600,7,32.930237,2.954356,0.23084324598312378,5.7384872
USA_12143600,8,33.400932,2.980876,0.2196316123008728,5.779354
USA_12143600,9,33.67497,3.0335355,0.21304845809936523,5.803014
USA_12143600,10,33.95766,3.093044,0.20641463994979858,5.82732
USA_12144000,1,5.4061427,1.0043769,0.8150194138288498,2.3251114
USA_12144000,2,12.366376,1.54622,0.5771417021751404,3.5165858
USA_12144000,3,15.991277,1.8960004,0.4557902216911316,3.9989095
USA_12144000,4,18.055695,2.114831,0.3858814239501953,4.2491994
USA_12144000,5,19.960012,2.2688506,0.32106512784957886,4.467663
USA_12144000,6,21.09061,2.371823,0.28254109621047974,4.5924516
USA_12144000,7,21.616882,2.4185452,0.2645254135131836,4.649396
USA_12144000,8,21.920038,2.449958,0.2539859414100647,4.681884
USA_12144000,9,22.05806,2.4935517,0.24908244609832764,4.696601
USA_12144000,10,22.241356,2.5369055,0.24280226230621338,4.716074
USA_12145500,1,7.7929544,1.155162,0.7318256497383118,2.7915864
USA_12145500,2,13.519516,1.6481311,0.5351772308349609,3.6768894
USA_12145500,3,17.69536,1.9931128,0.3996991515159607,4.2065854
USA_12145500,4,20.439615,2.221624,0.3088334798812866,4.5210195
USA_12145500,5,22.595167,2.395474,0.23659241199493408,4.7534375
USA_12145500,6,23.698442,2.4819033,0.20061486959457397,4.8681045
USA_12145500,7,24.173042,2.556726,0.1858193278312683,4.916609
USA_12145500,8,24.534843,2.5851297,0.17413103580474854,4.953266
USA_12145500,9,24.873981,2.6214235,0.16285490989685059,4.9873824
USA_12145500,10,25.170527,2.6341505,0.15164846181869507,5.0170236
USA_12147500,1,28.699394,2.3456273,0.604126900434494,5.3571815
USA_12147500,2,45.08419,3.1672404,0.378839910030365,6.714476
USA_12147500,3,51.08298,3.4683666,0.2972761392593384,7.147236
USA_12147500,4,55.427902,3.6986563,0.23749631643295288,7.4449916
USA_12147500,5,59.08046,3.8623257,0.18711769580841064,7.6863813
USA_12147500,6,61.005783,3.9547825,0.16059035062789917,7.81062
USA_12147500,7,61.373234,3.9850452,0.15544551610946655,7.834107
USA_12147500,8,61.828667,4.0257564,0.1489396095275879,7.8631206
USA_12147500,9,62.450855,4.11443,0.14024889469146729,7.9025855
USA_12147500,10,63.06698,4.190164,0.13175499439239502,7.941472
USA_12147600,1,109.46303,4.2511816,0.4779415726661682,10.462458
USA_12147600,2,160.46635,5.7719493,0.23825591802597046,12.667532
USA_12147600,3,179.2156,6.3276176,0.1504727005958557,13.387143
USA_12147600,4,189.32062,6.6139903,0.10252362489700317,13.759383
USA_12147600,5,197.59737,6.731177,0.063274085521698,14.056933
USA_12147600,6,201.85307,6.824896,0.042973458766937256,14.2075
USA_12147600,7,203.50261,6.822214,0.034977734088897705,14.265434
USA_12147600,8,205.48314,6.846984,0.02551347017288208,14.334683
USA_12147600,9,207.5431,6.9766307,0.015811622142791748,14.406357
USA_12147600,10,209.0965,7.025747,0.00859755277633667,14.460169
USA_12167000,1,14.290744,1.605008,0.7050825953483582,3.78031
USA_12167000,2,25.270191,2.3448706,0.478723406791687,5.0269465
USA_12167000,3,30.719963,2.6991448,0.36758023500442505,5.542559
USA_12167000,4,34.26117,2.9189415,0.29489433765411377,5.853304
USA_12167000,5,37.198307,3.0609877,0.23444432020187378,6.0990415
USA_12167000,6,39.305637,3.1672342,0.19108331203460693,6.2694206
USA_12167000,7,40.184986,3.2114587,0.1730596423149109,6.339163
USA_12167000,8,40.841457,3.244413,0.15946269035339355,6.3907323
USA_12167000,9,41.435036,3.2944477,0.14719587564468384,6.437005
USA_12167000,10,41.886566,3.3363156,0.1379777193069458,6.471983
USA_12175500,1,2.7385325,0.8362983,0.8905000537633896,1.6548512
USA_12175500,2,5.4552197,1.2633704,0.7817474901676178,2.3356411
USA_12175500,3,7.569643,1.5901079,0.696958601474762,2.7512984
USA_12175500,4,8.88944,1.7765529,0.6439310610294342,2.9815164
USA_12175500,5,9.84361,1.9145615,0.6055317521095276,3.1374528
USA_12175500,6,10.509763,2.0103056,0.5786624848842621,3.2418764
USA_12175500,7,10.925674,2.062602,0.5618158280849457,3.3054008
USA_12175500,8,11.236974,2.0975459,0.5491780936717987,3.3521595
USA_12175500,9,11.622739,2.1498575,0.5335786044597626,3.4092138
USA_12175500,10,12.070378,2.2115698,0.5154880583286285,3.474245
USA_12178100,1,6.984099,1.1633881,0.8081680834293365,2.6427445
USA_12178100,2,13.999323,1.6946425,0.6154736578464508,3.741567
USA_12178100,3,17.896246,2.0655334,0.5084921717643738,4.2303953
USA_12178100,4,20.279934,2.2998495,0.4429953098297119,4.503325
USA_12178100,5,22.023493,2.4742055,0.39506471157073975,4.6929193
USA_12178100,6,23.248335,2.5824277,0.3613615036010742,4.821653
USA_12178100,7,24.134275,2.6414325,0.3370034098625183,4.912665
USA_12178100,8,24.7688,2.6819713,0.31959080696105957,4.976826
USA_12178100,9,25.341522,2.7567973,0.30390822887420654,5.034036
USA_12178100,10,26.033312,2.8145394,0.2849758267402649,5.102285
USA_12186000,1,8.167512,1.3413976,0.8046442866325378,2.8578858
USA_12186000,2,15.352498,1.8242368,0.6327801942825317,3.9182265
USA_12186000,3,19.989328,2.258497,0.5221441984176636,4.4709425
USA_12186000,4,23.333202,2.5605779,0.4421316385269165,4.8304453
USA_12186000,5,25.751534,2.7690763,0.38416236639022827,5.074597
USA_12186000,6,27.680496,2.9115245,0.33783942461013794,5.2612257
USA_12186000,7,28.943203,2.998027,0.3073920011520386,5.3798885
USA_12186000,8,29.886246,3.0639355,0.2845889925956726,5.466831
USA_12186000,9,30.699358,3.1451519,0.2649306058883667,5.5407
USA_12186000,10,31.69893,3.2152267,0.24093705415725708,5.6301804
USA_12189500,1,2.1140118,0.8127156,0.8764530420303345,1.4539641
USA_12189500,2,4.498048,1.1650201,0.7379025220870972,2.12086
USA_12189500,3,6.4403925,1.478582,0.6301026046276093,2.537793
USA_12189500,4,7.808805,1.6822371,0.5563240051269531,2.7944238
USA_12189500,5,9.971076,1.8422385,0.46954840421676636,3.157701
USA_12189500,6,11.003843,1.9494997,0.4214683175086975,3.3172042
USA_12189500,7,11.551762,2.0083609,0.39301979541778564,3.3987882
USA_12189500,8,11.9739685,2.05387,0.3705520033836365,3.4603422
USA_12189500,9,12.2834,2.1035633,0.35383403301239014,3.5047681
USA_12189500,10,12.653302,2.1414254,0.33436650037765503,3.557148
USA_12358500,1,0.30341372,0.2695304,0.9788846410810947,0.55083
USA_12358500,2,0.60695577,0.34747425,0.9577614888548851,0.77907366
USA_12358500,3,1.0804305,0.4541115,0.9248133897781372,1.0394375
USA_12358500,4,1.5525732,0.55009675,0.89195916056633,1.2460229
USA_12358500,5,1.8852235,0.6239473,0.8688125759363174,1.3730344
USA_12358500,6,2.1250432,0.6572259,0.8521255403757095,1.4577528
USA_12358500,7,2.2924058,0.6816608,0.8404803276062012,1.5140693
USA_12358500,8,2.4345963,0.6936381,0.830585315823555,1.5603193
USA_12358500,9,2.5763943,0.72719216,0.8207181245088577,1.605115
USA_12358500,10,2.714993,0.7506928,0.8110735565423965,1.6477236
USA_12374250,1,0.081754275,0.086423695,0.923970453441143,0.28592706
USA_12374250,2,0.13430025,0.12127878,0.8750784620642662,0.36646998
USA_12374250,3,0.2079788,0.15603483,0.806528314948082,0.45604694
USA_12374250,4,0.28005984,0.18640774,0.7394700348377228,0.5292068
USA_12374250,5,0.33792984,0.20844261,0.6856130361557007,0.58131737
USA_12374250,6,0.37471795,0.22484122,0.6513713002204895,0.6121421
USA_12374250,7,0.40305537,0.23821336,0.6249708235263824,0.6348664
USA_12374250,8,0.42731985,0.25092432,0.6023240983486176,0.6536971
USA_12374250,9,0.44313878,0.26216653,0.5875584185123444,0.66568667
USA_12374250,10,0.4637407,0.27275854,0.568333089351654,0.6809851
USA_12375900,1,0.7085895,0.28825873,0.9385625757277012,0.84177756
USA_12375900,2,1.3413674,0.3911489,0.8836847767233849,1.1581742
USA_12375900,3,1.8916998,0.48206207,0.8359623998403549,1.3753908
USA_12375900,4,2.2408164,0.54613537,0.8056939393281937,1.4969356
USA_12375900,5,2.463452,0.60812175,0.7863993644714355,1.5695388
USA_12375900,6,2.6421537,0.66022074,0.7709138691425323,1.6254703
USA_12375900,7,2.8294206,0.70357907,0.7546869814395905,1.6820881
USA_12375900,8,3.110744,0.74183166,0.7302999496459961,1.7637302
USA_12375900,9,3.4474251,0.78251135,0.7011186480522156,1.8567243
USA_12375900,10,3.681414,0.82015663,0.6808447539806366,1.918701
USA_12377150,1,2.2039092,0.53076965,0.9329807460308075,1.4845569
USA_12377150,2,4.434029,0.7366315,0.8651343435049057,2.1057134
USA_12377150,3,6.9181366,0.9587573,0.7895468175411224,2.6302352
USA_12377150,4,8.670926,1.1248264,0.7362021505832672,2.9446437
USA_12377150,5,9.788171,1.2462157,0.7022118866443634,3.1286054
USA_12377150,6,10.245497,1.3118771,0.6882940232753754,3.2008588
USA_12377150,7,10.562314,1.3399824,0.6786417961120605,3.2499714
USA_12377150,8,11.263543,1.3877199,0.6572792530059814,3.3561203
USA_12377150,9,11.901669,1.4359075,0.6378370821475983,3.4498794
USA_12377150,10,12.552041,1.4935092,0.6180180907249451,3.542886
USA_12381400,1,0.06412068,0.11163713,0.9775216486304998,0.25322062
USA_12381400,2,0.10771202,0.13739796,0.962232444435358,0.3281951
USA_12381400,3,0.17392443,0.16825977,0.9390081167221069,0.4170425
USA_12381400,4,0.24376887,0.19906884,0.9145055860280991,0.49372956
USA_12381400,5,0.30389547,0.22418278,0.8934144750237465,0.55126715
USA_12381400,6,0.352915,0.24239239,0.8762193471193314,0.5940665
USA_12381400,7,0.3900555,0.25573316,0.8631865382194519,0.62454426
USA_12381400,8,0.42232987,0.26639315,0.8518549054861069,0.64986914
USA_12381400,9,0.45923412,0.27826384,0.8388878256082535,0.67766815
USA_12381400,10,0.5048017,0.29233593,0.8228681832551956,0.710494
USA_12383500,1,0.03792217,0.09502563,0.9800172634422779,0.19473615
USA_12383500,2,0.07913017,0.12393091,0.9582927003502846,0.28130087
USA_12383500,3,0.12744409,0.15586163,0.9328113198280334,0.3569931
USA_12383500,4,0.18240327,0.18358903,0.9038124829530716,0.42708695
USA_12383500,5,0.23374547,0.20858976,0.8767085671424866,0.48347232
USA_12383500,6,0.27716157,0.22779763,0.8537712693214417,0.52646136
USA_12383500,7,0.31529674,0.2454242,0.8336094319820404,0.5615129
USA_12383500,8,0.35216385,0.26235247,0.8141067624092102,0.593434
USA_12383500,9,0.39188823,0.27842858,0.7930874079465866,0.62600976
USA_12383500,10,0.43723854,0.29584008,0.7690882384777069,0.66124016
USA_12388400,1,0.07752013,0.09760155,0.9605935513973236,0.27842438
USA_12388400,2,0.1962445,0.13706829,0.9002420157194138,0.44299492
USA_12388400,3,0.331379,0.18088527,0.8315504193305969,0.5756553
USA_12388400,4,0.44855773,0.21415389,0.7719863951206207,0.66974455
USA_12388400,5,0.550422,0.24070512,0.7202188372612,0.7419043
USA_12388400,6,0.63336164,0.260899,0.6780681014060974,0.7958402
USA_12388400,7,0.70985204,0.27858958,0.6391974091529846,0.84252715
USA_12388400,8,0.77756107,0.2910016,0.6047940850257874,0.8817942
USA_12388400,9,0.83325905,0.2996424,0.5765067040920258,0.91283023
USA_12388400,10,0.885242,0.309655,0.5501299500465393,0.94087297
USA_12390700,1,0.08728529,0.12831806,0.9609763324260712,0.29544082
USA_12390700,2,0.1718753,0.16919313,0.9231530800461769,0.41457847
USA_12390700,3,0.2778749,0.21438546,0.8757555484771729,0.5271384
USA_12390700,4,0.38596043,0.25399125,0.8274221271276474,0.6212571
USA_12390700,5,0.4770616,0.2827179,0.7866762578487396,0.6906965
USA_12390700,6,0.5359536,0.30026832,0.7603296637535095,0.7320885
USA_12390700,7,0.56983835,0.30827168,0.7451704144477844,0.7548764
USA_12390700,8,0.5950406,0.32555416,0.7339000105857849,0.77138877
USA_12390700,9,0.6162373,0.33425382,0.7244278192520142,0.78500783
USA_12390700,10,0.6343746,0.34098023,0.7163264155387878,0.79647636
USA_12411000,1,0.72843057,0.32230422,0.931806281208992,0.8534814
USA_12411000,2,1.7250229,0.45742416,0.8384688943624496,1.3134012
USA_12411000,3,2.7486105,0.6049859,0.7425558567047119,1.6578934
USA_12411000,4,3.6760137,0.7074594,0.6556155383586884,1.9172933
USA_12411000,5,4.339927,0.7857785,0.5933389067649841,2.083249
USA_12411000,6,4.726473,0.82175213,0.5570434331893921,2.1740453
USA_12411000,7,4.995603,0.84495324,0.5317427814006805,2.2350845
USA_12411000,8,5.218898,0.8820163,0.5107396245002747,2.2844908
USA_12411000,9,5.4090433,0.9214422,0.49287092685699463,2.325735
USA_12411000,10,5.5946307,0.95189804,0.4754508137702942,2.365297
USA_12414500,1,0.31865364,0.26780164,0.9597703889012337,0.56449413
USA_12414500,2,0.71934026,0.3598958,0.9091603830456734,0.8481393
USA_12414500,3,1.2055144,0.47260472,0.8477244675159454,1.0979592
USA_12414500,4,1.6497258,0.5495142,0.7915619611740112,1.2844166
USA_12414500,5,2.0102968,0.6083485,0.7459509372711182,1.4178494
USA_12414500,6,2.2493825,0.64337856,0.7156825065612793,1.4997941
USA_12414500,7,2.4041908,0.65906143,0.6960556507110596,1.5505453
USA_12414500,8,2.5081036,0.68066,0.6828686594963074,1.5836993
USA_12414500,9,2.5823069,0.70030886,0.6734746396541595,1.6069558
USA_12414500,10,2.6519928,0.71418107,0.6646739542484283,1.628494
USA_12447390,1,0.16609435,0.18738572,0.9762871563434601,0.40754673
USA_12447390,2,0.34421873,0.26121843,0.9508539326488972,0.5867016
USA_12447390,3,0.6078893,0.3357584,0.9132034108042717,0.77967256
USA_12447390,4,0.90508497,0.40222904,0.8707621246576309,0.9513595
USA_12447390,5,1.1657672,0.43539044,0.8335305452346802,1.079707
USA_12447390,6,1.358283,0.47138155,0.8060296773910522,1.165454
USA_12447390,7,1.5128999,0.49497163,0.783938467502594,1.2299999
USA_12447390,8,1.6103704,0.51014733,0.7700101137161255,1.2690037
USA_12447390,9,1.7150958,0.5284706,0.7550464868545532,1.3096167
USA_12447390,10,1.8335224,0.55332667,0.7381250262260437,1.3540763
USA_12451000,1,1.0138006,0.5182355,0.9571441300213337,1.0068767
USA_12451000,2,1.6646308,0.6839722,0.9296206831932068,1.2902057
USA_12451000,3,2.641076,0.883336,0.8883250653743744,1.6251388
USA_12451000,4,3.577307,1.0247263,0.8487246781587601,1.891377
USA_12451000,5,4.3203006,1.1221496,0.8172866851091385,2.0785332
USA_12451000,6,4.8750663,1.1929276,0.793801948428154,2.2079551
USA_12451000,7,5.2204766,1.2457298,0.7791538387537003,2.2848363
USA_12451000,8,5.400826,1.2763814,0.7714856714010239,2.3239677
USA_12451000,9,5.5538926,1.3156505,0.7649941146373749,2.35667
USA_12451000,10,5.8127418,1.3425013,0.75404192507267,2.4109628
USA_12488500,1,0.35040656,0.3209969,0.9574790969491005,0.5919515
USA_12488500,2,0.6889519,0.4109318,0.9163791984319687,0.8300313
USA_12488500,3,1.102461,0.51903874,0.8661686033010483,1.0499815
USA_12488500,4,1.5091597,0.60623205,0.8167415261268616,1.2284786
USA_12488500,5,1.8870463,0.67451346,0.7707633823156357,1.373698
USA_12488500,6,2.1780906,0.73111105,0.7352887988090515,1.4758356
USA_12488500,7,2.411484,0.7820651,0.7067813277244568,1.5528953
USA_12488500,8,2.577547,0.8276543,0.6864284574985504,1.6054741
USA_12488500,9,2.6979568,0.8726963,0.6716133952140808,1.6425458
USA_12488500,10,2.803232,0.90211487,0.6586280763149261,1.6742855
USA_13011500,1,0.09895682,0.12866668,0.9825583305209875,0.31457403
USA_13011500,2,0.22971645,0.17577414,0.9595118276774883,0.47928745
USA_13011500,3,0.36709768,0.23190413,0.9352984577417374,0.60588586
USA_13011500,4,0.525694,0.28308898,0.9073475822806358,0.7250476
USA_13011500,5,0.64304,0.32261515,0.886668898165226,0.80189776
USA_13011500,6,0.71532947,0.3470601,0.8739330470561981,0.84577155
USA_13011500,7,0.804029,0.36903015,0.8583030551671982,0.89667666
USA_13011500,8,0.9059634,0.3917279,0.8403430581092834,0.9518211
USA_13011500,9,1.0082729,0.410695,0.8223271071910858,1.004128
USA_13011500,10,1.10513,0.42768723,0.8052756637334824,1.0512516
USA_13011900,1,0.07850365,0.13396701,0.983053732663393,0.28018504
USA_13011900,2,0.16987863,0.18058132,0.9633269272744656,0.41216335
USA_13011900,3,0.2875888,0.2392373,0.9379106983542442,0.53627306
USA_13011900,4,0.3997783,0.2841103,0.9136838614940643,0.63228023
USA_13011900,5,0.5330447,0.32014552,0.8849059790372849,0.7300991
USA_13011900,6,0.6232045,0.34666118,0.8654368221759796,0.78943306
USA_13011900,7,0.6762185,0.36234066,0.8539862930774689,0.82232505
USA_13011900,8,0.7229826,0.37524146,0.8438854664564133,0.8502838
USA_13011900,9,0.75423044,0.383309,0.8371441513299942,0.8684644
USA_13011900,10,0.78265226,0.39002332,0.8310173451900482,0.88467634
USA_13018300,1,0.022818439,0.07218742,0.984463787637651,0.15105774
USA_13018300,2,0.035999034,0.08643033,0.9754888880997896,0.18973412
USA_13018300,3,0.04878485,0.10070694,0.9667825102806091,0.22087292
USA_13018300,4,0.06550387,0.11544781,0.9553979001939297,0.25593725
USA_13018300,5,0.08682533,0.12865919,0.940878614783287,0.2946614
USA_13018300,6,0.10858717,0.13777648,0.9260588064789772,0.32952568
USA_13018300,7,0.12712204,0.14471653,0.9134357124567032,0.35654178
USA_13018300,8,0.14099367,0.1495182,0.9039875715970993,0.37549123
USA_13018300,9,0.15318425,0.15337257,0.8956853374838829,0.39138758
USA_13018300,10,0.16743469,0.16039811,0.885977566242218,0.40918785
USA_13023000,1,0.022090945,0.080230206,0.9863009685650468,0.14863023
USA_13023000,2,0.0454021,0.10392981,0.9718447644263506,0.21307768
USA_13023000,3,0.07706814,0.13721105,0.9522051438689232,0.2776115
USA_13023000,4,0.11151937,0.1626164,0.9308349192142487,0.33394516
USA_13023000,5,0.14057104,0.18588766,0.9128144755959511,0.37492806
USA_13023000,6,0.16198412,0.19952643,0.899536482989788,0.4024725
USA_13023000,7,0.17313947,0.20745426,0.8926147967576981,0.41610032
USA_13023000,8,0.17974912,0.21091798,0.8885198161005974,0.4239683
USA_13023000,9,0.18100916,0.21261555,0.8877440690994263,0.42545173
USA_13023000,10,0.18187903,0.21535015,0.8872163146734238,0.42647278
USA_13083000,1,0.00050708186,0.01428676,0.906397134065628,0.022518478
USA_13083000,2,0.00079241354,0.016701542,0.853727400302887,0.028149841
USA_13083000,3,0.00094220426,0.018816724,0.8260773569345474,0.030695345
USA_13083000,4,0.0010332356,0.020251956,0.8092906177043915,0.03214398
USA_13083000,5,0.0011023512,0.021081988,0.7965981364250183,0.033201676
USA_13083000,6,0.0011506012,0.021916507,0.7877138704061508,0.03392051
USA_13083000,7,0.0012069541,0.02241851,0.7773167341947556,0.034741245
USA_13083000,8,0.001260676,0.023095142,0.7674050480127335,0.035506
USA_13083000,9,0.0013008763,0.023781423,0.7602747976779938,0.03606766
USA_13083000,10,0.0013378112,0.024444232,0.7540144324302673,0.036576103
USA_13161500,1,0.00086427433,0.016976073,0.9501429051160812,0.029398544
USA_13161500,2,0.001497327,0.020019278,0.9136182591319084,0.03869531
USA_13161500,3,0.0025402436,0.024981493,0.8534416258335114,0.050400827
USA_13161500,4,0.0034742542,0.029070241,0.799554243683815,0.058942806
USA_13161500,5,0.00421606,0.03154069,0.7567560225725174,0.06493119
USA_13161500,6,0.0046138214,0.033504996,0.7338073551654816,0.06792512
USA_13161500,7,0.004854026,0.034939393,0.7199620008468628,0.06967084
USA_13161500,8,0.0052363407,0.036839504,0.6979372501373291,0.072362565
USA_13161500,9,0.005698963,0.039107118,0.6712695360183716,0.07549147
USA_13161500,10,0.006151812,0.041454874,0.6451852321624756,0.07843349
USA_13235000,1,0.06446719,0.12347051,0.9801406469196081,0.2539039
USA_13235000,2,0.104775935,0.15850748,0.9677190519869328,0.3236911
USA_13235000,3,0.20484129,0.21356316,0.9368800595402718,0.45259395
USA_13235000,4,0.32459697,0.272244,0.8999669328331947,0.5697341
USA_13235000,5,0.43628472,0.31349844,0.8655457347631454,0.6605185
USA_13235000,6,0.51397467,0.3358705,0.8416126668453217,0.71692026
USA_13235000,7,0.56415915,0.34833622,0.8261558562517166,0.7511053
USA_13235000,8,0.5885315,0.35571894,0.8186419904232025,0.7671581
USA_13235000,9,0.59164834,0.3586741,0.817693755030632,0.7691868
USA_13235000,10,0.5906173,0.36167258,0.8180380612611771,0.7685163
USA_13240000,1,0.59598744,0.3217325,0.9638710543513298,0.7720022
USA_13240000,2,1.3133234,0.45753387,0.920374408364296,1.1460032
USA_13240000,3,2.2636545,0.6216811,0.8627344965934753,1.5045446
USA_13240000,4,3.02894,0.7379,0.8163002282381058,1.740385
USA_13240000,5,3.5745435,0.8141895,0.7831795513629913,1.8906463
USA_13240000,6,3.9009519,0.8475116,0.7633513659238815,1.9750828
USA_13240000,7,4.0049424,0.85564995,0.7570061832666397,2.0012352
USA_13240000,8,4.0582433,0.86432505,0.7537380307912827,2.0145082
USA_13240000,9,4.1096582,0.8728896,0.7505950629711151,2.0272293
USA_13240000,10,4.218455,0.877297,0.7439739108085632,2.0538878
USA_13313000,1,0.1207235,0.14996032,0.9816996958106756,0.34745288
USA_13313000,2,0.25150758,0.20327246,0.9618738852441311,0.5015053
USA_13313000,3,0.518192,0.2811355,0.9214436113834381,0.71985555
USA_13313000,4,0.7593741,0.34184062,0.8848772123456001,0.87142074
USA_13313000,5,0.9340833,0.38289467,0.8583876639604568,0.96647984
USA_13313000,6,1.0354867,0.4101592,0.8430143296718597,1.0175886
USA_13313000,7,1.080309,0.42408136,0.8362140208482742,1.0393791
USA_13313000,8,1.1042991,0.43857124,0.8325723111629486,1.0508564
USA_13313000,9,1.1377205,0.44751683,0.827505812048912,1.0666398
USA_13313000,10,1.2158446,0.4612119,0.8156633079051971,1.1026535
USA_13331500,1,0.14315023,0.20026202,0.9690279383212328,0.378352
USA_13331500,2,0.28943574,0.27535418,0.9373573139309883,0.5379923
USA_13331500,3,0.50372857,0.37028077,0.890935443341732,0.7097384
USA_13331500,4,0.74387085,0.45497936,0.8388768285512924,0.8624795
USA_13331500,5,0.9387708,0.51219994,0.7965819835662842,0.9689018
USA_13331500,6,1.0428146,0.5526636,0.773953765630722,1.0211829
USA_13331500,7,1.0845257,0.57383,0.7648253291845322,1.0414057
USA_13331500,8,1.1110206,0.5861638,0.7589932978153229,1.0540496
USA_13331500,9,1.1484331,0.60167056,0.7507992535829544,1.0716497
USA_13331500,10,1.1834105,0.60698175,0.7431519329547882,1.0878468
USA_13337000,1,0.21867839,0.24951848,0.9771001059561968,0.4676306
USA_13337000,2,0.3710753,0.31034648,0.9611434154212475,0.6091595
USA_13337000,3,0.68604493,0.40076128,0.9281629398465157,0.8282783
USA_13337000,4,1.0136665,0.47708476,0.8938608020544052,1.0068101
USA_13337000,5,1.279123,0.5275907,0.8660717606544495,1.1309832
USA_13337000,6,1.4680614,0.5557422,0.846300408244133,1.2116358
USA_13337000,7,1.5895243,0.5772008,0.8336002677679062,1.2607634
USA_13337000,8,1.6886389,0.6006624,0.8232472091913223,1.2994764
USA_13337000,9,1.7773244,0.62470526,0.8139942735433578,1.3331633
USA_13337000,10,1.8720615,0.6403069,0.8041043430566788,1.368233
USA_13338500,1,0.014918303,0.06814266,0.9743670336902142,0.122140504
USA_13338500,2,0.030635461,0.094654776,0.9473438076674938,0.17502989
USA_13338500,3,0.048522223,0.122471355,0.916576623916626,0.2202776
USA_13338500,4,0.06385487,0.14326032,0.8901909664273262,0.25269523
USA_13338500,5,0.07837231,0.1581984,0.8651976585388184,0.27995053
USA_13338500,6,0.08789255,0.16856648,0.8487976938486099,0.29646677
USA_13338500,7,0.09558843,0.1777343,0.8355306684970856,0.3091738
USA_13338500,8,0.1026457,0.18347578,0.8233574330806732,0.32038367
USA_13338500,9,0.109988056,0.18842128,0.8107159435749054,0.33164448
USA_13338500,10,0.11300832,0.19153255,0.8055380582809448,0.3361671
USA_13340000,1,0.23188812,0.21299617,0.931438110768795,0.48154762
USA_13340000,2,0.22311136,0.24041586,0.9340094551444054,0.47234666
USA_13340000,3,0.33655325,0.30013856,0.900425411760807,0.58013207
USA_13340000,4,0.44800332,0.34672245,0.8674130439758301,0.6693305
USA_13340000,5,0.5311945,0.37968335,0.8427532762289047,0.72883093
USA_13340000,6,0.5889908,0.40367702,0.8256051689386368,0.76745737
USA_13340000,7,0.63425004,0.41606075,0.8121639341115952,0.79639816
USA_13340000,8,0.674466,0.4293532,0.8002093285322189,0.8212588
USA_13340000,9,0.707922,0.43926066,0.7902688980102539,0.841381
USA_13340000,10,0.7290328,0.44527513,0.7840145379304886,0.8538342
USA_13340600,1,0.23865642,0.2719235,0.9719291515648365,0.48852473
USA_13340600,2,0.46442828,0.35203573,0.9453774653375149,0.68148977
USA_13340600,3,0.7904601,0.44773835,0.9070394933223724,0.88907826
USA_13340600,4,1.112773,0.5193238,0.869130551815033,1.0548805
USA_13340600,5,1.3876736,0.5666438,0.8368049114942551,1.1779956
USA_13340600,6,1.6073494,0.60336953,0.8109818994998932,1.2678128
USA_13340600,7,1.7609992,0.63025546,0.7929354161024094,1.3270265
USA_13340600,8,1.871816,0.6533243,0.7799509316682816,1.3681433
USA_13340600,9,1.9582478,0.6735866,0.7698414474725723,1.399374
USA_13340600,10,2.0471907,0.6931633,0.7594497203826904,1.4308007
USA_14020000,1,0.6257251,0.26469594,0.8746088296175003,0.79102784
USA_14020000,2,1.5979501,0.39061794,0.680375874042511,1.2641006
USA_14020000,3,2.0461183,0.49157318,0.5911035239696503,1.4304259
USA_14020000,4,2.298817,0.5798565,0.5407831966876984,1.516185
USA_14020000,5,2.53195,0.6365544,0.494284451007843,1.5912102
USA_14020000,6,2.6626234,0.6736153,0.46821051836013794,1.6317548
USA_14020000,7,2.787265,0.6998411,0.4433246850967407,1.6695105
USA_14020000,8,2.8664367,0.7194255,0.427486777305603,1.6930554
USA_14020000,9,2.9276733,0.7365601,0.41522473096847534,1.7110445
USA_14020000,10,2.9502032,0.75408256,0.4107115864753723,1.7176156
USA_14092750,1,2.5436175,0.49753165,0.7524387687444687,1.5948722
USA_14092750,2,5.145602,0.7277604,0.4991583228111267,2.268392
USA_14092750,3,6.519945,0.8955258,0.36557602882385254,2.5534184
USA_14092750,4,7.277142,0.9992742,0.2920227646827698,2.6976178
USA_14092750,5,7.811548,1.0638875,0.2400950789451599,2.7949147
USA_14092750,6,8.137611,1.102134,0.20843374729156494,2.85265
USA_14092750,7,8.330307,1.1355195,0.18977540731430054,2.8862271
USA_14092750,8,8.521527,1.1693293,0.17152434587478638,2.9191656
USA_14092750,9,8.629451,1.1937349,0.16145247220993042,2.9375927
USA_14092750,10,8.696359,1.2149813,0.15530425310134888,2.9489589
USA_14096850,1,0.034701254,0.057636607,0.8961876779794693,0.18628272
USA_14096850,2,0.083928294,0.08160438,0.7489199936389923,0.28970382
USA_14096850,3,0.1196174,0.10448475,0.6421524286270142,0.3458575
USA_14096850,4,0.14450982,0.11930423,0.5676842629909515,0.38014448
USA_14096850,5,0.1639,0.12950775,0.5096980631351471,0.40484565
USA_14096850,6,0.17846979,0.13871212,0.46616315841674805,0.42245686
USA_14096850,7,0.19305834,0.14577894,0.422560453414917,0.43938404
USA_14096850,8,0.20744038,0.15192394,0.379571795463562,0.45545623
USA_14096850,9,0.21695733,0.15789096,0.3511277437210083,0.46578678
USA_14096850,10,0.2256026,0.16226406,0.32528233528137207,0.47497642
USA_14137000,1,2.9751363,0.7532543,0.8535231351852417,1.7248583
USA_14137000,2,8.364673,1.1567059,0.5856434404850006,2.8921745
USA_14137000,3,10.957517,1.4452684,0.45593565702438354,3.310214
USA_14137000,4,12.600344,1.6479092,0.37342846393585205,3.5496962
USA_14137000,5,13.790969,1.7770826,0.31371116638183594,3.7136195
USA_14137000,6,14.67824,1.8569672,0.2693837285041809,3.8312192
USA_14137000,7,15.140115,1.9113315,0.2464151382446289,3.89103
USA_14137000,8,15.335731,1.9418882,0.23678112030029297,3.9160862
USA_14137000,9,15.268179,1.9655474,0.24021422863006592,3.9074516
USA_14137000,10,15.398824,1.9991373,0.23526042699813843,3.9241335
USA_14138800,1,34.218227,2.223365,0.6611292660236359,5.8496346
USA_14138800,2,65.05969,3.33924,0.3546244502067566,8.065959
USA_14138800,3,77.46593,3.949535,0.22189050912857056,8.801473
USA_14138800,4,84.32789,4.3418074,0.14806050062179565,9.183022
USA_14138800,5,89.15001,4.5540047,0.09858816862106323,9.441928
USA_14138800,6,92.278984,4.676215,0.06693404912948608,9.606195
USA_14138800,7,93.75498,4.7634153,0.05179065465927124,9.682715
USA_14138800,8,93.50567,4.770022,0.04630309343338013,9.669833
USA_14138800,9,92.96876,4.7903047,0.05084490776062012,9.642031
USA_14138800,10,93.0148,4.800216,0.049955129623413086,9.644418
USA_14138870,1,21.35237,1.8105803,0.7069783806800842,4.6208625
USA_14138870,2,44.308002,2.7252848,0.3898577094078064,6.6564255
USA_14138870,3,55.14234,3.2912028,0.24070793390274048,7.425789
USA_14138870,4,60.968258,3.6376688,0.16093242168426514,7.8082175
USA_14138870,5,63.64179,3.8175077,0.1246100664138794,7.9775805
USA_14138870,6,65.58278,3.9248345,0.09840965270996094,8.098319
USA_14138870,7,66.23775,4.0129504,0.08229333162307739,8.138658
USA_14138870,8,66.29614,4.006435,0.07792937755584717,8.142244
USA_14138870,9,65.95386,4.0253243,0.0813780426979065,8.121198
USA_14138870,10,65.84225,4.040974,0.08213883638381958,8.114324
USA_14138900,1,47.871983,2.5609324,0.6612567603588104,6.918958
USA_14138900,2,91.00395,3.738495,0.35192960500717163,9.539599
USA_14138900,3,110.239624,4.3772173,0.21348482370376587,10.499506
USA_14138900,4,119.53723,4.804316,0.14628463983535767,10.933309
USA_14138900,5,124.203995,5.045791,0.11335486173629761,11.144685
USA_14138900,6,128.07893,5.1740384,0.0858122706413269,11.317197
USA_14138900,7,130.26259,5.2776866,0.07004278898239136,11.413263
USA_14138900,8,131.29233,5.276729,0.063113272190094,11.458286
USA_14138900,9,131.04134,5.2994413,0.0653260350227356,11.447329
USA_14138900,10,130.71896,5.3107634,0.06807082891464233,11.433239
USA_14139800,1,27.706852,1.9757944,0.7241804003715515,5.26373
USA_14139800,2,54.68731,2.96602,0.4557706117630005,7.395087
USA_14139800,3,70.952286,3.6555977,0.29413336515426636,8.423318
USA_14139800,4,80.50409,4.1010485,0.19951999187469482,8.972407
USA_14139800,5,85.407776,4.3630705,0.15117424726486206,9.241632
USA_14139800,6,88.56113,4.5400467,0.12015873193740845,9.410692
USA_14139800,7,90.242386,4.6640644,0.10378652811050415,9.499599
USA_14139800,8,90.66525,4.693358,0.09990942478179932,9.521831
USA_14139800,9,90.56125,4.7360363,0.1011233925819397,9.516367
USA_14139800,10,90.78667,4.7665577,0.09909135103225708,9.528204
USA_14141500,1,11.793847,1.4970745,0.7722878754138947,3.4342172
USA_14141500,2,27.514462,2.385068,0.4699585437774658,5.245423
USA_14141500,3,34.826336,2.846821,0.32971280813217163,5.9013844
USA_14141500,4,39.21686,3.1581523,0.24578821659088135,6.2623367
USA_14141500,5,42.04871,3.3377154,0.19167345762252808,6.4844975
USA_14141500,6,43.59828,3.4487712,0.1633588671684265,6.6028996
USA_14141500,7,44.490814,3.5296307,0.15002548694610596,6.6701436
USA_14141500,8,44.797085,3.5557542,0.14520782232284546,6.6930623
USA_14141500,9,44.568794,3.5565987,0.1497170329093933,6.6759863
USA_14141500,10,44.866314,3.582085,0.14403897523880005,6.698232
USA_14154500,1,6.22605,0.71411467,0.7248829305171967,2.4952054
USA_14154500,2,13.431374,1.1497552,0.4110673666000366,3.6648839
USA_14154500,3,16.387762,1.3820717,0.2829277515411377,4.04818
USA_14154500,4,17.75865,1.5272889,0.2241705060005188,4.2141013
USA_14154500,5,18.615456,1.6191607,0.18747282028198242,4.3145633
USA_14154500,6,19.111439,1.6860375,0.16611498594284058,4.371663
USA_14154500,7,19.435825,1.7377793,0.1530466079711914,4.408608
USA_14154500,8,19.735716,1.7543443,0.14068645238876343,4.4424896
USA_14154500,9,19.848679,1.7779486,0.1359758973121643,4.4551854
USA_14154500,10,19.872498,1.7901409,0.13501542806625366,4.457858
USA_14158500,1,0.389359,0.38019043,0.9446240849792957,0.62398636
USA_14158500,2,0.78530234,0.46802926,0.8889047354459763,0.8861729
USA_14158500,3,1.2384087,0.5589852,0.8252809792757034,1.1128381
USA_14158500,4,1.5780107,0.6347942,0.7780022174119949,1.256189
USA_14158500,5,1.8822833,0.69285107,0.7359354197978973,1.3719633
USA_14158500,6,2.1385674,0.74108666,0.7007580697536469,1.4623842
USA_14158500,7,2.3397202,0.78490615,0.6734034419059753,1.5296144
USA_14158500,8,2.5193517,0.82745486,0.6490390598773956,1.5872465
USA_14158500,9,2.6937678,0.8612375,0.6253063082695007,1.6412702
USA_14158500,10,2.83593,0.8909028,0.6059787273406982,1.684022
USA_14158790,1,20.074295,1.437301,0.7528055310249329,4.480435
USA_14158790,2,41.228905,2.1266131,0.4943215250968933,6.420974
USA_14158790,3,51.792828,2.5854268,0.36570847034454346,7.1967235
USA_14158790,4,57.51429,2.8904376,0.2960438132286072,7.5838175
USA_14158790,5,61.594707,3.0781212,0.2462395429611206,7.8482294
USA_14158790,6,63.86107,3.2082484,0.21854543685913086,7.991312
USA_14158790,7,65.044914,3.2865396,0.20405471324920654,8.0650425
USA_14158790,8,65.92071,3.3232899,0.19331032037734985,8.119157
USA_14158790,9,66.79202,3.355897,0.18264031410217285,8.172639
USA_14158790,10,67.02555,3.3850865,0.1798056960105896,8.1869135
USA_14166500,1,1.5294114,0.42794558,0.8953326940536499,1.2366937
USA_14166500,2,4.762853,0.666465,0.6754859089851379,2.1823962
USA_14166500,3,7.165707,0.86089975,0.5130747556686401,2.676884
USA_14166500,4,8.461329,0.9830672,0.4267699718475342,2.9088364
USA_14166500,5,9.33912,1.0611154,0.36817097663879395,3.0559974
USA_14166500,6,9.929369,1.1268244,0.3286856412887573,3.1510901
USA_14166500,7,10.34574,1.1732018,0.30083268880844116,3.2164795
USA_14166500,8,10.712309,1.2096864,0.27627044916152954,3.2729664
USA_14166500,9,10.968692,1.2436668,0.25903940200805664,3.3119016
USA_14166500,10,11.175002,1.2630241,0.24514240026474,3.3429031
USA_14182500,1,34.466995,1.7526994,0.5895435512065887,5.8708596
USA_14182500,2,46.990616,2.4349234,0.440657377243042,6.85497
USA_14182500,3,59.524765,2.9656262,0.2917819023132324,7.7152295
USA_14182500,4,65.71226,3.2599115,0.2185177206993103,8.10631
USA_14182500,5,69.115776,3.4461422,0.17838209867477417,8.31359
USA_14182500,6,71.25877,3.5471547,0.15317851305007935,8.441491
USA_14182500,7,72.93956,3.6291053,0.13343286514282227,8.540466
USA_14182500,8,74.10955,3.6885755,0.11977458000183105,8.60869
USA_14182500,9,74.78048,3.7342916,0.11199617385864258,8.647571
USA_14182500,10,74.585,3.769159,0.11447972059249878,8.636261
USA_14185000,1,8.553031,0.9722663,0.7945140600204468,2.9245565
USA_14185000,2,20.4578,1.5595489,0.5113680958747864,4.52303
USA_14185000,3,26.211367,1.9494151,0.37548017501831055,5.119704
USA_14185000,4,29.304766,2.1886768,0.30305683612823486,5.413388
USA_14185000,5,31.600458,2.3403027,0.24907660484313965,5.6214285
USA_14185000,6,32.954887,2.4313118,0.21715372800827026,5.740635
USA_14185000,7,33.63695,2.4761717,0.20169484615325928,5.799737
USA_14185000,8,33.92621,2.5188742,0.1953558325767517,5.8246207
USA_14185000,9,34.293137,2.559764,0.1867666244506836,5.8560343
USA_14185000,10,34.504433,2.5927598,0.18178534507751465,5.8740473
USA_14185900,1,26.841158,1.7737209,0.6775671541690826,5.1808453
USA_14185900,2,46.363636,2.617507,0.4442838430404663,6.809085
USA_14185900,3,56.770023,3.099732,0.32051318883895874,7.5345883
USA_14185900,4,62.58121,3.382047,0.25171250104904175,7.9108286
USA_14185900,5,67.08185,3.5642173,0.19817692041397095,8.190351
USA_14185900,6,69.541695,3.6385076,0.16887032985687256,8.339167
USA_14185900,7,70.39919,3.690509,0.15882670879364014,8.390423
USA_14185900,8,70.8433,3.7291634,0.15358346700668335,8.416846
USA_14185900,9,71.040726,3.7481244,0.1512058973312378,8.428566
USA_14185900,10,71.17651,3.7702653,0.149539053440094,8.436618
USA_14187000,1,5.130598,0.8306671,0.8182013034820557,2.2650824
USA_14187000,2,11.774943,1.2972099,0.5855107307434082,3.4314637
USA_14187000,3,16.229937,1.6451147,0.4309563636779785,4.0286393
USA_14187000,4,18.784908,1.8523679,0.3434465527534485,4.334156
USA_14187000,5,20.602156,1.9762762,0.2810019254684448,4.53896
USA_14187000,6,21.617956,2.052943,0.24605226516723633,4.6495113
USA_14187000,7,22.133781,2.1057181,0.2291858196258545,4.704655
USA_14187000,8,22.532713,2.166544,0.2160029411315918,4.7468634
USA_14187000,9,22.896599,2.208949,0.2035740613937378,4.785039
USA_14187000,10,23.156008,2.2153926,0.19463038444519043,4.812069
USA_14216500,1,5.174304,1.1534941,0.8601482808589935,2.2747097
USA_14216500,2,11.05097,1.4431676,0.7013688087463379,3.3243
USA_14216500,3,16.02512,1.7451608,0.5670360028743744,4.0031385
USA_14216500,4,19.973328,2.0017674,0.4604078531265259,4.469153
USA_14216500,5,22.820425,2.1974857,0.3836008906364441,4.777073
USA_14216500,6,24.510996,2.3417356,0.33804023265838623,4.950858
USA_14216500,7,25.462385,2.4504976,0.31246304512023926,5.0460267
USA_14216500,8,26.138147,2.5545104,0.2944170832633972,5.112548
USA_14216500,9,26.693962,2.6354473,0.27997779846191406,5.16662
USA_14216500,10,27.092155,2.6807318,0.26965653896331787,5.2050123
USA_14222500,1,7.6277533,1.243636,0.8260949850082397,2.7618387
USA_14222500,2,15.8417635,1.7768048,0.639361172914505,3.9801712
USA_14222500,3,21.816044,2.226825,0.5040590763092041,4.670765
USA_14222500,4,26.424833,2.561639,0.399746835231781,5.140509
USA_14222500,5,29.750977,2.7856038,0.32438695430755615,5.4544454
USA_14222500,6,32.03436,2.9167616,0.2727702260017395,5.65989
USA_14222500,7,33.5261,2.9925323,0.2396770715713501,5.7901726
USA_14222500,8,34.34976,3.048546,0.22140026092529297,5.8608665
USA_14222500,9,34.97899,3.1021216,0.2072688341140747,5.914304
USA_14222500,10,35.35306,3.1497555,0.19862693548202515,5.945844
USA_14236200,1,7.6264954,1.1590825,0.7989195436239243,2.761611
USA_14236200,2,13.657345,1.6479536,0.6401015520095825,3.6955845
USA_14236200,3,19.549162,2.1054711,0.48503953218460083,4.4214435
USA_14236200,4,23.059406,2.407102,0.39272069931030273,4.802021
USA_14236200,5,25.85363,2.594561,0.31939125061035156,5.0846467
USA_14236200,6,27.372608,2.6939554,0.27938687801361084,5.231884
USA_14236200,7,28.164013,2.7575743,0.2586039900779724,5.3069777
USA_14236200,8,28.77556,2.7935228,0.2426242232322693,5.3642855
USA_14236200,9,29.051079,2.84768,0.23546159267425537,5.3899055
USA_14236200,10,29.177319,2.8807926,0.23200976848602295,5.401603
USA_14301000,1,11.221945,1.124845,0.6603020131587982,3.3499172
USA_14301000,2,9.030612,1.2087917,0.7267557680606842,3.0050976
USA_14301000,3,15.144627,1.6190584,0.5419635474681854,3.8916097
USA_14301000,4,19.498934,1.9049157,0.41053301095962524,4.4157596
USA_14301000,5,22.375652,2.0954037,0.32384586334228516,4.730291
USA_14301000,6,24.188824,2.2323134,0.2693503499031067,4.9182134
USA_14301000,7,25.260225,2.3183649,0.23349535465240479,5.025955
USA_14301000,8,25.35026,2.3656497,0.2147761583328247,5.034904
USA_14301000,9,25.593893,2.409646,0.19939762353897095,5.0590405
USA_14301000,10,25.727568,2.4449744,0.19245225191116333,5.072235
USA_14303200,1,19.185568,1.5371637,0.8099281489849091,4.380133
USA_14303200,2,43.601696,2.158009,0.5681266784667969,6.603158
USA_14303200,3,62.38196,2.7652464,0.38229435682296753,7.8982253
USA_14303200,4,73.29888,3.1698241,0.2744068503379822,8.561477
USA_14303200,5,79.2146,3.417495,0.21612775325775146,8.900258
USA_14303200,6,83.52994,3.595468,0.17371875047683716,9.139471
USA_14303200,7,86.68332,3.7147784,0.14279979467391968,9.310388
USA_14303200,8,86.765785,3.78836,0.13294512033462524,9.3148155
USA_14303200,9,85.603424,3.813157,0.12905120849609375,9.252212
USA_14303200,10,85.08418,3.843253,0.13080620765686035,9.224109
USA_14305500,1,31.65945,1.8821024,0.6190074682235718,5.626673
USA_14305500,2,37.924324,2.2137725,0.5454208850860596,6.1582727
USA_14305500,3,46.455048,2.660086,0.4443442225456238,6.815794
USA_14305500,4,53.640377,3.0005736,0.35929036140441895,7.323959
USA_14305500,5,58.63302,3.2741394,0.30017906427383423,7.65722
USA_14305500,6,62.217934,3.444632,0.2577172517776489,7.8878345
USA_14305500,7,65.01634,3.5921485,0.22464120388031006,8.0632715
USA_14305500,8,66.550285,3.7154906,0.20658361911773682,8.157836
USA_14305500,9,67.20957,3.7624772,0.19884729385375977,8.198144
USA_14305500,10,67.43972,3.8001363,0.19615399837493896,8.212169
USA_14306340,1,30.762066,1.5484384,0.7135239243507385,5.546356
USA_14306340,2,61.591938,2.1254923,0.4265310764312744,7.848053
USA_14306340,3,80.09607,2.627449,0.2543920874595642,8.94964
USA_14306340,4,88.45869,2.9214091,0.17668616771697998,9.405248
USA_14306340,5,93.234566,3.1084175,0.13232600688934326,9.655805
USA_14306340,6,96.514824,3.2550285,0.10193014144897461,9.824196
USA_14306340,7,98.24672,3.3760362,0.08596718311309814,9.911948
USA_14306340,8,99.50182,3.4574723,0.07442092895507812,9.97506
USA_14306340,9,100.4845,3.506668,0.06541138887405396,10.024196
USA_14306340,10,100.62879,3.5224786,0.06419986486434937,10.03139
USA_14306500,1,6.717103,0.88464123,0.8030866086483002,2.5917375
USA_14306500,2,11.153341,1.1356181,0.67483851313591,3.3396618
USA_14306500,3,15.90665,1.4509357,0.5380419194698334,3.9883142
USA_14306500,4,18.985678,1.6665974,0.4505479335784912,4.357256
USA_14306500,5,21.21957,1.8067672,0.38710325956344604,4.6064706
USA_14306500,6,22.666595,1.918258,0.34602928161621094,4.760945
USA_14306500,7,23.656445,2.0013628,0.31801557540893555,4.863789
USA_14306500,8,24.44781,2.073396,0.2956480383872986,4.944473
USA_14306500,9,25.206161,2.1237705,0.2741084098815918,5.0205736
USA_14306500,10,25.681587,2.1624022,0.2606034278869629,5.0677004
USA_14308990,1,1.7336355,0.29269287,0.6641226410865784,1.3166759
USA_14308990,2,2.7039921,0.40591335,0.477863609790802,1.644382
USA_14308990,3,3.2232301,0.47806388,0.3788760304450989,1.7953357
USA_14308990,4,3.6161761,0.5165431,0.30461424589157104,1.9016246
USA_14308990,5,3.7376943,0.54295623,0.2819574475288391,1.9333117
USA_14308990,6,3.8462262,0.5648051,0.2613867521286011,1.9611799
USA_14308990,7,3.94374,0.57960933,0.24299395084381104,1.9858851
USA_14308990,8,3.988119,0.59412235,0.2348828911781311,1.9970275
USA_14308990,9,3.98554,0.6073093,0.23557668924331665,1.9963818
USA_14308990,10,4.032337,0.61936444,0.2266831398010254,2.008068
USA_14309500,1,15.461481,0.7832311,0.4125809669494629,3.9321089
USA_14309500,2,14.75427,1.0288647,0.44062894582748413,3.8411286
USA_14309500,3,17.23704,1.2065513,0.34737491607666016,4.1517515
USA_14309500,4,18.917278,1.3133788,0.28522562980651855,4.3493996
USA_14309500,5,19.57531,1.3721046,0.26098257303237915,4.4243994
USA_14309500,6,19.946632,1.4205098,0.24719774723052979,4.466165
USA_14309500,7,20.634138,1.4553019,0.2213653326034546,4.5424814
USA_14309500,8,21.096518,1.4871376,0.20400577783584595,4.5930943
USA_14309500,9,21.074,1.5096835,0.20492106676101685,4.5906425
USA_14309500,10,21.326653,1.5197204,0.1954149603843689,4.6180787
USA_14316700,1,6.3746305,0.7565527,0.7334727346897125,2.5248032
USA_14316700,2,12.794174,1.2235643,0.469307005405426,3.5768945
USA_14316700,3,16.102964,1.4804751,0.3343234658241272,4.01285
USA_14316700,4,17.834452,1.6491911,0.2644534111022949,4.2230854
USA_14316700,5,18.829136,1.7450247,0.2242206335067749,4.3392553
USA_14316700,6,19.352049,1.8214359,0.2030145525932312,4.3990965
USA_14316700,7,19.746624,1.8683177,0.18714386224746704,4.4437175
USA_14316700,8,19.926579,1.8765178,0.18007159233093262,4.4639196
USA_14316700,9,19.93141,1.8919643,0.17997759580612183,4.464461
USA_14316700,10,19.983484,1.8962885,0.17787396907806396,4.470289
USA_14325000,1,42.59962,1.3036802,0.3048117160797119,6.5268383
USA_14325000,2,33.542774,1.6825505,0.45390135049819946,5.7916126
USA_14325000,3,39.51149,2.0109315,0.35831332206726074,6.2858167
USA_14325000,4,44.300083,2.2060914,0.28334861993789673,6.655831
USA_14325000,5,46.145676,2.3140721,0.2546864151954651,6.793061
USA_14325000,6,47.034496,2.401814,0.24075835943222046,6.85817
USA_14325000,7,48.584988,2.462935,0.21593201160430908,6.970293
USA_14325000,8,49.7226,2.5250726,0.19772088527679443,7.0514255
USA_14325000,9,49.90802,2.5625305,0.1948033571243286,7.064561
USA_14325000,10,50.50776,2.5687268,0.18514883518218994,7.106881
USA_14362250,1,0.02127098,0.048297085,0.8666764497756958,0.14584574
USA_14362250,2,0.049183365,0.07009424,0.6917276084423065,0.22177322
USA_14362250,3,0.06608889,0.08472482,0.5857604146003723,0.2570776
USA_14362250,4,0.08140629,0.09496741,0.4897701144218445,0.28531787
USA_14362250,5,0.090120256,0.10159971,0.4351480007171631,0.30020037
USA_14362250,6,0.094457865,0.106003016,0.4079563617706299,0.30734
USA_14362250,7,0.09801448,0.10970254,0.3856642246246338,0.31307265
USA_14362250,8,0.09990203,0.11269865,0.37383776903152466,0.31607282
USA_14362250,9,0.09941842,0.114581674,0.37687307596206665,0.31530687
USA_14362250,10,0.09775533,0.11561807,0.38730937242507935,0.3126585
USA_14400000,1,122.74406,2.4498398,0.25016218423843384,11.078992
USA_14400000,2,80.51674,2.7777197,0.5099073350429535,8.973112
USA_14400000,3,93.674835,3.3184981,0.4308948516845703,9.678576
USA_14400000,4,110.148346,3.7982166,0.33153271675109863,10.495158
USA_14400000,5,118.58486,4.035451,0.2806721329689026,10.8896675
USA_14400000,6,123.23728,4.2263727,0.2525882124900818,11.101229
USA_14400000,7,128.50392,4.375475,0.2206924557685852,11.335957
USA_14400000,8,132.78632,4.4927583,0.1947137713432312,11.523294
USA_14400000,9,134.85806,4.5762978,0.18211257457733154,11.612841
USA_14400000,10,137.38458,4.616318,0.16675043106079102,11.721117
