best_value,batch_size,input_length,hidden_size,dropout
0.510890007019043,188,227,35,0.4884239231995916
