basin_id,horizon,MSE,MAE,NSE,RMSE
CA_15013,1,0.13572483,0.1994065,0.9382171183824539,0.3684085
CA_15013,2,0.25318262,0.2761579,0.8847375959157944,0.5031726
CA_15013,3,0.379734,0.34395435,0.8271105736494064,0.6162256
CA_15013,4,0.48299736,0.38818032,0.7800711244344711,0.6949801
CA_15013,5,0.56439275,0.42390352,0.7429783642292023,0.75126076
CA_15013,6,0.6484037,0.4548088,0.7046672701835632,0.8052352
CA_15013,7,0.7116404,0.47808942,0.6758155226707458,0.8435878
CA_15013,8,0.7587477,0.49339774,0.6542962789535522,0.87106127
CA_15013,9,0.81571764,0.5151452,0.6282699704170227,0.9031709
CA_15013,10,0.8501542,0.5312801,0.6125088334083557,0.9220381
CA_15039,1,0.018288719,0.06812063,0.9531755559146404,0.13523579
CA_15039,2,0.035231348,0.098945834,0.9097855165600777,0.18770015
CA_15039,3,0.05112635,0.12607482,0.869066908955574,0.22611137
CA_15039,4,0.06456321,0.14438461,0.83463354408741,0.2540929
CA_15039,5,0.0771582,0.16188703,0.8023476004600525,0.27777365
CA_15039,6,0.09176645,0.18049434,0.764895111322403,0.30292976
CA_15039,7,0.10354213,0.19558023,0.7346906661987305,0.32177964
CA_15039,8,0.11185756,0.20430821,0.7133456766605377,0.33445114
CA_15039,9,0.117259726,0.20984611,0.6994617283344269,0.34243208
CA_15039,10,0.12554917,0.21906346,0.6781729757785797,0.35432917
CA_15259,1,0.008318997,0.052716758,0.9469333402812481,0.09120853
CA_15259,2,0.014344037,0.06846183,0.9085485339164734,0.11976659
CA_15259,3,0.019597545,0.08075432,0.8751102685928345,0.13999124
CA_15259,4,0.024743505,0.09046346,0.8423750400543213,0.15730068
CA_15259,5,0.029416963,0.09912841,0.8126756697893143,0.17151374
CA_15259,6,0.03423421,0.107475534,0.7820839285850525,0.18502489
CA_15259,7,0.038427066,0.11310492,0.7555355727672577,0.19602823
CA_15259,8,0.04321529,0.12112843,0.7252050936222076,0.20788288
CA_15259,9,0.04715461,0.12711841,0.700264185667038,0.21715112
CA_15259,10,0.05232416,0.13454904,0.6675179600715637,0.22874475
CA_15283,1,0.030164812,0.09330009,0.9828745890408754,0.1736802
CA_15283,2,0.057677347,0.1278708,0.9672551564872265,0.24016109
CA_15283,3,0.08942539,0.15855154,0.9492313377559185,0.2990408
CA_15283,4,0.1215032,0.18489279,0.9310192093253136,0.3485731
CA_15283,5,0.14751454,0.20328541,0.9162507429718971,0.3840762
CA_15283,6,0.16715547,0.21945252,0.9050986543297768,0.40884653
CA_15283,7,0.1814486,0.23293744,0.8969824984669685,0.42596784
CA_15283,8,0.19435619,0.2416168,0.889652781188488,0.44085845
CA_15283,9,0.20744497,0.25013626,0.882219173014164,0.45546126
CA_15283,10,0.21991754,0.26038396,0.8751376420259476,0.46895367
CA_15287,1,0.0061634113,0.04049608,0.9835891611874104,0.07850739
CA_15287,2,0.011666621,0.055672936,0.9689344838261604,0.10801213
CA_15287,3,0.016894192,0.06869519,0.9550121985375881,0.12997766
CA_15287,4,0.021872392,0.079479806,0.9417524710297585,0.14789318
CA_15287,5,0.027192552,0.08778023,0.9275805801153183,0.16490164
CA_15287,6,0.032202765,0.09656404,0.9142326265573502,0.17945129
CA_15287,7,0.036933668,0.10407893,0.9016271531581879,0.19218133
CA_15287,8,0.041320518,0.10964286,0.8899351134896278,0.20327449
CA_15287,9,0.046922136,0.11682754,0.8750054761767387,0.21661519
CA_15287,10,0.050437883,0.12096884,0.8656306564807892,0.2245838
CA_16055,1,0.016108695,0.06876275,0.9690895210951567,0.12692003
CA_16055,2,0.032456655,0.095598064,0.9377147816121578,0.1801573
CA_16055,3,0.053012285,0.12362625,0.8982592448592186,0.23024397
CA_16055,4,0.073490754,0.14854258,0.858950287103653,0.2710918
CA_16055,5,0.09055973,0.16563499,0.8261816203594208,0.30093142
CA_16055,6,0.10560908,0.18232433,0.7972912043333054,0.32497552
CA_16055,7,0.11807886,0.19432482,0.7733508050441742,0.34362605
CA_16055,8,0.12741232,0.20363791,0.7554354965686798,0.3569486
CA_16055,9,0.13447477,0.210322,0.7418729364871979,0.366708
CA_16055,10,0.14167607,0.2180068,0.7280533611774445,0.3763988
CA_16068,1,0.010385463,0.058175337,0.9693772029131651,0.10190909
CA_16068,2,0.023266109,0.08040821,0.9306057542562485,0.15253232
CA_16068,3,0.037235808,0.101414084,0.8875973671674728,0.19296582
CA_16068,4,0.0505599,0.122640446,0.8455060720443726,0.22485529
CA_16068,5,0.06233348,0.1388064,0.8080290257930756,0.24966674
CA_16068,6,0.07392243,0.15390037,0.771120697259903,0.2718868
CA_16068,7,0.08376965,0.16546337,0.7402389943599701,0.28942987
CA_16068,8,0.090780765,0.17428511,0.7183403074741364,0.30129847
CA_16068,9,0.09599029,0.17995009,0.7020033895969391,0.309823
CA_16068,10,0.10116132,0.18619038,0.6854092180728912,0.31805867
CA_16070,1,0.014366504,0.06846769,0.9753161538392305,0.11986035
CA_16070,2,0.03290725,0.096827276,0.9434891231358051,0.18140356
CA_16070,3,0.054308567,0.12573093,0.9067895486950874,0.23304199
CA_16070,4,0.07639277,0.15072992,0.8689592480659485,0.27639243
CA_16070,5,0.0949655,0.16866325,0.8371757119894028,0.30816475
CA_16070,6,0.11098873,0.1841098,0.809771940112114,0.3331497
CA_16070,7,0.12429186,0.1957733,0.7870790213346481,0.3525505
CA_16070,8,0.13266015,0.20378381,0.772858515381813,0.36422542
CA_16070,9,0.13941158,0.20956117,0.7613793462514877,0.3733786
CA_16070,10,0.14609042,0.21550542,0.7499561011791229,0.38221776
CA_16100,1,0.027300172,0.092826605,0.9833009000867605,0.16522764
CA_16100,2,0.04673472,0.12296014,0.9714128840714693,0.21618214
CA_16100,3,0.06881249,0.14907971,0.9579078629612923,0.26232135
CA_16100,4,0.09422593,0.17247902,0.9423630274832249,0.30696243
CA_16100,5,0.119740866,0.19012386,0.9267563149333,0.34603593
CA_16100,6,0.14277826,0.20663,0.9126652851700783,0.3778601
CA_16100,7,0.16341786,0.22169009,0.9000425040721893,0.40424976
CA_16100,8,0.17503919,0.22818975,0.8929363191127777,0.41837686
CA_16100,9,0.18641125,0.23455486,0.8859828636050224,0.4317537
CA_16100,10,0.19700912,0.24372557,0.8795032575726509,0.4438571
CA_16134,1,0.042721666,0.09858598,0.9592668935656548,0.2066922
CA_16134,2,0.08286515,0.13335386,0.9210020378232002,0.28786308
CA_16134,3,0.10792575,0.15971431,0.8971238881349564,0.32852054
CA_16134,4,0.13675661,0.18259643,0.8696620017290115,0.36980617
CA_16134,5,0.16840774,0.2044421,0.8395161777734756,0.41037512
CA_16134,6,0.18832122,0.22254951,0.8205617219209671,0.43395993
CA_16134,7,0.20201169,0.23127474,0.8075402826070786,0.4494571
CA_16134,8,0.21630701,0.2382291,0.7939404547214508,0.4650882
CA_16134,9,0.23094182,0.24818872,0.7800254374742508,0.48056406
CA_16134,10,0.24496956,0.25868776,0.7666914016008377,0.494944
CA_16143,1,0.014787564,0.06001276,0.9316573143005371,0.12160413
CA_16143,2,0.02081691,0.07429162,0.903754249215126,0.14428066
CA_16143,3,0.024716064,0.088229,0.8856818750500679,0.15721343
CA_16143,4,0.02776822,0.096010804,0.871524453163147,0.16663799
CA_16143,5,0.03155569,0.10336568,0.8539484739303589,0.17763922
CA_16143,6,0.034302942,0.110153474,0.84117791056633,0.18521054
CA_16143,7,0.036971387,0.116318665,0.8287679702043533,0.19227944
CA_16143,8,0.04045043,0.12063256,0.8126076906919479,0.20112292
CA_16143,9,0.04318814,0.12273357,0.7998788207769394,0.20781757
CA_16143,10,0.045505702,0.12821694,0.7890967130661011,0.21332066
CA_16176,1,0.024681319,0.07719749,0.9822621643543243,0.1571029
CA_16176,2,0.047734838,0.11028141,0.9656951576471329,0.21848303
CA_16176,3,0.07592199,0.13886867,0.9454398676753044,0.27553946
CA_16176,4,0.105015606,0.16296658,0.9245343431830406,0.32406113
CA_16176,5,0.13345543,0.18282992,0.9040997922420502,0.36531553
CA_16176,6,0.15819491,0.20106363,0.8863253518939018,0.39773723
CA_16176,7,0.17874856,0.21607648,0.871559664607048,0.42278665
CA_16176,8,0.19768444,0.2274152,0.8579572439193726,0.44461718
CA_16176,9,0.21602468,0.23861885,0.8447835594415665,0.46478456
CA_16176,10,0.23026541,0.24999204,0.8345560729503632,0.47985977
CA_16205,1,0.00830256,0.0491978,0.986090331338346,0.09111839
CA_16205,2,0.015131368,0.06802941,0.9746477846056223,0.12300963
CA_16205,3,0.024490893,0.086587034,0.9589626006782055,0.15649566
CA_16205,4,0.035891123,0.104838245,0.939856119453907,0.18944953
CA_16205,5,0.046655867,0.11868253,0.9218113571405411,0.2159997
CA_16205,6,0.05616806,0.13365431,0.9058639481663704,0.23699802
CA_16205,7,0.06527823,0.147066,0.8905893191695213,0.25549605
CA_16205,8,0.07173101,0.15563124,0.8797671720385551,0.26782644
CA_16205,9,0.07627578,0.16196117,0.8721432834863663,0.2761807
CA_16205,10,0.08040572,0.16946542,0.8652152568101883,0.28355902
CA_17100,1,0.011847328,0.05171294,0.9617855399847031,0.108845435
CA_17100,2,0.019784909,0.06795462,0.9361775070428848,0.14065884
CA_17100,3,0.029563561,0.08294006,0.9046262502670288,0.17194058
CA_17100,4,0.039662305,0.09871527,0.8720358163118362,0.19915397
CA_17100,5,0.048801728,0.109037265,0.842534989118576,0.22091113
CA_17100,6,0.057275247,0.118368365,0.8151798844337463,0.23932247
CA_17100,7,0.0641712,0.12615612,0.792908638715744,0.25332037
CA_17100,8,0.068833314,0.1315948,0.7778430134057999,0.26236105
CA_17100,9,0.07304672,0.13589782,0.7642262727022171,0.27027157
CA_17100,10,0.076619,0.1413268,0.7526769936084747,0.27680138
CA_17288,1,0.009985957,0.067543335,0.9909772155806422,0.099929765
CA_17288,2,0.015966894,0.08311658,0.9855664372444153,0.12636018
CA_17288,3,0.024815384,0.09776667,0.9775454737246037,0.157529
CA_17288,4,0.035513993,0.11664678,0.9678155481815338,0.18845157
CA_17288,5,0.046566416,0.13187358,0.9577175006270409,0.21579252
CA_17288,6,0.058628134,0.1444223,0.9466696828603745,0.24213247
CA_17288,7,0.070530154,0.15770656,0.9357338473200798,0.26557514
CA_17288,8,0.081759,0.17076974,0.9253590404987335,0.2859353
CA_17288,9,0.09170195,0.18179211,0.9161098971962929,0.3028233
CA_17288,10,0.09985831,0.18789673,0.9084525927901268,0.31600365
CA_17325,1,0.050069403,0.10811774,0.9845460122451186,0.22376193
CA_17325,2,0.058312252,0.12392606,0.9820010270923376,0.24147929
CA_17325,3,0.07613831,0.1435198,0.9764976873993874,0.27593172
CA_17325,4,0.098632365,0.16733728,0.9695528615266085,0.3140579
CA_17325,5,0.12539087,0.18813926,0.9612910896539688,0.35410574
CA_17325,6,0.14733347,0.20869325,0.9545160755515099,0.3838404
CA_17325,7,0.17266352,0.22702736,0.9466938562691212,0.415528
CA_17325,8,0.18605176,0.23912273,0.9425585232675076,0.43133718
CA_17325,9,0.19784655,0.24615656,0.9389151036739349,0.44479945
CA_17325,10,0.21222807,0.2555227,0.9344725236296654,0.46068218
CA_17338,1,0.022377945,0.060676824,0.9643237143754959,0.1495926
CA_17338,2,0.027624566,0.0784322,0.955955546349287,0.16620639
CA_17338,3,0.034570713,0.09287331,0.9448760449886322,0.18593201
CA_17338,4,0.041527927,0.10633653,0.9337770268321037,0.20378402
CA_17338,5,0.047688667,0.11623778,0.9239463731646538,0.21837735
CA_17338,6,0.05447391,0.1271712,0.9131201878190041,0.23339647
CA_17338,7,0.059955098,0.13529979,0.9043760150671005,0.2448573
CA_17338,8,0.06381429,0.13992313,0.8982159048318863,0.25261492
CA_17338,9,0.067807674,0.14581826,0.8918296322226524,0.26039907
CA_17338,10,0.07230232,0.15340817,0.8846538960933685,0.26889092
CA_17344,1,0.009548947,0.05152061,0.8897004276514053,0.097718716
CA_17344,2,0.015200661,0.0706005,0.8244298100471497,0.123290956
CA_17344,3,0.0192852,0.08405576,0.7772736698389053,0.13887116
CA_17344,4,0.022644829,0.0947844,0.7384911477565765,0.15048198
CA_17344,5,0.025601106,0.10384865,0.7043473124504089,0.16000345
CA_17344,6,0.028568706,0.1121926,0.6700555086135864,0.1690228
CA_17344,7,0.031319827,0.11872463,0.6382597088813782,0.17697409
CA_17344,8,0.034933448,0.12663178,0.596497505903244,0.18690492
CA_17344,9,0.037142858,0.13204437,0.5709505379199982,0.19272482
CA_17344,10,0.04017788,0.13903035,0.5358628332614899,0.2004442
CA_17462,1,0.0019413583,0.02341362,0.9544052369892597,0.04406085
CA_17462,2,0.0035725888,0.029162979,0.91614880412817,0.059771135
CA_17462,3,0.0054182974,0.036156356,0.8729114979505539,0.073609084
CA_17462,4,0.0073215635,0.043662608,0.8283812254667282,0.08556613
CA_17462,5,0.008960713,0.048042994,0.7900957465171814,0.09466104
CA_17462,6,0.010558327,0.052952368,0.7528323233127594,0.10275372
CA_17462,7,0.012141636,0.0581911,0.7159518003463745,0.11018909
CA_17462,8,0.013537132,0.062991254,0.6835364103317261,0.11634918
CA_17462,9,0.014876931,0.0672794,0.6524554193019867,0.121971026
CA_17462,10,0.016225006,0.07133423,0.6212240159511566,0.12737742
CH_2009,1,0.22009906,0.31341878,0.9175587892532349,0.46914718
CH_2009,2,0.38109314,0.43433106,0.8573065251111984,0.6173274
CH_2009,3,0.48500156,0.50388503,0.8184639811515808,0.69642055
CH_2009,4,0.54652256,0.54137874,0.7955479025840759,0.73927164
CH_2009,5,0.5928385,0.5646373,0.7783335298299789,0.7699601
CH_2009,6,0.6148412,0.57258785,0.7701869308948517,0.7841181
CH_2009,7,0.6181427,0.5781206,0.7690216153860092,0.78622055
CH_2009,8,0.67887026,0.6156432,0.7464732527732849,0.8239358
CH_2009,9,0.7424885,0.6485483,0.7228431105613708,0.8616777
CH_2009,10,0.7888068,0.66906095,0.7057511210441589,0.88814795
CH_2011,1,0.19065063,0.2472298,0.9528502076864243,0.43663558
CH_2011,2,0.3206855,0.3473326,0.920685738325119,0.56629103
CH_2011,3,0.43023834,0.41901892,0.8935971781611443,0.6559256
CH_2011,4,0.5219194,0.46496087,0.8709347248077393,0.7224399
CH_2011,5,0.60826594,0.50331795,0.8495984375476837,0.7799141
CH_2011,6,0.67100906,0.527,0.8340914398431778,0.8191514
CH_2011,7,0.7038817,0.5431985,0.8259692788124084,0.83897656
CH_2011,8,0.7579544,0.56698495,0.8126100450754166,0.87060577
CH_2011,9,0.8121441,0.5937206,0.7992220818996429,0.9011904
CH_2011,10,0.85783523,0.6124371,0.7879544645547867,0.92619395
CH_2018,1,0.23553085,0.30562362,0.9229270741343498,0.4853152
CH_2018,2,0.5027714,0.43571007,0.8355229943990707,0.7090637
CH_2018,3,0.69622594,0.53055733,0.7722132652997971,0.83440155
CH_2018,4,0.84774154,0.60387975,0.7225969135761261,0.9207288
CH_2018,5,0.9788042,0.6731505,0.6796684265136719,0.9893453
CH_2018,6,1.0984557,0.7385038,0.6405169665813446,1.0480723
CH_2018,7,1.1888075,0.7830544,0.6109599471092224,1.0903245
CH_2018,8,1.2557921,0.8229159,0.5890523791313171,1.1206213
CH_2018,9,1.3252559,0.8607166,0.566331148147583,1.1511976
CH_2018,10,1.3729969,0.88823664,0.5507268309593201,1.1717495
CH_2019,1,2.3627822,0.95459837,0.8194893002510071,1.5371344
CH_2019,2,3.3285909,1.1955956,0.7456493973731995,1.8244426
CH_2019,3,3.6843483,1.2895763,0.7183697819709778,1.9194657
CH_2019,4,3.7853754,1.3260428,0.7105351388454437,1.9456041
CH_2019,5,3.8866825,1.34809,0.7027243077754974,1.9714671
CH_2019,6,3.948029,1.3659137,0.6979549527168274,1.9869648
CH_2019,7,3.977227,1.3896646,0.6956509053707123,1.9942986
CH_2019,8,4.369297,1.4700054,0.6655882894992828,2.0902863
CH_2019,9,4.477257,1.4902902,0.6572050452232361,2.115953
CH_2019,10,4.6413245,1.5264388,0.6445444524288177,2.1543734
CH_2020,1,3.586778,0.625006,0.593547910451889,1.893879
CH_2020,2,5.4527736,0.84684074,0.38192683458328247,2.3351176
CH_2020,3,6.1027737,0.9591452,0.30812323093414307,2.4703794
CH_2020,4,6.396514,1.0105227,0.2746884226799011,2.529133
CH_2020,5,6.64332,1.0705681,0.24655497074127197,2.5774639
CH_2020,6,6.8095627,1.0958306,0.2275393009185791,2.6095138
CH_2020,7,6.8595567,1.1065679,0.22165876626968384,2.6190755
CH_2020,8,6.954994,1.1431115,0.21062123775482178,2.6372323
CH_2020,9,7.164335,1.1923558,0.18665027618408203,2.6766274
CH_2020,10,7.2627554,1.2246127,0.17527413368225098,2.6949499
CH_2024,1,0.30312318,0.36678436,0.9251790344715118,0.55056626
CH_2024,2,0.4985628,0.49686196,0.8769535347819328,0.7060898
CH_2024,3,0.6475567,0.5837651,0.8402360677719116,0.8047091
CH_2024,4,0.75286305,0.639916,0.8143289536237717,0.8676768
CH_2024,5,0.8324847,0.6702744,0.794757530093193,0.912406
CH_2024,6,0.87154233,0.6809931,0.7851482778787613,0.9335643
CH_2024,7,0.88014406,0.68777436,0.7830650806427002,0.93815994
CH_2024,8,0.9848974,0.7349079,0.7573510110378265,0.99241996
CH_2024,9,1.0799377,0.77600265,0.7340162396430969,1.0392005
CH_2024,10,1.1411157,0.79701126,0.719098299741745,1.0682302
CH_2033,1,2.0537708,0.58916605,0.7379662096500397,1.4330983
CH_2033,2,2.9789183,0.75513315,0.6199472844600677,1.7259543
CH_2033,3,3.3594503,0.8701986,0.5714324414730072,1.8328804
CH_2033,4,3.5947702,0.93912274,0.5413923263549805,1.8959879
CH_2033,5,3.8007753,0.99612904,0.5151612162590027,1.9495577
CH_2033,6,3.950417,1.0316236,0.4960911273956299,1.9875656
CH_2033,7,4.041671,1.0679303,0.4844478964805603,2.0103908
CH_2033,8,4.1531453,1.1076279,0.4702860713005066,2.0379267
CH_2033,9,4.2599325,1.1334735,0.45676475763320923,2.0639603
CH_2033,10,4.344741,1.1659913,0.44603079557418823,2.0844042
CH_2053,1,0.04945602,0.1329568,0.9323504418134689,0.22238709
CH_2053,2,0.0737402,0.1730663,0.8991680517792702,0.27155146
CH_2053,3,0.089335315,0.19762298,0.877874031662941,0.29889014
CH_2053,4,0.10310239,0.21292713,0.8590991050004959,0.32109562
CH_2053,5,0.11319071,0.22204782,0.8453339487314224,0.33643827
CH_2053,6,0.11854886,0.2259494,0.8380371928215027,0.34430924
CH_2053,7,0.1223896,0.2286794,0.8328380435705185,0.34984225
CH_2053,8,0.13770436,0.24686441,0.811985969543457,0.37108538
CH_2053,9,0.15082158,0.2628223,0.7941487580537796,0.38835755
CH_2053,10,0.15997817,0.27481797,0.7817306518554688,0.3999727
CH_2056,1,1.7356696,0.50920767,0.8491383939981461,1.3174481
CH_2056,2,2.6354198,0.7065628,0.7708828300237656,1.6233976
CH_2056,3,3.0599368,0.84388083,0.7339052259922028,1.7492675
CH_2056,4,3.3641179,0.9313792,0.7073821127414703,1.8341532
CH_2056,5,3.604075,1.0008279,0.6864316463470459,1.8984401
CH_2056,6,3.776186,1.0555724,0.6713821887969971,1.9432411
CH_2056,7,3.9386055,1.1132417,0.6571602523326874,1.9845921
CH_2056,8,4.0220737,1.1432774,0.649808943271637,2.0055108
CH_2056,9,4.07086,1.1620649,0.64548259973526,2.0176373
CH_2056,10,4.1145,1.1881742,0.641602098941803,2.028423
CH_2063,1,0.07885411,0.18804313,0.9346897006034851,0.28080973
CH_2063,2,0.19317795,0.29476383,0.8398887813091278,0.43952015
CH_2063,3,0.31028053,0.38113818,0.7426875531673431,0.5570283
CH_2063,4,0.42923772,0.45929977,0.6439182758331299,0.65516233
CH_2063,5,0.53279877,0.52178013,0.5577732622623444,0.72993064
CH_2063,6,0.6190059,0.5731146,0.4856303930282593,0.7867693
CH_2063,7,0.69407785,0.6131742,0.42249614000320435,0.8331134
CH_2063,8,0.7514237,0.6446586,0.37408655881881714,0.866847
CH_2063,9,0.79384255,0.66498035,0.3383840322494507,0.8909784
CH_2063,10,0.8325544,0.68519396,0.3059653043746948,0.9124442
CH_2067,1,0.5450832,0.48300004,0.8451911211013794,0.7382975
CH_2067,2,0.78199655,0.57815367,0.7779332101345062,0.8843057
CH_2067,3,0.90480614,0.6174957,0.7431818246841431,0.951213
CH_2067,4,0.9950544,0.65280825,0.7176437079906464,0.99752414
CH_2067,5,1.0637485,0.6708563,0.6981716454029083,1.0313818
CH_2067,6,1.1226768,0.69015175,0.6814554333686829,1.0595645
CH_2067,7,1.0651768,0.6695241,0.697921872138977,1.0320741
CH_2067,8,1.1917446,0.7129199,0.6621589064598083,1.0916705
CH_2067,9,1.2689197,0.74767524,0.6403294205665588,1.1264634
CH_2067,10,1.2796276,0.7560575,0.6374618411064148,1.1312063
CH_2078,1,0.69207954,0.35089338,0.8205036818981171,0.8319132
CH_2078,2,1.115532,0.48386234,0.7106899321079254,1.0561875
CH_2078,3,1.3635309,0.5656222,0.6464353203773499,1.1677033
CH_2078,4,1.5153159,0.6326775,0.6071966588497162,1.2309817
CH_2078,5,1.6350614,0.6740869,0.5759619772434235,1.2786952
CH_2078,6,1.7671447,0.72082907,0.5415384471416473,1.32934
CH_2078,7,1.8500572,0.75856924,0.5198328495025635,1.3601681
CH_2078,8,1.9116986,0.7927679,0.5036471486091614,1.3826419
CH_2078,9,1.9997402,0.82300895,0.4806034564971924,1.4141217
CH_2078,10,2.0615327,0.84653383,0.4643733501434326,1.4358039
CH_2084,1,5.682661,1.0748585,0.695769727230072,2.3838332
CH_2084,2,8.877118,1.4755627,0.524738073348999,2.9794493
CH_2084,3,10.295941,1.7494121,0.4487062096595764,3.208729
CH_2084,4,11.06183,1.8976575,0.407617449760437,3.325933
CH_2084,5,11.558012,2.0079257,0.3809741735458374,3.3997076
CH_2084,6,11.981011,2.0970845,0.35822999477386475,3.4613597
CH_2084,7,12.284807,2.180251,0.3419848084449768,3.504969
CH_2084,8,12.459237,2.233682,0.3325989246368408,3.5297644
CH_2084,9,12.5917635,2.2753243,0.32549113035202026,3.5484874
CH_2084,10,12.577582,2.3078291,0.326232373714447,3.5464888
CH_2085,1,0.19535816,0.30771282,0.8965753614902496,0.4419934
CH_2085,2,0.38954324,0.4303363,0.7937702685594559,0.624134
CH_2085,3,0.5413598,0.51449674,0.713397741317749,0.73577154
CH_2085,4,0.6475782,0.5744714,0.6572435796260834,0.8047224
CH_2085,5,0.7445581,0.6266768,0.6060513257980347,0.8628778
CH_2085,6,0.8080238,0.6562239,0.5726395845413208,0.89890146
CH_2085,7,0.8408498,0.67032844,0.555335134267807,0.91697866
CH_2085,8,0.8834051,0.69347656,0.5329004228115082,0.93989635
CH_2085,9,0.9300817,0.71595,0.5083829760551453,0.96440744
CH_2085,10,0.95793986,0.73286885,0.49401479959487915,0.97874403
CH_2087,1,4.0889506,0.5114429,0.6823387742042542,2.0221155
CH_2087,2,5.38941,0.6801476,0.5812735259532928,2.3215103
CH_2087,3,5.892147,0.7883437,0.5421743988990784,2.4273746
CH_2087,4,6.191857,0.8733183,0.5188580751419067,2.4883442
CH_2087,5,6.4478784,0.9292728,0.4989309310913086,2.5392673
CH_2087,6,6.6971803,0.98974806,0.47952359914779663,2.587891
CH_2087,7,6.925505,1.0423492,0.46173274517059326,2.6316354
CH_2087,8,7.0366497,1.071914,0.4530556797981262,2.6526685
CH_2087,9,7.1161046,1.0872434,0.44683724641799927,2.6676028
CH_2087,10,7.219349,1.1146003,0.43877822160720825,2.6868846
CH_2091,1,0.0578664,0.14962634,0.9367656037211418,0.24055436
CH_2091,2,0.1469349,0.23042028,0.8393925726413727,0.38332087
CH_2091,3,0.21723771,0.29491487,0.7625329792499542,0.46608767
CH_2091,4,0.27635023,0.34802788,0.6979357898235321,0.52569026
CH_2091,5,0.32668948,0.39445734,0.6428782045841217,0.5715676
CH_2091,6,0.37083396,0.4315073,0.5944993495941162,0.6089614
CH_2091,7,0.40802702,0.4612858,0.5537039041519165,0.6387699
CH_2091,8,0.43689945,0.4850675,0.5220672786235809,0.6609837
CH_2091,9,0.45816222,0.5008347,0.498818576335907,0.6768768
CH_2091,10,0.4756456,0.51589096,0.47979891300201416,0.6896706
CH_2109,1,1.6544846,0.6105465,0.8795652687549591,1.2862678
CH_2109,2,2.2496808,0.7914954,0.8362272530794144,1.4998935
CH_2109,3,2.7194982,0.94002223,0.8019747287034988,1.64909
CH_2109,4,3.1516984,1.0599779,0.770460456609726,1.7753023
CH_2109,5,3.598129,1.1452166,0.7379201948642731,1.8968735
CH_2109,6,3.912384,1.2377894,0.7150128185749054,1.9779748
CH_2109,7,4.211704,1.3087541,0.693187803030014,2.0522437
CH_2109,8,4.1840625,1.3339926,0.6951806545257568,2.0454981
CH_2109,9,4.1797,1.3624678,0.6954823434352875,2.0444314
CH_2109,10,4.391943,1.4011828,0.680002748966217,2.0956962
CH_2110,1,0.28615454,0.33629507,0.9220487549901009,0.53493416
CH_2110,2,0.57383734,0.46456075,0.8437324464321136,0.7575205
CH_2110,3,0.79576445,0.5629961,0.7832860350608826,0.8920563
CH_2110,4,0.97707003,0.647159,0.7338855564594269,0.9884685
CH_2110,5,1.1307555,0.72297466,0.692019522190094,1.0633699
CH_2110,6,1.2752895,0.79154015,0.6526884436607361,1.1292871
CH_2110,7,1.380892,0.8438604,0.6239608526229858,1.1751137
CH_2110,8,1.4658382,0.8909854,0.60085728764534,1.210718
CH_2110,9,1.5486084,0.9307753,0.5783410668373108,1.244431
CH_2110,10,1.6070168,0.962931,0.5624677538871765,1.2676817
CH_2117,1,0.022592964,0.083125554,0.9257358908653259,0.15030956
CH_2117,2,0.034463473,0.10884362,0.886686384677887,0.1856434
CH_2117,3,0.042494424,0.12573425,0.860230565071106,0.20614175
CH_2117,4,0.052537944,0.13931598,0.8271482437849045,0.22921157
CH_2117,5,0.062011797,0.1512443,0.7959400117397308,0.24902168
CH_2117,6,0.069283664,0.1632729,0.7719611376523972,0.2632179
CH_2117,7,0.07447781,0.17127687,0.7548012584447861,0.2729062
CH_2117,8,0.07802523,0.17540327,0.7430568635463715,0.27932996
CH_2117,9,0.08145079,0.18050024,0.7317186892032623,0.28539586
CH_2117,10,0.08472572,0.18574885,0.7208800315856934,0.29107684
CH_2135,1,0.20047611,0.2963558,0.9470526352524757,0.4477456
CH_2135,2,0.4744369,0.45248306,0.8747032731771469,0.6887938
CH_2135,3,0.7091861,0.5671428,0.8126857280731201,0.84213185
CH_2135,4,0.8940733,0.6453997,0.763824000954628,0.9455545
CH_2135,5,1.0382856,0.70395154,0.725713312625885,1.018963
CH_2135,6,1.1455599,0.7519549,0.6973893642425537,1.0703083
CH_2135,7,1.2110846,0.78306377,0.680104672908783,1.1004928
CH_2135,8,1.2523735,0.8045083,0.6692047119140625,1.119095
CH_2135,9,1.279525,0.8212864,0.6620279848575592,1.131161
CH_2135,10,1.2973437,0.8343584,0.657328724861145,1.13901
CH_2139,1,4.00105,0.7869537,0.5575784146785736,2.0002625
CH_2139,2,6.6040483,1.0741372,0.26981163024902344,2.5698342
CH_2139,3,7.6444435,1.2090302,0.1553071141242981,2.7648587
CH_2139,4,8.04288,1.3165087,0.11171132326126099,2.835997
CH_2139,5,8.255842,1.3954347,0.08829927444458008,2.8732982
CH_2139,6,8.305425,1.4394232,0.08281171321868896,2.8819134
CH_2139,7,8.405911,1.4952139,0.07167530059814453,2.899295
CH_2139,8,8.397185,1.5384222,0.07261550426483154,2.8977897
CH_2139,9,8.403388,1.5480762,0.07190728187561035,2.8988597
CH_2139,10,8.535245,1.5780512,0.05732375383377075,2.921514
CH_2141,1,0.21662661,0.20424315,0.9385505616664886,0.46543163
CH_2141,2,0.3451023,0.27380183,0.9020889401435852,0.5874541
CH_2141,3,0.4615027,0.33926147,0.8690265715122223,0.6793399
CH_2141,4,0.5685055,0.3944483,0.838625580072403,0.75399303
CH_2141,5,0.65965986,0.44075045,0.8127205967903137,0.81219447
CH_2141,6,0.7560697,0.47884345,0.7853163182735443,0.8695227
CH_2141,7,0.8271218,0.5124883,0.7650978565216064,0.9094624
CH_2141,8,0.882295,0.53523254,0.7493757009506226,0.9393056
CH_2141,9,0.9426548,0.5613701,0.7321873903274536,0.9709041
CH_2141,10,0.9902173,0.58089596,0.7186162173748016,0.9950966
CH_2143,1,0.05248275,0.13706352,0.9336741790175438,0.22909114
CH_2143,2,0.10732687,0.19376722,0.8643748909235001,0.3276078
CH_2143,3,0.14325061,0.23083238,0.8189844340085983,0.37848464
CH_2143,4,0.16768685,0.25644925,0.7881123572587967,0.40949586
CH_2143,5,0.18946108,0.28522378,0.7605995386838913,0.43527126
CH_2143,6,0.20968999,0.3107133,0.7350581586360931,0.4579192
CH_2143,7,0.22534677,0.32890096,0.7153100371360779,0.47470704
CH_2143,8,0.23854001,0.3479591,0.698693573474884,0.4884056
CH_2143,9,0.2539998,0.36256337,0.6792280673980713,0.5039839
CH_2143,10,0.2663023,0.37734118,0.6637642979621887,0.51604486
CH_2150,1,0.75413,0.39098918,0.8821276500821114,0.8684066
CH_2150,2,1.196854,0.5523585,0.8129256069660187,1.0940082
CH_2150,3,1.5190153,0.6873199,0.7625411003828049,1.2324834
CH_2150,4,1.7760487,0.77905345,0.7223372459411621,1.3326848
CH_2150,5,1.9457064,0.8516589,0.6958175897598267,1.3948858
CH_2150,6,2.1375885,0.91747224,0.6658120453357697,1.4620494
CH_2150,7,2.2424626,0.9648332,0.6494237184524536,1.4974854
CH_2150,8,2.310525,0.9977567,0.6388008296489716,1.5200411
CH_2150,9,2.4217238,1.0283176,0.6214405000209808,1.556189
CH_2150,10,2.522083,1.0570865,0.6057784855365753,1.5881068
CH_2151,1,0.75256366,0.39180216,0.7996216118335724,0.86750424
CH_2151,2,1.2794672,0.55955416,0.659331202507019,1.1311353
CH_2151,3,1.5679038,0.68029636,0.582586407661438,1.2521596
CH_2151,4,1.7526037,0.7590156,0.5333904325962067,1.3238593
CH_2151,5,1.9101918,0.81215477,0.4914686679840088,1.3820969
CH_2151,6,2.022202,0.85731596,0.4617587924003601,1.4220415
CH_2151,7,2.1120071,0.89759076,0.43795353174209595,1.4532746
CH_2151,8,2.161835,0.9141968,0.42478907108306885,1.470318
CH_2151,9,2.201882,0.9315509,0.4142377972602844,1.483874
CH_2151,10,2.2491617,0.95529276,0.40176355838775635,1.4997206
CH_2160,1,1.506848,0.6235597,0.6950890719890594,1.2275374
CH_2160,2,2.4690382,0.81536216,0.5001757740974426,1.5713173
CH_2160,3,2.9632428,0.94277567,0.401187539100647,1.7214072
CH_2160,4,3.2438445,1.020368,0.3447582721710205,1.8010676
CH_2160,5,3.457301,1.081861,0.30162954330444336,1.8593819
CH_2160,6,3.6135561,1.1240557,0.2700657844543457,1.9009356
CH_2160,7,3.7119145,1.1665554,0.25023555755615234,1.926633
CH_2160,8,3.774323,1.1888355,0.23771077394485474,1.9427617
CH_2160,9,3.8567433,1.2057931,0.22111880779266357,1.9638593
CH_2160,10,3.911626,1.2216014,0.2101389765739441,1.9777831
CH_2161,1,10.487033,1.6300503,0.8846926912665367,3.2383687
CH_2161,2,12.914042,1.8085775,0.8580062836408615,3.5936112
CH_2161,3,13.298703,1.8600379,0.8537757843732834,3.6467388
CH_2161,4,14.283292,1.9802943,0.8429488837718964,3.7793243
CH_2161,5,15.046696,2.0448534,0.8345543295145035,3.879007
CH_2161,6,14.616331,2.063035,0.8392853736877441,3.823131
CH_2161,7,15.214502,2.1579483,0.8327074199914932,3.900577
CH_2161,8,16.398548,2.2401462,0.8196871429681778,4.049512
CH_2161,9,17.275856,2.2821052,0.8100396990776062,4.1564236
CH_2161,10,17.34819,2.2835279,0.8092435002326965,4.165116
CH_2170,1,0.8056859,0.44927174,0.8012027442455292,0.89760005
CH_2170,2,1.5550554,0.6658974,0.6157975494861603,1.2470186
CH_2170,3,1.9175277,0.7871776,0.526432603597641,1.3847482
CH_2170,4,2.183797,0.8689411,0.4607558846473694,1.4777676
CH_2170,5,2.356303,0.9334029,0.41779476404190063,1.5350254
CH_2170,6,2.4709742,0.977271,0.38888150453567505,1.5719333
CH_2170,7,2.5880065,1.015753,0.359835684299469,1.6087282
CH_2170,8,2.641988,1.0349482,0.34655457735061646,1.6254194
CH_2170,9,2.7264433,1.0592958,0.32577216625213623,1.6511945
CH_2170,10,2.7732563,1.0710311,0.3143244981765747,1.6653097
CH_2174,1,0.37095857,0.45206794,0.7593633234500885,0.6090637
CH_2174,2,0.5800279,0.5866536,0.6236072182655334,0.7615956
CH_2174,3,0.6802012,0.6332004,0.5585012435913086,0.8247431
CH_2174,4,0.76244897,0.6773333,0.5052442848682404,0.87318325
CH_2174,5,0.8026653,0.68732727,0.47939884662628174,0.8959159
CH_2174,6,0.82785296,0.69524467,0.46358925104141235,0.90986425
CH_2174,7,0.847017,0.69088244,0.45114392042160034,0.92033523
CH_2174,8,0.93244934,0.74481976,0.39574700593948364,0.96563417
CH_2174,9,1.0111694,0.7832895,0.34471404552459717,1.0055692
CH_2174,10,1.0615829,0.80262876,0.3118273615837097,1.0303315
CH_2185,1,0.32973525,0.27322602,0.9165097326040268,0.5742258
CH_2185,2,0.5491712,0.37517768,0.8609383702278137,0.74106085
CH_2185,3,0.7248905,0.45963562,0.8164269775152206,0.851405
CH_2185,4,0.87536836,0.5252433,0.7783110588788986,0.93561125
CH_2185,5,0.9779485,0.5851766,0.7523097842931747,0.98891276
CH_2185,6,1.0642543,0.6262208,0.7304605841636658,1.031627
CH_2185,7,1.1122231,0.6506256,0.7183116972446442,1.0546199
CH_2185,8,1.1732138,0.6819731,0.702820748090744,1.0831499
CH_2185,9,1.2450644,0.71145463,0.6846163868904114,1.1158246
CH_2185,10,1.3164918,0.7377794,0.6665264666080475,1.1473848
CH_2187,1,1.7879516,0.48659286,0.5761356353759766,1.3371431
CH_2187,2,2.8010826,0.68420935,0.335954487323761,1.6736435
CH_2187,3,3.1867838,0.797981,0.2444908618927002,1.7851565
CH_2187,4,3.3695207,0.86441845,0.20112788677215576,1.8356254
CH_2187,5,3.5072062,0.9194759,0.16847747564315796,1.8727536
CH_2187,6,3.5952098,0.95655465,0.14766353368759155,1.8961039
CH_2187,7,3.6154406,0.9855587,0.14295589923858643,1.9014312
CH_2187,8,3.6529875,1.0086511,0.13421261310577393,1.911279
CH_2187,9,3.7230258,1.0260065,0.11778318881988525,1.9295144
CH_2187,10,3.7734694,1.0495852,0.10602611303329468,1.942542
CH_2200,1,1.5063874,0.5923886,0.8936243206262589,1.2273498
CH_2200,2,1.959423,0.73892564,0.861630454659462,1.3997939
CH_2200,3,2.3688064,0.8631494,0.8327098041772842,1.5390927
CH_2200,4,2.806304,0.9746166,0.8018096685409546,1.6752027
CH_2200,5,3.193198,1.0530198,0.7744919955730438,1.7869521
CH_2200,6,3.5393014,1.1456422,0.7500577569007874,1.8813031
CH_2200,7,3.8682694,1.2221391,0.7268322110176086,1.9667916
CH_2200,8,3.8109162,1.2408086,0.7308896780014038,1.9521568
CH_2200,9,3.7893822,1.247264,0.7324191629886627,1.9466336
CH_2200,10,4.056084,1.299399,0.7135967314243317,2.0139723
CH_2203,1,0.8038514,0.44684285,0.8080587238073349,0.8965776
CH_2203,2,1.2872573,0.587281,0.6926785111427307,1.1345736
CH_2203,3,1.570725,0.6947676,0.6250021755695343,1.2532856
CH_2203,4,1.7478874,0.7695083,0.5827454030513763,1.3220769
CH_2203,5,1.9009299,0.82349664,0.546319305896759,1.3787421
CH_2203,6,1.9945476,0.85959876,0.5241120755672455,1.4122845
CH_2203,7,2.0823946,0.8918671,0.5033030211925507,1.4430505
CH_2203,8,2.1550138,0.92439795,0.4861530661582947,1.4679965
CH_2203,9,2.223466,0.94975877,0.469929575920105,1.491129
CH_2203,10,2.290093,0.9769288,0.4542429447174072,1.5133053
CH_2205,1,0.08614263,0.1874507,0.9336938038468361,0.29350063
CH_2205,2,0.22161786,0.29856586,0.8293778747320175,0.47076306
CH_2205,3,0.3415726,0.3856106,0.7370066046714783,0.58444214
CH_2205,4,0.45270342,0.46029004,0.651451587677002,0.67283237
CH_2205,5,0.54562014,0.52076024,0.5798747837543488,0.73866105
CH_2205,6,0.6232253,0.57082087,0.5199809372425079,0.7894462
CH_2205,7,0.6888389,0.6123464,0.46928828954696655,0.8299632
CH_2205,8,0.7354691,0.6422192,0.43326514959335327,0.85759497
CH_2205,9,0.76923937,0.6629954,0.4072285294532776,0.8770629
CH_2205,10,0.80018574,0.68121123,0.3834577202796936,0.894531
CH_2239,1,0.0029137023,0.013053754,0.6749190390110016,0.05397872
CH_2239,2,0.003004993,0.015683489,0.6647657454013824,0.054817818
CH_2239,3,0.003217748,0.018726254,0.6410652995109558,0.056725197
CH_2239,4,0.003429906,0.021509126,0.6174359619617462,0.0585654
CH_2239,5,0.003553646,0.023329547,0.6036720871925354,0.059612464
CH_2239,6,0.003969846,0.025973482,0.5572966933250427,0.063006714
CH_2239,7,0.0042058015,0.027919516,0.5310285091400146,0.06485215
CH_2239,8,0.0042527313,0.02986849,0.5258407294750214,0.06521297
CH_2239,9,0.0045627747,0.032064945,0.49129343032836914,0.06754831
CH_2239,10,0.004980109,0.034358773,0.44478756189346313,0.07056989
CH_2243,1,0.34061316,0.3450634,0.8649022877216339,0.5836207
CH_2243,2,0.7735551,0.5227484,0.6931592524051666,0.8795198
CH_2243,3,1.0890943,0.64208853,0.5681855976581573,1.0435967
CH_2243,4,1.323157,0.720772,0.4757717251777649,1.1502856
CH_2243,5,1.5043374,0.7861628,0.4041072130203247,1.2265143
CH_2243,6,1.6401494,0.8400975,0.35031652450561523,1.2806832
CH_2243,7,1.75189,0.8841359,0.30605947971343994,1.3235898
CH_2243,8,1.8176658,0.92066824,0.28004616498947144,1.3482084
CH_2243,9,1.8770077,0.94647473,0.25660812854766846,1.3700393
CH_2243,10,1.924536,0.9674344,0.23792308568954468,1.3872764
CH_2262,1,2.202819,0.5981659,0.8779330551624298,1.4841897
CH_2262,2,3.676752,0.8455728,0.7962384968996048,1.9174858
CH_2262,3,4.4689717,1.0115904,0.7523130774497986,2.1139944
CH_2262,4,5.172493,1.1459277,0.7132976353168488,2.2743115
CH_2262,5,5.7633424,1.2611904,0.680522084236145,2.4006963
CH_2262,6,6.5672517,1.3864117,0.6359305083751678,2.562665
CH_2262,7,7.1326866,1.4943892,0.6045540571212769,2.670709
CH_2262,8,7.315111,1.5341243,0.5944099128246307,2.704646
CH_2262,9,7.560226,1.5532051,0.5807898938655853,2.7495866
CH_2262,10,7.933456,1.6004547,0.560064435005188,2.8166392
CH_2263,1,0.42057726,0.2264898,0.9343400299549103,0.6485193
CH_2263,2,0.6605355,0.31662747,0.8968642726540565,0.81273335
CH_2263,3,0.8429741,0.39252058,0.8683607578277588,0.91813624
CH_2263,4,1.0402182,0.4631106,0.8375377207994461,1.0199109
CH_2263,5,1.1981397,0.51764596,0.8128498792648315,1.0945957
CH_2263,6,1.3421476,0.5679078,0.7903292328119278,1.1585109
CH_2263,7,1.4616511,0.6074304,0.7716314792633057,1.2089876
CH_2263,8,1.5800608,0.6366644,0.7530997097492218,1.2570047
CH_2263,9,1.6953691,0.6629864,0.7350487112998962,1.3020635
CH_2263,10,1.7633514,0.68729746,0.7243900001049042,1.3279124
CH_2265,1,0.2777954,0.15266798,0.8585280328989029,0.527063
CH_2265,2,0.40253186,0.20294811,0.7949936538934708,0.634454
CH_2265,3,0.4962205,0.25066122,0.747264951467514,0.7044292
CH_2265,4,0.5738333,0.28632888,0.7077203989028931,0.7575179
CH_2265,5,0.62764025,0.3077216,0.6802979409694672,0.7922375
CH_2265,6,0.67954403,0.33185193,0.6538421511650085,0.82434464
CH_2265,7,0.7162258,0.35167262,0.6351381242275238,0.84630126
CH_2265,8,0.7447673,0.3613783,0.6205809116363525,0.862999
CH_2265,9,0.78077716,0.36917135,0.6022173762321472,0.883616
CH_2265,10,0.8161373,0.38356572,0.5841832160949707,0.90340316
CH_2269,1,2.7359595,0.7828946,0.9217811450362206,1.6540736
CH_2269,2,3.8131108,0.982119,0.8909813240170479,1.9527189
CH_2269,3,5.156736,1.1955506,0.8525582253932953,2.2708447
CH_2269,4,6.6617203,1.3839217,0.8095183670520782,2.5810308
CH_2269,5,7.7200947,1.5147969,0.7792457491159439,2.7785058
CH_2269,6,8.628764,1.6547626,0.7532519847154617,2.937476
CH_2269,7,9.657918,1.7795678,0.7238095998764038,3.1077192
CH_2269,8,9.740147,1.8044382,0.7214456498622894,3.120921
CH_2269,9,9.883863,1.8258346,0.7173241674900055,3.1438613
CH_2269,10,10.346088,1.9018873,0.7040936946868896,3.2165337
CH_2289,1,0.06364092,0.15350729,0.9312433004379272,0.25227153
CH_2289,2,0.15599464,0.23526464,0.8314165771007538,0.39496157
CH_2289,3,0.2303441,0.30100626,0.751041054725647,0.47994176
CH_2289,4,0.29342258,0.35589594,0.6828747093677521,0.5416849
CH_2289,5,0.34660307,0.4032334,0.6253500282764435,0.58873004
CH_2289,6,0.39203113,0.44000852,0.576050728559494,0.6261239
CH_2289,7,0.43022987,0.4699911,0.5345458090305328,0.65591913
CH_2289,8,0.4590222,0.49338472,0.5033119022846222,0.67751175
CH_2289,9,0.4803757,0.50816256,0.48020488023757935,0.6930914
CH_2289,10,0.49863842,0.52340585,0.46054893732070923,0.7061433
CH_2342,1,0.94778746,0.3228323,0.8578150123357773,0.97354376
CH_2342,2,1.3652998,0.43124354,0.7951656728982925,1.1684605
CH_2342,3,1.5978694,0.5017797,0.7602716088294983,1.2640686
CH_2342,4,1.8075572,0.55374163,0.728815108537674,1.3444543
CH_2342,5,1.9647322,0.6025303,0.7052223086357117,1.401689
CH_2342,6,2.122093,0.6415833,0.6815964579582214,1.4567405
CH_2342,7,2.3007824,0.6815469,0.6547903418540955,1.5168331
CH_2342,8,2.4487047,0.72062486,0.6325859725475311,1.5648338
CH_2342,9,2.5635488,0.74549866,0.6153466403484344,1.6011087
CH_2342,10,2.6611733,0.7706469,0.6006903052330017,1.6313103
CH_2346,1,1.2575668,0.61260897,0.9309214428067207,1.1214129
CH_2346,2,2.0319986,0.77920634,0.8883786126971245,1.4254819
CH_2346,3,2.4329226,0.877204,0.8663537353277206,1.5597829
CH_2346,4,2.7540052,0.946944,0.8487076610326767,1.6595196
CH_2346,5,2.9953523,1.0019294,0.8354426473379135,1.7307086
CH_2346,6,3.2216086,1.0529606,0.8230051547288895,1.794884
CH_2346,7,3.4801512,1.1153793,0.80879245698452,1.8655163
CH_2346,8,3.6983035,1.150294,0.7968036085367203,1.9230974
CH_2346,9,3.851847,1.1913313,0.7883623242378235,1.9626123
CH_2346,10,4.035391,1.2306385,0.7782707959413528,2.0088282
CH_2351,1,0.18751064,0.29783207,0.8846542909741402,0.43302497
CH_2351,2,0.307499,0.38205943,0.810816302895546,0.5545259
CH_2351,3,0.39165676,0.4343037,0.7591200470924377,0.62582487
CH_2351,4,0.44972363,0.46574727,0.7234761714935303,0.67061436
CH_2351,5,0.50354606,0.49506414,0.6905572414398193,0.7096098
CH_2351,6,0.53514934,0.51464033,0.6712647974491119,0.731539
CH_2351,7,0.5596577,0.52417547,0.6562501490116119,0.7481027
CH_2351,8,0.5979674,0.54662126,0.6328039467334747,0.7732835
CH_2351,9,0.6225807,0.55979925,0.6177517175674438,0.7890378
CH_2351,10,0.6485906,0.5777566,0.6019026041030884,0.80535126
CH_2352,1,2.2721355,0.5806319,0.7362542152404785,1.5073605
CH_2352,2,3.1137753,0.7281964,0.6385045349597931,1.7645893
CH_2352,3,3.372596,0.80944747,0.6083815693855286,1.8364629
CH_2352,4,3.5244799,0.86133164,0.5906798243522644,1.8773599
CH_2352,5,3.5662725,0.8864664,0.5857654213905334,1.8884577
CH_2352,6,3.576592,0.9214251,0.5845137238502502,1.891188
CH_2352,7,3.5824893,0.9308794,0.5837690532207489,1.8927464
CH_2352,8,3.779233,0.96880275,0.5608415007591248,1.9440249
CH_2352,9,3.866066,0.9941402,0.5506857931613922,1.9662315
CH_2352,10,3.8214242,0.99448246,0.5558088421821594,1.9548464
CH_2355,1,0.30461374,0.24186969,0.9417508393526077,0.5519182
CH_2355,2,0.4990034,0.32703942,0.904564619064331,0.7064017
CH_2355,3,0.6982169,0.41120875,0.866440549492836,0.83559376
CH_2355,4,0.88179433,0.47803298,0.8313013017177582,0.93903905
CH_2355,5,1.0436572,0.5363939,0.8003105372190475,1.0215954
CH_2355,6,1.2066805,0.58583885,0.7690900564193726,1.0984901
CH_2355,7,1.3260305,0.6245831,0.7462190985679626,1.151534
CH_2355,8,1.4173764,0.65318096,0.7287024259567261,1.1905361
CH_2355,9,1.5304325,0.688123,0.7070251107215881,1.2371064
CH_2355,10,1.6204114,0.7200716,0.6897615492343903,1.2729537
CH_2364,1,0.962947,0.21731241,0.561618983745575,0.9812986
CH_2364,2,1.2407405,0.26916614,0.43513911962509155,1.1138853
CH_2364,3,1.35403,0.30843318,0.3835429549217224,1.163628
CH_2364,4,1.4151766,0.33633462,0.3556797504425049,1.1896119
CH_2364,5,1.4682001,0.3575055,0.33151501417160034,1.211693
CH_2364,6,1.5444059,0.37822777,0.29679596424102783,1.2427413
CH_2364,7,1.6004955,0.39550787,0.27122700214385986,1.2651069
CH_2364,8,1.638079,0.40909716,0.25409096479415894,1.2798746
CH_2364,9,1.666481,0.42212212,0.24112838506698608,1.2909225
CH_2364,10,1.6971569,0.43559024,0.22712671756744385,1.3027498
CH_2372,1,2.2572312,0.8880894,0.701530396938324,1.5024085
CH_2372,2,3.36605,1.1204875,0.554793506860733,1.8346798
CH_2372,3,3.86379,1.2266604,0.4888397455215454,1.9656526
CH_2372,4,4.004479,1.2774994,0.4700995683670044,2.0011194
CH_2372,5,4.0911293,1.2988455,0.458699107170105,2.022654
CH_2372,6,4.1477256,1.3143907,0.45113182067871094,2.0365965
CH_2372,7,4.0663333,1.3132845,0.4618374705314636,2.0165153
CH_2372,8,4.285715,1.3609469,0.4327990412712097,2.0701969
CH_2372,9,4.454981,1.4018489,0.4104015827178955,2.1106825
CH_2372,10,4.536758,1.4366937,0.3995969891548157,2.1299667
CH_2387,1,1.1162429,0.5923034,0.7094880938529968,1.0565239
CH_2387,2,1.6080929,0.7204392,0.5814033448696136,1.268106
CH_2387,3,1.8115418,0.77557266,0.528536468744278,1.3459353
CH_2387,4,1.9461262,0.8120063,0.49364322423934937,1.3950362
CH_2387,5,2.05374,0.82919097,0.4657604694366455,1.4330876
CH_2387,6,2.0938041,0.83146065,0.45528894662857056,1.4469984
CH_2387,7,2.0978231,0.81824666,0.45437121391296387,1.4483864
CH_2387,8,2.272457,0.8670458,0.4091077446937561,1.507467
CH_2387,9,2.4095967,0.9170872,0.37356460094451904,1.5522876
CH_2387,10,2.4597514,0.93987566,0.36073315143585205,1.5683595
CH_2403,1,0.29449943,0.15702255,0.7834469228982925,0.542678
CH_2403,2,0.4340952,0.20624425,0.6807892024517059,0.658859
CH_2403,3,0.53012186,0.24337353,0.6101718842983246,0.7280947
CH_2403,4,0.6066921,0.27346948,0.5538620948791504,0.7789044
CH_2403,5,0.65403867,0.29129758,0.5190432965755463,0.80872655
CH_2403,6,0.69761926,0.30897325,0.48697733879089355,0.8352361
CH_2403,7,0.72963494,0.32237488,0.4634270668029785,0.8541867
CH_2403,8,0.7518632,0.32997128,0.4470740556716919,0.8671004
CH_2403,9,0.7784452,0.33650917,0.4275187849998474,0.8822954
CH_2403,10,0.80643296,0.34440222,0.40692073106765747,0.89801615
CH_2409,1,8.200961,1.1687648,0.3694016933441162,2.863732
CH_2409,2,11.37455,1.5337304,0.1254892349243164,3.3726177
CH_2409,3,12.363756,1.7051603,0.0514339804649353,3.5162134
CH_2409,4,12.68789,1.7914567,0.026710212230682373,3.5620065
CH_2409,5,13.041708,1.863829,-0.0004583597183227539,3.6113305
CH_2409,6,13.201625,1.9149386,-0.01271045207977295,3.633404
CH_2409,7,13.37711,1.9545624,-0.02615487575531006,3.657473
CH_2409,8,13.418056,1.9769411,-0.0292813777923584,3.6630664
CH_2409,9,13.555407,1.9846543,-0.03979825973510742,3.6817667
CH_2409,10,13.468484,2.001325,-0.03311264514923096,3.6699433
CH_2410,1,0.8496276,0.4044414,0.7775849997997284,0.92175245
CH_2410,2,1.3792932,0.56572413,0.6390486657619476,1.1744331
CH_2410,3,1.6615019,0.65627897,0.565296471118927,1.2889926
CH_2410,4,1.80657,0.7054613,0.5273212492465973,1.3440871
CH_2410,5,1.9114069,0.75492126,0.49965178966522217,1.3825364
CH_2410,6,1.9731444,0.7844624,0.48310935497283936,1.4046866
CH_2410,7,2.0052423,0.80640835,0.47442173957824707,1.4160658
CH_2410,8,2.0873165,0.8414322,0.45269525051116943,1.4447548
CH_2410,9,2.1598294,0.8702746,0.4334418773651123,1.4696358
CH_2410,10,2.2122107,0.89288205,0.41939711570739746,1.4873502
CH_2418,1,0.5915077,0.14250188,0.6451663374900818,0.76909536
CH_2418,2,0.77068806,0.16823071,0.5376768410205841,0.8778884
CH_2418,3,0.89683706,0.19019733,0.4619981050491333,0.9470148
CH_2418,4,0.993779,0.20882595,0.4038394093513489,0.99688464
CH_2418,5,1.0653427,0.22088736,0.36090415716171265,1.0321543
CH_2418,6,1.106485,0.23115322,0.33621901273727417,1.0518959
CH_2418,7,1.1542916,0.24017753,0.30753469467163086,1.0743797
CH_2418,8,1.1838152,0.24590497,0.2898179888725281,1.0880327
CH_2418,9,1.211184,0.2544719,0.2733939290046692,1.100538
CH_2418,10,1.2324542,0.26314768,0.26062917709350586,1.1101595
CH_2419,1,1.7450966,0.41970718,0.8894644156098366,1.3210211
CH_2419,2,2.5629652,0.57361484,0.8376505672931671,1.6009264
CH_2419,3,2.9908776,0.6830257,0.8105332851409912,1.7294154
CH_2419,4,3.3579376,0.7830933,0.7872682958841324,1.8324677
CH_2419,5,3.7253733,0.86907804,0.7639788836240768,1.9301226
CH_2419,6,4.0908217,0.9540839,0.7408170998096466,2.022578
CH_2419,7,4.3331094,1.0184996,0.7254594564437866,2.081612
CH_2419,8,4.43132,1.0488217,0.7192303240299225,2.10507
CH_2419,9,4.495879,1.0677205,0.7151336669921875,2.120349
CH_2419,10,4.5947824,1.0912169,0.7088599801063538,2.1435444
CH_2420,1,6.371025,0.7882296,0.5875826179981232,2.5240889
CH_2420,2,9.155598,1.0315399,0.40724337100982666,3.025822
CH_2420,3,10.187803,1.1673911,0.34033483266830444,3.1918337
CH_2420,4,10.71357,1.2407805,0.3061750531196594,3.273159
CH_2420,5,11.1603365,1.3225284,0.27712464332580566,3.340709
CH_2420,6,11.514297,1.3758272,0.25408226251602173,3.3932722
CH_2420,7,11.632263,1.4128481,0.24633252620697021,3.4106104
CH_2420,8,11.811314,1.4572011,0.23463767766952515,3.4367592
CH_2420,9,12.089602,1.5005226,0.21649956703186035,3.4770105
CH_2420,10,12.251325,1.5363691,0.20596033334732056,3.5001893
CH_2426,1,1.5484505,0.39432275,0.5460294485092163,1.2443675
CH_2426,2,2.1574867,0.5336296,0.3674585819244385,1.4688386
CH_2426,3,2.4252002,0.6265386,0.2889314293861389,1.5573055
CH_2426,4,2.557408,0.68830854,0.2501428723335266,1.5991899
CH_2426,5,2.6110425,0.7343927,0.2344210147857666,1.615872
CH_2426,6,2.6539679,0.7698653,0.22184664011001587,1.6291003
CH_2426,7,2.6798296,0.7954289,0.2142564058303833,1.6370186
CH_2426,8,2.699727,0.81793386,0.20840585231781006,1.6430846
CH_2426,9,2.7542925,0.8317829,0.19240665435791016,1.6596061
CH_2426,10,2.8094118,0.8492463,0.1762385368347168,1.6761299
CH_2469,1,0.9708594,0.44771928,0.842264786362648,0.985322
CH_2469,2,1.4077997,0.6185789,0.7712851464748383,1.1865073
CH_2469,3,1.6519239,0.7306481,0.7315651774406433,1.2852719
CH_2469,4,1.8129207,0.79892516,0.7053605914115906,1.3464475
CH_2469,5,1.9740658,0.84806436,0.6791709661483765,1.4050145
CH_2469,6,2.0975764,0.9016035,0.6591372787952423,1.4483012
CH_2469,7,2.1979406,0.93941456,0.6428454518318176,1.4825453
CH_2469,8,2.2244427,0.96474284,0.6385513246059418,1.4914566
CH_2469,9,2.2538154,0.98865956,0.6337960362434387,1.5012712
CH_2469,10,2.2899973,1.0099562,0.6279430687427521,1.5132737
CH_2473,1,0.6232449,0.41230553,0.8362874686717987,0.7894586
CH_2473,2,1.0279745,0.5558507,0.7299511730670929,1.0138907
CH_2473,3,1.2294573,0.63123876,0.6770216524600983,1.108809
CH_2473,4,1.3256878,0.664043,0.6517335474491119,1.1513852
CH_2473,5,1.4083132,0.6961177,0.6300513744354248,1.1867237
CH_2473,6,1.4565611,0.71761936,0.6174110472202301,1.2068807
CH_2473,7,1.4694659,0.72685677,0.6140441298484802,1.2122153
CH_2473,8,1.5306729,0.7542806,0.5980714857578278,1.2372037
CH_2473,9,1.6314018,0.7812029,0.5716951489448547,1.2772634
CH_2473,10,1.7163237,0.8050852,0.5495103299617767,1.3100854
CH_2481,1,1.8860613,0.6261663,0.8522299081087112,1.3733394
CH_2481,2,3.1733975,0.89778733,0.7513404488563538,1.7814033
CH_2481,3,3.7691023,1.0695678,0.7045875489711761,1.9414176
CH_2481,4,4.1794453,1.1732478,0.672340601682663,2.0443692
CH_2481,5,4.449584,1.243777,0.6511431634426117,2.1094036
CH_2481,6,4.6081095,1.3001088,0.638714462518692,2.1466508
CH_2481,7,4.7651043,1.3515345,0.6264364123344421,2.1829119
CH_2481,8,4.896069,1.3826578,0.616177886724472,2.2127063
CH_2481,9,4.973267,1.4165976,0.6101414859294891,2.2300823
CH_2481,10,5.0237074,1.4424006,0.6061874032020569,2.2413628
CH_2488,1,0.79553765,0.302133,0.5083880424499512,0.89192915
CH_2488,2,1.1058518,0.38265383,0.316633939743042,1.0515949
CH_2488,3,1.2274641,0.43216532,0.24164938926696777,1.1079098
CH_2488,4,1.2778625,0.46053943,0.21042579412460327,1.1304258
CH_2488,5,1.3194659,0.476511,0.18469059467315674,1.1486801
CH_2488,6,1.3485711,0.49282452,0.16668635606765747,1.1612799
CH_2488,7,1.3731985,0.5049186,0.15145069360733032,1.1718355
CH_2488,8,1.385718,0.5168354,0.14368665218353271,1.1771653
CH_2488,9,1.3915511,0.52041847,0.14005374908447266,1.1796403
CH_2488,10,1.4115977,0.53457177,0.12763237953186035,1.1881068
CH_2491,1,1.7233543,0.5716626,0.8710609525442123,1.312766
CH_2491,2,2.760023,0.8040806,0.7935489118099213,1.6613318
CH_2491,3,3.3402143,0.97456557,0.7502035349607468,1.8276253
CH_2491,4,3.6958258,1.0836728,0.7236624658107758,1.922453
CH_2491,5,3.989623,1.1561983,0.7017533779144287,1.9974041
CH_2491,6,4.261275,1.2244424,0.6815014779567719,2.0642855
CH_2491,7,4.482083,1.2793447,0.6650490760803223,2.117093
CH_2491,8,4.6103954,1.3214113,0.6555114388465881,2.1471832
CH_2491,9,4.658123,1.35188,0.6519893109798431,2.1582685
CH_2491,10,4.7149725,1.3822087,0.6477850079536438,2.1713986
CH_2494,1,3.7778358,0.56493676,0.5515059530735016,1.9436656
CH_2494,2,5.219622,0.7238318,0.38030344247817993,2.2846491
CH_2494,3,5.6785636,0.81353956,0.32577550411224365,2.3829737
CH_2494,4,5.9274917,0.88053024,0.2961745858192444,2.434644
CH_2494,5,6.076214,0.9339885,0.2784395217895508,2.4649978
CH_2494,6,6.2510695,0.982092,0.25756293535232544,2.5002139
CH_2494,7,6.3630953,1.0152842,0.24417352676391602,2.5225177
CH_2494,8,6.3990088,1.0452375,0.2398778200149536,2.5296261
CH_2494,9,6.510884,1.06548,0.2265281081199646,2.5516434
CH_2494,10,6.593102,1.0829511,0.21670037508010864,2.5677037
CH_2498,1,1.0649188,0.25528494,0.7020592391490936,1.031949
CH_2498,2,1.5381337,0.34540674,0.569627046585083,1.2402152
CH_2498,3,1.7467781,0.4134167,0.5111615657806396,1.3216573
CH_2498,4,1.8521961,0.46883246,0.4815918803215027,1.3609542
CH_2498,5,1.917354,0.5130481,0.4633123278617859,1.3846855
CH_2498,6,1.9773586,0.5518653,0.4464806318283081,1.4061859
CH_2498,7,2.0138326,0.58354306,0.43622952699661255,1.4190956
CH_2498,8,2.0521157,0.60879475,0.42547881603240967,1.4325207
CH_2498,9,2.1134942,0.62874585,0.4082699418067932,1.4537861
CH_2498,10,2.1653206,0.648601,0.3937389850616455,1.4715029
CH_2602,1,1.1162606,0.48962054,0.7754494845867157,1.0565324
CH_2602,2,1.6940609,0.62460595,0.6592302918434143,1.301561
CH_2602,3,1.9755923,0.70723534,0.6026614308357239,1.4055576
CH_2602,4,2.149739,0.7528807,0.5677042901515961,1.4661988
CH_2602,5,2.3205745,0.7945017,0.5333905220031738,1.5233432
CH_2602,6,2.4255824,0.8221448,0.5122928619384766,1.5574281
CH_2602,7,2.465236,0.83273965,0.5044568479061127,1.570107
CH_2602,8,2.593455,0.8763171,0.47881394624710083,1.6104208
CH_2602,9,2.7382028,0.9149652,0.44989311695098877,1.6547515
CH_2602,10,2.8212688,0.94461477,0.43342840671539307,1.6796633
CH_2605,1,37.61181,1.5727452,0.43005526065826416,6.132847
CH_2605,2,52.060215,2.0708025,0.2110620141029358,7.2152767
CH_2605,3,56.534763,2.3227942,0.14315509796142578,7.5189605
CH_2605,4,58.568638,2.5210683,0.11223667860031128,7.653015
CH_2605,5,59.705532,2.6773992,0.09492355585098267,7.7269354
CH_2605,6,60.765526,2.79912,0.07877892255783081,7.7952247
CH_2605,7,61.562836,2.8685634,0.06661486625671387,7.846199
CH_2605,8,61.441765,2.907642,0.06837713718414307,7.8384795
CH_2605,9,62.06214,2.9341507,0.058900296688079834,7.877953
CH_2605,10,62.596207,2.9799078,0.05073678493499756,7.9117765
CH_2617,1,0.05137983,0.107463546,0.9542391635477543,0.22667119
CH_2617,2,0.08316622,0.14143558,0.925907276570797,0.28838554
CH_2617,3,0.10793326,0.17095082,0.9038109704852104,0.32853198
CH_2617,4,0.13319275,0.19760661,0.8812636807560921,0.3649558
CH_2617,5,0.15393929,0.2181238,0.8627309948205948,0.39235097
CH_2617,6,0.17775239,0.23975882,0.841453805565834,0.42160693
CH_2617,7,0.19808483,0.25683638,0.8232645392417908,0.44506723
CH_2617,8,0.21888892,0.27163815,0.8046455383300781,0.46785566
CH_2617,9,0.24117659,0.28732914,0.7846938073635101,0.49109733
CH_2617,10,0.2568758,0.3000636,0.7706157118082047,0.5068292
CH_3009,1,0.4694733,0.34266078,0.7498180270195007,0.6851812
CH_3009,2,0.7281001,0.45286888,0.6119422018527985,0.8532878
CH_3009,3,0.8542504,0.50765824,0.5446271598339081,0.9242567
CH_3009,4,0.9170559,0.5410062,0.5110698044300079,0.95763034
CH_3009,5,0.9737376,0.568412,0.48085230588912964,0.9867814
CH_3009,6,1.0145464,0.5826284,0.45900923013687134,1.007247
CH_3009,7,1.0428231,0.59887105,0.44384872913360596,1.0211871
CH_3009,8,1.0580755,0.6117368,0.43566739559173584,1.028628
CH_3009,9,1.090587,0.6292468,0.41827189922332764,1.0443118
CH_3009,10,1.1005118,0.64770794,0.4127853512763977,1.0490528
CH_3019,1,0.47057274,0.24571724,0.44608747959136963,0.68598306
CH_3019,2,0.5761198,0.29343075,0.32183289527893066,0.7590256
CH_3019,3,0.63511837,0.32280657,0.2523740530014038,0.7969431
CH_3019,4,0.6536006,0.3470695,0.2306145429611206,0.80845565
CH_3019,5,0.67593527,0.3582201,0.20432007312774658,0.82215285
CH_3019,6,0.6803535,0.3671452,0.199099600315094,0.8248355
CH_3019,7,0.68612874,0.3755717,0.19228136539459229,0.8283289
CH_3019,8,0.7024922,0.38289788,0.17300158739089966,0.83814806
CH_3019,9,0.7174745,0.38746813,0.15532803535461426,0.8470387
CH_3019,10,0.7184709,0.396637,0.15410929918289185,0.8476266
CH_3032,1,0.42237255,0.27678323,0.9228628352284431,0.6499019
CH_3032,2,0.610939,0.38111347,0.888416200876236,0.78162587
CH_3032,3,0.901726,0.48750558,0.8352926224470139,0.94959253
CH_3032,4,1.1733527,0.5766845,0.7856587618589401,1.083214
CH_3032,5,1.3982807,0.6389204,0.7445475161075592,1.1824892
CH_3032,6,1.5691371,0.6887673,0.7133060395717621,1.252652
CH_3032,7,1.6755146,0.7218103,0.6938392519950867,1.2944167
CH_3032,8,1.7847859,0.748276,0.6738397479057312,1.3359588
CH_3032,9,1.928557,0.77350044,0.6475282609462738,1.3887249
CH_3032,10,2.0302215,0.80340517,0.6289060711860657,1.4248585
CH_3033,1,0.4198378,0.44590506,0.8521253168582916,0.6479489
CH_3033,2,0.5942885,0.5279356,0.7907672077417374,0.77090114
CH_3033,3,0.6856268,0.56963193,0.7585950046777725,0.8280259
CH_3033,4,0.78128123,0.6118314,0.7251413464546204,0.8839011
CH_3033,5,0.8796851,0.6333082,0.6907662749290466,0.9379153
CH_3033,6,0.9567849,0.6581338,0.6637268364429474,0.9781538
CH_3033,7,0.92056066,0.65327203,0.6764427423477173,0.95945853
CH_3033,8,1.0468857,0.7023839,0.632079541683197,1.0231743
CH_3033,9,1.133164,0.7383767,0.6019051373004913,1.0645018
CH_3033,10,1.1808684,0.7555279,0.5852819979190826,1.0866777
CH_4010,1,0.027652193,0.1226123,0.9772627148777246,0.16628948
CH_4010,2,0.03409648,0.13598594,0.9719707854092121,0.18465231
CH_4010,3,0.045292486,0.15481636,0.962776679545641,0.2128203
CH_4010,4,0.05549382,0.16890506,0.9544034041464329,0.23557127
CH_4010,5,0.065786645,0.18240541,0.9459580816328526,0.25648907
CH_4010,6,0.078685835,0.20066728,0.9353747814893723,0.28050995
CH_4010,7,0.09019598,0.21653245,0.9259362667798996,0.30032647
CH_4010,8,0.102577336,0.23244402,0.9157846942543983,0.32027698
CH_4010,9,0.1144925,0.2463924,0.9060150533914566,0.3383674
CH_4010,10,0.12542228,0.2596429,0.8970441669225693,0.3541501
CL_10100002,1,0.40153697,0.36867863,0.9504972770810127,0.63366944
CL_10100002,2,0.71705824,0.46814325,0.9107206165790558,0.84679294
CL_10100002,3,1.0993322,0.57997376,0.8619845509529114,1.0484904
CL_10100002,4,1.5246602,0.69535583,0.807325005531311,1.2347714
CL_10100002,5,1.9824497,0.80653816,0.7481381297111511,1.4079949
CL_10100002,6,2.4671204,0.90175897,0.6853506863117218,1.570707
CL_10100002,7,2.9299657,0.9905268,0.6253780722618103,1.7117143
CL_10100002,8,3.3710675,1.0808429,0.5684299468994141,1.8360467
CL_10100002,9,3.6538827,1.1260834,0.5319920480251312,1.9115132
CL_10100002,10,4.0833635,1.1996764,0.4769229292869568,2.0207334
CL_10102001,1,17.164864,1.6045187,0.7546977400779724,4.14305
CL_10102001,2,31.942362,2.300316,0.5420092940330505,5.6517572
CL_10102001,3,40.418274,2.785256,0.41999465227127075,6.357537
CL_10102001,4,45.83614,3.1145692,0.3423389792442322,6.7702394
CL_10102001,5,49.30115,3.3016086,0.2921263575553894,7.0214777
CL_10102001,6,51.78423,3.422049,0.25615960359573364,7.196126
CL_10102001,7,53.2307,3.5249553,0.2354453206062317,7.2959375
CL_10102001,8,53.853535,3.62394,0.22665417194366455,7.3384967
CL_10102001,9,53.668514,3.6517181,0.2295680046081543,7.3258796
CL_10102001,10,53.99075,3.7151382,0.22534793615341187,7.34784
CL_10111001,1,0.45194277,0.42837343,0.9714709538966417,0.6722669
CL_10111001,2,0.67232305,0.4989244,0.9574784561991692,0.8199531
CL_10111001,3,1.0132954,0.6069243,0.9358334243297577,1.0066258
CL_10111001,4,1.3988113,0.71367604,0.9113496467471123,1.1827135
CL_10111001,5,1.8042766,0.81871915,0.885640874505043,1.3432336
CL_10111001,6,2.2797165,0.9234861,0.8555335700511932,1.509873
CL_10111001,7,2.853495,1.034238,0.8192363381385803,1.6892291
CL_10111001,8,3.4571695,1.160002,0.7810849547386169,1.8593465
CL_10111001,9,3.8747032,1.2293952,0.7549900710582733,1.9684266
CL_10111001,10,4.4597406,1.3265696,0.718457818031311,2.1118097
CL_10121001,1,1.361917,0.47548088,0.9189819693565369,1.167012
CL_10121001,2,3.3268037,0.7182123,0.8020758032798767,1.8239528
CL_10121001,3,4.841477,0.9168476,0.7119053900241852,2.2003357
CL_10121001,4,6.0297422,1.0614467,0.6411106884479523,2.4555533
CL_10121001,5,6.9645486,1.1817199,0.5853644013404846,2.639043
CL_10121001,6,7.7170534,1.2795513,0.5404399931430817,2.7779584
CL_10121001,7,8.411202,1.3568051,0.498948335647583,2.9002073
CL_10121001,8,8.9529295,1.437403,0.46646052598953247,2.9921446
CL_10121001,9,9.252392,1.4768074,0.4484098553657532,3.0417745
CL_10121001,10,9.702253,1.5458237,0.42139822244644165,3.114844
CL_10122001,1,0.9155046,0.52784956,0.9627723097801208,0.95682
CL_10122001,2,1.9048238,0.6669741,0.9225976467132568,1.3801535
CL_10122001,3,2.6832223,0.7906697,0.8913801535964012,1.6380544
CL_10122001,4,3.2250102,0.8954138,0.8697914630174637,1.7958313
CL_10122001,5,3.728625,0.9961383,0.849883958697319,1.9309648
CL_10122001,6,4.45469,1.0993797,0.821231409907341,2.1106136
CL_10122001,7,5.1297135,1.2047831,0.79463130235672,2.264887
CL_10122001,8,5.7774506,1.3154296,0.7691468149423599,2.4036329
CL_10122001,9,6.459404,1.4007033,0.7423070967197418,2.5415359
CL_10122001,10,7.1305356,1.5036948,0.7154739201068878,2.6703062
CL_10134001,1,1.3413647,0.48732817,0.9054608717560768,1.158173
CL_10134001,2,2.5158255,0.63073003,0.8224949985742569,1.5861354
CL_10134001,3,3.5616577,0.7621392,0.7469806671142578,1.8872354
CL_10134001,4,4.3286333,0.879714,0.6908935308456421,2.0805368
CL_10134001,5,4.9106507,0.9774932,0.6480368375778198,2.215999
CL_10134001,6,5.392375,1.0686009,0.6126618683338165,2.3221488
CL_10134001,7,5.836238,1.1383283,0.5801472067832947,2.4158306
CL_10134001,8,6.1964417,1.2096822,0.5537549257278442,2.4892652
CL_10134001,9,6.3598795,1.2452697,0.5416430532932281,2.5218801
CL_10134001,10,6.6369185,1.3030584,0.5213374197483063,2.5762217
CL_10137001,1,1.2610222,0.4205982,0.8868013098835945,1.1229525
CL_10137001,2,2.3939133,0.59201765,0.7851693034172058,1.5472276
CL_10137001,3,3.4701653,0.74515724,0.6886034905910492,1.8628379
CL_10137001,4,4.3193984,0.8612128,0.6119119822978973,2.0783162
CL_10137001,5,4.9242773,0.94870603,0.5561501085758209,2.2190714
CL_10137001,6,5.503896,1.0272167,0.5026594400405884,2.3460383
CL_10137001,7,6.0414586,1.1006167,0.45330435037612915,2.457938
CL_10137001,8,6.4772315,1.1670872,0.41333526372909546,2.5450406
CL_10137001,9,6.7438717,1.2069355,0.3888058662414551,2.5968966
CL_10137001,10,7.0662255,1.2597245,0.35923951864242554,2.6582372
CL_10140001,1,13.080883,1.1704557,0.7194486558437347,3.6167502
CL_10140001,2,20.748625,1.6225127,0.5566855669021606,4.5550656
CL_10140001,3,24.504797,1.8667873,0.47724175453186035,4.950232
CL_10140001,4,27.203728,2.0630925,0.42051881551742554,5.215719
CL_10140001,5,29.381294,2.2315722,0.37538474798202515,5.4204516
CL_10140001,6,31.285185,2.3601272,0.3384045362472534,5.593316
CL_10140001,7,33.017693,2.4850588,0.30909061431884766,5.7461023
CL_10140001,8,34.140648,2.6254957,0.2984471917152405,5.843
CL_10140001,9,34.876232,2.7185168,0.2926679253578186,5.90561
CL_10140001,10,35.991096,2.8097734,0.2777335047721863,5.999258
CL_10142003,1,19.188288,1.2073873,0.6248245537281036,4.3804436
CL_10142003,2,31.371134,1.7613069,0.38660502433776855,5.600994
CL_10142003,3,35.39097,2.009095,0.31160396337509155,5.949031
CL_10142003,4,37.828766,2.1773822,0.2748245596885681,6.1505094
CL_10142003,5,40.320614,2.333142,0.22925901412963867,6.3498516
CL_10142003,6,41.79948,2.4529746,0.20102888345718384,6.465252
CL_10142003,7,42.562965,2.526636,0.18749094009399414,6.5240297
CL_10142003,8,42.661304,2.5983949,0.18400877714157104,6.5315623
CL_10142003,9,40.687027,2.6085439,0.19437479972839355,6.3786383
CL_10142003,10,40.02621,2.651309,0.1885097622871399,6.3266273
CL_10304001,1,0.72024226,0.45956483,0.9600128568708897,0.8486709
CL_10304001,2,1.772881,0.6815673,0.8995265066623688,1.3314958
CL_10304001,3,2.9777715,0.89438325,0.8284715265035629,1.725622
CL_10304001,4,4.069317,1.113303,0.7614475786685944,2.0172548
CL_10304001,5,4.8817534,1.3050202,0.7068852484226227,2.209469
CL_10304001,6,5.565641,1.4354885,0.6585128903388977,2.3591611
CL_10304001,7,6.2666693,1.5572757,0.6099556684494019,2.5033317
CL_10304001,8,6.92925,1.7041148,0.5650794208049774,2.6323469
CL_10304001,9,7.338833,1.7803761,0.5366512537002563,2.709028
CL_10304001,10,7.8455873,1.8667812,0.5023592412471771,2.8009975
CL_10305001,1,34.90524,2.0453086,0.6408541798591614,5.908066
CL_10305001,2,56.377254,2.9119296,0.4200875759124756,7.5084786
CL_10305001,3,63.927605,3.3891737,0.34347015619277954,7.995474
CL_10305001,4,68.65995,3.6409824,0.2942325472831726,8.28613
CL_10305001,5,73.03478,3.8417802,0.24930572509765625,8.546039
CL_10305001,6,76.018654,4.0198617,0.2200939655303955,8.718867
CL_10305001,7,77.51748,4.12708,0.20516568422317505,8.804401
CL_10305001,8,78.742165,4.237274,0.19240766763687134,8.873678
CL_10305001,9,78.538605,4.2614846,0.19413655996322632,8.862201
CL_10305001,10,79.44288,4.3269215,0.18508780002593994,8.913074
CL_10306001,1,7.5055256,1.0279603,0.6688610911369324,2.7396214
CL_10306001,2,12.665594,1.4386228,0.4316732883453369,3.5588753
CL_10306001,3,14.792228,1.6625948,0.3320985436439514,3.8460665
CL_10306001,4,16.167917,1.8208971,0.2813398838043213,4.020935
CL_10306001,5,18.267632,1.966769,0.2391929030418396,4.274065
CL_10306001,6,19.93394,2.1017005,0.212446928024292,4.464744
CL_10306001,7,20.725105,2.1990798,0.20423704385757446,4.5524836
CL_10306001,8,21.053614,2.291156,0.19924229383468628,4.588422
CL_10306001,9,21.167677,2.3307014,0.20001685619354248,4.6008344
CL_10306001,10,21.227339,2.3430984,0.18827050924301147,4.6073136
CL_10328001,1,0.9867119,0.47763616,0.9117656126618385,0.99333376
CL_10328001,2,1.974799,0.66320825,0.8239473253488541,1.4052755
CL_10328001,3,2.5958343,0.78749794,0.76908940076828,1.6111593
CL_10328001,4,3.0028274,0.8691836,0.7332594096660614,1.7328668
CL_10328001,5,3.3374271,0.9539454,0.7037697434425354,1.8268627
CL_10328001,6,3.6826546,1.021935,0.6734038591384888,1.9190243
CL_10328001,7,4.006193,1.095087,0.6446926295757294,2.0015476
CL_10328001,8,4.2615185,1.178899,0.6219732761383057,2.0643446
CL_10328001,9,4.4105377,1.2363478,0.6087805330753326,2.100128
CL_10328001,10,4.714135,1.3062166,0.5819721817970276,2.171206
CL_10340001,1,0.4572589,0.5027292,0.9609650932252407,0.6762092
CL_10340001,2,0.5484826,0.5297152,0.9528749585151672,0.7405961
CL_10340001,3,0.64166695,0.54874647,0.9445049613714218,0.8010412
CL_10340001,4,0.6884557,0.55830187,0.9400726668536663,0.8297323
CL_10340001,5,0.76026666,0.58551306,0.9334129020571709,0.87193274
CL_10340001,6,0.894755,0.63376087,0.9211547076702118,0.9459149
CL_10340001,7,1.0272416,0.67794526,0.9089345335960388,1.0135293
CL_10340001,8,1.1584295,0.7343716,0.8966865092515945,1.0763036
CL_10340001,9,1.2817911,0.7840839,0.8850028067827225,1.1321621
CL_10340001,10,1.434791,0.8380089,0.8705212324857712,1.1978276
CL_10343001,1,16.771711,1.3970568,0.6799256205558777,4.095328
CL_10343001,2,29.952187,2.0575564,0.429512083530426,5.472859
CL_10343001,3,36.17377,2.5657625,0.317912220954895,6.0144634
CL_10343001,4,39.78872,2.9073842,0.25310415029525757,6.30783
CL_10343001,5,41.951385,3.1393032,0.21305251121520996,6.476989
CL_10343001,6,43.30721,3.2742476,0.18981808423995972,6.5808215
CL_10343001,7,44.371258,3.379668,0.1794632077217102,6.6611753
CL_10343001,8,44.97689,3.4697602,0.17160958051681519,6.7064815
CL_10343001,9,45.551945,3.494425,0.16186290979385376,6.749218
CL_10343001,10,45.863228,3.540785,0.15609866380691528,6.7722397
CL_10351001,1,0.48198688,0.32812005,0.9154953211545944,0.6942527
CL_10351001,2,1.0970169,0.48433217,0.8053977787494659,1.0473858
CL_10351001,3,1.7042652,0.6289372,0.6940072774887085,1.3054751
CL_10351001,4,2.0802708,0.73075247,0.6169320344924927,1.4423144
CL_10351001,5,2.441231,0.812396,0.5539118647575378,1.562444
CL_10351001,6,2.82907,0.88306,0.49700111150741577,1.681984
CL_10351001,7,3.1147904,0.9379354,0.45573699474334717,1.7648768
CL_10351001,8,3.2998755,0.9907773,0.4294687509536743,1.816556
CL_10351001,9,3.4223967,1.0178657,0.4118398427963257,1.8499721
CL_10351001,10,3.5868158,1.0487753,0.3860790729522705,1.8938891
CL_10356001,1,1.4513344,0.37946478,0.8602848649024963,1.2047133
CL_10356001,2,2.8391676,0.53945255,0.7266914546489716,1.684983
CL_10356001,3,4.1323795,0.6894128,0.6022125482559204,2.0328255
CL_10356001,4,4.9735565,0.79725707,0.5212525427341461,2.2301471
CL_10356001,5,5.523943,0.87584543,0.4682871103286743,2.350307
CL_10356001,6,5.969064,0.93663365,0.42545634508132935,2.4431667
CL_10356001,7,6.3364034,0.9895478,0.39011675119400024,2.5172215
CL_10356001,8,6.5780344,1.0354009,0.3668786883354187,2.5647678
CL_10356001,9,6.7285786,1.0658045,0.35240495204925537,2.5939503
CL_10356001,10,6.939706,1.1059029,0.3320998549461365,2.6343322
CL_10362001,1,1.1256816,0.34900412,0.8120280653238297,1.0609814
CL_10362001,2,2.2100165,0.4980265,0.6311124861240387,1.4866124
CL_10362001,3,2.7274947,0.5960143,0.5351958274841309,1.6515129
CL_10362001,4,2.778989,0.64884204,0.5019127726554871,1.66703
CL_10362001,5,2.9242616,0.68587255,0.46894776821136475,1.7100472
CL_10362001,6,3.1662066,0.72510654,0.4240937829017639,1.7793838
CL_10362001,7,3.3795874,0.7607669,0.38470184803009033,1.8383654
CL_10362001,8,3.4883835,0.7896143,0.3630744218826294,1.8677214
CL_10362001,9,3.5221717,0.8011225,0.3503606915473938,1.876745
CL_10362001,10,3.5930915,0.82407945,0.32937783002853394,1.8955451
CL_10363002,1,0.7341194,0.36864632,0.8802210986614227,0.8568077
CL_10363002,2,1.6364563,0.5310571,0.7329772710800171,1.2792405
CL_10363002,3,2.3900254,0.66344506,0.6098665595054626,1.5459707
CL_10363002,4,2.8261383,0.7564925,0.5383875966072083,1.6811122
CL_10363002,5,3.0866692,0.8132205,0.49483275413513184,1.756892
CL_10363002,6,3.3253171,0.85699713,0.45466679334640503,1.8235452
CL_10363002,7,3.523644,0.8915564,0.4221222996711731,1.8771372
CL_10363002,8,3.6769688,0.9273153,0.4012656807899475,1.9175423
CL_10363002,9,3.7641997,0.9504133,0.3888416886329651,1.9401546
CL_10363002,10,3.8593564,0.98050505,0.37367117404937744,1.9645245
CL_10364001,1,0.25156304,0.30985105,0.9644876904785633,0.5015606
CL_10364001,2,0.49912232,0.39440104,0.9292778372764587,0.70648587
CL_10364001,3,0.91110355,0.50078654,0.8703585863113403,0.9545174
CL_10364001,4,1.2759854,0.59521025,0.8177304267883301,1.1295952
CL_10364001,5,1.5445467,0.65603226,0.7785046398639679,1.242798
CL_10364001,6,1.7945006,0.70980865,0.7413825988769531,1.3395897
CL_10364001,7,2.0113807,0.7684472,0.7092326879501343,1.4182315
CL_10364001,8,2.1958387,0.829014,0.681617796421051,1.4818362
CL_10364001,9,2.3372967,0.8694801,0.6601152420043945,1.5288221
CL_10364001,10,2.5009718,0.9011448,0.6355215609073639,1.581446
CL_10405002,1,29.051943,1.8070118,0.6578709483146667,5.3899856
CL_10405002,2,48.462536,2.5369306,0.4326978325843811,6.961504
CL_10405002,3,56.8865,2.9746068,0.3335084915161133,7.542314
CL_10405002,4,61.041267,3.2461863,0.2848871946334839,7.812891
CL_10405002,5,65.60514,3.5078106,0.23825746774673462,8.0997
CL_10405002,6,68.7391,3.6781533,0.20261132717132568,8.290904
CL_10405002,7,69.588135,3.7815669,0.19568133354187012,8.34195
CL_10405002,8,69.48331,3.8755474,0.18075329065322876,8.335665
CL_10405002,9,70.19125,3.9540324,0.17028987407684326,8.378022
CL_10405002,10,71.90937,4.039797,0.1476944088935852,8.479939
CL_10432002,1,2.1591775,0.51624846,0.44301915168762207,1.469414
CL_10432002,2,2.9608316,0.7116501,0.2361447811126709,1.7207067
CL_10432002,3,3.2942317,0.8068572,0.1500997543334961,1.8150018
CL_10432002,4,3.5218103,0.86489147,0.09138095378875732,1.8766487
CL_10432002,5,3.6470401,0.8907075,0.059223055839538574,1.9097226
CL_10432002,6,3.7290914,0.91313004,0.03811991214752197,1.9310856
CL_10432002,7,3.7936502,0.93818784,0.02151048183441162,1.9477295
CL_10432002,8,3.8260663,0.9596624,0.013196945190429688,1.9560333
CL_10432002,9,3.8484144,0.96966684,0.007921934127807617,1.9617376
CL_10432002,10,3.8874142,0.976818,-0.0019320249557495117,1.9716526
CL_10514001,1,2.4281778,0.78150076,0.8195905983448029,1.5582612
CL_10514001,2,4.6041694,1.1175553,0.6587855219841003,2.1457329
CL_10514001,3,6.315737,1.398352,0.5357168614864349,2.513113
CL_10514001,4,7.660524,1.6259881,0.43964672088623047,2.767765
CL_10514001,5,8.856798,1.7982695,0.3548954725265503,2.9760373
CL_10514001,6,9.892353,1.9410996,0.282288134098053,3.1452112
CL_10514001,7,10.656785,2.0546775,0.22771185636520386,3.2644732
CL_10514001,8,11.236559,2.1458173,0.18619275093078613,3.3520977
CL_10514001,9,11.688667,2.2165148,0.15338408946990967,3.4188693
CL_10514001,10,12.106714,2.2914345,0.12247878313064575,3.4794705
CL_10523002,1,4.1731586,0.93211734,0.7967268079519272,2.042831
CL_10523002,2,7.366657,1.3130561,0.6417941153049469,2.7141585
CL_10523002,3,10.017426,1.6061151,0.5133900940418243,3.1650317
CL_10523002,4,12.100019,1.8434553,0.4125767946243286,3.4785082
CL_10523002,5,13.692127,2.0131805,0.3355116844177246,3.7002873
CL_10523002,6,14.952647,2.1306338,0.27450287342071533,3.8668654
CL_10523002,7,15.983809,2.2262805,0.2246389389038086,3.9979756
CL_10523002,8,16.690975,2.319406,0.19050991535186768,4.0854588
CL_10523002,9,17.28261,2.3816092,0.1619279384613037,4.1572356
CL_10523002,10,17.818155,2.4613962,0.13575005531311035,4.2211556
CL_12802001,1,0.008512693,0.037274305,0.8288191556930542,0.09226426
CL_12802001,2,0.016863955,0.05265241,0.6608355641365051,0.1298613
CL_12802001,3,0.022523107,0.0627094,0.5469283759593964,0.150077
CL_12802001,4,0.026384475,0.069474496,0.4691094160079956,0.16243298
CL_12802001,5,0.02887007,0.07417214,0.4189913868904114,0.16991195
CL_12802001,6,0.029819632,0.07642432,0.39976072311401367,0.17268361
CL_12802001,7,0.030144654,0.07733601,0.39310115575790405,0.17362216
CL_12802001,8,0.030610414,0.07777545,0.3833933472633362,0.17495832
CL_12802001,9,0.030699,0.07855765,0.38054198026657104,0.1752113
CL_12802001,10,0.030935505,0.07911761,0.36974990367889404,0.17588492
CL_3404001,1,1.9749317e-05,0.0023115147,0.9540302976965904,0.0044440203
CL_3404001,2,2.8125667e-05,0.0026263958,0.9354226142168045,0.005303364
CL_3404001,3,3.271771e-05,0.0027849134,0.9261272102594376,0.0057199397
CL_3404001,4,3.873598e-05,0.0030761058,0.9143485426902771,0.0062238234
CL_3404001,5,4.3655775e-05,0.0031046318,0.9051243141293526,0.0066072517
CL_3404001,6,4.6416764e-05,0.0031095773,0.9005076810717583,0.006812985
CL_3404001,7,4.731992e-05,0.0031840175,0.8991261422634125,0.006878948
CL_3404001,8,4.707981e-05,0.0032477898,0.899796724319458,0.006861473
CL_3404001,9,4.63064e-05,0.003271547,0.9017114266753197,0.0068048807
CL_3404001,10,4.4826687e-05,0.0033030068,0.9051100015640259,0.0066952733
CL_4400001,1,0.00137666,0.036113158,-13.511502265930176,0.03710337
CL_4400001,2,0.0012258206,0.033533826,-11.992961883544922,0.03501172
CL_4400001,3,0.0011040459,0.031305138,-10.7673978805542,0.033227187
CL_4400001,4,0.0011340257,0.030979296,-11.15472412109375,0.033675298
CL_4400001,5,0.0009861438,0.028333725,-9.585590362548828,0.031402927
CL_4400001,6,0.00077752676,0.025171043,-7.358826637268066,0.027884167
CL_4400001,7,0.00063210656,0.02256142,-5.805780410766602,0.025141729
CL_4400001,8,0.00046476538,0.018737053,-4.011658668518066,0.021558419
CL_4400001,9,0.00047172492,0.018870527,-4.094470977783203,0.021719228
CL_4400001,10,0.00041840298,0.017695954,-3.52553653717041,0.0204549
CL_4503001,1,0.16109063,0.032561257,0.12191170454025269,0.40136096
CL_4503001,2,0.16096374,0.041707948,0.20577818155288696,0.40120286
CL_4503001,3,0.37263122,0.052621715,0.05177277326583862,0.61043525
CL_4503001,4,0.46894017,0.060338747,0.0893900990486145,0.68479204
CL_4503001,5,0.2016557,0.053218007,0.11152738332748413,0.44906092
CL_4503001,6,0.19305305,0.052833352,0.09555453062057495,0.43937802
CL_4503001,7,0.22723097,0.053447373,0.07774513959884644,0.4766875
CL_4503001,8,0.1306392,0.04938646,0.09462112188339233,0.36144045
CL_4503001,9,0.04643097,0.04727831,0.12110477685928345,0.21547846
CL_4503001,10,0.09238033,0.055042397,0.08730393648147583,0.30394134
CL_4533002,1,27.047314,1.0184673,0.5130725502967834,5.200703
CL_4533002,2,30.270124,1.091199,0.4563952684402466,5.501829
CL_4533002,3,33.410675,1.1788683,0.4015082120895386,5.7801967
CL_4533002,4,36.14418,1.2536749,0.3542599678039551,6.012003
CL_4533002,5,38.371304,1.3211672,0.3163082003593445,6.1944575
CL_4533002,6,40.768066,1.3900032,0.27555638551712036,6.3849874
CL_4533002,7,42.778023,1.4487126,0.24190771579742432,6.540491
CL_4533002,8,44.381897,1.4918413,0.21559858322143555,6.661974
CL_4533002,9,45.891624,1.5338298,0.19110196828842163,6.774336
CL_4533002,10,47.535603,1.580839,0.16439330577850342,6.8946066
CL_5716001,1,0.46868122,0.111028224,0.48098915815353394,0.684603
CL_5716001,2,0.70434815,0.13424192,0.22050541639328003,0.8392545
CL_5716001,3,0.79853517,0.14968623,0.1164621114730835,0.893608
CL_5716001,4,0.8437247,0.15859623,0.06659960746765137,0.9185449
CL_5716001,5,0.85958594,0.16521968,0.04918026924133301,0.92713857
CL_5716001,6,0.8665498,0.1691659,0.041610121726989746,0.93088657
CL_5716001,7,0.8693176,0.17023252,0.03866410255432129,0.93237203
CL_5716001,8,0.8791724,0.17757472,0.02786540985107422,0.9376419
CL_5716001,9,0.8841062,0.18518415,0.022536039352416992,0.94026923
CL_5716001,10,0.89649075,0.19231558,0.008959770202636719,0.94683194
CL_5737002,1,0.020876098,0.065919414,0.7671355158090591,0.14448564
CL_5737002,2,0.03700517,0.09061505,0.5887826383113861,0.19236729
CL_5737002,3,0.04446318,0.10608596,0.507903516292572,0.21086293
CL_5737002,4,0.0498069,0.11654663,0.45115208625793457,0.2231746
CL_5737002,5,0.054214012,0.1254643,0.404829740524292,0.23283903
CL_5737002,6,0.057651106,0.13251568,0.36925315856933594,0.24010645
CL_5737002,7,0.061198283,0.13920411,0.3317188620567322,0.24738286
CL_5737002,8,0.062324915,0.14414634,0.3171301484107971,0.24964958
CL_5737002,9,0.063737534,0.14752534,0.30265092849731445,0.25246292
CL_5737002,10,0.065247014,0.15114741,0.2886039614677429,0.25543496
CL_5746001,1,0.0074799713,0.053795215,0.8836679905653,0.086486824
CL_5746001,2,0.0153848,0.070372954,0.7615928649902344,0.12403548
CL_5746001,3,0.020547016,0.083076335,0.6830209493637085,0.1433423
CL_5746001,4,0.02396322,0.09078941,0.6321000158786774,0.15480058
CL_5746001,5,0.027595213,0.099666566,0.5781778693199158,0.16611807
CL_5746001,6,0.031151846,0.10619961,0.5253669321537018,0.17649886
CL_5746001,7,0.033961557,0.11059977,0.4837380051612854,0.18428661
CL_5746001,8,0.03707129,0.117651,0.4378145933151245,0.19253907
CL_5746001,9,0.038899317,0.12242746,0.41138356924057007,0.1972291
CL_5746001,10,0.042082187,0.12965237,0.3646039366722107,0.20513943
CL_5748001,1,0.018307421,0.058801856,0.7826758623123169,0.13530491
CL_5748001,2,0.036833905,0.076839454,0.563115119934082,0.1919216
CL_5748001,3,0.047930334,0.08959105,0.43196558952331543,0.21892998
CL_5748001,4,0.054103047,0.09840451,0.3593558073043823,0.23260061
CL_5748001,5,0.058004867,0.10506649,0.3137030601501465,0.240842
CL_5748001,6,0.059718903,0.10985134,0.2939903140068054,0.24437451
CL_5748001,7,0.06213166,0.11439751,0.26626014709472656,0.24926223
CL_5748001,8,0.06595761,0.12411174,0.222057044506073,0.25682214
CL_5748001,9,0.06843285,0.1311861,0.19345122575759888,0.26159674
CL_5748001,10,0.071632534,0.13649632,0.15654271841049194,0.26764256
CL_6034001,1,0.22866578,0.25739416,0.8538163900375366,0.47819012
CL_6034001,2,0.35593382,0.30659643,0.7725261300802231,0.5966019
CL_6034001,3,0.43785432,0.33549264,0.7199867069721222,0.6617056
CL_6034001,4,0.48032755,0.35023206,0.6927847266197205,0.69305664
CL_6034001,5,0.52138376,0.36698812,0.6664427220821381,0.7220691
CL_6034001,6,0.57225275,0.3888933,0.6325878500938416,0.7564739
CL_6034001,7,0.59510577,0.4036244,0.6136908531188965,0.77143097
CL_6034001,8,0.62087727,0.4205938,0.5964075922966003,0.78795767
CL_6034001,9,0.654567,0.44079214,0.574021726846695,0.8090531
CL_6034001,10,0.676756,0.45537388,0.5599183440208435,0.8226518
CL_7116001,1,0.31147492,0.17277794,0.7993592172861099,0.5580994
CL_7116001,2,0.6284128,0.243805,0.5623610019683838,0.7927249
CL_7116001,3,0.7302253,0.29705378,0.4737156629562378,0.85453224
CL_7116001,4,0.801402,0.33287287,0.4113195538520813,0.89521056
CL_7116001,5,0.86381555,0.3586622,0.3578057885169983,0.9294168
CL_7116001,6,0.87914294,0.373197,0.34102725982666016,0.93762624
CL_7116001,7,0.88664573,0.38004562,0.3314528465270996,0.9416187
CL_7116001,8,0.93245953,0.3933743,0.2939930558204651,0.9656395
CL_7116001,9,0.9485581,0.40133432,0.27909862995147705,0.9739395
CL_7116001,10,0.97809064,0.41552067,0.25470781326293945,0.98898464
CL_7123001,1,0.5984674,0.2260685,0.7079531848430634,0.7736068
CL_7123001,2,1.0457423,0.30280387,0.4895935654640198,1.0226154
CL_7123001,3,1.302915,0.36057404,0.3640574812889099,1.141453
CL_7123001,4,1.4674342,0.4130844,0.28384971618652344,1.211377
CL_7123001,5,1.6007315,0.45139718,0.21855098009109497,1.2652001
CL_7123001,6,1.6886814,0.4733544,0.17547744512557983,1.2994927
CL_7123001,7,1.7405276,0.49529094,0.15015733242034912,1.3192905
CL_7123001,8,1.795754,0.5247926,0.12321090698242188,1.3400575
CL_7123001,9,1.8451151,0.54382515,0.09912949800491333,1.3583502
CL_7123001,10,1.901089,0.56264734,0.07176768779754639,1.3787998
CL_7330001,1,3.918559,0.62887603,0.7566384375095367,1.9795351
CL_7330001,2,6.3700128,0.8734556,0.6015972793102264,2.5238883
CL_7330001,3,7.4598203,1.0855474,0.5320672690868378,2.7312672
CL_7330001,4,8.558988,1.2301124,0.46339285373687744,2.9255748
CL_7330001,5,9.361352,1.3416852,0.4131648540496826,3.0596325
CL_7330001,6,9.828323,1.4222966,0.3839429020881653,3.1350157
CL_7330001,7,10.081301,1.4870869,0.36714446544647217,3.1751065
CL_7330001,8,10.346171,1.5478729,0.3493204712867737,3.2165465
CL_7330001,9,10.549229,1.5777807,0.3360007405281067,3.2479577
CL_7330001,10,10.936245,1.624809,0.31135624647140503,3.3069994
CL_7332001,1,2.3229954,0.46670762,0.7859475761651993,1.5241376
CL_7332001,2,4.165931,0.6474925,0.6160537004470825,2.0410614
CL_7332001,3,4.81486,0.78634065,0.5393205881118774,2.194279
CL_7332001,4,5.2172346,0.89098233,0.48589539527893066,2.2841268
CL_7332001,5,5.68973,0.97487974,0.43562018871307373,2.3853154
CL_7332001,6,6.0928826,1.034274,0.3944336175918579,2.4683766
CL_7332001,7,6.4146423,1.0919335,0.3618510365486145,2.5327144
CL_7332001,8,6.7030716,1.1380267,0.33285439014434814,2.589029
CL_7332001,9,6.886774,1.1635033,0.3142586946487427,2.6242664
CL_7332001,10,7.097695,1.2062898,0.29289406538009644,2.66415
CL_7335001,1,1.1123877,0.36738282,0.82222481071949,1.0546979
CL_7335001,2,1.857059,0.48582554,0.7032657563686371,1.3627396
CL_7335001,3,2.525958,0.6052569,0.5964111089706421,1.5893263
CL_7335001,4,3.0419655,0.7040387,0.5139307379722595,1.7441231
CL_7335001,5,3.4662209,0.7689321,0.4460735321044922,1.861779
CL_7335001,6,3.8088574,0.8265347,0.39504992961883545,1.9516294
CL_7335001,7,4.080692,0.87573636,0.35495156049728394,2.0200722
CL_7335001,8,4.3246436,0.91746783,0.31712228059768677,2.0795777
CL_7335001,9,4.4234886,0.94074,0.3016357421875,2.103209
CL_7335001,10,4.546695,0.9720834,0.28236597776412964,2.132298
CL_7335002,1,0.20257792,0.16750963,0.7460663318634033,0.45008656
CL_7335002,2,0.31801593,0.22458278,0.5141609311103821,0.563929
CL_7335002,3,0.43000263,0.26479518,0.3094848394393921,0.65574586
CL_7335002,4,0.5039751,0.300763,0.18791991472244263,0.70991206
CL_7335002,5,0.5627694,0.3273317,0.09117978811264038,0.7501796
CL_7335002,6,0.60567194,0.34893042,0.019380688667297363,0.77824926
CL_7335002,7,0.6372803,0.36887112,-0.03375506401062012,0.79829836
CL_7335002,8,0.657063,0.38636816,-0.06771695613861084,0.81059426
CL_7335002,9,0.66349787,0.3993187,-0.07992589473724365,0.8145538
CL_7335002,10,0.68781096,0.41567197,-0.11450493335723877,0.8293437
CL_7336001,1,0.44596693,0.18432344,0.7825076729059219,0.6678076
CL_7336001,2,0.7873905,0.25627348,0.6159979104995728,0.88735026
CL_7336001,3,1.0074582,0.31098595,0.5086744427680969,1.0037222
CL_7336001,4,1.1800028,0.34615058,0.42452478408813477,1.0862794
CL_7336001,5,1.3241607,0.37142846,0.3542137145996094,1.1507218
CL_7336001,6,1.427964,0.38839674,0.30359357595443726,1.1949744
CL_7336001,7,1.478654,0.40154323,0.2788706421852112,1.2159992
CL_7336001,8,1.5322291,0.4116518,0.25375109910964966,1.2378324
CL_7336001,9,1.5703126,0.4202973,0.24008667469024658,1.2531211
CL_7336001,10,1.6125909,0.4297414,0.2245464324951172,1.2698783
CL_7339001,1,0.20452261,0.11401969,0.7016037702560425,0.45224175
CL_7339001,2,0.35908133,0.15353462,0.4756550192832947,0.5992339
CL_7339001,3,0.45504436,0.1832281,0.3382408022880554,0.6745698
CL_7339001,4,0.5323545,0.21127006,0.23622751235961914,0.72962624
CL_7339001,5,0.5682368,0.22778586,0.18651479482650757,0.7538149
CL_7339001,6,0.5888798,0.23684776,0.1573173999786377,0.76738507
CL_7339001,7,0.6025682,0.24307285,0.13842689990997314,0.7762527
CL_7339001,8,0.60403764,0.24610506,0.136954665184021,0.7771986
CL_7339001,9,0.59430367,0.24817102,0.15131515264511108,0.7709109
CL_7339001,10,0.5887486,0.25266412,0.15969926118850708,0.76729953
CL_7343001,1,1.4066756,0.2380767,0.4063195586204529,1.1860336
CL_7343001,2,1.8950332,0.30733928,0.18694931268692017,1.376602
CL_7343001,3,1.8656497,0.33147684,0.19827556610107422,1.3658879
CL_7343001,4,1.9893968,0.34501225,0.1445176601409912,1.4104598
CL_7343001,5,2.0636833,0.35935214,0.11222213506698608,1.4365525
CL_7343001,6,2.1192517,0.3678084,0.08810240030288696,1.455765
CL_7343001,7,2.1376164,0.37205583,0.08005255460739136,1.4620589
CL_7343001,8,2.122621,0.3739075,0.08639413118362427,1.4569218
CL_7343001,9,2.0823708,0.37534282,0.10400688648223877,1.4430422
CL_7343001,10,2.1301134,0.38386112,0.08445858955383301,1.4594908
CL_7350001,1,9.868482,0.7401872,0.5531466007232666,3.141414
CL_7350001,2,13.702139,1.0362806,0.37963271141052246,3.7016401
CL_7350001,3,14.68512,1.2185956,0.3352983593940735,3.8321168
CL_7350001,4,15.547674,1.3221287,0.29498010873794556,3.943054
CL_7350001,5,16.394093,1.4094739,0.2566949129104614,4.048962
CL_7350001,6,16.859129,1.483133,0.23573511838912964,4.105987
CL_7350001,7,17.094757,1.542331,0.22501254081726074,4.1345806
CL_7350001,8,17.204012,1.5999355,0.2199254035949707,4.147772
CL_7350001,9,17.335604,1.6280532,0.21405452489852905,4.1636047
CL_7350001,10,17.61995,1.6688557,0.2013646364212036,4.1976123
CL_7350003,1,22.122437,1.0214107,0.5171300172805786,4.7034492
CL_7350003,2,30.434738,1.3574475,0.33590346574783325,5.516769
CL_7350003,3,32.38284,1.6051567,0.29362261295318604,5.6905923
CL_7350003,4,34.531254,1.7503449,0.24700087308883667,5.87633
CL_7350003,5,36.283306,1.872148,0.20903176069259644,6.0235624
CL_7350003,6,37.28422,1.9688522,0.1874883770942688,6.1060805
CL_7350003,7,37.699085,2.0348685,0.1787259578704834,6.139958
CL_7350003,8,37.80278,2.0958498,0.17674148082733154,6.1483965
CL_7350003,9,37.957016,2.1241786,0.17358362674713135,6.1609263
CL_7350003,10,38.25188,2.1764321,0.16725528240203857,6.1848106
CL_7354002,1,4.3709,0.43985483,0.5468195676803589,2.0906699
CL_7354002,2,5.4169183,0.6090475,0.43767249584198,2.3274274
CL_7354002,3,5.682941,0.7282153,0.40964776277542114,2.383892
CL_7354002,4,6.0740438,0.8096255,0.3688172698020935,2.4645574
CL_7354002,5,6.433722,0.87077695,0.3313431143760681,2.5364783
CL_7354002,6,6.630404,0.9206183,0.31087690591812134,2.5749571
CL_7354002,7,6.8177304,0.95635325,0.2914276123046875,2.6110785
CL_7354002,8,6.9124255,0.9913832,0.28165870904922485,2.6291492
CL_7354002,9,6.9775014,1.0093944,0.2750188708305359,2.641496
CL_7354002,10,7.1570764,1.0422852,0.2565171718597412,2.6752713
CL_7355002,1,1.8125196,0.5993236,0.7935153543949127,1.3462985
CL_7355002,2,3.1227827,0.8446977,0.6439282298088074,1.7671397
CL_7355002,3,3.4057465,0.95075405,0.6118344962596893,1.8454665
CL_7355002,4,3.7846944,1.0187685,0.5667348802089691,1.9454291
CL_7355002,5,4.1313634,1.0713023,0.5215475857257843,2.0325756
CL_7355002,6,4.3803306,1.1360565,0.49046415090560913,2.0929239
CL_7355002,7,4.5767097,1.1938925,0.4659842848777771,2.1393247
CL_7355002,8,4.839625,1.2684321,0.43482542037963867,2.1999147
CL_7355002,9,5.01365,1.3340867,0.4149283170700073,2.239118
CL_7355002,10,5.2571816,1.3721079,0.3869587779045105,2.2928545
CL_7359001,1,0.8880534,0.3567336,0.8539232909679413,0.9423659
CL_7359001,2,1.809607,0.5088999,0.7023335993289948,1.3452164
CL_7359001,3,2.6841106,0.6520635,0.5584798157215118,1.6383256
CL_7359001,4,3.336255,0.763302,0.45120012760162354,1.8265418
CL_7359001,5,3.8124259,0.8449205,0.372866690158844,1.9525434
CL_7359001,6,4.233459,0.90301657,0.30360352993011475,2.057537
CL_7359001,7,4.563156,0.95936733,0.24936264753341675,2.1361544
CL_7359001,8,4.8421936,1.0089482,0.20345443487167358,2.2004986
CL_7359001,9,4.979789,1.0340196,0.1808130145072937,2.231544
CL_7359001,10,5.1730075,1.0654801,0.14902442693710327,2.2744246
CL_7372001,1,0.7099384,0.2734548,0.7978615760803223,0.8425784
CL_7372001,2,1.3115261,0.3731319,0.6265079379081726,1.1452187
CL_7372001,3,1.5862666,0.45517594,0.5481900572776794,1.2594708
CL_7372001,4,1.7614875,0.5000698,0.49824094772338867,1.3272104
CL_7372001,5,1.9612865,0.53111774,0.4413066506385803,1.4004594
CL_7372001,6,2.0679984,0.5589241,0.4108278751373291,1.4380537
CL_7372001,7,2.1133149,0.5857176,0.397773802280426,1.4537245
CL_7372001,8,2.2143638,0.6091454,0.369146466255188,1.4880738
CL_7372001,9,2.2587218,0.62315524,0.3577788472175598,1.5029044
CL_7372001,10,2.321962,0.64778477,0.33994555473327637,1.5237986
CL_7374001,1,3.0078087,0.45973384,0.5683428347110748,1.7343035
CL_7374001,2,4.5219126,0.6125267,0.36492830514907837,2.126479
CL_7374001,3,5.1772556,0.7128509,0.30126112699508667,2.2753584
CL_7374001,4,5.5888457,0.7615358,0.2477015256881714,2.364074
CL_7374001,5,6.1940227,0.8031307,0.20542311668395996,2.4887793
CL_7374001,6,6.894015,0.8519741,0.16641968488693237,2.6256456
CL_7374001,7,7.051587,0.8902237,0.15513598918914795,2.6554825
CL_7374001,8,7.1368823,0.92322767,0.14658010005950928,2.6714945
CL_7374001,9,7.1039047,0.9446005,0.15076559782028198,2.6653152
CL_7374001,10,7.231062,0.96693957,0.13554567098617554,2.6890633
CL_7379001,1,1.5154952,0.38482246,0.7018076181411743,1.2310545
CL_7379001,2,2.8703744,0.5440592,0.4340062737464905,1.6942179
CL_7379001,3,3.5711238,0.6452863,0.294904887676239,1.8897418
CL_7379001,4,3.922197,0.71934414,0.2269294261932373,1.9804537
CL_7379001,5,4.1861405,0.7769699,0.17452490329742432,2.046006
CL_7379001,6,4.4174185,0.81263155,0.13044655323028564,2.1017656
CL_7379001,7,4.6083083,0.8346941,0.09484386444091797,2.146697
CL_7379001,8,4.68995,0.8587386,0.06558483839035034,2.1656291
CL_7379001,9,4.784563,0.8756354,0.04381263256072998,2.1873643
CL_7379001,10,4.858992,0.9007339,0.02768009901046753,2.204312
CL_7379002,1,2.4589496,0.42982966,0.6444945335388184,1.5681038
CL_7379002,2,4.101759,0.6071605,0.40707409381866455,2.02528
CL_7379002,3,4.572767,0.70594823,0.3390822410583496,2.138403
CL_7379002,4,4.9396048,0.76911914,0.28614938259124756,2.2225223
CL_7379002,5,5.2585707,0.8191229,0.24016022682189941,2.2931573
CL_7379002,6,5.4960656,0.8557567,0.20592045783996582,2.344369
CL_7379002,7,5.6490736,0.8861315,0.1838853359222412,2.376778
CL_7379002,8,5.816247,0.9276131,0.15983247756958008,2.4116898
CL_7379002,9,5.964732,0.9466544,0.1385025978088379,2.44228
CL_7379002,10,6.0960827,0.97486824,0.11975860595703125,2.4690247
CL_7381001,1,0.11860437,0.11046019,0.7078552544116974,0.34438986
CL_7381001,2,0.26048097,0.16298164,0.35836249589920044,0.51037335
CL_7381001,3,0.33222672,0.1944481,0.18155330419540405,0.5763911
CL_7381001,4,0.3728699,0.20981643,0.08133894205093384,0.61063075
CL_7381001,5,0.39942527,0.22281967,0.015848159790039062,0.632001
CL_7381001,6,0.41041717,0.23328245,-0.011237025260925293,0.6406381
CL_7381001,7,0.41054308,0.23931234,-0.011286616325378418,0.64073634
CL_7381001,8,0.41756472,0.25168952,-0.0141524076461792,0.6461925
CL_7381001,9,0.4223208,0.26400977,-0.01321101188659668,0.6498622
CL_7381001,10,0.43112105,0.27285466,-0.030239462852478027,0.6565981
CL_7383001,1,0.39414957,0.29523364,0.8298636227846146,0.62781334
CL_7383001,2,0.6879291,0.3847981,0.7034304738044739,0.8294149
CL_7383001,3,0.9515993,0.45491195,0.5897627770900726,0.9754995
CL_7383001,4,1.172765,0.5150002,0.49386167526245117,1.0829427
CL_7383001,5,1.327956,0.56258845,0.4265555739402771,1.1523697
CL_7383001,6,1.4788121,0.5920813,0.36145544052124023,1.2160642
CL_7383001,7,1.6093657,0.62731266,0.3052719831466675,1.2686077
CL_7383001,8,1.7145815,0.6651217,0.26021265983581543,1.3094202
CL_7383001,9,1.7693043,0.68435955,0.2371923327445984,1.3301519
CL_7383001,10,1.8440237,0.70723605,0.20541340112686157,1.3579483
CL_8114001,1,2.9755347,0.5412463,0.7742381691932678,1.7249738
CL_8114001,2,5.2942457,0.75597376,0.5985237061977386,2.3009229
CL_8114001,3,6.0900474,0.93234175,0.5382357835769653,2.467802
CL_8114001,4,6.706504,1.0389131,0.4915088415145874,2.5896919
CL_8114001,5,7.394846,1.1405188,0.43946588039398193,2.7193465
CL_8114001,6,7.8258142,1.2168087,0.4071173071861267,2.7974658
CL_8114001,7,8.087363,1.2778461,0.38741910457611084,2.843829
CL_8114001,8,8.36332,1.3334665,0.36898303031921387,2.8919406
CL_8114001,9,8.516668,1.3640352,0.35875070095062256,2.918333
CL_8114001,10,8.734261,1.411012,0.3443857431411743,2.9553783
CL_8123001,1,3.6404731,0.53845555,0.6686338782310486,1.9080024
CL_8123001,2,5.992159,0.7671434,0.4545423984527588,2.4478886
CL_8123001,3,7.1230187,0.9356814,0.3515632152557373,2.6688983
CL_8123001,4,7.778391,1.0414268,0.2919202446937561,2.7889767
CL_8123001,5,8.305791,1.1308358,0.2439303994178772,2.8819768
CL_8123001,6,8.598452,1.2012863,0.2172979712486267,2.9323115
CL_8123001,7,8.851277,1.2461581,0.1943056583404541,2.9751096
CL_8123001,8,8.944453,1.2880149,0.18584436178207397,2.990728
CL_8123001,9,9.03291,1.318643,0.1778097152709961,3.00548
CL_8123001,10,9.213838,1.3460864,0.16136521100997925,3.0354304
CL_8124002,1,1.7207052,0.41897532,0.7976070195436478,1.3117565
CL_8124002,2,3.21704,0.59718746,0.6215390563011169,1.7936109
CL_8124002,3,3.9582324,0.7382288,0.535022646188736,1.9895307
CL_8124002,4,4.4330053,0.83158284,0.480147123336792,2.1054704
CL_8124002,5,4.8564687,0.90454274,0.4310656189918518,2.2037396
CL_8124002,6,5.136784,0.9691034,0.3990445137023926,2.2664475
CL_8124002,7,5.3810577,1.0220095,0.37123721837997437,2.3197107
CL_8124002,8,5.51716,1.0683783,0.35573315620422363,2.3488636
CL_8124002,9,5.611141,1.0942041,0.3450787663459778,2.3687847
CL_8124002,10,5.7627673,1.1266502,0.32799214124679565,2.4005764
CL_8130002,1,8.981778,0.79123956,0.6321365833282471,2.9969616
CL_8130002,2,12.89971,1.0711311,0.4715445041656494,3.5916166
CL_8130002,3,14.379403,1.2778955,0.4109017848968506,3.7920184
CL_8130002,4,15.262668,1.4077972,0.37467455863952637,3.9067464
CL_8130002,5,16.148506,1.5229431,0.3380451798439026,4.0185204
CL_8130002,6,16.484339,1.597221,0.32396650314331055,4.060091
CL_8130002,7,16.889616,1.6304163,0.30724120140075684,4.109698
CL_8130002,8,17.156582,1.6633316,0.29618197679519653,4.1420503
CL_8130002,9,17.016857,1.6760778,0.30186396837234497,4.1251493
CL_8130002,10,17.338469,1.698639,0.28869038820266724,4.1639485
CL_8132001,1,1.2148912,0.3345533,0.8029869198799133,1.102221
CL_8132001,2,2.5761137,0.4822066,0.5871222019195557,1.6050277
CL_8132001,3,3.2586598,0.6157759,0.4821476936340332,1.8051759
CL_8132001,4,3.678979,0.69818956,0.417156457901001,1.9180665
CL_8132001,5,4.1109977,0.7704876,0.36300450563430786,2.0275595
CL_8132001,6,4.326612,0.82506627,0.3408777713775635,2.080051
CL_8132001,7,4.4569135,0.865868,0.3252459764480591,2.1111403
CL_8132001,8,4.5140595,0.90011317,0.32011085748672485,2.1246316
CL_8132001,9,4.513926,0.91672003,0.32148128747940063,2.1246002
CL_8132001,10,4.586357,0.9383446,0.3089061975479126,2.1415782
CL_8133001,1,4.5175867,0.76246834,0.8446729481220245,2.1254616
CL_8133001,2,8.784465,1.0414329,0.6979549825191498,2.9638598
CL_8133001,3,11.339594,1.251556,0.6100965142250061,3.3674314
CL_8133001,4,13.0426035,1.3992208,0.5515301525592804,3.6114545
CL_8133001,5,14.231283,1.5148923,0.5106130838394165,3.7724373
CL_8133001,6,15.122618,1.5823287,0.4799070954322815,3.888781
CL_8133001,7,15.917894,1.6580316,0.45251673460006714,3.9897237
CL_8133001,8,16.568514,1.731811,0.43009477853775024,4.070444
CL_8133001,9,17.113966,1.771861,0.4112734794616699,4.136903
CL_8133001,10,17.511822,1.8245074,0.3975238800048828,4.184713
CL_8134002,1,10.366877,0.81133384,0.6685966551303864,3.2197635
CL_8134002,2,14.194059,1.0169475,0.546243280172348,3.7675004
CL_8134002,3,17.029827,1.1728599,0.4550447463989258,4.126721
CL_8134002,4,18.021381,1.2581741,0.4188305139541626,4.2451596
CL_8134002,5,18.928778,1.341878,0.3891715407371521,4.3507214
CL_8134002,6,19.569395,1.4032885,0.36843371391296387,4.423731
CL_8134002,7,19.859243,1.4361594,0.3503851294517517,4.4563713
CL_8134002,8,19.770496,1.4557854,0.324759304523468,4.4464025
CL_8134002,9,19.203754,1.4570343,0.3081998825073242,4.382209
CL_8134002,10,18.417547,1.4703909,0.3024333119392395,4.291567
CL_8134003,1,18.55021,0.61011916,0.42604732513427734,4.3069954
CL_8134003,2,27.537579,0.80816716,0.1500483751296997,5.247626
CL_8134003,3,29.280361,0.9046343,0.08125817775726318,5.4111333
CL_8134003,4,29.868652,0.94201815,0.05520272254943848,5.465222
CL_8134003,5,30.99166,1.0034307,0.03704249858856201,5.567015
CL_8134003,6,31.206112,1.037872,0.03380042314529419,5.586243
CL_8134003,7,31.147593,1.0607052,0.03546339273452759,5.5810027
CL_8134003,8,31.186724,1.0745355,0.03427684307098389,5.5845075
CL_8134003,9,31.11819,1.070265,0.034361183643341064,5.578368
CL_8134003,10,31.042225,1.081889,0.03651726245880127,5.571555
CL_8135002,1,1.2181937,0.3681287,0.7882548868656158,1.1037182
CL_8135002,2,1.8510475,0.49922922,0.6783030927181244,1.360532
CL_8135002,3,2.3426917,0.608509,0.5932819843292236,1.5305854
CL_8135002,4,2.6903527,0.7045222,0.5330447852611542,1.6402295
CL_8135002,5,2.9600003,0.77804726,0.48626649379730225,1.7204652
CL_8135002,6,3.2877576,0.8344769,0.42941099405288696,1.8132175
CL_8135002,7,3.5487099,0.8898825,0.3841298818588257,1.8838019
CL_8135002,8,3.7486238,0.9412985,0.34942108392715454,1.9361364
CL_8135002,9,3.8249698,0.96312463,0.33612918853759766,1.955753
CL_8135002,10,4.024526,1.0001831,0.3014490604400635,2.006122
CL_8141001,1,0.9566802,0.36954615,0.8783551827073097,0.9781003
CL_8141001,2,1.6352696,0.47039053,0.792320653796196,1.2787766
CL_8141001,3,2.3548446,0.58902,0.7022314369678497,1.5345503
CL_8141001,4,2.9477875,0.7001454,0.6273981630802155,1.7169122
CL_8141001,5,3.3960156,0.792618,0.5721352100372314,1.8428282
CL_8141001,6,3.8890553,0.8682102,0.5152912735939026,1.9720688
CL_8141001,7,4.265358,0.9331587,0.46999263763427734,2.0652742
CL_8141001,8,4.514206,0.9945441,0.4361814856529236,2.124666
CL_8141001,9,4.6258636,1.0221132,0.4219158887863159,2.150782
CL_8141001,10,4.8204026,1.0631906,0.3964061141014099,2.1955416
CL_8220001,1,0.097650394,0.16430452,0.9004370793700218,0.31249064
CL_8220001,2,0.2944523,0.24910727,0.6993505656719208,0.5426346
CL_8220001,3,0.44554806,0.32035014,0.5461253225803375,0.6674939
CL_8220001,4,0.5429533,0.36594453,0.44889408349990845,0.73685366
CL_8220001,5,0.61353886,0.39688507,0.37733620405197144,0.7832872
CL_8220001,6,0.6375619,0.4172306,0.348823606967926,0.7984747
CL_8220001,7,0.6411212,0.4282355,0.34546613693237305,0.8007004
CL_8220001,8,0.6603524,0.44039968,0.33817118406295776,0.8126207
CL_8220001,9,0.662318,0.4448502,0.33832716941833496,0.81382924
CL_8220001,10,0.6711885,0.45603222,0.3289874196052551,0.81926095
CL_8317002,1,16.684631,0.9976904,0.6729387044906616,4.0846825
CL_8317002,2,25.55932,1.3228191,0.4989311695098877,5.0556226
CL_8317002,3,29.797548,1.5613807,0.4157463312149048,5.458713
CL_8317002,4,31.828396,1.7647483,0.3758370280265808,5.641666
CL_8317002,5,33.26526,1.8990359,0.3480021357536316,5.7676044
CL_8317002,6,34.33981,1.9989243,0.3269451856613159,5.860018
CL_8317002,7,35.384136,2.0993443,0.30637603998184204,5.948457
CL_8317002,8,36.057888,2.2040253,0.2930261492729187,6.0048223
CL_8317002,9,36.70755,2.2628045,0.28010421991348267,6.058676
CL_8317002,10,37.703087,2.3328547,0.2603881359100342,6.140284
CL_8323002,1,5.3472924,0.79032683,0.7542950063943863,2.3124213
CL_8323002,2,9.202337,1.0517201,0.5788292288780212,3.0335355
CL_8323002,3,11.32587,1.2604777,0.48349666595458984,3.365393
CL_8323002,4,12.599015,1.406961,0.42704248428344727,3.549509
CL_8323002,5,13.65409,1.5321345,0.38005125522613525,3.6951442
CL_8323002,6,14.407588,1.6400721,0.3466520309448242,3.795733
CL_8323002,7,15.067402,1.7329069,0.3175867795944214,3.8816752
CL_8323002,8,15.380445,1.8095813,0.30404573678970337,3.921791
CL_8323002,9,15.509362,1.8606132,0.2984464764595032,3.9381928
CL_8323002,10,16.119562,1.9230571,0.2754526734352112,4.0149174
CL_8332001,1,9.403915,1.0825573,0.7924090027809143,3.0665803
CL_8332001,2,15.828364,1.4627707,0.650708019733429,3.9784877
CL_8332001,3,18.814295,1.7193272,0.584965169429779,4.337545
CL_8332001,4,20.626415,1.9374185,0.5450212359428406,4.541631
CL_8332001,5,21.687979,2.06433,0.5216166377067566,4.6570354
CL_8332001,6,23.224302,2.1604626,0.48772287368774414,4.81916
CL_8332001,7,24.246431,2.2354746,0.4651699662208557,4.9240665
CL_8332001,8,25.190367,2.3077035,0.4443308711051941,5.0190005
CL_8332001,9,25.80372,2.3645937,0.43076932430267334,5.079736
CL_8332001,10,26.649014,2.450383,0.412134051322937,5.162268
CL_8343001,1,0.47623077,0.31343633,0.9237886890769005,0.69009477
CL_8343001,2,1.0083485,0.42191252,0.8384779542684555,1.0041655
CL_8343001,3,1.3111393,0.50995505,0.7897888123989105,1.1450499
CL_8343001,4,1.5487446,0.58397317,0.7514794766902924,1.2444856
CL_8343001,5,1.781798,0.6513714,0.7136865258216858,1.33484
CL_8343001,6,1.9883591,0.7130894,0.68010613322258,1.4100919
CL_8343001,7,2.1528492,0.7656639,0.6533209979534149,1.467259
CL_8343001,8,2.3078353,0.816625,0.6280609965324402,1.5191561
CL_8343001,9,2.4427507,0.8490293,0.6060158014297485,1.5629301
CL_8343001,10,2.6071727,0.89089775,0.579216480255127,1.6146742
CL_8351001,1,12.386242,0.9317954,0.6607827842235565,3.5194094
CL_8351001,2,20.504051,1.2696353,0.43771183490753174,4.52814
CL_8351001,3,24.255623,1.5334865,0.3356513977050781,4.9249997
CL_8351001,4,26.141886,1.7358626,0.28395456075668335,5.1129136
CL_8351001,5,27.908257,1.8796637,0.23515456914901733,5.2828264
CL_8351001,6,28.807507,1.9838018,0.21220535039901733,5.3672624
CL_8351001,7,29.366184,2.0532956,0.1968400478363037,5.4190574
CL_8351001,8,29.540693,2.110215,0.1922823190689087,5.435135
CL_8351001,9,29.646687,2.1496263,0.18923503160476685,5.444877
CL_8351001,10,30.137222,2.2182066,0.1751578450202942,5.489738
CL_8356001,1,0.15152925,0.17665897,0.8880940303206444,0.3892676
CL_8356001,2,0.2849572,0.24644957,0.7895058542490005,0.53381383
CL_8356001,3,0.4166572,0.30210063,0.6921521723270416,0.6454899
CL_8356001,4,0.53178227,0.34692982,0.6070048809051514,0.72923404
CL_8356001,5,0.60881066,0.3790923,0.5500098764896393,0.7802632
CL_8356001,6,0.6651305,0.40162277,0.5082634389400482,0.81555533
CL_8356001,7,0.71080804,0.4166883,0.47363781929016113,0.84309435
CL_8356001,8,0.74372673,0.4315195,0.44855964183807373,0.86239594
CL_8356001,9,0.7619799,0.43854016,0.434143602848053,0.8729146
CL_8356001,10,0.78593814,0.4495186,0.41515153646469116,0.88653153
CL_8358001,1,0.64312184,0.2603602,0.8361655175685883,0.8019488
CL_8358001,2,1.1147784,0.36129165,0.7179867625236511,1.0558307
CL_8358001,3,1.5469264,0.46727565,0.6137454807758331,1.243755
CL_8358001,4,1.8733668,0.5515559,0.5341174006462097,1.3687099
CL_8358001,5,2.13866,0.6114241,0.47256600856781006,1.4624158
CL_8358001,6,2.3701,0.6613114,0.42472827434539795,1.5395129
CL_8358001,7,2.5468018,0.7019239,0.38600414991378784,1.5958703
CL_8358001,8,2.670157,0.7390764,0.357494056224823,1.6340615
CL_8358001,9,2.7511637,0.75952935,0.3375248908996582,1.6586633
CL_8358001,10,2.8568273,0.7847897,0.31071317195892334,1.6902151
CL_8383001,1,0.31935316,0.24767257,0.9000096917152405,0.5651134
CL_8383001,2,0.71203125,0.34560427,0.777753084897995,0.84381944
CL_8383001,3,1.0222058,0.41688502,0.681743323802948,1.011042
CL_8383001,4,1.2290769,0.49911058,0.6182108223438263,1.1086373
CL_8383001,5,1.4089069,0.5825295,0.563103199005127,1.1869738
CL_8383001,6,1.5589737,0.59966165,0.5174627006053925,1.2485887
CL_8383001,7,1.6734914,0.6009338,0.48280441761016846,1.2936349
CL_8383001,8,1.8030667,0.6459499,0.4436452388763428,1.3427832
CL_8383001,9,1.8579789,0.6710998,0.4272981882095337,1.363077
CL_8383001,10,1.9296408,0.68739307,0.40593409538269043,1.3891151
CL_8385001,1,0.8371782,0.34254095,0.8714825958013535,0.9149744
CL_8385001,2,1.7219187,0.47174963,0.7357889413833618,1.312219
CL_8385001,3,2.4122922,0.5776953,0.6300931572914124,1.5531555
CL_8385001,4,2.9031827,0.66257954,0.5550715625286102,1.7038729
CL_8385001,5,3.2656431,0.73023134,0.500271201133728,1.807109
CL_8385001,6,3.5497727,0.7848466,0.45701175928115845,1.8840841
CL_8385001,7,3.800604,0.8369494,0.4189609885215759,1.9495138
CL_8385001,8,3.9939895,0.8712713,0.38996422290802,1.9984968
CL_8385001,9,4.1400604,0.90101486,0.36819571256637573,2.0347137
CL_8385001,10,4.264803,0.925834,0.3494911789894104,2.06514
CL_8821003,1,0.23758705,0.21737105,0.8731024116277695,0.48742902
CL_8821003,2,0.4055792,0.2770197,0.7831107527017593,0.636851
CL_8821003,3,0.49185848,0.3129043,0.7367256283760071,0.70132625
CL_8821003,4,0.572511,0.34298497,0.693328857421875,0.7566446
CL_8821003,5,0.6177062,0.36688226,0.6687561571598053,0.78594285
CL_8821003,6,0.65239197,0.38697046,0.6499346196651459,0.80770785
CL_8821003,7,0.6938531,0.40670246,0.6275913417339325,0.8329784
CL_8821003,8,0.7331337,0.42489815,0.6063048541545868,0.8562322
CL_8821003,9,0.7635157,0.43785542,0.5893580913543701,0.87379384
CL_8821003,10,0.8054475,0.45739278,0.566373884677887,0.89746726
CL_8822002,1,0.574232,0.41212946,0.9585865437984467,0.75778097
CL_8822002,2,1.126446,0.5475797,0.9187596887350082,1.0613416
CL_8822002,3,1.5724097,0.6455752,0.8865916058421135,1.2539576
CL_8822002,4,1.9066676,0.7278334,0.8624728471040726,1.3808213
CL_8822002,5,2.1103384,0.78972286,0.847757026553154,1.4527004
CL_8822002,6,2.3463504,0.83573145,0.830660417675972,1.5317801
CL_8822002,7,2.7060785,0.89598984,0.804984986782074,1.6450163
CL_8822002,8,2.99211,0.94615316,0.7843061238527298,1.7297716
CL_8822002,9,3.2741094,0.9930865,0.7639042139053345,1.80945
CL_8822002,10,3.5456693,1.0339856,0.7442325353622437,1.8829948
CL_8910001,1,0.12425971,0.21571822,0.9730343520641327,0.3525049
CL_8910001,2,0.18888296,0.25012556,0.9595901779830456,0.43460667
CL_8910001,3,0.25285637,0.29275253,0.9466436579823494,0.50284827
CL_8910001,4,0.3246158,0.3242664,0.9323987439274788,0.56975067
CL_8910001,5,0.4170452,0.35288274,0.9142232239246368,0.6457904
CL_8910001,6,0.4931276,0.3850421,0.8997542187571526,0.70223045
CL_8910001,7,0.5780065,0.41426608,0.8837592601776123,0.7602674
CL_8910001,8,0.669445,0.44448528,0.8667831420898438,0.8181962
CL_8910001,9,0.7414597,0.4692738,0.8539159297943115,0.8610806
CL_8910001,10,0.8198069,0.50149536,0.8399736881256104,0.90543187
CL_9102001,1,0.10384688,0.17544387,0.9629157595336437,0.3222528
CL_9102001,2,0.2366253,0.24503067,0.9152007922530174,0.48644146
CL_9102001,3,0.38220835,0.30789095,0.8613943010568619,0.61823
CL_9102001,4,0.5311592,0.35360086,0.8047192692756653,0.72880673
CL_9102001,5,0.6541386,0.39037246,0.7555311769247055,0.80878836
CL_9102001,6,0.75820243,0.4185036,0.7124365568161011,0.8707482
CL_9102001,7,0.85885596,0.44371313,0.670595109462738,0.9267448
CL_9102001,8,0.9441663,0.46472594,0.6350408792495728,0.9716822
CL_9102001,9,0.9927911,0.48159587,0.6138603389263153,0.99638903
CL_9102001,10,1.0441601,0.50426525,0.5918907821178436,1.0218415
CL_9104001,1,1.2280538,0.43409234,0.9189242944121361,1.1081759
CL_9104001,2,2.3601222,0.5732029,0.8446882963180542,1.536269
CL_9104001,3,3.3989215,0.734372,0.7767849564552307,1.8436164
CL_9104001,4,4.3120737,0.8662934,0.7174374461174011,2.0765533
CL_9104001,5,5.124001,0.97496617,0.6653664112091064,2.2636256
CL_9104001,6,5.908745,1.0716045,0.6150007843971252,2.430791
CL_9104001,7,6.591308,1.1602156,0.5712271928787231,2.5673542
CL_9104001,8,7.271779,1.2487776,0.5274738967418671,2.6966236
CL_9104001,9,7.760405,1.3009543,0.49610620737075806,2.7857504
CL_9104001,10,8.306321,1.366145,0.46107345819473267,2.8820689
CL_9104002,1,0.021781977,0.0750038,0.9280619919300079,0.14758718
CL_9104002,2,0.048071668,0.098834686,0.8411751538515091,0.21925253
CL_9104002,3,0.06693521,0.12134298,0.7787510901689529,0.2587184
CL_9104002,4,0.081461,0.13871051,0.7305983901023865,0.28541374
CL_9104002,5,0.0928854,0.15420699,0.6925750076770782,0.30477107
CL_9104002,6,0.10219958,0.16839519,0.6615106761455536,0.31968668
CL_9104002,7,0.11044872,0.18043251,0.634059876203537,0.33233824
CL_9104002,8,0.11793603,0.18924001,0.6090634167194366,0.34341815
CL_9104002,9,0.123252,0.19575115,0.591166079044342,0.35107264
CL_9104002,10,0.12842324,0.20195624,0.5739680528640747,0.3583619
CL_9106001,1,7.981268,0.99842155,0.8334009498357773,2.8251138
CL_9106001,2,14.02045,1.283283,0.7098184525966644,3.744389
CL_9106001,3,18.245321,1.531729,0.626196414232254,4.2714543
CL_9106001,4,21.891123,1.7544816,0.5629286766052246,4.678795
CL_9106001,5,24.681627,1.9337262,0.5144020617008209,4.9680605
CL_9106001,6,26.790216,2.0800426,0.47740161418914795,5.1759267
CL_9106001,7,28.490097,2.228335,0.44725197553634644,5.3376117
CL_9106001,8,29.522367,2.329848,0.42930155992507935,5.433449
CL_9106001,9,30.249973,2.4048243,0.4165356755256653,5.4999976
CL_9106001,10,30.925356,2.4773698,0.4043782353401184,5.561057
CL_9113001,1,0.37672314,0.2741883,0.9156976416707039,0.61377776
CL_9113001,2,0.97667986,0.39522398,0.7818265408277512,0.9882712
CL_9113001,3,1.4797608,0.5074361,0.6747820675373077,1.2164541
CL_9113001,4,2.0661938,0.5973794,0.5754620432853699,1.4374261
CL_9113001,5,2.486214,0.6708762,0.5055719017982483,1.5767733
CL_9113001,6,2.7511618,0.7321291,0.46162086725234985,1.6586627
CL_9113001,7,2.9521022,0.7782997,0.42624253034591675,1.7181683
CL_9113001,8,3.095326,0.8089073,0.4004312753677368,1.7593539
CL_9113001,9,3.1697166,0.83117473,0.38701480627059937,1.7803698
CL_9113001,10,3.2117069,0.8573173,0.3794671297073364,1.7921236
CL_9116001,1,0.30803227,0.26857892,0.9416930712759495,0.55500656
CL_9116001,2,0.5900943,0.35627952,0.8883097022771835,0.76817596
CL_9116001,3,0.963436,0.46214885,0.8176573365926743,0.9815478
CL_9116001,4,1.3314295,0.5507391,0.7480254173278809,1.1538758
CL_9116001,5,1.6432585,0.6203693,0.6890264451503754,1.2818965
CL_9116001,6,1.9346615,0.68375367,0.6338939666748047,1.3909211
CL_9116001,7,2.2100356,0.73591465,0.581797182559967,1.4866189
CL_9116001,8,2.466968,0.78199303,0.533195286989212,1.5706584
CL_9116001,9,2.6476579,0.8139704,0.4990217685699463,1.6271626
CL_9116001,10,2.8349204,0.84844,0.46360844373703003,1.6837221
CL_9122002,1,1.5358164,0.5361679,0.7859427332878113,1.2392806
CL_9122002,2,2.5808492,0.7227519,0.6399660408496857,1.6065022
CL_9122002,3,2.9762177,0.8300558,0.5831291079521179,1.7251718
CL_9122002,4,3.354858,0.92530125,0.529581218957901,1.8316271
CL_9122002,5,3.7056253,0.9878447,0.47971290349960327,1.9250001
CL_9122002,6,3.975209,1.0529957,0.4414713382720947,1.9937927
CL_9122002,7,4.410084,1.1192269,0.4015061855316162,2.10002
CL_9122002,8,4.7146697,1.176621,0.3728953003883362,2.171329
CL_9122002,9,4.8441224,1.2090498,0.35999029874801636,2.2009368
CL_9122002,10,5.13899,1.2515386,0.3322967290878296,2.266934
CL_9123001,1,1.5666786,0.5341455,0.8507240414619446,1.2516704
CL_9123001,2,2.828837,0.70537436,0.7303934097290039,1.6819147
CL_9123001,3,3.594079,0.839777,0.657265841960907,1.8958056
CL_9123001,4,4.152177,0.96085465,0.6039466559886932,2.0376892
CL_9123001,5,4.5943866,1.057416,0.5616438984870911,2.143452
CL_9123001,6,4.8921285,1.1326001,0.5331097543239594,2.2118156
CL_9123001,7,5.1462593,1.1987767,0.5087424218654633,2.2685368
CL_9123001,8,5.301906,1.2607901,0.49380189180374146,2.3025868
CL_9123001,9,5.3428025,1.2941306,0.48978567123413086,2.3114502
CL_9123001,10,5.5580583,1.3453376,0.4691016674041748,2.3575535
CL_9127001,1,1.7458215,0.5073962,0.8695551306009293,1.3212954
CL_9127001,2,3.4410279,0.68644285,0.7433573007583618,1.8550007
CL_9127001,3,4.7378073,0.8449687,0.647391140460968,2.1766505
CL_9127001,4,5.6553073,0.97444904,0.5815915167331696,2.378089
CL_9127001,5,6.320582,1.0798135,0.5354625880718231,2.5140767
CL_9127001,6,6.7550287,1.157526,0.5047669410705566,2.5990438
CL_9127001,7,7.148172,1.2290467,0.47661060094833374,2.6736066
CL_9127001,8,7.445742,1.2863145,0.4552984833717346,2.7286887
CL_9127001,9,7.646151,1.322467,0.44100791215896606,2.7651675
CL_9127001,10,7.869772,1.369992,0.4250825047492981,2.8053114
CL_9129002,1,0.77992475,0.4014477,0.9208985790610313,0.8831335
CL_9129002,2,1.5745832,0.5372825,0.8402915596961975,1.2548239
CL_9129002,3,2.2937202,0.6780941,0.7673348784446716,1.5145032
CL_9129002,4,2.886987,0.8001124,0.7071354985237122,1.6991136
CL_9129002,5,3.398373,0.8952943,0.6552333235740662,1.8434676
CL_9129002,6,3.8536534,0.97017586,0.6090222895145416,1.9630724
CL_9129002,7,4.291584,1.0343808,0.5645636022090912,2.0716138
CL_9129002,8,4.6804543,1.1069824,0.5250774025917053,2.1634357
CL_9129002,9,4.888094,1.1427299,0.5039766132831573,2.2109034
CL_9129002,10,5.199379,1.1998696,0.47235339879989624,2.2802148
CL_9134001,1,3.5489025,0.5966747,0.7543500363826752,1.8838531
CL_9134001,2,6.934767,0.83142906,0.5201920866966248,2.6333945
CL_9134001,3,8.531283,1.0182339,0.40991711616516113,2.920836
CL_9134001,4,9.339531,1.1580453,0.35414040088653564,3.0560646
CL_9134001,5,9.945722,1.2718508,0.312424898147583,3.153684
CL_9134001,6,10.386865,1.3540282,0.2822533845901489,3.2228658
CL_9134001,7,10.752308,1.4235356,0.2573425769805908,3.279071
CL_9134001,8,10.950987,1.4850409,0.24386918544769287,3.3092275
CL_9134001,9,11.031957,1.5162493,0.23922860622406006,3.321439
CL_9134001,10,11.196056,1.562912,0.23005270957946777,3.346051
CL_9135001,1,1.409273,0.53653306,0.9213262349367142,1.1871281
CL_9135001,2,2.9929247,0.7219525,0.8332396149635315,1.7300072
CL_9135001,3,4.4615803,0.90675676,0.7517176866531372,2.1122453
CL_9135001,4,5.572107,1.0637174,0.6901350021362305,2.360531
CL_9135001,5,6.4497304,1.1981659,0.6415103077888489,2.5396318
CL_9135001,6,7.270582,1.3083739,0.5955871343612671,2.6964016
CL_9135001,7,7.967767,1.3871799,0.5565598607063293,2.8227234
CL_9135001,8,8.44243,1.4530936,0.5295773446559906,2.905586
CL_9135001,9,8.726219,1.5012457,0.5127787292003632,2.9540174
CL_9135001,10,9.060827,1.5479188,0.4927046298980713,3.0101209
CL_9140001,1,1.022684,0.41075176,0.915162019431591,1.0112784
CL_9140001,2,1.9074053,0.56689495,0.8418384343385696,1.3810884
CL_9140001,3,2.913023,0.75781274,0.7585529834032059,1.706758
CL_9140001,4,3.8394916,0.9405211,0.6818238496780396,1.959462
CL_9140001,5,4.6112113,1.0877393,0.6178151071071625,2.1473732
CL_9140001,6,5.254677,1.1813136,0.5645825862884521,2.292308
CL_9140001,7,5.8923554,1.2613572,0.5119140446186066,2.4274175
CL_9140001,8,6.4270735,1.3587651,0.4677315354347229,2.5351675
CL_9140001,9,6.71359,1.4008166,0.44404906034469604,2.5910597
CL_9140001,10,7.1599936,1.4631991,0.40708279609680176,2.6758165
CL_9404001,1,6.6376557,0.78732055,0.6476498544216156,2.5763648
CL_9404001,2,9.725978,1.0530956,0.484224796295166,3.11865
CL_9404001,3,11.02012,1.2548008,0.416825532913208,3.3196566
CL_9404001,4,11.800981,1.406705,0.3776622414588928,3.4352555
CL_9404001,5,12.307008,1.5280132,0.35268938541412354,3.5081346
CL_9404001,6,12.651718,1.621205,0.33540457487106323,3.5569253
CL_9404001,7,12.955472,1.6946718,0.31985193490982056,3.599371
CL_9404001,8,13.10655,1.7729611,0.31239765882492065,3.620297
CL_9404001,9,13.191712,1.8160144,0.3081023097038269,3.6320398
CL_9404001,10,13.463073,1.8620025,0.2936592102050781,3.669206
CL_9412001,1,4.1992307,0.8601405,0.832019492983818,2.0492024
CL_9412001,2,8.362804,1.1743984,0.6648949980735779,2.8918514
CL_9412001,3,11.011287,1.4248686,0.5583066940307617,3.318326
CL_9412001,4,12.813884,1.6581581,0.4857439398765564,3.5796485
CL_9412001,5,14.195532,1.8478086,0.4302692413330078,3.767696
CL_9412001,6,15.259765,1.9952977,0.38767915964126587,3.906375
CL_9412001,7,16.098866,2.1359394,0.3541952967643738,4.012339
CL_9412001,8,16.766953,2.2683532,0.3275999426841736,4.094747
CL_9412001,9,16.888124,2.3008704,0.32316040992736816,4.109516
CL_9412001,10,17.498192,2.3803418,0.2991483807563782,4.183084
CL_9414001,1,2.501437,0.6598035,0.8784139528870583,1.5815932
CL_9414001,2,5.138014,0.881042,0.7493602633476257,2.2667186
CL_9414001,3,7.153984,1.0391551,0.6501807868480682,2.6746933
CL_9414001,4,8.52218,1.1736807,0.5826059877872467,2.9192772
CL_9414001,5,9.636284,1.29631,0.5281691551208496,3.1042364
CL_9414001,6,10.652458,1.4119781,0.4788901209831238,3.2638104
CL_9414001,7,11.572985,1.512263,0.43815553188323975,3.4019089
CL_9414001,8,12.394556,1.6037009,0.4064575433731079,3.5205903
CL_9414001,9,12.767336,1.6565402,0.3927100896835327,3.5731409
CL_9414001,10,13.164907,1.7140154,0.3764733076095581,3.6283479
CL_9416001,1,8.357176,0.94995815,0.798236608505249,2.890878
CL_9416001,2,15.045297,1.2491064,0.6377639770507812,3.8788266
CL_9416001,3,18.747976,1.5075332,0.5496167838573456,4.329893
CL_9416001,4,21.186384,1.7375001,0.4917265772819519,4.602867
CL_9416001,5,23.293262,1.9323875,0.4420495629310608,4.826309
CL_9416001,6,25.118624,2.0784047,0.39886587858200073,5.0118484
CL_9416001,7,26.405424,2.191054,0.36850690841674805,5.138621
CL_9416001,8,27.234423,2.3025577,0.3488219380378723,5.218661
CL_9416001,9,27.676573,2.36569,0.33850717544555664,5.260853
CL_9416001,10,28.454062,2.44893,0.3203408718109131,5.3342347
CL_9420001,1,0.36436564,0.39929608,0.9688130915164948,0.6036271
CL_9420001,2,0.49918115,0.43977457,0.957258690148592,0.70652753
CL_9420001,3,0.7328244,0.51601124,0.9372319355607033,0.8560516
CL_9420001,4,0.9971292,0.5896732,0.9145644381642342,0.9985636
CL_9420001,5,1.2692547,0.6614701,0.8912115320563316,1.1266121
CL_9420001,6,1.5909649,0.7358901,0.8635936230421066,1.2613345
CL_9420001,7,1.9874144,0.81897753,0.8295486718416214,1.4097569
CL_9420001,8,2.4151368,0.916299,0.7927981168031693,1.5540711
CL_9420001,9,2.6866872,0.9731557,0.7694248408079147,1.6391118
CL_9420001,10,3.0761032,1.0459543,0.7359094023704529,1.7538823
CL_9433001,1,0.69590133,0.3851592,0.9326722100377083,0.834207
CL_9433001,2,1.57811,0.5269363,0.8467948585748672,1.2562284
CL_9433001,3,2.4493563,0.6515038,0.7610834836959839,1.5650419
CL_9433001,4,3.1313705,0.75419253,0.6936090290546417,1.7695678
CL_9433001,5,3.5991452,0.83919203,0.6456336975097656,1.8971413
CL_9433001,6,3.8951144,0.89877534,0.6130020618438721,1.9736044
CL_9433001,7,4.1377144,0.9478329,0.5856173634529114,2.0341372
CL_9433001,8,4.3067703,0.98324096,0.5665353536605835,2.075276
CL_9433001,9,4.3438005,1.0039529,0.5609951615333557,2.0841787
CL_9433001,10,4.445113,1.0320201,0.5505563318729401,2.1083436
CL_9434001,1,0.6262407,0.3833324,0.9456590861082077,0.7913537
CL_9434001,2,1.4799455,0.48132992,0.8709614723920822,1.2165301
CL_9434001,3,2.124557,0.56184053,0.8137655556201935,1.457586
CL_9434001,4,2.6163266,0.6223975,0.7700483798980713,1.6175063
CL_9434001,5,2.9625015,0.68161154,0.7392534911632538,1.7211919
CL_9434001,6,3.1337433,0.727585,0.7238968312740326,1.7702382
CL_9434001,7,3.3158493,0.77836657,0.7075559794902802,1.8209474
CL_9434001,8,3.4915063,0.8215154,0.6920874714851379,1.8685573
CL_9434001,9,3.54947,0.83851117,0.6864674389362335,1.8840038
CL_9434001,10,3.626036,0.86924666,0.6795353889465332,1.9042153
CL_9436001,1,0.8647274,0.40334088,0.932049110531807,0.9299072
CL_9436001,2,1.765706,0.5811284,0.8607512712478638,1.3287987
CL_9436001,3,2.7833219,0.7397087,0.779848039150238,1.6683291
CL_9436001,4,3.7551732,0.8741426,0.7023361623287201,1.9378269
CL_9436001,5,4.5134864,0.96352017,0.6416313946247101,2.1244967
CL_9436001,6,5.1364017,1.0451978,0.5916429460048676,2.2663631
CL_9436001,7,5.673485,1.104308,0.5482422113418579,2.3819077
CL_9436001,8,6.1563473,1.1621231,0.5089855194091797,2.4811988
CL_9436001,9,6.4858956,1.2004551,0.48196470737457275,2.5467422
CL_9436001,10,6.753103,1.2470828,0.4595797657966614,2.5986733
CL_9437002,1,1.340736,0.5800004,0.9330780878663063,1.1579015
CL_9437002,2,2.274988,0.69250894,0.8863440230488777,1.5083063
CL_9437002,3,3.395294,0.8464427,0.8302238136529922,1.8426323
CL_9437002,4,4.4754534,0.98978424,0.7760156840085983,2.1155267
CL_9437002,5,5.3655276,1.1027833,0.7312354445457458,2.316361
CL_9437002,6,6.240109,1.2126625,0.6871394515037537,2.4980211
CL_9437002,7,7.1639204,1.3140795,0.640563428401947,2.6765501
CL_9437002,8,7.863304,1.3975192,0.6052427887916565,2.8041584
CL_9437002,9,8.274388,1.4418817,0.584462970495224,2.8765237
CL_9437002,10,8.894808,1.5221379,0.5532222390174866,2.9824164
USA_01013500,1,0.1238926,0.19042516,0.9622061289846897,0.35198382
USA_01013500,2,0.18500946,0.23845825,0.9435825794935226,0.43012726
USA_01013500,3,0.28468633,0.29879415,0.9132182821631432,0.53356004
USA_01013500,4,0.4023091,0.35798663,0.8774066641926765,0.6342784
USA_01013500,5,0.5281824,0.41012347,0.8391069918870926,0.7267616
USA_01013500,6,0.6750426,0.46401155,0.7944422960281372,0.8216098
USA_01013500,7,0.8167125,0.51453894,0.7513865530490875,0.90372145
USA_01013500,8,0.9541523,0.5585592,0.7096573114395142,0.9768072
USA_01013500,9,1.08954,0.5983086,0.668586015701294,1.0438104
USA_01013500,10,1.194152,0.62878144,0.6369003653526306,1.0927726
USA_01052500,1,3.496634,0.67720616,0.7247832119464874,1.8699288
USA_01052500,2,6.6059246,1.0231456,0.4800507426261902,2.5701993
USA_01052500,3,8.035934,1.2175244,0.3674946427345276,2.8347723
USA_01052500,4,8.906046,1.3206314,0.29939204454421997,2.9843
USA_01052500,5,9.291445,1.3614665,0.26986390352249146,3.048187
USA_01052500,6,9.396744,1.3756076,0.261610746383667,3.0654109
USA_01052500,7,9.330461,1.3792938,0.26686185598373413,3.0545802
USA_01052500,8,9.262541,1.3968433,0.27222740650177,3.0434422
USA_01052500,9,9.3701515,1.4207894,0.2637048363685608,3.0610702
USA_01052500,10,9.364257,1.4241734,0.2641259431838989,3.0601072
USA_04015330,1,10.206176,0.41198468,0.4160670042037964,3.1947105
USA_04015330,2,13.443223,0.5840722,0.2308863401412964,3.6665
USA_04015330,3,14.55572,0.70192546,0.1672588586807251,3.815196
USA_04015330,4,15.244281,0.7680342,0.127882719039917,3.9043925
USA_04015330,5,15.814672,0.8287341,0.09525066614151001,3.9767666
USA_04015330,6,16.287317,0.87102467,0.0682113766670227,4.0357547
USA_04015330,7,16.56625,0.8991165,0.052258849143981934,4.0701656
USA_04015330,8,16.725727,0.9184053,0.04314225912094116,4.0897098
USA_04015330,9,16.834034,0.93494296,0.03695863485336304,4.10293
USA_04015330,10,16.893915,0.9466106,0.033550798892974854,4.110221
USA_04024430,1,2.1905515,0.28786728,0.597663938999176,1.4800512
USA_04024430,2,3.272562,0.41376,0.3989488482475281,1.8090224
USA_04024430,3,3.7719202,0.49656364,0.30725717544555664,1.9421432
USA_04024430,4,4.072683,0.55200994,0.2520444989204407,2.0180888
USA_04024430,5,4.2675757,0.59176517,0.21627801656723022,2.0658112
USA_04024430,6,4.4098954,0.62749064,0.19017505645751953,2.099975
USA_04024430,7,4.54564,0.65281177,0.1652955412864685,2.1320508
USA_04024430,8,4.6807113,0.6751276,0.1405375599861145,2.163495
USA_04024430,9,4.764458,0.6933597,0.12519937753677368,2.1827638
USA_04024430,10,4.7946496,0.70462114,0.1196855902671814,2.189669
USA_04027000,1,0.4941219,0.2386495,0.8679012805223465,0.7029381
USA_04027000,2,0.9751159,0.35405678,0.739306777715683,0.98747957
USA_04027000,3,1.4208344,0.4549369,0.6201345026493073,1.1919876
USA_04027000,4,1.7505302,0.52634084,0.5319667458534241,1.323076
USA_04027000,5,1.9776248,0.57534355,0.47122275829315186,1.4062805
USA_04027000,6,2.1040611,0.6073477,0.43737655878067017,1.4505383
USA_04027000,7,2.1672096,0.6288924,0.42044317722320557,1.4721446
USA_04027000,8,2.2207725,0.6490682,0.4060669541358948,1.4902257
USA_04027000,9,2.2821128,0.65997785,0.38960564136505127,1.5106664
USA_04027000,10,2.3162196,0.66360605,0.38042742013931274,1.5219132
USA_04040500,1,0.1702196,0.14467622,0.9325869455933571,0.4125768
USA_04040500,2,0.27193686,0.20678753,0.8922955393791199,0.5214757
USA_04040500,3,0.43691322,0.2798675,0.8269409835338593,0.6609941
USA_04040500,4,0.6079042,0.33723173,0.7591939121484756,0.7796821
USA_04040500,5,0.7723017,0.37992683,0.6940479576587677,0.87880695
USA_04040500,6,0.91652346,0.41540074,0.6368856728076935,0.95735234
USA_04040500,7,1.0314546,0.4435996,0.5913184285163879,1.0156056
USA_04040500,8,1.1175084,0.4652661,0.5571849942207336,1.0571227
USA_04040500,9,1.1705623,0.48183608,0.5361254215240479,1.0819253
USA_04040500,10,1.2059721,0.49532178,0.5220600068569183,1.0981677
USA_04043050,1,1.2192501,0.316599,0.8551285117864609,1.1041965
USA_04043050,2,2.562603,0.5018106,0.6954950094223022,1.6008133
USA_04043050,3,3.3983474,0.63116825,0.5961621999740601,1.8434607
USA_04043050,4,4.13772,0.7297425,0.5082707107067108,2.0341387
USA_04043050,5,4.692906,0.78729653,0.4422639012336731,2.1663115
USA_04043050,6,5.047612,0.837835,0.4000776410102844,2.246689
USA_04043050,7,5.212584,0.86000115,0.38043856620788574,2.2831085
USA_04043050,8,5.24342,0.8677923,0.3767390251159668,2.2898517
USA_04043050,9,5.303313,0.87824976,0.36958277225494385,2.3028922
USA_04043050,10,5.4224186,0.88125044,0.35538679361343384,2.3286088
USA_04057800,1,0.16983226,0.14201224,0.9291271567344666,0.4121071
USA_04057800,2,0.32648543,0.2174591,0.8637562394142151,0.571389
USA_04057800,3,0.526641,0.28407225,0.7802331149578094,0.7257004
USA_04057800,4,0.69308275,0.3367016,0.7107783257961273,0.8325159
USA_04057800,5,0.827903,0.3747818,0.6545246243476868,0.9098917
USA_04057800,6,0.9382578,0.39803964,0.6084840297698975,0.9686371
USA_04057800,7,1.0309238,0.4195885,0.5698270201683044,1.0153441
USA_04057800,8,1.1159253,0.43398613,0.5343731641769409,1.0563737
USA_04057800,9,1.1571714,0.44594586,0.5171678364276886,1.075719
USA_04057800,10,1.1599187,0.44983402,0.5160191655158997,1.0769953
USA_04059500,1,0.033568773,0.08789483,0.9562700837850571,0.18321782
USA_04059500,2,0.079075634,0.13084917,0.8969797492027283,0.2812039
USA_04059500,3,0.126882,0.17152084,0.834681823849678,0.356205
USA_04059500,4,0.17109613,0.20402707,0.7770531326532364,0.41363767
USA_04059500,5,0.21064262,0.22981572,0.7254974246025085,0.45895818
USA_04059500,6,0.24329993,0.25169677,0.6829123795032501,0.49325442
USA_04059500,7,0.27188843,0.26883164,0.6456265449523926,0.52142924
USA_04059500,8,0.29421932,0.28227454,0.6164934039115906,0.54241985
USA_04059500,9,0.31029215,0.29009047,0.5955154001712799,0.5570387
USA_04059500,10,0.3186835,0.29373702,0.5845459699630737,0.5645206
USA_04063700,1,0.026728915,0.07386129,0.9409132488071918,0.1634898
USA_04063700,2,0.048419975,0.104065806,0.8929557725787163,0.22004539
USA_04063700,3,0.0757434,0.1343295,0.832539364695549,0.27521518
USA_04063700,4,0.10445285,0.16232829,0.7690476030111313,0.32319167
USA_04063700,5,0.13147609,0.18582672,0.7092719674110413,0.3625963
USA_04063700,6,0.15556742,0.20536964,0.6559737324714661,0.39442036
USA_04063700,7,0.17868493,0.22044173,0.6048267781734467,0.4227114
USA_04063700,8,0.19971593,0.2335294,0.558332085609436,0.44689587
USA_04063700,9,0.21870644,0.24212398,0.5166387557983398,0.4676606
USA_04063700,10,0.23283106,0.24884026,0.4858890175819397,0.4825257
USA_04074950,1,0.012894505,0.06606496,0.9480483457446098,0.11355397
USA_04074950,2,0.02955219,0.096155904,0.8810041546821594,0.1719075
USA_04074950,3,0.04805256,0.12361081,0.8066220134496689,0.21920894
USA_04074950,4,0.066660374,0.1484369,0.7318564057350159,0.2581867
USA_04074950,5,0.08478003,0.16850992,0.6590842008590698,0.2911701
USA_04074950,6,0.10148998,0.18603888,0.5919647216796875,0.31857494
USA_04074950,7,0.116397224,0.20062923,0.5319933295249939,0.34117037
USA_04074950,8,0.12941916,0.21347272,0.4795458912849426,0.35974875
USA_04074950,9,0.1409812,0.22343567,0.4332735538482666,0.37547463
USA_04074950,10,0.1484662,0.23064616,0.40407049655914307,0.38531312
USA_05056000,1,0.06423508,0.06314368,0.857729971408844,0.2534464
USA_05056000,2,0.089686975,0.07819526,0.8013331294059753,0.29947785
USA_05056000,3,0.11822082,0.09565055,0.7380971312522888,0.34383255
USA_05056000,4,0.14173165,0.10971021,0.685976505279541,0.37647265
USA_05056000,5,0.16196361,0.12120789,0.6411111056804657,0.40244702
USA_05056000,6,0.18602565,0.133285,0.5877382457256317,0.4313069
USA_05056000,7,0.20198758,0.14338823,0.5522986948490143,0.4494303
USA_05056000,8,0.21809873,0.15137282,0.5165170729160309,0.4670104
USA_05056000,9,0.23052332,0.15801896,0.4889030456542969,0.48012844
USA_05056000,10,0.24264242,0.16481884,0.4619559645652771,0.49258748
USA_05057000,1,0.022174316,0.04893619,0.9258062392473221,0.14891043
USA_05057000,2,0.032846957,0.05911648,0.890070304274559,0.1812373
USA_05057000,3,0.04650065,0.072921306,0.8443371057510376,0.2156401
USA_05057000,4,0.060140982,0.08502639,0.7986268848180771,0.24523659
USA_05057000,5,0.07274734,0.09597432,0.7563573271036148,0.26971716
USA_05057000,6,0.08749849,0.10665981,0.7068833410739899,0.29580143
USA_05057000,7,0.09654003,0.11420559,0.6765125393867493,0.3107089
USA_05057000,8,0.10546683,0.12066504,0.6465106308460236,0.32475656
USA_05057000,9,0.11245263,0.12594084,0.6230005323886871,0.33533958
USA_05057000,10,0.120909065,0.13143525,0.5945451259613037,0.34771982
USA_05057200,1,0.07685155,0.061653923,0.8492220044136047,0.2772211
USA_05057200,2,0.11060268,0.07815309,0.7830043435096741,0.3325698
USA_05057200,3,0.14778474,0.09497555,0.7100554406642914,0.38442782
USA_05057200,4,0.1768643,0.10802205,0.6530011892318726,0.42055237
USA_05057200,5,0.20097862,0.11901206,0.6056879460811615,0.44830638
USA_05057200,6,0.22614606,0.12870643,0.5563080906867981,0.47554818
USA_05057200,7,0.24483898,0.13509682,0.5196304619312286,0.49481207
USA_05057200,8,0.2630663,0.14108707,0.48386603593826294,0.5128999
USA_05057200,9,0.27762216,0.14723139,0.45530450344085693,0.5268986
USA_05057200,10,0.29513797,0.1539195,0.4209322929382324,0.543266
USA_05120500,1,0.024294846,0.039637987,0.8718517422676086,0.15586804
USA_05120500,2,0.033051264,0.047805313,0.8256623297929764,0.18180007
USA_05120500,3,0.044196833,0.057121336,0.766869530081749,0.21023043
USA_05120500,4,0.053938076,0.06422741,0.7154830992221832,0.23224573
USA_05120500,5,0.06292551,0.0709609,0.6680755317211151,0.25084957
USA_05120500,6,0.07310752,0.07743775,0.6143666505813599,0.270384
USA_05120500,7,0.08000436,0.081234746,0.5779867172241211,0.2828504
USA_05120500,8,0.08565593,0.08463041,0.5481753647327423,0.29267034
USA_05120500,9,0.09041859,0.0877367,0.5230527818202972,0.30069685
USA_05120500,10,0.09570882,0.09009359,0.49514758586883545,0.30936843
USA_05123400,1,0.008445536,0.031697452,0.938043262809515,0.091899596
USA_05123400,2,0.013131843,0.038768772,0.903664343059063,0.11459425
USA_05123400,3,0.019791158,0.0468613,0.8548113852739334,0.14068104
USA_05123400,4,0.02578432,0.053615402,0.810845360159874,0.16057496
USA_05123400,5,0.03176826,0.06048415,0.7669469714164734,0.17823653
USA_05123400,6,0.03877556,0.06750523,0.7155411839485168,0.1969151
USA_05123400,7,0.04496678,0.07256119,0.6701221764087677,0.21205372
USA_05123400,8,0.05035084,0.07790534,0.630624532699585,0.22438993
USA_05123400,9,0.054692734,0.08283641,0.598772257566452,0.23386478
USA_05123400,10,0.058982447,0.08736244,0.5673027336597443,0.24286301
USA_05129115,1,0.016113207,0.060947303,0.9696011804044247,0.1269378
USA_05129115,2,0.024800578,0.076413706,0.9532216042280197,0.157482
USA_05129115,3,0.03637603,0.09200178,0.9314023852348328,0.19072501
USA_05129115,4,0.048802815,0.10582497,0.9079867303371429,0.22091359
USA_05129115,5,0.06002637,0.11758579,0.886846736073494,0.24500279
USA_05129115,6,0.07028956,0.12948474,0.8675240129232407,0.2651218
USA_05129115,7,0.08166073,0.14039636,0.8461197912693024,0.2857634
USA_05129115,8,0.0939392,0.15255004,0.8230154365301132,0.306495
USA_05129115,9,0.10515903,0.16320172,0.801913857460022,0.32428232
USA_05129115,10,0.11420244,0.17028065,0.7849180102348328,0.33793852
USA_05131500,1,0.12481384,0.11318448,0.9030615463852882,0.35329002
USA_05131500,2,0.22255377,0.15817302,0.8271496444940567,0.47175604
USA_05131500,3,0.3260812,0.19839723,0.746740996837616,0.5710352
USA_05131500,4,0.4177599,0.22881885,0.6755335032939911,0.64634347
USA_05131500,5,0.49274924,0.2518831,0.6172871589660645,0.701961
USA_05131500,6,0.5528315,0.27185518,0.5706180334091187,0.7435264
USA_05131500,7,0.5978964,0.28802398,0.5356121361255646,0.7732376
USA_05131500,8,0.63344294,0.30212343,0.5079985857009888,0.7958913
USA_05131500,9,0.66854566,0.31490573,0.48072922229766846,0.81764644
USA_05131500,10,0.6999733,0.32459846,0.45631641149520874,0.83664405
USA_05291000,1,0.18761818,0.090879604,0.7726939618587494,0.43314916
USA_05291000,2,0.3554628,0.1312039,0.5693511664867401,0.596207
USA_05291000,3,0.46487218,0.15971407,0.4368089437484741,0.6818154
USA_05291000,4,0.5357123,0.17967439,0.3509964942932129,0.7319237
USA_05291000,5,0.5826264,0.19405906,0.2941749095916748,0.7632997
USA_05291000,6,0.6091244,0.20313361,0.26208817958831787,0.78046423
USA_05291000,7,0.6357857,0.20991515,0.2298048734664917,0.79736173
USA_05291000,8,0.6591033,0.21335858,0.20157337188720703,0.81185174
USA_05291000,9,0.6829137,0.2181165,0.17274588346481323,0.8263859
USA_05291000,10,0.7051178,0.22313705,0.1458653211593628,0.8397129
USA_05362000,1,0.6443295,0.2711349,0.8252526223659515,0.80270135
USA_05362000,2,1.2122062,0.4087165,0.6712002754211426,1.1010023
USA_05362000,3,1.6663992,0.52177525,0.5479519665241241,1.2908908
USA_05362000,4,1.978461,0.59845227,0.4632400870323181,1.4065778
USA_05362000,5,2.1836698,0.647577,0.40750235319137573,1.4777246
USA_05362000,6,2.3300486,0.68090147,0.36771881580352783,1.5264497
USA_05362000,7,2.4657955,0.70291144,0.3308272957801819,1.5702852
USA_05362000,8,2.5827227,0.7194819,0.2990304231643677,1.6070851
USA_05362000,9,2.7031813,0.7371605,0.2662777900695801,1.6441355
USA_05362000,10,2.7879534,0.745755,0.243213951587677,1.6697166
USA_05393500,1,1.0134772,0.31202838,0.8133116215467453,1.006716
USA_05393500,2,1.99407,0.49035546,0.6326427757740021,1.4121155
USA_05393500,3,2.6406436,0.60903424,0.513480544090271,1.6250057
USA_05393500,4,3.0979984,0.6829029,0.42916733026504517,1.7601131
USA_05393500,5,3.431249,0.73266065,0.3677111864089966,1.8523631
USA_05393500,6,3.633338,0.76928425,0.3304134011268616,1.9061316
USA_05393500,7,3.7844162,0.79953444,0.30251264572143555,1.9453576
USA_05393500,8,3.9318855,0.82427335,0.2752785086631775,1.9828982
USA_05393500,9,4.0792837,0.84332585,0.2480526566505432,2.0197237
USA_05393500,10,4.165057,0.85350233,0.23217153549194336,2.040847
USA_06037500,1,0.010500852,0.052068893,0.946156457066536,0.10247366
USA_06037500,2,0.01756188,0.06911575,0.9099442139267921,0.13252124
USA_06037500,3,0.023728708,0.08188048,0.8783089220523834,0.15404126
USA_06037500,4,0.03118142,0.091740415,0.8400832265615463,0.17658262
USA_06037500,5,0.037188776,0.10011484,0.8092616200447083,0.19284391
USA_06037500,6,0.041500177,0.107898295,0.7871297299861908,0.20371592
USA_06037500,7,0.046024714,0.11418819,0.7639132142066956,0.21453372
USA_06037500,8,0.05018506,0.11980201,0.7425675392150879,0.22402021
USA_06037500,9,0.05509039,0.12468499,0.7173896133899689,0.23471342
USA_06037500,10,0.059269823,0.12878463,0.6959404349327087,0.24345395
USA_06043500,1,0.0361921,0.080301225,0.9752432331442833,0.19024222
USA_06043500,2,0.05365456,0.10163395,0.9632944390177727,0.23163454
USA_06043500,3,0.08570601,0.12921539,0.9413623698055744,0.2927559
USA_06043500,4,0.118339084,0.1554241,0.9190279915928841,0.34400448
USA_06043500,5,0.14288117,0.17623459,0.9022267833352089,0.37799627
USA_06043500,6,0.16023335,0.18973503,0.8903439044952393,0.4002916
USA_06043500,7,0.1791695,0.20020108,0.8773755952715874,0.4232842
USA_06043500,8,0.1944247,0.21015616,0.866926372051239,0.44093618
USA_06043500,9,0.20554464,0.21695736,0.8593003451824188,0.4533703
USA_06043500,10,0.21400495,0.21954586,0.8534939140081406,0.4626067
USA_06154410,1,0.37549025,0.091170646,0.5302228331565857,0.6127726
USA_06154410,2,0.48498553,0.11041251,0.39322078227996826,0.69640905
USA_06154410,3,0.54865396,0.12747055,0.3135496973991394,0.7407118
USA_06154410,4,0.59837776,0.1402856,0.25132280588150024,0.77354884
USA_06154410,5,0.6378901,0.1496262,0.20186984539031982,0.79868025
USA_06154410,6,0.6600084,0.15728407,0.17417901754379272,0.812409
USA_06154410,7,0.6730126,0.16179582,0.15789085626602173,0.8203735
USA_06154410,8,0.68373626,0.16620255,0.14445573091506958,0.82688344
USA_06154410,9,0.6942123,0.17073092,0.13133007287979126,0.833194
USA_06154410,10,0.70035136,0.1747328,0.12362587451934814,0.83686996
USA_06188000,1,0.42538998,0.20671375,0.941309567540884,0.6522193
USA_06188000,2,0.61784065,0.2759649,0.9147522076964378,0.7860284
USA_06188000,3,0.9717082,0.35675755,0.8659188002347946,0.9857526
USA_06188000,4,1.298207,0.4323624,0.8208584040403366,1.1393889
USA_06188000,5,1.5421306,0.48669356,0.7871898859739304,1.2418255
USA_06188000,6,1.733746,0.5269186,0.760736957192421,1.3167179
USA_06188000,7,1.9273902,0.56825507,0.7340005040168762,1.3883048
USA_06188000,8,2.0745342,0.5995286,0.7136757373809814,1.4403243
USA_06188000,9,2.1751084,0.6217373,0.6997769474983215,1.4748249
USA_06188000,10,2.2727487,0.6409628,0.6862797737121582,1.5075638
USA_06191500,1,0.069481395,0.10459243,0.9730577599257231,0.26359323
USA_06191500,2,0.09163168,0.12511963,0.9644648395478725,0.30270725
USA_06191500,3,0.14516541,0.15940858,0.9436979740858078,0.3810058
USA_06191500,4,0.1977046,0.19047329,0.923313207924366,0.44463986
USA_06191500,5,0.2388297,0.21573466,0.9073533937335014,0.48870206
USA_06191500,6,0.26840806,0.23204587,0.895870104432106,0.5180811
USA_06191500,7,0.3010302,0.24975306,0.8832020834088326,0.5486622
USA_06191500,8,0.32548305,0.26312006,0.873699352145195,0.5705112
USA_06191500,9,0.34363005,0.27184162,0.8666419833898544,0.58619964
USA_06191500,10,0.35822755,0.27918574,0.8609616458415985,0.5985211
USA_06221400,1,0.14377895,0.16195257,0.9676595441997051,0.37918195
USA_06221400,2,0.25730202,0.23551938,0.9421159960329533,0.5072495
USA_06221400,3,0.39641455,0.3015527,0.9108080118894577,0.6296146
USA_06221400,4,0.51931787,0.3482732,0.8831399008631706,0.72063714
USA_06221400,5,0.6005637,0.3785521,0.8648392707109451,0.77496046
USA_06221400,6,0.6829838,0.4096191,0.8462716788053513,0.82642835
USA_06221400,7,0.7639381,0.43988588,0.8280307352542877,0.87403554
USA_06221400,8,0.804198,0.45467097,0.8189463019371033,0.8967709
USA_06221400,9,0.8100567,0.45806357,0.8176083415746689,0.9000315
USA_06221400,10,0.82590204,0.47091037,0.8140212595462799,0.90879154
USA_06224000,1,0.26154312,0.15667112,0.9460117779672146,0.51141286
USA_06224000,2,0.3988459,0.21230315,0.9176647365093231,0.6315425
USA_06224000,3,0.5989707,0.2739385,0.8763460963964462,0.773932
USA_06224000,4,0.8006993,0.32996958,0.8346817791461945,0.894818
USA_06224000,5,0.94285476,0.37234092,0.8053017854690552,0.9710071
USA_06224000,6,1.077248,0.40559995,0.7775118947029114,1.0379056
USA_06224000,7,1.2223262,0.4335266,0.7475057542324066,1.1055886
USA_06224000,8,1.2990901,0.4536225,0.7315999567508698,1.1397763
USA_06224000,9,1.3513235,0.4712419,0.7207598984241486,1.1624644
USA_06224000,10,1.3676565,0.48762462,0.7173368632793427,1.1694684
USA_06278300,1,1.4067872,0.31273043,0.8910874128341675,1.1860806
USA_06278300,2,2.6826298,0.4529743,0.7923074066638947,1.6378735
USA_06278300,3,3.5001025,0.546713,0.7290110886096954,1.870856
USA_06278300,4,3.985399,0.61366093,0.6914297640323639,1.9963465
USA_06278300,5,4.2552075,0.65012157,0.6705321669578552,2.0628154
USA_06278300,6,4.5781164,0.68929297,0.6455228924751282,2.1396534
USA_06278300,7,4.9571786,0.73753643,0.6161642968654633,2.2264721
USA_06278300,8,5.3206635,0.7999318,0.5880105197429657,2.3066564
USA_06278300,9,5.6514916,0.8457206,0.5623804032802582,2.3772867
USA_06278300,10,5.8952594,0.8737757,0.5434929728507996,2.4280155
USA_06280300,1,0.29281977,0.19498777,0.9500743597745895,0.5411282
USA_06280300,2,0.4333239,0.24675216,0.9261146858334541,0.6582734
USA_06280300,3,0.62843156,0.30726662,0.8928438872098923,0.79273677
USA_06280300,4,0.7625117,0.3539417,0.8699789196252823,0.87321913
USA_06280300,5,0.86120254,0.38794193,0.8531469851732254,0.92801
USA_06280300,6,0.94994605,0.41295746,0.8380109816789627,0.97465175
USA_06280300,7,1.0270817,0.4365443,0.8248578608036041,1.0134504
USA_06280300,8,1.0600433,0.45125014,0.8192393928766251,1.029584
USA_06280300,9,1.0770266,0.4621692,0.8163465708494186,1.0377989
USA_06280300,10,1.0882608,0.47336456,0.8144309520721436,1.0431974
USA_06289000,1,0.0642132,0.086886466,0.955479372292757,0.25340325
USA_06289000,2,0.081822746,0.10229667,0.9432675801217556,0.28604674
USA_06289000,3,0.11985396,0.12646317,0.9168950468301773,0.3461993
USA_06289000,4,0.15632826,0.14866053,0.8916003778576851,0.3953837
USA_06289000,5,0.1883066,0.166829,0.869422048330307,0.4339431
USA_06289000,6,0.21919602,0.18456306,0.847997397184372,0.46818376
USA_06289000,7,0.2502035,0.19935685,0.8264901041984558,0.50020343
USA_06289000,8,0.2730555,0.2112586,0.8106365501880646,0.5225471
USA_06289000,9,0.28760442,0.22270153,0.8005410730838776,0.5362876
USA_06289000,10,0.30041984,0.2288045,0.7916472852230072,0.54810566
USA_06291500,1,0.03615906,0.07303092,0.9530999958515167,0.19015536
USA_06291500,2,0.059235305,0.093108945,0.9231628999114037,0.24338304
USA_06291500,3,0.08372908,0.115821876,0.8913826197385788,0.28935978
USA_06291500,4,0.10630033,0.13635252,0.8620917648077011,0.32603732
USA_06291500,5,0.12930149,0.15403722,0.8322394043207169,0.35958517
USA_06291500,6,0.14756213,0.16795304,0.808533787727356,0.38413817
USA_06291500,7,0.16990378,0.17943732,0.779530256986618,0.41219386
USA_06291500,8,0.19345011,0.1912207,0.7489583492279053,0.43982965
USA_06291500,9,0.2104566,0.20183712,0.726869523525238,0.4587555
USA_06291500,10,0.23017088,0.211065,0.7012605667114258,0.47976127
USA_06311000,1,0.22346203,0.14045614,0.9009893611073494,0.4727177
USA_06311000,2,0.30957884,0.17763145,0.862827330827713,0.5563981
USA_06311000,3,0.41527215,0.20989124,0.8159874677658081,0.64441615
USA_06311000,4,0.5055376,0.23674054,0.7759796679019928,0.7110117
USA_06311000,5,0.58240587,0.26243934,0.7419067025184631,0.7631552
USA_06311000,6,0.6535407,0.28823632,0.710372656583786,0.80841863
USA_06311000,7,0.7147899,0.3032934,0.6832201182842255,0.8454525
USA_06311000,8,0.7690537,0.31450552,0.6591554880142212,0.87695706
USA_06311000,9,0.8068352,0.32396963,0.6423966884613037,0.89824003
USA_06311000,10,0.84052837,0.3320737,0.627447634935379,0.91680336
USA_06404000,1,0.076099984,0.048244786,0.6720410287380219,0.27586225
USA_06404000,2,0.1115232,0.061754674,0.5193699598312378,0.3339509
USA_06404000,3,0.1260338,0.07290472,0.4568175673484802,0.3550124
USA_06404000,4,0.13489299,0.08123315,0.41861850023269653,0.3672778
USA_06404000,5,0.1402462,0.086693354,0.3955337405204773,0.37449458
USA_06404000,6,0.14921099,0.092066914,0.35688602924346924,0.3862784
USA_06404000,7,0.15924147,0.09575754,0.31364256143569946,0.3990507
USA_06404000,8,0.1645121,0.09871273,0.2909089922904968,0.4056009
USA_06404000,9,0.16931365,0.10244813,0.27022379636764526,0.41147742
USA_06404000,10,0.17277345,0.10636559,0.2591521143913269,0.41566026
USA_06406000,1,0.017503863,0.021266766,0.6448578238487244,0.13230217
USA_06406000,2,0.025088517,0.026408574,0.4909505844116211,0.15839355
USA_06406000,3,0.028263954,0.030692983,0.4264962077140808,0.16811886
USA_06406000,4,0.030361319,0.033632327,0.3839126229286194,0.174245
USA_06406000,5,0.03147365,0.035539545,0.3613167405128479,0.17740814
USA_06406000,6,0.032109212,0.037686635,0.348394513130188,0.17919044
USA_06406000,7,0.033830695,0.039051108,0.3134305477142334,0.18393122
USA_06406000,8,0.034608454,0.04020898,0.2976168394088745,0.18603347
USA_06406000,9,0.03532692,0.04168815,0.28300631046295166,0.18795457
USA_06406000,10,0.03592845,0.04303547,0.2709723114967346,0.18954802
USA_06408700,1,0.00089983724,0.022985082,0.9371997863054276,0.029997287
USA_06408700,2,0.0012584374,0.025996925,0.9120278805494308,0.03547446
USA_06408700,3,0.00162825,0.029388921,0.8859636709094048,0.04035158
USA_06408700,4,0.0020957864,0.03313057,0.8529466539621353,0.04577976
USA_06408700,5,0.0026429282,0.036725722,0.8142137676477432,0.051409416
USA_06408700,6,0.0033079654,0.040755015,0.7670406550168991,0.057514913
USA_06408700,7,0.0037875935,0.04373102,0.7327849566936493,0.061543427
USA_06408700,8,0.004443025,0.047444906,0.685980498790741,0.06665602
USA_06408700,9,0.00501261,0.049632736,0.645085334777832,0.07079979
USA_06408700,10,0.005631472,0.05244132,0.6005464792251587,0.075043134
USA_06409000,1,0.001776768,0.015493768,0.8258951902389526,0.042151727
USA_06409000,2,0.0023358455,0.019664012,0.7709272652864456,0.048330586
USA_06409000,3,0.0027613859,0.022279462,0.7289769649505615,0.05254889
USA_06409000,4,0.002923494,0.023870157,0.7128348648548126,0.054069344
USA_06409000,5,0.0030922273,0.025106963,0.6960151195526123,0.0556078
USA_06409000,6,0.0031844438,0.026250353,0.6867018938064575,0.056430876
USA_06409000,7,0.003416142,0.026979191,0.663633793592453,0.05844777
USA_06409000,8,0.003339061,0.027870039,0.6709623634815216,0.05778461
USA_06409000,9,0.0037071235,0.028892972,0.6343953609466553,0.060886152
USA_06409000,10,0.0039067767,0.029859021,0.6143981218338013,0.06250421
USA_06431500,1,0.034760926,0.03748131,0.6971844732761383,0.18644282
USA_06431500,2,0.053434856,0.047860943,0.5344913005828857,0.2311598
USA_06431500,3,0.063444585,0.056111485,0.4472687244415283,0.25188208
USA_06431500,4,0.0694014,0.06158979,0.3953550457954407,0.26344144
USA_06431500,5,0.07299381,0.06578695,0.36403822898864746,0.27017367
USA_06431500,6,0.07449414,0.06883083,0.3509465456008911,0.27293614
USA_06431500,7,0.07497276,0.07202103,0.34675079584121704,0.27381155
USA_06431500,8,0.07495454,0.07477493,0.34688395261764526,0.27377826
USA_06431500,9,0.07414646,0.07665257,0.3539149761199951,0.27229849
USA_06431500,10,0.073623985,0.07892396,0.3584447503089905,0.2713374
USA_06468170,1,0.25030103,0.09665282,0.8288006633520126,0.50030094
USA_06468170,2,0.33516726,0.11027448,0.7707550674676895,0.57893634
USA_06468170,3,0.43372506,0.1308324,0.7033452093601227,0.65857804
USA_06468170,4,0.51289284,0.14826092,0.6491978466510773,0.71616536
USA_06468170,5,0.5904148,0.16233124,0.5961765646934509,0.7683846
USA_06468170,6,0.67810684,0.1775592,0.5361996293067932,0.82347244
USA_06468170,7,0.72771233,0.18678424,0.5022727251052856,0.85306054
USA_06468170,8,0.77817285,0.19610606,0.46776139736175537,0.88214105
USA_06468170,9,0.81009465,0.20491445,0.44592976570129395,0.9000526
USA_06468170,10,0.8429049,0.21385778,0.42349064350128174,0.9180985
USA_06468250,1,0.17089708,0.083608165,0.8731768429279327,0.413397
USA_06468250,2,0.23780039,0.09886013,0.8235277235507965,0.4876478
USA_06468250,3,0.3290075,0.118989415,0.7558427155017853,0.57359177
USA_06468250,4,0.40731022,0.13631102,0.6977340579032898,0.6382086
USA_06468250,5,0.47699633,0.15116821,0.646019846200943,0.6906492
USA_06468250,6,0.5574614,0.16570827,0.5863064825534821,0.74663335
USA_06468250,7,0.60301113,0.17490818,0.5525039434432983,0.7765379
USA_06468250,8,0.64668727,0.18326122,0.5200917422771454,0.8041687
USA_06468250,9,0.6796036,0.19206691,0.49566441774368286,0.8243807
USA_06468250,10,0.7188507,0.20222247,0.46653908491134644,0.8478506
USA_06479215,1,0.05660037,0.063889734,0.8824969083070755,0.23790832
USA_06479215,2,0.102345,0.08708566,0.7875349074602127,0.31991404
USA_06479215,3,0.14925824,0.10961254,0.6901520490646362,0.38633955
USA_06479215,4,0.18704416,0.12630045,0.6117269396781921,0.43248603
USA_06479215,5,0.21276721,0.13793486,0.5583485662937164,0.46126696
USA_06479215,6,0.23264642,0.14792141,0.5171071290969849,0.48233435
USA_06479215,7,0.2545247,0.15808837,0.47172123193740845,0.50450444
USA_06479215,8,0.2726917,0.16451126,0.43404239416122437,0.5221989
USA_06479215,9,0.28906146,0.16975664,0.40009915828704834,0.5376444
USA_06479215,10,0.30694178,0.17536569,0.3630247712135315,0.55402327
USA_06479438,1,0.08777058,0.079035,0.8534997701644897,0.296261
USA_06479438,2,0.17245041,0.1092962,0.7121804654598236,0.4152715
USA_06479438,3,0.23006299,0.13279082,0.6160546243190765,0.47964883
USA_06479438,4,0.26691028,0.151965,0.5545949637889862,0.5166336
USA_06479438,5,0.29268485,0.16681625,0.5116203427314758,0.5410036
USA_06479438,6,0.31653243,0.1782076,0.4718666672706604,0.5626122
USA_06479438,7,0.33681664,0.18751737,0.4380660653114319,0.58035904
USA_06479438,8,0.35235322,0.19243002,0.4121909737586975,0.5935935
USA_06479438,9,0.36724693,0.19701613,0.3873910903930664,0.606009
USA_06479438,10,0.38406128,0.2033565,0.3593915104866028,0.6197268
USA_06614800,1,1.5519918,0.32652277,0.9165396466851234,1.2457896
USA_06614800,2,1.8335935,0.3970785,0.9013946801424026,1.3541025
USA_06614800,3,2.3324811,0.46287146,0.8745642304420471,1.5272462
USA_06614800,4,2.7728298,0.52576035,0.8508813381195068,1.6651816
USA_06614800,5,3.1882048,0.56993353,0.828541100025177,1.7855545
USA_06614800,6,3.7745683,0.6209904,0.7970048636198044,1.9428248
USA_06614800,7,4.2979283,0.6698469,0.7688563317060471,2.0731444
USA_06614800,8,4.9017334,0.714067,0.7363807857036591,2.213986
USA_06614800,9,5.4103274,0.7664679,0.7090251743793488,2.326011
USA_06614800,10,5.735065,0.7943612,0.6915571391582489,2.3947995
USA_06622700,1,0.92654765,0.28477532,0.9422877356410027,0.96257347
USA_06622700,2,1.1941428,0.34987146,0.9256203919649124,1.0927684
USA_06622700,3,1.6668415,0.43777174,0.8961760252714157,1.2910621
USA_06622700,4,1.9264245,0.48951402,0.8800080120563507,1.387957
USA_06622700,5,2.1092517,0.5280072,0.8686216622591019,1.4523263
USA_06622700,6,2.416032,0.579047,0.8495158553123474,1.5543591
USA_06622700,7,2.8015969,0.6304356,0.8255035430192947,1.6737971
USA_06622700,8,3.1268353,0.6703467,0.8052476346492767,1.768286
USA_06622700,9,3.3149908,0.69923323,0.7935212254524231,1.8207116
USA_06622700,10,3.6121724,0.7361372,0.7750054150819778,1.9005716
USA_06623800,1,0.53137153,0.23776424,0.9611925855278969,0.72895235
USA_06623800,2,0.5835799,0.26520807,0.9573795311152935,0.763924
USA_06623800,3,0.8289412,0.3298052,0.9394587278366089,0.9104621
USA_06623800,4,1.0176538,0.3791656,0.9256759732961655,1.0087883
USA_06623800,5,1.1994244,0.42260832,0.9124008938670158,1.0951823
USA_06623800,6,1.3226207,0.4570617,0.9034033492207527,1.1500525
USA_06623800,7,1.4440744,0.47999716,0.8945329487323761,1.2016965
USA_06623800,8,1.6044502,0.52107173,0.8828190565109253,1.2666689
USA_06623800,9,1.7630862,0.5566511,0.8712290972471237,1.3278126
USA_06623800,10,1.8724229,0.57556385,0.8632400929927826,1.368365
USA_06632400,1,0.66276836,0.2284078,0.9452055245637894,0.81410587
USA_06632400,2,0.9071862,0.28304288,0.9249966442584991,0.9524632
USA_06632400,3,1.2881423,0.35318518,0.8934977725148201,1.1349636
USA_06632400,4,1.5540602,0.3993049,0.8715102672576904,1.2466195
USA_06632400,5,1.7812386,0.43708944,0.8527258187532425,1.3346305
USA_06632400,6,2.0129526,0.47405347,0.8335667848587036,1.4187856
USA_06632400,7,2.2614968,0.5132199,0.8130155950784683,1.5038273
USA_06632400,8,2.469141,0.54684407,0.7958455681800842,1.5713501
USA_06632400,9,2.6048338,0.5767678,0.7846172004938126,1.6139498
USA_06632400,10,2.7444992,0.6044082,0.7730614989995956,1.656653
USA_06746095,1,1.2501227,0.3866347,0.9640477374196053,1.1180888
USA_06746095,2,1.463123,0.46666652,0.957918182015419,1.2095962
USA_06746095,3,2.2835307,0.57934296,0.9343161657452583,1.5111356
USA_06746095,4,3.1365628,0.6847141,0.9097722098231316,1.7710344
USA_06746095,5,3.9568517,0.7607082,0.8861654028296471,1.9891837
USA_06746095,6,4.659072,0.83903635,0.8659514486789703,2.1584883
USA_06746095,7,5.4134974,0.89692736,0.8442313522100449,2.3266923
USA_06746095,8,6.3205986,0.9626951,0.8181138038635254,2.51408
USA_06746095,9,7.4432893,1.0321472,0.7857869565486908,2.7282393
USA_06746095,10,8.058089,1.0693549,0.7680722773075104,2.8386774
USA_06879650,1,0.7313369,0.11555196,0.21398311853408813,0.85518235
USA_06879650,2,0.79252535,0.13236563,0.14822137355804443,0.89023894
USA_06879650,3,0.81432235,0.14523056,0.12479645013809204,0.9023981
USA_06879650,4,0.82914424,0.15474619,0.1088678240776062,0.9105736
USA_06879650,5,0.8419935,0.16224332,0.09505939483642578,0.91760206
USA_06879650,6,0.85309565,0.16986258,0.08313268423080444,0.9236318
USA_06879650,7,0.86801344,0.1771981,0.0671088695526123,0.9316724
USA_06879650,8,0.8790026,0.18473107,0.05530768632888794,0.9375514
USA_06879650,9,0.897607,0.1904495,0.03532665967941284,0.94742125
USA_06879650,10,0.9036564,0.19620003,0.028839468955993652,0.95060843
USA_07083000,1,0.13596132,0.13617286,0.9601709768176079,0.36872932
USA_07083000,2,0.18933448,0.17362148,0.9445316717028618,0.43512583
USA_07083000,3,0.27829707,0.21102539,0.9184625372290611,0.5275387
USA_07083000,4,0.37062663,0.24630813,0.8914034515619278,0.6087911
USA_07083000,5,0.45076197,0.27354336,0.8679137825965881,0.6713881
USA_07083000,6,0.50499463,0.29767147,0.8520125150680542,0.71062976
USA_07083000,7,0.544015,0.32010654,0.8405669778585434,0.73757374
USA_07083000,8,0.58187574,0.3390003,0.829460933804512,0.7628078
USA_07083000,9,0.623593,0.35348323,0.8172232061624527,0.78967905
USA_07083000,10,0.6523459,0.3655821,0.808785542845726,0.80767936
USA_07208500,1,0.014076141,0.02789038,0.7942074239253998,0.11864291
USA_07208500,2,0.018717749,0.03263357,0.7263558506965637,0.13681282
USA_07208500,3,0.021670053,0.037028104,0.6832006275653839,0.14720751
USA_07208500,4,0.024884297,0.041226733,0.6362177431583405,0.15774757
USA_07208500,5,0.027416287,0.045041043,0.599215030670166,0.16557865
USA_07208500,6,0.029831778,0.049191337,0.5639205873012543,0.17271878
USA_07208500,7,0.031660523,0.05189007,0.5372022688388824,0.17793404
USA_07208500,8,0.0332688,0.054682873,0.513708233833313,0.18239737
USA_07208500,9,0.035113446,0.0573884,0.486760675907135,0.18738583
USA_07208500,10,0.03657696,0.06024952,0.4653809666633606,0.19125104
USA_07226500,1,0.004362853,0.008723536,0.14798784255981445,0.06605189
USA_07226500,2,0.0050000013,0.00983525,0.023608505725860596,0.07071069
USA_07226500,3,0.005121736,0.0102703795,-0.00016367435455322266,0.071566306
USA_07226500,4,0.005168605,0.010580437,-0.009316444396972656,0.071893014
USA_07226500,5,0.0051618256,0.010634577,-0.007992386817932129,0.071845844
USA_07226500,6,0.0051622186,0.010790431,-0.008069038391113281,0.07184858
USA_07226500,7,0.005177069,0.010794963,-0.010968923568725586,0.07195185
USA_07226500,8,0.0051564327,0.010732754,-0.006939291954040527,0.07180831
USA_07226500,9,0.005107382,0.010597715,0.0014941692352294922,0.07146595
USA_07226500,10,0.005146542,0.010832064,-0.006172895431518555,0.071739405
USA_08267500,1,0.009637385,0.056062553,0.9814404305070639,0.09817018
USA_08267500,2,0.014549348,0.06863407,0.9719791729003191,0.120620675
USA_08267500,3,0.02357914,0.082760975,0.9545867703855038,0.153555
USA_08267500,4,0.031944055,0.0928227,0.9384748637676239,0.178729
USA_08267500,5,0.040420625,0.10270845,0.9221456944942474,0.2010488
USA_08267500,6,0.049616102,0.11475976,0.9044323042035103,0.22274671
USA_08267500,7,0.057551537,0.12121781,0.889145240187645,0.23989901
USA_08267500,8,0.06567253,0.12772487,0.8735001087188721,0.25626653
USA_08267500,9,0.07141126,0.13285244,0.862443208694458,0.26722884
USA_08267500,10,0.0788122,0.14083889,0.8481839299201965,0.2807351
USA_08269000,1,0.0029677395,0.035591632,0.9796069581061602,0.05447696
USA_08269000,2,0.0047457013,0.042422514,0.9673909917473793,0.06888905
USA_08269000,3,0.0077659725,0.050115906,0.9466384537518024,0.08812475
USA_08269000,4,0.011385185,0.05711004,0.9217745512723923,0.10670138
USA_08269000,5,0.014984245,0.06212162,0.8970537260174751,0.122410156
USA_08269000,6,0.01838247,0.06789761,0.873715803027153,0.13558197
USA_08269000,7,0.021019336,0.07125097,0.8556111454963684,0.14498046
USA_08269000,8,0.023452759,0.07569174,0.8389064818620682,0.15314293
USA_08269000,9,0.02584203,0.07936894,0.8225056827068329,0.16075456
USA_08269000,10,0.028713167,0.08370541,0.8027953207492828,0.1694496
USA_08271000,1,0.015602799,0.07304503,0.98091677762568,0.12491117
USA_08271000,2,0.033024613,0.09664377,0.9596119783818722,0.18172675
USA_08271000,3,0.05720356,0.11980218,0.9300433546304703,0.23917265
USA_08271000,4,0.07823292,0.13726,0.9043266177177429,0.2797015
USA_08271000,5,0.09677718,0.15362094,0.8816506192088127,0.31109032
USA_08271000,6,0.11471221,0.17099518,0.859727293252945,0.33869192
USA_08271000,7,0.12841848,0.18016282,0.8429833501577377,0.35835522
USA_08271000,8,0.13897732,0.18811314,0.8300929069519043,0.37279662
USA_08271000,9,0.14705597,0.19389768,0.8202377110719681,0.38347876
USA_08271000,10,0.15781407,0.20064326,0.8071093857288361,0.3972582
USA_08324000,1,0.002193985,0.020585058,0.8454986065626144,0.046839993
USA_08324000,2,0.0038861076,0.02495645,0.7263385951519012,0.062338654
USA_08324000,3,0.004615718,0.027510326,0.6749590635299683,0.06793907
USA_08324000,4,0.0053236033,0.029792042,0.6251095235347748,0.07296303
USA_08324000,5,0.006121006,0.031034814,0.5689652264118195,0.078236856
USA_08324000,6,0.006874049,0.03210526,0.5159367024898529,0.08290988
USA_08324000,7,0.0074797426,0.033385627,0.47327321767807007,0.086485505
USA_08324000,8,0.00808314,0.03442573,0.43078166246414185,0.08990628
USA_08324000,9,0.00859439,0.035632722,0.3947792053222656,0.092705935
USA_08324000,10,0.0090948315,0.036999986,0.3595242500305176,0.09536683
USA_08377900,1,0.044970516,0.05988947,0.8868236541748047,0.21206252
USA_08377900,2,0.07959513,0.07670352,0.7996768802404404,0.2821261
USA_08377900,3,0.11132515,0.093389004,0.7198145091533661,0.33365425
USA_08377900,4,0.13563517,0.10911025,0.6586284041404724,0.3682868
USA_08377900,5,0.1549054,0.12032666,0.6101174652576447,0.39358023
USA_08377900,6,0.17007813,0.13194059,0.5719096064567566,0.41240528
USA_08377900,7,0.18083327,0.1410144,0.5448141992092133,0.42524496
USA_08377900,8,0.18804139,0.1499846,0.5266635715961456,0.43363738
USA_08377900,9,0.19478525,0.15676053,0.509676992893219,0.44134483
USA_08377900,10,0.20166308,0.16523615,0.4923442602157593,0.4490691
USA_08378500,1,0.025496084,0.046265565,0.8611533343791962,0.15967493
USA_08378500,2,0.034828845,0.057294667,0.8103239089250565,0.18662488
USA_08378500,3,0.046090163,0.06801212,0.7489883601665497,0.2146862
USA_08378500,4,0.05438482,0.07824256,0.7038069367408752,0.23320553
USA_08378500,5,0.06145049,0.086211145,0.6653078496456146,0.2478921
USA_08378500,6,0.067569725,0.09395973,0.6319634914398193,0.2599418
USA_08378500,7,0.07197208,0.099696584,0.6079688668251038,0.26827613
USA_08378500,8,0.07547821,0.10644814,0.5888491570949554,0.27473298
USA_08378500,9,0.078951426,0.110991605,0.569918155670166,0.28098297
USA_08378500,10,0.08259816,0.11739299,0.5500408709049225,0.28739896
USA_09034900,1,0.75261515,0.28205296,0.9418776966631413,0.8675339
USA_09034900,2,0.8766878,0.33311957,0.9322919398546219,0.9363161
USA_09034900,3,1.2142333,0.39609486,0.9062168821692467,1.1019225
USA_09034900,4,1.5570083,0.45635173,0.8797319754958153,1.2478014
USA_09034900,5,1.8357284,0.5031385,0.8581924587488174,1.3548906
USA_09034900,6,2.0676618,0.54886156,0.8402657508850098,1.4379367
USA_09034900,7,2.2412446,0.5866479,0.8268453478813171,1.4970787
USA_09034900,8,2.4920151,0.61884445,0.8074601888656616,1.5786117
USA_09034900,9,2.7921548,0.6577179,0.7842582166194916,1.6709743
USA_09034900,10,3.0738885,0.6945992,0.762476235628128,1.7532508
USA_09035800,1,0.03720857,0.08691413,0.9825565833598375,0.19289523
USA_09035800,2,0.060246203,0.1083693,0.9717561956495047,0.24545102
USA_09035800,3,0.100690395,0.1366297,0.9527947194874287,0.3173175
USA_09035800,4,0.14069177,0.16264825,0.9340398386120796,0.37508902
USA_09035800,5,0.17374614,0.18063068,0.9185418114066124,0.41682866
USA_09035800,6,0.2050851,0.20007065,0.9038463309407234,0.45286322
USA_09035800,7,0.23645337,0.21206515,0.8891377002000809,0.4862647
USA_09035800,8,0.2682002,0.22388807,0.874250665307045,0.5178805
USA_09035800,9,0.3017086,0.23482595,0.858538880944252,0.5492801
USA_09035800,10,0.3328589,0.2491609,0.8439330756664276,0.5769392
USA_09035900,1,0.16130593,0.1426847,0.9626582823693752,0.4016291
USA_09035900,2,0.19181351,0.16351263,0.9555935636162758,0.43796518
USA_09035900,3,0.28268087,0.19629425,0.9345540702342987,0.5316774
USA_09035900,4,0.37319937,0.2314168,0.9135934486985207,0.61090046
USA_09035900,5,0.4560847,0.25978172,0.8943983241915703,0.6753404
USA_09035900,6,0.52170223,0.28608894,0.8791998252272606,0.72228956
USA_09035900,7,0.57827544,0.30707347,0.8660942763090134,0.7604442
USA_09035900,8,0.6462416,0.32560128,0.8503492325544357,0.80389154
USA_09035900,9,0.7134678,0.34258166,0.8347751349210739,0.84467024
USA_09035900,10,0.7702977,0.3616015,0.8216074556112289,0.87766606
USA_09047700,1,0.03911064,0.070083104,0.9607498981058598,0.1977641
USA_09047700,2,0.058183935,0.08648979,0.9416054897010326,0.24121346
USA_09047700,3,0.084981956,0.105777465,0.914705753326416,0.29151666
USA_09047700,4,0.1109608,0.12275402,0.8886239901185036,0.3331078
USA_09047700,5,0.14060818,0.13732348,0.858857125043869,0.37497756
USA_09047700,6,0.16518544,0.14860441,0.8341758400201797,0.40643013
USA_09047700,7,0.18602878,0.15922621,0.8132399767637253,0.43131053
USA_09047700,8,0.21044779,0.17054354,0.7887114584445953,0.4587459
USA_09047700,9,0.23598416,0.1795982,0.7630587667226791,0.485782
USA_09047700,10,0.25802648,0.18825585,0.7409113645553589,0.50796306
USA_09065500,1,0.52143735,0.24754508,0.9606274142861366,0.72210616
USA_09065500,2,0.8603312,0.3403569,0.935035414993763,0.92754036
USA_09065500,3,1.3150716,0.4318676,0.9006946831941605,1.1467657
USA_09065500,4,1.6848134,0.5025509,0.8727708756923676,1.2980036
USA_09065500,5,1.9193166,0.55913395,0.8550588488578796,1.3853941
USA_09065500,6,2.0877104,0.5986328,0.8423368334770203,1.4448911
USA_09065500,7,2.1786518,0.6261699,0.8354635089635849,1.4760257
USA_09065500,8,2.2797918,0.65525323,0.8278175741434097,1.509898
USA_09065500,9,2.4727612,0.67993176,0.8132361173629761,1.5725015
USA_09065500,10,2.6370752,0.7063752,0.800817608833313,1.6239073
USA_09066000,1,0.3870362,0.1999976,0.9533903263509274,0.62212235
USA_09066000,2,0.42142317,0.22285415,0.9492483548820019,0.6491711
USA_09066000,3,0.6176463,0.27435696,0.925616517663002,0.78590477
USA_09066000,4,0.85974586,0.33743188,0.8964592814445496,0.9272248
USA_09066000,5,1.102146,0.3850765,0.867265447974205,1.0498314
USA_09066000,6,1.2988877,0.42331725,0.8435690104961395,1.1396875
USA_09066000,7,1.4923099,0.4562419,0.8202682137489319,1.2216014
USA_09066000,8,1.7155657,0.4915755,0.7933706194162369,1.3097961
USA_09066000,9,1.9362848,0.519717,0.7667754739522934,1.3915045
USA_09066000,10,2.12361,0.5450527,0.7442018389701843,1.4572611
USA_09066200,1,0.8673593,0.2535299,0.9271094053983688,0.93132126
USA_09066200,2,1.3173938,0.3449556,0.8892884701490402,1.1477778
USA_09066200,3,1.9129957,0.43806946,0.8392329514026642,1.3831109
USA_09066200,4,2.5097835,0.51913875,0.7890762090682983,1.5842296
USA_09066200,5,2.9292042,0.57686126,0.7538242489099503,1.7114918
USA_09066200,6,3.1462657,0.62235165,0.7355771660804749,1.7737716
USA_09066200,7,3.1781433,0.65336263,0.7328892648220062,1.7827348
USA_09066200,8,3.1959727,0.68128675,0.7313787937164307,1.7877283
USA_09066200,9,3.1788654,0.7007574,0.732803225517273,1.7829373
USA_09066200,10,3.1344767,0.7125944,0.736520379781723,1.7704453
USA_09066300,1,0.09473783,0.11233107,0.972666297107935,0.3077951
USA_09066300,2,0.107648596,0.12983532,0.9689407274127007,0.32809845
USA_09066300,3,0.17473155,0.16202483,0.9495847336947918,0.41800904
USA_09066300,4,0.25155202,0.19529907,0.9274184256792068,0.5015496
USA_09066300,5,0.32554382,0.22102414,0.9060676544904709,0.57056445
USA_09066300,6,0.3817907,0.24325925,0.889836847782135,0.61789215
USA_09066300,7,0.42671043,0.26308405,0.8768722414970398,0.6532308
USA_09066300,8,0.48378184,0.28291005,0.8603993207216263,0.6955443
USA_09066300,9,0.5441576,0.3011058,0.8429716974496841,0.7376704
USA_09066300,10,0.59117556,0.31590137,0.829398512840271,0.7688794
USA_09081600,1,0.22154847,0.17103057,0.971048079431057,0.47068936
USA_09081600,2,0.30368853,0.22803596,0.9603128358721733,0.5510794
USA_09081600,3,0.49603513,0.29518098,0.9351756051182747,0.7042976
USA_09081600,4,0.6881856,0.3541439,0.9100612252950668,0.8295695
USA_09081600,5,0.87290233,0.4046208,0.8859172612428665,0.93429244
USA_09081600,6,1.0177484,0.44638115,0.8669838756322861,1.0088352
USA_09081600,7,1.1135113,0.47872797,0.8544661998748779,1.0552305
USA_09081600,8,1.2205077,0.50717336,0.840476468205452,1.1047659
USA_09081600,9,1.3153616,0.5250948,0.8280754238367081,1.1468922
USA_09081600,10,1.4131894,0.5439583,0.8152865469455719,1.1887765
USA_09107000,1,0.027847836,0.079878956,0.9729334302246571,0.1668767
USA_09107000,2,0.042536568,0.10302079,0.9586555287241936,0.20624395
USA_09107000,3,0.06577349,0.1265337,0.9360708594322205,0.2564634
USA_09107000,4,0.0935129,0.15339775,0.9091053679585457,0.3057988
USA_09107000,5,0.12291571,0.17529887,0.880522832274437,0.35059336
USA_09107000,6,0.14824131,0.19291927,0.8559042066335678,0.38502118
USA_09107000,7,0.17101455,0.20887703,0.8337705880403519,0.41353905
USA_09107000,8,0.19761023,0.22743405,0.8079139739274979,0.44453374
USA_09107000,9,0.22498563,0.24144804,0.7813026905059814,0.4743265
USA_09107000,10,0.24923435,0.25292695,0.7577344328165054,0.49923375
USA_09210500,1,0.009293837,0.048090875,0.9805317837744951,0.096404545
USA_09210500,2,0.01795835,0.06333492,0.9623796679079533,0.13400877
USA_09210500,3,0.02878093,0.07869903,0.9397042319178581,0.16964944
USA_09210500,4,0.03779244,0.09004924,0.9208204746246338,0.19440278
USA_09210500,5,0.044701647,0.099999964,0.9063407182693481,0.21142764
USA_09210500,6,0.047946762,0.10589239,0.8995385318994522,0.2189675
USA_09210500,7,0.050221317,0.10936852,0.894768737256527,0.22410113
USA_09210500,8,0.055950727,0.11596772,0.8827609643340111,0.23653907
USA_09210500,9,0.06349684,0.12339448,0.8669478446245193,0.2519858
USA_09210500,10,0.06976588,0.13040045,0.8538116216659546,0.26413232
USA_09223000,1,0.02834006,0.07707609,0.9848751220852137,0.16834506
USA_09223000,2,0.052997936,0.10330826,0.9717150032520294,0.23021281
USA_09223000,3,0.09695332,0.13625593,0.9482553079724312,0.31137326
USA_09223000,4,0.14559326,0.16676085,0.9222947359085083,0.38156685
USA_09223000,5,0.1909462,0.18920839,0.8980878219008446,0.43697393
USA_09223000,6,0.22084376,0.20767836,0.8821287825703621,0.46994016
USA_09223000,7,0.24109867,0.21990985,0.8713153898715973,0.491018
USA_09223000,8,0.27356473,0.23510155,0.8539837896823883,0.52303416
USA_09223000,9,0.30740586,0.24832547,0.8359175026416779,0.5544419
USA_09223000,10,0.33238322,0.25920323,0.8225817233324051,0.5765269
USA_09306242,1,7.324787e-05,0.006820657,0.8480743765830994,0.008558497
USA_09306242,2,8.308486e-05,0.007233642,0.8276295065879822,0.00911509
USA_09306242,3,9.3774244e-05,0.0073627834,0.8054059147834778,0.0096837105
USA_09306242,4,0.00010880018,0.0077900346,0.774170458316803,0.010430733
USA_09306242,5,0.00012302028,0.0080460375,0.7445928156375885,0.01109145
USA_09306242,6,0.00014455132,0.008444153,0.6998186111450195,0.01202295
USA_09306242,7,0.00015592857,0.008491918,0.6761135458946228,0.012487137
USA_09306242,8,0.00018264902,0.009054482,0.62051922082901,0.01351477
USA_09306242,9,0.00019925548,0.009288641,0.585916131734848,0.014115788
USA_09306242,10,0.00022260897,0.009645468,0.5372714400291443,0.014920087
USA_09312600,1,0.015551373,0.044657066,0.9661198705434799,0.12470514
USA_09312600,2,0.01711777,0.05162215,0.962706096470356,0.13083489
USA_09312600,3,0.026051173,0.060845885,0.9432411752641201,0.16140376
USA_09312600,4,0.03823383,0.07233486,0.9166955575346947,0.19553474
USA_09312600,5,0.05200915,0.082892716,0.886680006980896,0.22805515
USA_09312600,6,0.06291409,0.09291115,0.8629187047481537,0.2508268
USA_09312600,7,0.06953398,0.09815373,0.8484942615032196,0.26369298
USA_09312600,8,0.081288435,0.10564093,0.8228820562362671,0.28511128
USA_09312600,9,0.09415387,0.112986475,0.7948497384786606,0.30684504
USA_09312600,10,0.1020911,0.117680594,0.7775573581457138,0.319517
USA_09352900,1,0.35186473,0.22399428,0.9141859859228134,0.59318185
USA_09352900,2,0.65069366,0.33775613,0.8414936661720276,0.8066558
USA_09352900,3,0.9200474,0.4321916,0.7759853303432465,0.959191
USA_09352900,4,1.1438763,0.5091851,0.7215408980846405,1.0695215
USA_09352900,5,1.3774235,0.5751988,0.6647162139415741,1.1736369
USA_09352900,6,1.5890086,0.6343658,0.6132004261016846,1.2605588
USA_09352900,7,1.7527354,0.6687893,0.573289155960083,1.3239092
USA_09352900,8,1.8884592,0.70103115,0.540157824754715,1.3742123
USA_09352900,9,2.0202982,0.729047,0.5079495310783386,1.4213719
USA_09352900,10,2.1337154,0.7589348,0.4802137017250061,1.4607242
USA_09378170,1,0.0023571767,0.031816434,0.9419909678399563,0.048550766
USA_09378170,2,0.0037688627,0.036198568,0.9072500243782997,0.061391063
USA_09378170,3,0.0057194154,0.038736284,0.8592478185892105,0.07562681
USA_09378170,4,0.0076957042,0.042320166,0.8106122612953186,0.08772516
USA_09378170,5,0.009211358,0.04327711,0.7733127474784851,0.095975816
USA_09378170,6,0.010480397,0.043063745,0.742082267999649,0.10237381
USA_09378170,7,0.011552565,0.044006873,0.7156967222690582,0.10748286
USA_09378170,8,0.012150596,0.044164505,0.7009794116020203,0.11022974
USA_09378170,9,0.013055588,0.04515087,0.678708016872406,0.11426105
USA_09378170,10,0.013434006,0.04452682,0.6693952977657318,0.11590516
USA_09378630,1,0.007976322,0.05200882,0.9453798569738865,0.08931026
USA_09378630,2,0.019279659,0.06268368,0.867977038025856,0.13885121
USA_09378630,3,0.030477617,0.06844526,0.7912958264350891,0.1745784
USA_09378630,4,0.03993064,0.07587402,0.7265635430812836,0.19982652
USA_09378630,5,0.04598812,0.07747125,0.6850832402706146,0.2144484
USA_09378630,6,0.050160576,0.077180386,0.6565111577510834,0.22396557
USA_09378630,7,0.05417468,0.07949275,0.6290234327316284,0.23275454
USA_09378630,8,0.05953953,0.08295749,0.5922860503196716,0.24400723
USA_09378630,9,0.06496697,0.08642127,0.5551201701164246,0.25488618
USA_09378630,10,0.06674408,0.0861774,0.5429508686065674,0.25834876
USA_09484600,1,0.0023113552,0.011313836,0.03867310285568237,0.048076555
USA_09484600,2,0.002417621,0.0117260255,-0.005524396896362305,0.04916931
USA_09484600,3,0.0024402747,0.011546726,-0.014946460723876953,0.049399137
USA_09484600,4,0.0023794046,0.011432667,0.010370373725891113,0.04877914
USA_09484600,5,0.002467125,0.011540225,-0.02611374855041504,0.04967016
USA_09484600,6,0.0024672807,0.011587699,-0.026178717613220215,0.04967173
USA_09484600,7,0.00244576,0.011361159,-0.017227888107299805,0.049454626
USA_09484600,8,0.0024441844,0.010980722,-0.01657247543334961,0.049438693
USA_09484600,9,0.002475265,0.011137876,-0.029499411582946777,0.049752034
USA_09484600,10,0.00245698,0.011053776,-0.021894454956054688,0.049567934
USA_09492400,1,0.022534546,0.08335802,0.9510035738348961,0.1501151
USA_09492400,2,0.046596326,0.11109364,0.8986798822879791,0.21586183
USA_09492400,3,0.0673711,0.13313079,0.853497177362442,0.25955942
USA_09492400,4,0.08766415,0.15316989,0.8093442916870117,0.29608133
USA_09492400,5,0.10351219,0.16665705,0.7748602777719498,0.32173312
USA_09492400,6,0.11383039,0.17654319,0.7524019181728363,0.3373876
USA_09492400,7,0.1220256,0.18637715,0.7345816195011139,0.34932163
USA_09492400,8,0.1291725,0.19483872,0.7190398871898651,0.35940576
USA_09492400,9,0.13386075,0.19955146,0.7088425755500793,0.36586985
USA_09492400,10,0.13901803,0.20461383,0.6976251304149628,0.37285122
USA_10023000,1,0.0038062918,0.023789022,0.9709446653723717,0.06169515
USA_10023000,2,0.0042053517,0.02509836,0.967898927628994,0.064848684
USA_10023000,3,0.0053056646,0.028425401,0.9595010206103325,0.07283999
USA_10023000,4,0.006207477,0.031243216,0.9526187516748905,0.07878754
USA_10023000,5,0.0070338137,0.03453467,0.9463129788637161,0.08386783
USA_10023000,6,0.007671799,0.036887947,0.9414451457560062,0.08758881
USA_10023000,7,0.008504597,0.038328096,0.9350898340344429,0.092220366
USA_10023000,8,0.009799925,0.04105923,0.9252056404948235,0.09899457
USA_10023000,9,0.011079442,0.043778777,0.9154440760612488,0.10525893
USA_10023000,10,0.012234469,0.045832504,0.9066350162029266,0.11060953
USA_10166430,1,0.0029188665,0.020511378,0.9586734510958195,0.054026537
USA_10166430,2,0.0033697016,0.022208195,0.9522903375327587,0.05804913
USA_10166430,3,0.0042557027,0.02464889,0.9397459551692009,0.06523575
USA_10166430,4,0.005033547,0.026098305,0.9287339970469475,0.0709475
USA_10166430,5,0.0059278994,0.028542181,0.916072852909565,0.076992854
USA_10166430,6,0.00690042,0.031486347,0.9023054242134094,0.083068766
USA_10166430,7,0.007963051,0.03322173,0.8872626647353172,0.08923593
USA_10166430,8,0.008563244,0.035099022,0.8787672445178032,0.0925378
USA_10166430,9,0.009202894,0.03663344,0.8697135001420975,0.095931716
USA_10166430,10,0.009865215,0.037940677,0.8603391051292419,0.09932379
USA_10172700,1,0.00044778737,0.012449393,0.912109337747097,0.021160986
USA_10172700,2,0.0007221557,0.0142823085,0.8582966923713684,0.026872953
USA_10172700,3,0.00096393423,0.015274832,0.810907170176506,0.03104729
USA_10172700,4,0.0011409221,0.016476488,0.7762504518032074,0.03377754
USA_10172700,5,0.001242369,0.017070148,0.7564235329627991,0.035247255
USA_10172700,6,0.0013560015,0.017647957,0.7342191934585571,0.036823925
USA_10172700,7,0.0014323756,0.018453825,0.7193279564380646,0.03784674
USA_10172700,8,0.00149323,0.019220795,0.7074852883815765,0.038642336
USA_10172700,9,0.0015451651,0.01963695,0.6973958313465118,0.03930859
USA_10172700,10,0.0016003983,0.020150166,0.686666339635849,0.04000498
USA_10172800,1,0.07064568,0.12561947,0.97680938616395,0.26579255
USA_10172800,2,0.10542516,0.15251842,0.9653900153934956,0.3246924
USA_10172800,3,0.14129885,0.17907904,0.9536101296544075,0.37589738
USA_10172800,4,0.18921113,0.20632441,0.9378762021660805,0.43498406
USA_10172800,5,0.2270993,0.23131463,0.9254322722554207,0.47654936
USA_10172800,6,0.25776318,0.24705438,0.9153598323464394,0.50770384
USA_10172800,7,0.28082645,0.2557657,0.9077816531062126,0.5299306
USA_10172800,8,0.31934673,0.2732409,0.8951294645667076,0.5651077
USA_10172800,9,0.3493005,0.2822736,0.8852929323911667,0.5910165
USA_10172800,10,0.38470417,0.29603785,0.8736666738986969,0.6202453
USA_10173450,1,0.024413006,0.059396163,0.9750429149717093,0.15624662
USA_10173450,2,0.022161959,0.063260816,0.9773440323770046,0.14886893
USA_10173450,3,0.035194315,0.07737687,0.9640211686491966,0.18760148
USA_10173450,4,0.047365166,0.091198884,0.9515790231525898,0.2176354
USA_10173450,5,0.056340016,0.10066015,0.9424046389758587,0.23736052
USA_10173450,6,0.063772984,0.108506106,0.9348010346293449,0.25253314
USA_10173450,7,0.07088488,0.11577391,0.9275226220488548,0.26624215
USA_10173450,8,0.07701483,0.12338608,0.9212459996342659,0.27751547
USA_10173450,9,0.08617141,0.13278031,0.911871612071991,0.2935497
USA_10173450,10,0.09799957,0.14262126,0.8997624441981316,0.31304884
USA_10205030,1,0.0019068125,0.025460452,0.9798823911696672,0.043667063
USA_10205030,2,0.003814626,0.033539116,0.959755502641201,0.061762657
USA_10205030,3,0.005982193,0.039669428,0.9368913918733597,0.07734464
USA_10205030,4,0.007885475,0.0445067,0.9168179407715797,0.08880019
USA_10205030,5,0.008886103,0.047397736,0.906266987323761,0.094266124
USA_10205030,6,0.009446336,0.050039824,0.900363527238369,0.097192265
USA_10205030,7,0.009892302,0.051574055,0.8956659659743309,0.09946005
USA_10205030,8,0.010684175,0.05340211,0.8873180970549583,0.10336428
USA_10205030,9,0.011807979,0.055975433,0.875471368432045,0.10866453
USA_10205030,10,0.012987313,0.058355633,0.8630401194095612,0.11396189
USA_10234500,1,0.019584037,0.05240399,0.9602591916918755,0.13994297
USA_10234500,2,0.036024224,0.069803186,0.9268957227468491,0.18980049
USA_10234500,3,0.05396516,0.0854229,0.8904845789074898,0.23230402
USA_10234500,4,0.06764407,0.09964086,0.8627206534147263,0.26008472
USA_10234500,5,0.0768404,0.10847425,0.8440536260604858,0.277201
USA_10234500,6,0.08028559,0.11422007,0.8370578736066818,0.2833471
USA_10234500,7,0.07691182,0.11783794,0.8439025729894638,0.2773298
USA_10234500,8,0.07792909,0.12067685,0.8418354839086533,0.27915782
USA_10234500,9,0.08611873,0.1259986,0.8252110779285431,0.29345992
USA_10234500,10,0.097957276,0.13291986,0.8011801242828369,0.31298128
USA_10242000,1,0.029107228,0.06822207,0.9434074833989143,0.1706084
USA_10242000,2,0.051907014,0.091667354,0.8990804627537727,0.22783111
USA_10242000,3,0.07427894,0.111907676,0.855584129691124,0.27254164
USA_10242000,4,0.092741884,0.1258895,0.8196928054094315,0.3045355
USA_10242000,5,0.10776277,0.1356678,0.7904953062534332,0.3282724
USA_10242000,6,0.1175876,0.14326417,0.7714024484157562,0.3429105
USA_10242000,7,0.124132626,0.14668834,0.7586867809295654,0.3523246
USA_10242000,8,0.13145375,0.15142792,0.7444649338722229,0.36256552
USA_10242000,9,0.1376916,0.1560446,0.7323514819145203,0.37106818
USA_10242000,10,0.14471766,0.16186841,0.7187066972255707,0.38041773
USA_10244950,1,0.00421213,0.038949583,0.9862009277567267,0.06490092
USA_10244950,2,0.005626784,0.041426595,0.9815668296068907,0.075011894
USA_10244950,3,0.007899879,0.046389777,0.9741209950298071,0.08888126
USA_10244950,4,0.0104992315,0.05121862,0.965607225894928,0.102465756
USA_10244950,5,0.0129613355,0.05522706,0.9575436934828758,0.11384786
USA_10244950,6,0.014702916,0.058703043,0.9518408663570881,0.121255584
USA_10244950,7,0.015981784,0.06116678,0.9476540498435497,0.12641908
USA_10244950,8,0.016855476,0.06360935,0.9447940178215504,0.12982865
USA_10244950,9,0.017227635,0.06521492,0.9435773529112339,0.13125409
USA_10244950,10,0.017529171,0.06746701,0.9425915330648422,0.13239777
USA_10249300,1,0.0053801616,0.040073443,0.965202059596777,0.07334959
USA_10249300,2,0.011564083,0.047271084,0.9252076745033264,0.10753643
USA_10249300,3,0.019369332,0.054480553,0.8747297376394272,0.13917375
USA_10249300,4,0.026584104,0.061624434,0.8280734270811081,0.16304633
USA_10249300,5,0.03275181,0.066505946,0.7881912887096405,0.18097462
USA_10249300,6,0.03695317,0.07035177,0.7610275745391846,0.19223207
USA_10249300,7,0.039687563,0.07275451,0.7433519065380096,0.19921738
USA_10249300,8,0.04212496,0.0748025,0.727597713470459,0.20524366
USA_10249300,9,0.04413471,0.07639916,0.7146097421646118,0.21008262
USA_10249300,10,0.045729466,0.079123825,0.7043083906173706,0.2138445
USA_10316500,1,0.28351954,0.18240833,0.9722579047083855,0.5324655
USA_10316500,2,0.6183981,0.24956472,0.9394902922213078,0.7863829
USA_10316500,3,1.0132958,0.32445338,0.9008497446775436,1.0066259
USA_10316500,4,1.3921486,0.38899824,0.8637790530920029,1.1798935
USA_10316500,5,1.75707,0.4394117,0.8280714601278305,1.3255452
USA_10316500,6,2.0196328,0.47403014,0.8023794889450073,1.4211378
USA_10316500,7,2.1851377,0.4921131,0.7861845791339874,1.4782212
USA_10316500,8,2.3200996,0.5121823,0.7729785740375519,1.5231873
USA_10316500,9,2.4072757,0.52119535,0.7644480317831039,1.5515398
USA_10316500,10,2.4253578,0.53661406,0.7626783400774002,1.557356
USA_10329500,1,0.014278502,0.03824161,0.8774872571229935,0.11949269
USA_10329500,2,0.025017,0.04829689,0.7853512316942215,0.15816763
USA_10329500,3,0.03358073,0.057001147,0.711873471736908,0.18325046
USA_10329500,4,0.03912455,0.06477802,0.6643068790435791,0.19779927
USA_10329500,5,0.041963894,0.06879981,0.63994500041008,0.20485091
USA_10329500,6,0.042331018,0.07094506,0.6367950141429901,0.20574503
USA_10329500,7,0.043305896,0.07389361,0.6284304559230804,0.20810069
USA_10329500,8,0.045784205,0.07757778,0.6071662306785583,0.21397243
USA_10329500,9,0.047671735,0.07962003,0.590971052646637,0.21833858
USA_10329500,10,0.048869755,0.08169928,0.5806918740272522,0.22106504
USA_10336645,1,1.2966689,0.38104948,0.902353897690773,1.1387137
USA_10336645,2,1.8075368,0.49335614,0.8638850301504135,1.3444467
USA_10336645,3,2.6010315,0.6362396,0.8041350543498993,1.6127714
USA_10336645,4,3.457621,0.75447595,0.739635705947876,1.859468
USA_10336645,5,4.31025,0.851116,0.6754367053508759,2.0761142
USA_10336645,6,5.1521053,0.9392216,0.612050473690033,2.269825
USA_10336645,7,5.7965884,0.9985956,0.5635279715061188,2.4076104
USA_10336645,8,6.261289,1.0567344,0.5285424888134003,2.5022569
USA_10336645,9,6.6704526,1.1138291,0.4977397322654724,2.582722
USA_10336645,10,7.148621,1.1609441,0.4617418050765991,2.6736906
USA_10336660,1,1.9469305,0.4459703,0.9145359322428703,1.3953245
USA_10336660,2,2.7166572,0.6079861,0.8807496875524521,1.6482285
USA_10336660,3,3.970072,0.782733,0.8257329761981964,1.992504
USA_10336660,4,5.1880946,0.9289549,0.7722714841365814,2.2777388
USA_10336660,5,6.320968,1.0602067,0.7225496470928192,2.5141535
USA_10336660,6,7.7736864,1.1869818,0.6587903201580048,2.7881331
USA_10336660,7,9.010526,1.2774448,0.6045080721378326,3.0017538
USA_10336660,8,9.875302,1.372586,0.5665574371814728,3.1424994
USA_10336660,9,10.463334,1.4237031,0.5407545268535614,3.2347078
USA_10336660,10,11.227686,1.4971213,0.5072153210639954,3.3507738
USA_10336740,1,0.002481328,0.03328237,0.962436880916357,0.04981293
USA_10336740,2,0.0043004574,0.040534835,0.9348992630839348,0.06557787
USA_10336740,3,0.0069205,0.04801068,0.8952380865812302,0.08318955
USA_10336740,4,0.009424657,0.05409631,0.8573306351900101,0.09708067
USA_10336740,5,0.0111771645,0.057545133,0.8308016508817673,0.10572211
USA_10336740,6,0.012487357,0.06061608,0.8109460771083832,0.11174684
USA_10336740,7,0.013518623,0.063578635,0.7952746599912643,0.11626961
USA_10336740,8,0.014740122,0.06602115,0.7767550200223923,0.1214089
USA_10336740,9,0.01563616,0.06871597,0.7631706297397614,0.12504463
USA_10336740,10,0.017216247,0.07149933,0.7392184138298035,0.1312107
USA_10343500,1,0.11604822,0.14944813,0.9477408602833748,0.34065852
USA_10343500,2,0.15154377,0.17901276,0.9317556247115135,0.38928622
USA_10343500,3,0.22946733,0.21360947,0.8966630026698112,0.47902748
USA_10343500,4,0.32305202,0.24657376,0.8545173704624176,0.56837666
USA_10343500,5,0.4220894,0.2737054,0.8099170476198196,0.6496841
USA_10343500,6,0.52459025,0.29726765,0.7637570202350616,0.724286
USA_10343500,7,0.6197957,0.32579204,0.7208832204341888,0.787271
USA_10343500,8,0.6912522,0.34918144,0.688705563545227,0.8314158
USA_10343500,9,0.75702834,0.36338973,0.6590893566608429,0.87007374
USA_10343500,10,0.8267126,0.3758832,0.6277172863483429,0.9092374
USA_10396000,1,0.088854134,0.11385013,0.895110085606575,0.2980841
USA_10396000,2,0.17190136,0.16071542,0.7970813065767288,0.41460988
USA_10396000,3,0.2290833,0.1895489,0.7295917272567749,0.47862646
USA_10396000,4,0.27325985,0.21124028,0.6774560511112213,0.5227426
USA_10396000,5,0.30608478,0.22975416,0.6387198865413666,0.5532493
USA_10396000,6,0.32329348,0.24200316,0.6184152364730835,0.56858903
USA_10396000,7,0.32819444,0.24967821,0.6126354336738586,0.5728826
USA_10396000,8,0.3281074,0.25538614,0.6127453446388245,0.5728066
USA_10396000,9,0.33303353,0.25961605,0.6069361567497253,0.57709056
USA_10396000,10,0.3412047,0.26456562,0.5972946286201477,0.5841273
USA_11230500,1,0.21003996,0.18242335,0.9649644680321217,0.45830116
USA_11230500,2,0.41951093,0.2725877,0.9300269111990929,0.6476966
USA_11230500,3,0.69377583,0.36294785,0.8842857629060745,0.83293205
USA_11230500,4,0.94577354,0.42593113,0.8422629982233047,0.9725089
USA_11230500,5,1.1582196,0.47102144,0.8068392425775528,1.0762061
USA_11230500,6,1.3023145,0.5058557,0.7828171700239182,1.1411899
USA_11230500,7,1.4092222,0.5283991,0.7649989575147629,1.1871067
USA_11230500,8,1.4906361,0.54598606,0.7514337450265884,1.2209162
USA_11230500,9,1.5404876,0.5546616,0.7431294918060303,1.2411638
USA_11230500,10,1.5953163,0.5672277,0.7339954078197479,1.2630583
USA_11237500,1,0.60708106,0.29223537,0.9591423682868481,0.77915406
USA_11237500,2,0.89574254,0.37058234,0.9397158101201057,0.94643676
USA_11237500,3,1.5296185,0.47859046,0.897056944668293,1.2367774
USA_11237500,4,2.2628875,0.5707508,0.8477102816104889,1.5042897
USA_11237500,5,2.8564394,0.6227194,0.8077676743268967,1.6901004
USA_11237500,6,3.5500839,0.69302464,0.7610906064510345,1.8841666
USA_11237500,7,4.3804207,0.7794205,0.7052158713340759,2.0929456
USA_11237500,8,4.9600344,0.8486782,0.6662146151065826,2.2271135
USA_11237500,9,5.458752,0.892359,0.6326588094234467,2.3363972
USA_11237500,10,5.915642,0.935642,0.6019185483455658,2.4322093
USA_11264500,1,0.36112538,0.24696764,0.9577814750373363,0.60093707
USA_11264500,2,0.6578881,0.33587557,0.9230895638465881,0.81110305
USA_11264500,3,1.0942566,0.44945383,0.8720786571502686,1.0460672
USA_11264500,4,1.5415919,0.5395824,0.8197890073060989,1.2416086
USA_11264500,5,1.9052638,0.60157526,0.7772847712039948,1.3803129
USA_11264500,6,2.1789699,0.6528179,0.7453004121780396,1.4761335
USA_11264500,7,2.4124439,0.69393307,0.7180231511592865,1.5532044
USA_11264500,8,2.5691679,0.716537,0.6997222304344177,1.6028624
USA_11264500,9,2.7056878,0.73551124,0.6837890148162842,1.6448975
USA_11264500,10,2.8799212,0.77160287,0.6634560823440552,1.697033
USA_11266500,1,0.2613629,0.23665784,0.9679340720176697,0.51123667
USA_11266500,2,0.4580557,0.30867732,0.9438047111034393,0.6767981
USA_11266500,3,0.76843935,0.40549114,0.9057289287447929,0.8766067
USA_11266500,4,1.1314906,0.48789918,0.8611954599618912,1.0637155
USA_11266500,5,1.4358668,0.5454306,0.8238664418458939,1.1982766
USA_11266500,6,1.6849391,0.5931461,0.793325737118721,1.2980521
USA_11266500,7,1.9105768,0.6308285,0.7656646519899368,1.3822361
USA_11266500,8,2.0547922,0.66027814,0.7479954659938812,1.4334546
USA_11266500,9,2.190037,0.682896,0.7314329743385315,1.4798774
USA_11266500,10,2.3547857,0.7165205,0.7112601101398468,1.5345311
USA_12175500,1,2.6182253,0.78373784,0.8819083273410797,1.6180931
USA_12175500,2,4.7291517,1.1517488,0.786597341299057,2.1746614
USA_12175500,3,6.4120264,1.4695734,0.7105075120925903,2.532198
USA_12175500,4,7.5814514,1.6599859,0.6575506031513214,2.7534435
USA_12175500,5,8.526292,1.802892,0.6147129535675049,2.9199815
USA_12175500,6,9.094747,1.8905858,0.5888675451278687,3.0157497
USA_12175500,7,9.499803,1.957347,0.5704046189785004,3.082175
USA_12175500,8,9.815001,2.0118475,0.5560117661952972,3.1328902
USA_12175500,9,10.041578,2.036321,0.5456463098526001,3.168845
USA_12175500,10,10.424219,2.0961115,0.528213769197464,3.2286558
USA_12358500,1,0.3210531,0.26555267,0.9773926120251417,0.56661546
USA_12358500,2,0.5398153,0.3513026,0.961990974843502,0.73472124
USA_12358500,3,0.89402294,0.46356183,0.9370550066232681,0.94552785
USA_12358500,4,1.4271861,0.58858985,0.8995229825377464,1.194649
USA_12358500,5,1.9008664,0.6817851,0.8661817759275436,1.3787191
USA_12358500,6,2.2306004,0.7458947,0.8429759442806244,1.4935194
USA_12358500,7,2.5166395,0.79820114,0.8228474408388138,1.5863919
USA_12358500,8,2.6451519,0.83109736,0.8138077259063721,1.6263922
USA_12358500,9,2.7189558,0.85049385,0.8086192160844803,1.6489257
USA_12358500,10,2.7855237,0.87685853,0.8039396852254868,1.6689888
USA_12374250,1,0.11698637,0.11506706,0.8972036838531494,0.3420327
USA_12374250,2,0.1736536,0.13397083,0.8473876416683197,0.41671765
USA_12374250,3,0.24230418,0.16575405,0.7870385646820068,0.49224404
USA_12374250,4,0.30521497,0.1926482,0.7317400574684143,0.55246264
USA_12374250,5,0.35600835,0.21509096,0.6870877146720886,0.59666437
USA_12374250,6,0.39068678,0.23186159,0.6565918028354645,0.6250494
USA_12374250,7,0.41674054,0.24212979,0.6336730122566223,0.6455544
USA_12374250,8,0.435662,0.25268805,0.61700439453125,0.660047
USA_12374250,9,0.4498037,0.26265448,0.6045410931110382,0.6706741
USA_12374250,10,0.45886433,0.2723433,0.5965433120727539,0.6773953
USA_12375900,1,1.1520475,0.3779269,0.9322783723473549,1.0733348
USA_12375900,2,1.6641476,0.47895512,0.9021663293242455,1.2900184
USA_12375900,3,2.0690343,0.5682816,0.8783591389656067,1.4384139
USA_12375900,4,2.4572208,0.64331657,0.8555347174406052,1.5675524
USA_12375900,5,2.7882848,0.6995972,0.8360695391893387,1.6698158
USA_12375900,6,2.9342055,0.73670614,0.8274879157543182,1.7129523
USA_12375900,7,3.0651019,0.7750896,0.8197891116142273,1.7507433
USA_12375900,8,3.2322552,0.80975103,0.8099563866853714,1.7978474
USA_12375900,9,3.4521623,0.84337443,0.7970228046178818,1.8579996
USA_12375900,10,3.7690485,0.8872019,0.7783803641796112,1.9414037
USA_12377150,1,1.751645,0.48351613,0.9539205096662045,1.3234973
USA_12377150,2,3.161507,0.68422264,0.9168271273374557,1.7780627
USA_12377150,3,4.667561,0.88998675,0.8772038295865059,2.1604538
USA_12377150,4,6.0850573,1.0689005,0.8399103879928589,2.466791
USA_12377150,5,7.032086,1.1800104,0.8149953335523605,2.651808
USA_12377150,6,7.303225,1.2340127,0.8078573495149612,2.702448
USA_12377150,7,7.540987,1.2588885,0.8015957772731781,2.7460856
USA_12377150,8,7.82882,1.2954643,0.7940115183591843,2.798003
USA_12377150,9,8.134457,1.3257478,0.7859611213207245,2.8520968
USA_12377150,10,8.448971,1.3676711,0.7776780426502228,2.9067113
USA_12381400,1,0.11371588,0.13508588,0.9704599753022194,0.33721784
USA_12381400,2,0.11262923,0.14432995,0.9707404617220163,0.3356028
USA_12381400,3,0.16630907,0.18034466,0.9567938856780529,0.4078101
USA_12381400,4,0.24486378,0.21969523,0.9363839402794838,0.49483714
USA_12381400,5,0.3158463,0.24991828,0.9179423078894615,0.56200206
USA_12381400,6,0.35531712,0.2728574,0.9076873958110809,0.59608483
USA_12381400,7,0.39030468,0.28571808,0.8985959440469742,0.6247437
USA_12381400,8,0.42226085,0.2979132,0.8902902156114578,0.64981604
USA_12381400,9,0.45163882,0.31108922,0.8826513141393661,0.67204076
USA_12381400,10,0.47875208,0.32380888,0.8755965083837509,0.69191915
USA_12383500,1,0.047452822,0.095920496,0.9716444537043571,0.2178367
USA_12383500,2,0.063458696,0.11355002,0.9620769657194614,0.2519101
USA_12383500,3,0.091632545,0.14017992,0.9452357888221741,0.3027087
USA_12383500,4,0.13096836,0.16695577,0.9217214211821556,0.3618955
USA_12383500,5,0.16731016,0.18497624,0.8999925032258034,0.40903565
USA_12383500,6,0.19325323,0.19682787,0.884476400911808,0.43960577
USA_12383500,7,0.21397083,0.20734414,0.87208192050457,0.4625698
USA_12383500,8,0.232644,0.21980366,0.8609059005975723,0.48233184
USA_12383500,9,0.2490099,0.23104058,0.851108655333519,0.49900892
USA_12383500,10,0.26725948,0.24234925,0.8401822596788406,0.51697147
USA_12388400,1,0.10091717,0.09903394,0.9328180849552155,0.31767464
USA_12388400,2,0.15942436,0.1274829,0.8938708081841469,0.3992798
USA_12388400,3,0.23628157,0.16018948,0.842710018157959,0.48608804
USA_12388400,4,0.30421236,0.18723395,0.7974933683872223,0.5515545
USA_12388400,5,0.36079764,0.20923556,0.7598318606615067,0.6006643
USA_12388400,6,0.41038886,0.22998966,0.7268289923667908,0.640616
USA_12388400,7,0.45850244,0.2429205,0.6948115229606628,0.6771281
USA_12388400,8,0.5083355,0.25539902,0.6616501212120056,0.7129765
USA_12388400,9,0.55123866,0.26705322,0.6331028342247009,0.74245447
USA_12388400,10,0.57649815,0.27562678,0.6163000762462616,0.7592748
USA_12390700,1,0.101998694,0.13045506,0.9563181139528751,0.31937236
USA_12390700,2,0.18072379,0.17408192,0.9226001873612404,0.4251162
USA_12390700,3,0.27069652,0.2184415,0.8840622082352638,0.520285
USA_12390700,4,0.3670184,0.2575372,0.8428016155958176,0.6058204
USA_12390700,5,0.46033853,0.29386538,0.8028242737054825,0.67848253
USA_12390700,6,0.53249073,0.32516035,0.7719111293554306,0.72971964
USA_12390700,7,0.59176594,0.34409884,0.7465117275714874,0.76926327
USA_12390700,8,0.63038236,0.3575432,0.7299601137638092,0.79396623
USA_12390700,9,0.6620918,0.37208378,0.7163673937320709,0.81369025
USA_12390700,10,0.68090725,0.3841031,0.7082976698875427,0.82517105
USA_12411000,1,1.1359327,0.3791101,0.8879358842968941,1.0658014
USA_12411000,2,1.8512436,0.49922243,0.8173420131206512,1.3606042
USA_12411000,3,2.5598845,0.6124061,0.7473857998847961,1.5999639
USA_12411000,4,3.2010565,0.7152218,0.6840725541114807,1.7891496
USA_12411000,5,3.7875075,0.8036909,0.6261530518531799,1.946152
USA_12411000,6,4.230683,0.8747056,0.5823845863342285,2.0568624
USA_12411000,7,4.5839677,0.9243561,0.5474917590618134,2.1410203
USA_12411000,8,4.8049927,0.9576342,0.525669515132904,2.1920292
USA_12411000,9,5.014071,0.9893387,0.5050569474697113,2.239212
USA_12411000,10,5.113266,1.0172602,0.4953120946884155,2.261253
USA_12414500,1,0.53407645,0.28718677,0.9362436085939407,0.73080534
USA_12414500,2,0.94071484,0.38927948,0.8876768797636032,0.96990454
USA_12414500,3,1.3569225,0.48659617,0.837945744395256,1.1648701
USA_12414500,4,1.7647696,0.57932526,0.7891933172941208,1.3284463
USA_12414500,5,2.128371,0.65653723,0.7457157075405121,1.4588938
USA_12414500,6,2.4087949,0.7148266,0.7121776044368744,1.5520293
USA_12414500,7,2.630693,0.7530958,0.6856251955032349,1.6219411
USA_12414500,8,2.7570896,0.77828825,0.6704923510551453,1.6604487
USA_12414500,9,2.851362,0.8068812,0.659225583076477,1.6885977
USA_12414500,10,2.8944898,0.83479685,0.6540842354297638,1.70132
USA_12447390,1,0.35630915,0.2550942,0.9562497511506081,0.5969164
USA_12447390,2,0.3879137,0.28337434,0.9523681290447712,0.6228272
USA_12447390,3,0.6347545,0.3586746,0.9220573082566261,0.7967148
USA_12447390,4,0.9706003,0.4425091,0.8808166906237602,0.9851905
USA_12447390,5,1.2852416,0.5077518,0.8421791940927505,1.133685
USA_12447390,6,1.5412779,0.5554376,0.8107377737760544,1.2414821
USA_12447390,7,1.7625984,0.60251427,0.7835588157176971,1.3276289
USA_12447390,8,1.9661077,0.64631087,0.7585685700178146,1.4021796
USA_12447390,9,2.2391868,0.6897802,0.7250376343727112,1.4963913
USA_12447390,10,2.4319975,0.7268077,0.7013644576072693,1.5594863
USA_12451000,1,0.997972,0.51623654,0.95564404129982,0.99898547
USA_12451000,2,1.6059924,0.6747057,0.9286236315965652,1.2672776
USA_12451000,3,2.4648259,0.8699688,0.890460655093193,1.5699764
USA_12451000,4,3.3536248,1.0343647,0.850968211889267,1.8312905
USA_12451000,5,4.056543,1.1485436,0.8197330385446548,2.014086
USA_12451000,6,4.6020603,1.2276373,0.795487180352211,2.1452413
USA_12451000,7,5.043653,1.3008087,0.7758551090955734,2.245808
USA_12451000,8,5.221605,1.3486617,0.7679413557052612,2.285083
USA_12451000,9,5.359989,1.3823261,0.7618024051189423,2.315165
USA_12451000,10,5.453747,1.4098464,0.7576542794704437,2.335326
USA_12488500,1,0.50318193,0.31499335,0.9446349740028381,0.7093532
USA_12488500,2,0.83250374,0.42359865,0.9083872735500336,0.9124164
USA_12488500,3,1.21721,0.5421706,0.8660378754138947,1.1032724
USA_12488500,4,1.657196,0.66177815,0.8175827115774155,1.2873212
USA_12488500,5,2.049374,0.7586965,0.7743701636791229,1.4315635
USA_12488500,6,2.4196494,0.844561,0.7335519194602966,1.5555222
USA_12488500,7,2.7210662,0.9093133,0.7003048062324524,1.6495655
USA_12488500,8,2.8921044,0.9602339,0.6814163029193878,1.7006189
USA_12488500,9,3.0204535,1.0002694,0.6672268211841583,1.7379452
USA_12488500,10,3.1361015,1.0401058,0.6544369757175446,1.7709042
USA_13011500,1,0.3152548,0.2065131,0.9577503874897957,0.5614756
USA_13011500,2,0.4460124,0.26110554,0.9402249976992607,0.6678416
USA_13011500,3,0.7330438,0.33258364,0.9017537906765938,0.8561798
USA_13011500,4,1.0295596,0.41097313,0.8620103597640991,1.0146722
USA_13011500,5,1.3088307,0.4683829,0.8245802521705627,1.1440414
USA_13011500,6,1.489586,0.5166386,0.8003540337085724,1.2204859
USA_13011500,7,1.7031903,0.56150305,0.7717229574918747,1.3050634
USA_13011500,8,1.8434067,0.59373516,0.7529303580522537,1.3577211
USA_13011500,9,1.9691608,0.622001,0.7360824942588806,1.4032679
USA_13011500,10,2.1032205,0.6467121,0.7181219756603241,1.4502484
USA_13011900,1,0.2534919,0.20055886,0.9605953507125378,0.5034798
USA_13011900,2,0.28795445,0.22438185,0.9552343785762787,0.5366139
USA_13011900,3,0.4409818,0.28137043,0.931438148021698,0.6640646
USA_13011900,4,0.5917702,0.33169764,0.9079869911074638,0.769266
USA_13011900,5,0.72604567,0.37542292,0.887103296816349,0.85208315
USA_13011900,6,0.83415896,0.4124269,0.8702878206968307,0.91332304
USA_13011900,7,0.94226056,0.44148216,0.8534722775220871,0.97070104
USA_13011900,8,1.0114565,0.46145165,0.8427072167396545,1.0057119
USA_13011900,9,1.0626945,0.47729382,0.8347391486167908,1.0308708
USA_13011900,10,1.1088346,0.49364504,0.8275638371706009,1.0530121
USA_13018300,1,0.08019411,0.098690175,0.9645766615867615,0.28318563
USA_13018300,2,0.08928486,0.10878837,0.9605585746467113,0.2988057
USA_13018300,3,0.13170695,0.13287649,0.9418147280812263,0.36291453
USA_13018300,4,0.1654365,0.15471314,0.9269089922308922,0.40673888
USA_13018300,5,0.19803886,0.17310078,0.9124993532896042,0.44501558
USA_13018300,6,0.22218354,0.18718173,0.9018249958753586,0.47136348
USA_13018300,7,0.23555358,0.19373131,0.8959108144044876,0.48533863
USA_13018300,8,0.24576019,0.2008549,0.8913938850164413,0.49574205
USA_13018300,9,0.25926206,0.20974575,0.8854199647903442,0.5091778
USA_13018300,10,0.26919386,0.21653172,0.881023183465004,0.51883894
USA_13023000,1,0.048788887,0.103079244,0.9810933861881495,0.22088206
USA_13023000,2,0.07228586,0.1284153,0.971986185759306,0.2688603
USA_13023000,3,0.12951249,0.1705791,0.9498055092990398,0.35987845
USA_13023000,4,0.19455397,0.20533112,0.9245930463075638,0.44108272
USA_13023000,5,0.2569268,0.23452388,0.9004146605730057,0.50687945
USA_13023000,6,0.30777866,0.26105288,0.8807048797607422,0.55477804
USA_13023000,7,0.34917724,0.27833384,0.864656463265419,0.5909122
USA_13023000,8,0.38636097,0.29458627,0.8502471148967743,0.6215794
USA_13023000,9,0.41913292,0.30597982,0.8375505656003952,0.64740473
USA_13023000,10,0.44132495,0.31656682,0.8289578706026077,0.6643229
USA_13083000,1,0.0007370902,0.016736344,0.9527957402169704,0.027149405
USA_13083000,2,0.0012275263,0.021003388,0.9213787242770195,0.035036072
USA_13083000,3,0.0016934795,0.024291229,0.891522966325283,0.041151907
USA_13083000,4,0.002098823,0.02688796,0.8655488938093185,0.045812912
USA_13083000,5,0.0024493877,0.028902005,0.8430916517972946,0.04949129
USA_13083000,6,0.00285488,0.031227108,0.8171028196811676,0.053431075
USA_13083000,7,0.0031603072,0.032646634,0.7975129932165146,0.05621661
USA_13083000,8,0.0035868916,0.034535952,0.7701712846755981,0.059890665
USA_13083000,9,0.0039967364,0.03588474,0.7439689338207245,0.06321975
USA_13083000,10,0.0044611963,0.0375343,0.7143710851669312,0.06679219
USA_13161500,1,0.0038142933,0.031663608,0.9765710718929768,0.061759964
USA_13161500,2,0.007575822,0.03984468,0.9534667767584324,0.087039195
USA_13161500,3,0.0137250945,0.048917778,0.9156968668103218,0.11715415
USA_13161500,4,0.01969303,0.058419865,0.8790416345000267,0.14033185
USA_13161500,5,0.024175607,0.06637526,0.8515120595693588,0.15548506
USA_13161500,6,0.027307117,0.072034046,0.8322800695896149,0.16524865
USA_13161500,7,0.029179033,0.07463204,0.8207827806472778,0.17081872
USA_13161500,8,0.030834645,0.076930486,0.8106182813644409,0.17559797
USA_13161500,9,0.032515608,0.079229094,0.800296351313591,0.18032084
USA_13161500,10,0.03440321,0.082184866,0.7887077927589417,0.18548103
USA_13235000,1,0.15864486,0.16052562,0.9595836214721203,0.39830247
USA_13235000,2,0.23599988,0.20586877,0.9398715049028397,0.48579818
USA_13235000,3,0.37833786,0.2708655,0.9035960957407951,0.61509174
USA_13235000,4,0.5284741,0.32788903,0.8653270751237869,0.7269622
USA_13235000,5,0.67571175,0.37415025,0.8277990818023682,0.8220169
USA_13235000,6,0.79327255,0.41718766,0.7978387326002121,0.8906585
USA_13235000,7,0.8856794,0.44297054,0.774287760257721,0.9411054
USA_13235000,8,0.9376955,0.45871726,0.7610259652137756,0.9683468
USA_13235000,9,0.97339284,0.47229853,0.7519309967756271,0.9866067
USA_13235000,10,0.9960562,0.4886281,0.7461664378643036,0.99802613
USA_13240000,1,2.5779717,0.36310214,0.8936895430088043,1.6056063
USA_13240000,2,3.9685156,0.5376879,0.8363375961780548,1.9921134
USA_13240000,3,5.289626,0.728294,0.7818416357040405,2.2999187
USA_13240000,4,6.778004,0.87869054,0.7204411029815674,2.60346
USA_13240000,5,7.9800773,0.99167794,0.6708452999591827,2.824903
USA_13240000,6,8.545212,1.0562388,0.6475203633308411,2.9232194
USA_13240000,7,8.857434,1.1022214,0.6346222162246704,2.9761443
USA_13240000,8,8.85282,1.1272769,0.6347967088222504,2.975369
USA_13240000,9,8.949585,1.1579461,0.6307942569255829,2.9915857
USA_13240000,10,9.103479,1.196093,0.6244368255138397,3.0171974
USA_13313000,1,0.3261846,0.22076988,0.9545692466199398,0.57112575
USA_13313000,2,0.36148107,0.24240871,0.9496527574956417,0.60123295
USA_13313000,3,0.571013,0.31600407,0.9204666092991829,0.755654
USA_13313000,4,0.8895861,0.40352526,0.8760911524295807,0.9431787
USA_13313000,5,1.2269433,0.47986197,0.8290980309247971,1.1076747
USA_13313000,6,1.5077579,0.54463404,0.7899817675352097,1.2279079
USA_13313000,7,1.7519207,0.59250224,0.7559662759304047,1.3236014
USA_13313000,8,1.9610353,0.6281637,0.7268341779708862,1.4003696
USA_13313000,9,2.2229226,0.6648736,0.6903527677059174,1.4909469
USA_13313000,10,2.4316285,0.6960141,0.6612813174724579,1.559368
USA_13331500,1,0.2523739,0.20812951,0.9608782716095448,0.5023683
USA_13331500,2,0.5216823,0.31557825,0.9191153645515442,0.7222758
USA_13331500,3,0.81666076,0.4215447,0.8733525276184082,0.90369284
USA_13331500,4,1.1350471,0.51643026,0.8239383548498154,1.0653859
USA_13331500,5,1.4192744,0.59204113,0.779805451631546,1.191333
USA_13331500,6,1.6209416,0.6479987,0.7484687864780426,1.273162
USA_13331500,7,1.7880181,0.69651645,0.7224885523319244,1.337168
USA_13331500,8,1.9007262,0.7296522,0.7049455046653748,1.3786683
USA_13331500,9,2.012437,0.7618224,0.6875580251216888,1.4186039
USA_13331500,10,2.1235707,0.79423285,0.6702723801136017,1.4572476
USA_13337000,1,0.27078092,0.2505532,0.9725174903869629,0.52036613
USA_13337000,2,0.45177212,0.33085394,0.9541481509804726,0.67213994
USA_13337000,3,0.757642,0.4332933,0.9231034070253372,0.8704263
USA_13337000,4,1.1198438,0.5367098,0.8863418698310852,1.0582267
USA_13337000,5,1.4581786,0.6183678,0.8520030379295349,1.2075506
USA_13337000,6,1.7368444,0.68738073,0.8237248063087463,1.317894
USA_13337000,7,1.9491799,0.73328537,0.8021799474954605,1.3961303
USA_13337000,8,2.0680783,0.7628729,0.7901179045438766,1.4380815
USA_13337000,9,2.1756427,0.7964339,0.7792086452245712,1.475006
USA_13337000,10,2.2995067,0.8295154,0.7666460275650024,1.5164124
USA_13338500,1,0.050616432,0.099805616,0.952822033315897,0.22498097
USA_13338500,2,0.088449836,0.13556169,0.9175477847456932,0.29740518
USA_13338500,3,0.1253986,0.17044285,0.8830902650952339,0.35411665
USA_13338500,4,0.15702073,0.19782712,0.8535927534103394,0.3962584
USA_13338500,5,0.18683842,0.22298901,0.825773686170578,0.4322481
USA_13338500,6,0.2162122,0.24299297,0.7983682006597519,0.46498623
USA_13338500,7,0.24069232,0.25528458,0.7755238711833954,0.49060404
USA_13338500,8,0.26232857,0.26692986,0.7553301602602005,0.5121802
USA_13338500,9,0.28296912,0.27788654,0.7360805869102478,0.5319484
USA_13338500,10,0.29961663,0.28934792,0.7205698490142822,0.54737246
USA_13340000,1,0.117624655,0.1818698,0.9706776607781649,0.3429645
USA_13340000,2,0.2167827,0.24963184,0.9459466636180878,0.4655993
USA_13340000,3,0.34982488,0.31567693,0.9127552956342697,0.59145993
USA_13340000,4,0.4945972,0.37445587,0.8766243010759354,0.70327604
USA_13340000,5,0.6340923,0.4235822,0.8417988568544388,0.7962991
USA_13340000,6,0.75610197,0.46984905,0.8113298416137695,0.8695412
USA_13340000,7,0.8600414,0.49954495,0.7853637039661407,0.92738414
USA_13340000,8,0.9417258,0.5234643,0.7649473547935486,0.97042555
USA_13340000,9,0.9984378,0.54267955,0.7507738620042801,0.9992186
USA_13340000,10,1.0517539,0.558659,0.7374653220176697,1.0255505
USA_13340600,1,0.29059073,0.26449388,0.966713447123766,0.5390647
USA_13340600,2,0.53273404,0.35370114,0.938978586345911,0.7298863
USA_13340600,3,0.81873024,0.44709992,0.9062197059392929,0.90483713
USA_13340600,4,1.1419631,0.5376663,0.8691909462213516,1.0686268
USA_13340600,5,1.4382024,0.6119872,0.8352579176425934,1.1992508
USA_13340600,6,1.6844001,0.67712253,0.807059720158577,1.2978444
USA_13340600,7,1.8692905,0.7181619,0.7858893126249313,1.3672199
USA_13340600,8,1.9809121,0.7443239,0.7731119096279144,1.4074488
USA_13340600,9,2.079472,0.77803266,0.7618301659822464,1.4420375
USA_13340600,10,2.1626668,0.807557,0.7523127943277359,1.4706008
