basin_id,horizon,MSE,MAE,NSE,RMSE
CA_15020,1,0.045560207,0.12137128,0.9780292138457298,0.21344838
CA_15020,2,0.06478264,0.14426482,0.9688828215003014,0.25452435
CA_15020,3,0.08237396,0.16450739,0.9605994634330273,0.28700864
CA_15020,4,0.09442618,0.18080543,0.9550364352762699,0.30728844
CA_15020,5,0.11086976,0.20089482,0.9474434293806553,0.3329711
CA_15020,6,0.13112514,0.22843245,0.9381215572357178,0.36211205
CA_15020,7,0.15398519,0.2516036,0.9276593551039696,0.39240947
CA_15020,8,0.17624138,0.27334377,0.917625717818737,0.41981113
CA_15020,9,0.19694245,0.29236645,0.9085131287574768,0.44378197
CA_15020,10,0.21396759,0.30576098,0.901135578751564,0.46256632
CA_15022,1,0.09645636,0.1656597,0.9703140035271645,0.31057423
CA_15022,2,0.15275449,0.20957159,0.9532350711524487,0.39083818
CA_15022,3,0.20705374,0.25260964,0.9369433894753456,0.45503157
CA_15022,4,0.23374592,0.2732396,0.929184652864933,0.48347276
CA_15022,5,0.2570903,0.29137695,0.9224918410181999,0.50704074
CA_15022,6,0.2906482,0.31791103,0.9128241837024689,0.539118
CA_15022,7,0.3469041,0.349787,0.8964813351631165,0.5889857
CA_15022,8,0.40517575,0.38500232,0.8796700909733772,0.63653415
CA_15022,9,0.44323647,0.4049901,0.869028702378273,0.66576004
CA_15022,10,0.4761709,0.4251816,0.8599994778633118,0.6900514
CA_15025,1,0.022603793,0.09983983,0.9747101254761219,0.15034558
CA_15025,2,0.04299731,0.13459261,0.9520019367337227,0.20735793
CA_15025,3,0.06489015,0.16862577,0.9277461916208267,0.25473547
CA_15025,4,0.07250711,0.17713721,0.9194940775632858,0.26927146
CA_15025,5,0.078687936,0.18014222,0.9129179865121841,0.2805137
CA_15025,6,0.08448944,0.19432366,0.9067878425121307,0.29067066
CA_15025,7,0.11278287,0.22550218,0.8759410232305527,0.3358316
CA_15025,8,0.15135434,0.26264325,0.8343185633420944,0.38904285
CA_15025,9,0.16471717,0.2721287,0.8204796761274338,0.40585363
CA_15025,10,0.17144105,0.28567454,0.8139129281044006,0.4140544
CA_15034,1,0.2152675,0.20765708,0.9451014474034309,0.4639693
CA_15034,2,0.31134698,0.24394092,0.9206073060631752,0.55798477
CA_15034,3,0.40773323,0.27837035,0.8960422202944756,0.6385399
CA_15034,4,0.49805465,0.31063655,0.8730313777923584,0.7057299
CA_15034,5,0.5946223,0.3495998,0.8484341502189636,0.77111757
CA_15034,6,0.70910376,0.38440195,0.8192772269248962,0.842083
CA_15034,7,0.7855013,0.4097679,0.799831822514534,0.8862851
CA_15034,8,0.8422525,0.43112648,0.785396084189415,0.91774315
CA_15034,9,0.8957043,0.45024544,0.7718033045530319,0.94641656
CA_15034,10,0.9463257,0.46749207,0.7589335441589355,0.97279274
CA_15040,1,0.08945506,0.13430224,0.9590682834386826,0.2990904
CA_15040,2,0.113718435,0.15210985,0.9479615725576878,0.33722165
CA_15040,3,0.13045181,0.16855167,0.940299466252327,0.36118114
CA_15040,4,0.14760639,0.18816088,0.9324435666203499,0.38419577
CA_15040,5,0.17052278,0.20956323,0.921947754919529,0.41294405
CA_15040,6,0.2008506,0.23528521,0.908056303858757,0.4481636
CA_15040,7,0.21808337,0.25046155,0.9001570865511894,0.46699396
CA_15040,8,0.22747406,0.2610774,0.8958479166030884,0.47694242
CA_15040,9,0.24324894,0.27342135,0.888616569340229,0.49320275
CA_15040,10,0.26330304,0.28603482,0.8794260323047638,0.5131306
CA_15044,1,0.21619041,0.17372619,0.9410651735961437,0.4649628
CA_15044,2,0.28730872,0.20239717,0.9216596409678459,0.5360119
CA_15044,3,0.36100125,0.23799685,0.901542991399765,0.6008338
CA_15044,4,0.42852026,0.27517548,0.883102111518383,0.65461457
CA_15044,5,0.49124494,0.30487612,0.8659534156322479,0.7008887
CA_15044,6,0.56329757,0.33131725,0.8462462574243546,0.75053155
CA_15044,7,0.6074724,0.35546073,0.8341483920812607,0.7794052
CA_15044,8,0.63070077,0.37245837,0.8277539312839508,0.7941667
CA_15044,9,0.66728306,0.3959275,0.8177086859941483,0.81687397
CA_15044,10,0.70750576,0.41716304,0.8066630065441132,0.8411336
CA_15045,1,0.13812688,0.15619473,0.9432346560060978,0.37165424
CA_15045,2,0.17610848,0.18185799,0.9276261478662491,0.41965282
CA_15045,3,0.20340522,0.20616439,0.9164089560508728,0.45100468
CA_15045,4,0.22680925,0.22812366,0.9067912772297859,0.47624496
CA_15045,5,0.26344988,0.25285926,0.8917335644364357,0.5132737
CA_15045,6,0.31195995,0.28024986,0.8717974871397018,0.5585337
CA_15045,7,0.3494934,0.30311576,0.8563721776008606,0.59117967
CA_15045,8,0.38537988,0.32637718,0.8416228890419006,0.6207897
CA_15045,9,0.42917567,0.34884962,0.8236221075057983,0.655115
CA_15045,10,0.47919434,0.373455,0.8030633926391602,0.6922386
CA_15069,1,0.054360487,0.13411902,0.9452948458492756,0.23315336
CA_15069,2,0.042238683,0.1202626,0.957493506371975,0.20552051
CA_15069,3,0.0404901,0.11556372,0.9592531807720661,0.20122151
CA_15069,4,0.039810076,0.11978355,0.9599364586174488,0.19952463
CA_15069,5,0.046356767,0.13286072,0.9533468522131443,0.21530622
CA_15069,6,0.057972543,0.15100269,0.941655270755291,0.24077488
CA_15069,7,0.06523057,0.16019543,0.9343489110469818,0.25540277
CA_15069,8,0.060901828,0.15896471,0.9387039430439472,0.24678296
CA_15069,9,0.072106,0.17349519,0.9274285286664963,0.2685256
CA_15069,10,0.07624663,0.1815769,0.9232625290751457,0.2761279
CA_15070,1,0.05858472,0.15833661,0.9803809877485037,0.24204281
CA_15070,2,0.092349924,0.1920187,0.9689815174788237,0.3038913
CA_15070,3,0.13027298,0.21635497,0.9561131037771702,0.36093348
CA_15070,4,0.16056493,0.23952702,0.9457458443939686,0.40070555
CA_15070,5,0.20031516,0.2712539,0.9321314543485641,0.44756582
CA_15070,6,0.24268383,0.3013541,0.9175534769892693,0.4926295
CA_15070,7,0.28468895,0.32383966,0.9030197262763977,0.5335625
CA_15070,8,0.33141425,0.34767348,0.8868604823946953,0.5756859
CA_15070,9,0.3727032,0.36914375,0.8724913597106934,0.6104942
CA_15070,10,0.40448052,0.38050318,0.8613210618495941,0.6359878
CA_15081,1,0.038507488,0.10661862,0.970986993983388,0.19623324
CA_15081,2,0.06388227,0.13267979,0.9518713802099228,0.2527494
CA_15081,3,0.080649234,0.15039295,0.9392425827682018,0.2839881
CA_15081,4,0.09317567,0.16865475,0.9298095703125,0.3052469
CA_15081,5,0.108500175,0.18830043,0.9182724505662918,0.32939366
CA_15081,6,0.123159796,0.20639856,0.9072340726852417,0.3509413
CA_15081,7,0.13692059,0.2222105,0.8968607112765312,0.3700278
CA_15081,8,0.15373564,0.23829636,0.8841927126049995,0.39209136
CA_15081,9,0.17080043,0.25419945,0.8713317662477493,0.4132801
CA_15081,10,0.1829887,0.26561597,0.8621432930231094,0.42777178
CA_15083,1,0.17038606,0.2147641,0.9427946396172047,0.41277847
CA_15083,2,0.23301987,0.26088023,0.921756774187088,0.48272133
CA_15083,3,0.27727604,0.2867188,0.9068855196237564,0.5265701
CA_15083,4,0.30926576,0.304461,0.8961265832185745,0.5561167
CA_15083,5,0.3492041,0.32811213,0.8826941624283791,0.59093493
CA_15083,6,0.3907068,0.35221165,0.8687319606542587,0.62506545
CA_15083,7,0.41340154,0.36594325,0.8610853999853134,0.6429631
CA_15083,8,0.44509682,0.38581637,0.8504074960947037,0.66715574
CA_15083,9,0.482447,0.40479985,0.8378247618675232,0.6945841
CA_15083,10,0.5303515,0.4272146,0.8217005431652069,0.72825235
CA_15090,1,0.24499851,0.28541857,0.899094969034195,0.49497324
CA_15090,2,0.31842682,0.34605774,0.8689370155334473,0.5642932
CA_15090,3,0.38628545,0.40981883,0.841101199388504,0.6215187
CA_15090,4,0.44981545,0.4486133,0.815077930688858,0.67068285
CA_15090,5,0.5031544,0.4647306,0.7932657301425934,0.7093338
CA_15090,6,0.55740017,0.4663371,0.7711055129766464,0.74659234
CA_15090,7,0.5899937,0.47133645,0.7578564137220383,0.76811045
CA_15090,8,0.63769037,0.50724787,0.7384270131587982,0.7985552
CA_15090,9,0.6829953,0.52541983,0.719999760389328,0.8264353
CA_15090,10,0.73452276,0.5643667,0.699043482542038,0.857043
CA_15194,1,0.05603725,0.14837512,0.9736740440130234,0.23672189
CA_15194,2,0.08410596,0.17595185,0.9604875333607197,0.29001027
CA_15194,3,0.10423821,0.19194464,0.9510303698480129,0.32285944
CA_15194,4,0.12231205,0.21218762,0.9425414763391018,0.3497314
CA_15194,5,0.1469478,0.23957215,0.930970661342144,0.3833377
CA_15194,6,0.17430916,0.2630967,0.9181208908557892,0.41750348
CA_15194,7,0.20167632,0.28189462,0.9052677974104881,0.44908386
CA_15194,8,0.23312177,0.30266312,0.890501581132412,0.48282686
CA_15194,9,0.26100066,0.3227075,0.8774096071720123,0.51088226
CA_15194,10,0.27930775,0.33205608,0.8688139766454697,0.5284957
CA_15214,1,0.041578177,0.12200557,0.9765952583402395,0.20390728
CA_15214,2,0.05268129,0.13245556,0.9703445211052895,0.22952405
CA_15214,3,0.06309059,0.1417526,0.964483417570591,0.2511784
CA_15214,4,0.07273213,0.15611328,0.959054060280323,0.26968893
CA_15214,5,0.08923123,0.17798944,0.9497628696262836,0.29871598
CA_15214,6,0.11157091,0.20339955,0.937182255089283,0.3340223
CA_15214,7,0.12562728,0.21680474,0.9292642772197723,0.35443938
CA_15214,8,0.13731052,0.22836159,0.9226817414164543,0.37055433
CA_15214,9,0.1530931,0.24477048,0.9137900695204735,0.39127114
CA_15214,10,0.17125912,0.26211226,0.903555192053318,0.41383466
CA_15216,1,0.07491503,0.14564563,0.9658557809889317,0.2737061
CA_15216,2,0.11266743,0.17443107,0.9486722610890865,0.33565968
CA_15216,3,0.14483938,0.19719288,0.934045173227787,0.38057768
CA_15216,4,0.17608835,0.22325061,0.9198511391878128,0.41962883
CA_15216,5,0.20499386,0.24867788,0.9067311361432076,0.45276248
CA_15216,6,0.23156221,0.2724513,0.894656166434288,0.48120913
CA_15216,7,0.2476825,0.28577262,0.887297511100769,0.4976771
CA_15216,8,0.2694782,0.29630148,0.8773451298475266,0.5191129
CA_15216,9,0.2863414,0.3116092,0.8696235865354538,0.53510875
CA_15216,10,0.30709562,0.32736427,0.8600830286741257,0.5541621
CA_15285,1,0.01514971,0.0776682,0.9805208686739206,0.12308416
CA_15285,2,0.015304791,0.07846036,0.9803198352456093,0.12371253
CA_15285,3,0.017667204,0.081991374,0.9772801585495472,0.13291803
CA_15285,4,0.021435231,0.09231526,0.9724322222173214,0.14640775
CA_15285,5,0.02725114,0.107483156,0.9649494886398315,0.16507919
CA_15285,6,0.034617648,0.12229664,0.9554709531366825,0.18605818
CA_15285,7,0.040492494,0.1309253,0.947911124676466,0.20122747
CA_15285,8,0.044988222,0.13984218,0.9421246089041233,0.21210428
CA_15285,9,0.051634412,0.15058266,0.9335707947611809,0.22723207
CA_15285,10,0.057380658,0.15678892,0.9261738955974579,0.2395426
CA_16101,1,0.005856487,0.060880885,0.9703846462070942,0.076527685
CA_16101,2,0.00863107,0.06802508,0.9563696719706059,0.092903554
CA_16101,3,0.011681519,0.07470986,0.9409707337617874,0.10808108
CA_16101,4,0.016107515,0.08969463,0.9186371266841888,0.12691538
CA_16101,5,0.020082219,0.09979325,0.8985997140407562,0.14171174
CA_16101,6,0.02194153,0.104481526,0.8892549723386765,0.14812674
CA_16101,7,0.025680881,0.11248547,0.8704321533441544,0.16025256
CA_16101,8,0.032746293,0.1271291,0.8348496407270432,0.18095937
CA_16101,9,0.036011513,0.13620327,0.8184624463319778,0.189767
CA_16101,10,0.038007524,0.14244777,0.808485135436058,0.19495519
CA_16105,1,0.013969211,0.06609093,0.963672649115324,0.11819141
CA_16105,2,0.02118564,0.07531934,0.9448833502829075,0.14555287
CA_16105,3,0.027388345,0.08355922,0.9287169203162193,0.16549425
CA_16105,4,0.033220477,0.09326388,0.9135019853711128,0.18226485
CA_16105,5,0.039701276,0.102047205,0.8965847790241241,0.19925179
CA_16105,6,0.044655032,0.10704495,0.8836328908801079,0.21131738
CA_16105,7,0.048532672,0.1129242,0.873475655913353,0.22030132
CA_16105,8,0.055078145,0.124068044,0.8563520908355713,0.23468733
CA_16105,9,0.060166728,0.1321127,0.8430155366659164,0.24528907
CA_16105,10,0.066259354,0.14189588,0.8270470798015594,0.25740892
CA_16135,1,0.18185806,0.20489386,0.9090017378330231,0.4264482
CA_16135,2,0.25418878,0.23912467,0.8728304803371429,0.5041714
CA_16135,3,0.2875209,0.24831878,0.8561789989471436,0.53620976
CA_16135,4,0.330353,0.26985735,0.8347825706005096,0.5747634
CA_16135,5,0.38716698,0.2976778,0.8064018189907074,0.62222743
CA_16135,6,0.43607718,0.31908864,0.7819852530956268,0.6603614
CA_16135,7,0.46199927,0.32986853,0.7690683603286743,0.67970526
CA_16135,8,0.5158189,0.35004902,0.7422138452529907,0.71820533
CA_16135,9,0.55914646,0.36650458,0.7206117212772369,0.74776095
CA_16135,10,0.60812134,0.38373736,0.6961958110332489,0.77982134
CA_16136,1,0.003496954,0.042122237,0.9820890538394451,0.05913505
CA_16136,2,0.0061126007,0.04830209,0.9686880484223366,0.07818312
CA_16136,3,0.009043613,0.05608841,0.953667938709259,0.095097914
CA_16136,4,0.012442976,0.067654654,0.9362442344427109,0.11154809
CA_16136,5,0.015361211,0.07431054,0.9212816059589386,0.123940356
CA_16136,6,0.016995408,0.07898391,0.9128960445523262,0.13036643
CA_16136,7,0.020934831,0.08955903,0.8926921859383583,0.14468874
CA_16136,8,0.02772807,0.103511475,0.8578532040119171,0.16651748
CA_16136,9,0.0322803,0.11431593,0.8344952017068863,0.17966719
CA_16136,10,0.03508651,0.12236938,0.8200844079256058,0.18731393
CA_16153,1,0.0045008035,0.053378154,0.9617613852024078,0.06708803
CA_16153,2,0.005161012,0.05481544,0.9561380185186863,0.07184018
CA_16153,3,0.0066748844,0.059399407,0.9432535730302334,0.08169997
CA_16153,4,0.009307133,0.06885839,0.9208497777581215,0.096473485
CA_16153,5,0.011153076,0.07818729,0.9051204845309258,0.10560812
CA_16153,6,0.01113835,0.08378763,0.9052181765437126,0.10553838
CA_16153,7,0.014980366,0.09691361,0.8724873811006546,0.12239431
CA_16153,8,0.022350492,0.115138315,0.8096975833177567,0.1495008
CA_16153,9,0.026814451,0.12317707,0.7716228067874908,0.16375118
CA_16153,10,0.02750196,0.12614372,0.7656844556331635,0.16583715
CA_16158,1,0.045470864,0.11482512,0.9672640636563301,0.21323898
CA_16158,2,0.06810791,0.1362579,0.950964480638504,0.2609749
CA_16158,3,0.094050504,0.15969427,0.9322832673788071,0.30667654
CA_16158,4,0.11990281,0.18529485,0.9136652275919914,0.34626985
CA_16158,5,0.14331746,0.20765193,0.8968006148934364,0.37857294
CA_16158,6,0.16555917,0.22656521,0.8807789608836174,0.40688962
CA_16158,7,0.18202695,0.23802526,0.8689137846231461,0.42664617
CA_16158,8,0.19964139,0.24873728,0.8562216311693192,0.44681248
CA_16158,9,0.21715374,0.26409084,0.8436017483472824,0.46599758
CA_16158,10,0.23657553,0.27759874,0.8296053260564804,0.4863903
CA_16159,1,0.0037397486,0.03482741,0.8079787194728851,0.061153483
CA_16159,2,0.0055313464,0.04007156,0.7159872651100159,0.07437302
CA_16159,3,0.0067634946,0.042724147,0.6527319550514221,0.08224047
CA_16159,4,0.008166567,0.04946346,0.5807047486305237,0.09036906
CA_16159,5,0.009660556,0.055882286,0.5040141940116882,0.09828813
CA_16159,6,0.010763113,0.05892428,0.4474073648452759,0.10374542
CA_16159,7,0.011787013,0.060907345,0.3948391079902649,0.10856801
CA_16159,8,0.013220659,0.06503956,0.3212544918060303,0.11498113
CA_16159,9,0.01445425,0.06950741,0.2579772472381592,0.12022583
CA_16159,10,0.015115835,0.070203945,0.22403788566589355,0.12294647
CA_16160,1,0.023047823,0.09837727,0.9770178906619549,0.1518151
CA_16160,2,0.043016188,0.12401381,0.957104604691267,0.20740344
CA_16160,3,0.06532258,0.14454915,0.9348580241203308,0.2555828
CA_16160,4,0.08835688,0.17085439,0.9118821248412132,0.29724887
CA_16160,5,0.110433206,0.1976383,0.8898589238524437,0.3323149
CA_16160,6,0.12207359,0.21177056,0.8782440423965454,0.3493903
CA_16160,7,0.13924745,0.22815171,0.8611088544130325,0.37315875
CA_16160,8,0.17031878,0.25532815,0.8301111161708832,0.41269696
CA_16160,9,0.18905911,0.27212003,0.8114114850759506,0.43480927
CA_16160,10,0.20121092,0.28058648,0.7992846369743347,0.4485654
CA_16161,1,0.04118991,0.12723136,0.9682557843625546,0.20295297
CA_16161,2,0.07533063,0.15821226,0.941947516053915,0.27446425
CA_16161,3,0.10680037,0.18114196,0.917700469493866,0.32680327
CA_16161,4,0.14131449,0.21416391,0.8911103159189224,0.3759182
CA_16161,5,0.17285785,0.24034944,0.8668121844530106,0.41576177
CA_16161,6,0.19235387,0.25692484,0.8517987877130508,0.43858168
CA_16161,7,0.2197006,0.27787587,0.830738753080368,0.4687223
CA_16161,8,0.26603898,0.31197652,0.7950504571199417,0.5157897
CA_16161,9,0.28661552,0.33102077,0.7792113274335861,0.53536487
CA_16161,10,0.30468115,0.34548855,0.7653081119060516,0.5519793
CA_17050,1,0.0086135585,0.05437797,0.9708597399294376,0.09280926
CA_17050,2,0.013735708,0.06277587,0.9535317495465279,0.117199436
CA_17050,3,0.02063725,0.07578278,0.930183656513691,0.1436567
CA_17050,4,0.02788119,0.08614028,0.9056784063577652,0.16697662
CA_17050,5,0.035540983,0.09780274,0.8797654435038567,0.18852316
CA_17050,6,0.042149797,0.10897743,0.8574061393737793,0.20530416
CA_17050,7,0.047704253,0.116383456,0.8386131972074509,0.21841304
CA_17050,8,0.054251235,0.12443773,0.8164642602205276,0.23291895
CA_17050,9,0.058886036,0.12902093,0.8007717281579971,0.24266446
CA_17050,10,0.064001754,0.13325223,0.7834557443857193,0.2529857
CA_17077,1,0.6328669,0.35937643,0.8745307773351669,0.7955293
CA_17077,2,0.82511,0.4337292,0.8364470601081848,0.90835565
CA_17077,3,0.9423625,0.47119302,0.8132350146770477,0.97075355
CA_17077,4,1.0984945,0.5226547,0.782330796122551,1.0480909
CA_17077,5,1.2279782,0.576045,0.7567135542631149,1.1081418
CA_17077,6,1.2769678,0.5884378,0.747051864862442,1.13003
CA_17077,7,1.3343806,0.60976785,0.7357270419597626,1.155154
CA_17077,8,1.4403682,0.646036,0.7147846221923828,1.2001534
CA_17077,9,1.5350568,0.6763319,0.6960833668708801,1.2389741
CA_17077,10,1.6541955,0.6994377,0.6725521385669708,1.2861553
CA_17137,1,0.1100287,0.19625886,0.9040398970246315,0.33170575
CA_17137,2,0.16684492,0.23332776,0.8544845581054688,0.40846655
CA_17137,3,0.21249883,0.26316467,0.8146621584892273,0.46097594
CA_17137,4,0.25693214,0.295855,0.775902271270752,0.50688475
CA_17137,5,0.3016938,0.32475448,0.7368428707122803,0.5492666
CA_17137,6,0.33199176,0.34113008,0.7103902399539948,0.57618725
CA_17137,7,0.35946208,0.3558447,0.6864030659198761,0.59955156
CA_17137,8,0.39001217,0.3752439,0.6597613990306854,0.6245096
CA_17137,9,0.41344967,0.39304286,0.639385849237442,0.64300054
CA_17137,10,0.42282254,0.39746574,0.6312081813812256,0.65024805
CA_17150,1,0.365974,0.3054084,0.9385825283825397,0.6049579
CA_17150,2,0.49160498,0.3546157,0.9175146818161011,0.70114547
CA_17150,3,0.5758923,0.39627182,0.9033870622515678,0.7588757
CA_17150,4,0.6560503,0.43124184,0.8899563997983932,0.8099693
CA_17150,5,0.75852764,0.47290736,0.8727827817201614,0.8709349
CA_17150,6,0.83271635,0.5092271,0.8603813648223877,0.9125329
CA_17150,7,0.94177306,0.5609858,0.8421443104743958,0.9704499
CA_17150,8,1.1005372,0.616021,0.8155760020017624,1.0490649
CA_17150,9,1.1888074,0.6598419,0.8008259683847427,1.0903244
CA_17150,10,1.2486693,0.69457966,0.7908449620008469,1.1174387
CH_2009,1,0.26478404,0.35097048,0.9008213952183723,0.5145717
CH_2009,2,0.41947904,0.45478043,0.8429336100816727,0.647672
CH_2009,3,0.5044854,0.5070395,0.8111711740493774,0.71027136
CH_2009,4,0.5766153,0.54598856,0.7842903286218643,0.75935185
CH_2009,5,0.61355335,0.5594788,0.7705881297588348,0.78329647
CH_2009,6,0.62975925,0.5680378,0.7646109461784363,0.79357374
CH_2009,7,0.6423502,0.57662845,0.7599761337041855,0.80146754
CH_2009,8,0.7248693,0.61936444,0.7292947173118591,0.85139257
CH_2009,9,0.77495944,0.6444925,0.7107223272323608,0.8803178
CH_2009,10,0.8356644,0.6717971,0.6882718205451965,0.9141468
CH_2011,1,0.2340073,0.2832642,0.9421276710927486,0.483743
CH_2011,2,0.3465693,0.3612544,0.9142839759588242,0.58870137
CH_2011,3,0.4250479,0.41098863,0.8948808312416077,0.651957
CH_2011,4,0.52351964,0.46343747,0.8705390244722366,0.72354656
CH_2011,5,0.5920838,0.48849675,0.8535996824502945,0.7694698
CH_2011,6,0.6420985,0.5097616,0.8412396311759949,0.8013105
CH_2011,7,0.666275,0.5239522,0.8352673053741455,0.8162567
CH_2011,8,0.7429327,0.5615123,0.8163238763809204,0.86193544
CH_2011,9,0.7991952,0.58722574,0.8024233132600784,0.89397717
CH_2011,10,0.8705102,0.61163235,0.7848213762044907,0.93301135
CH_2018,1,0.30424845,0.3540265,0.9004405662417412,0.5515872
CH_2018,2,0.5642857,0.47429627,0.815399169921875,0.75118953
CH_2018,3,0.774523,0.57276815,0.7465965449810028,0.8800699
CH_2018,4,0.9647448,0.66376936,0.6843104064464569,0.9822142
CH_2018,5,1.1151261,0.72656643,0.6350545585155487,1.0559953
CH_2018,6,1.2061824,0.77700645,0.6052620708942413,1.0982634
CH_2018,7,1.2935303,0.8240811,0.5766891241073608,1.1373347
CH_2018,8,1.3960683,0.87243307,0.5431481599807739,1.1815534
CH_2018,9,1.4738489,0.9130994,0.5177064538002014,1.2140218
CH_2018,10,1.5200229,0.9406256,0.5026168823242188,1.232892
CH_2019,1,2.513516,0.99363285,0.8079736232757568,1.5854071
CH_2019,2,3.4326396,1.2140337,0.7376986145973206,1.8527384
CH_2019,3,3.6606555,1.2741922,0.720180869102478,1.913284
CH_2019,4,3.801179,1.3125007,0.7093266546726227,1.9496613
CH_2019,5,3.9181027,1.3327502,0.7003211081027985,1.9794198
CH_2019,6,3.8765352,1.3150904,0.7034246325492859,1.9688919
CH_2019,7,3.8426752,1.3112859,0.70594722032547,1.9602742
CH_2019,8,4.3310294,1.4217259,0.6685172021389008,2.0811126
CH_2019,9,4.57998,1.46887,0.6493401825428009,2.1400888
CH_2019,10,4.6930456,1.5085316,0.6405833959579468,2.166344
CH_2020,1,3.9594388,0.70624644,0.5513181090354919,1.9898338
CH_2020,2,5.594517,0.88565415,0.3658601641654968,2.3652732
CH_2020,3,6.1989207,0.969666,0.29722297191619873,2.4897633
CH_2020,4,6.466293,1.0414364,0.26677608489990234,2.5428905
CH_2020,5,6.6819305,1.0978049,0.24217599630355835,2.584943
CH_2020,6,6.861127,1.1240792,0.22168993949890137,2.6193752
CH_2020,7,6.948782,1.1485382,0.2115345597267151,2.6360543
CH_2020,8,7.111108,1.2088487,0.19290262460708618,2.666666
CH_2020,9,7.287466,1.2523549,0.17267155647277832,2.6995306
CH_2020,10,7.49641,1.2860423,0.14874136447906494,2.7379572
CH_2024,1,0.35680762,0.40159956,0.9119279161095619,0.5973337
CH_2024,2,0.55513906,0.5227053,0.8629903942346573,0.74507654
CH_2024,3,0.6771913,0.5838228,0.8329246789216995,0.8229163
CH_2024,4,0.7925527,0.6358494,0.804540678858757,0.8902543
CH_2024,5,0.85142577,0.65583014,0.7900877594947815,0.92272735
CH_2024,6,0.8895833,0.67205364,0.7807008475065231,0.9431772
CH_2024,7,0.9161475,0.68271124,0.7741910964250565,0.95715594
CH_2024,8,1.0397,0.73381835,0.7438493072986603,1.0196568
CH_2024,9,1.1262541,0.7697116,0.7226087152957916,1.0612512
CH_2024,10,1.2100521,0.799549,0.7021286487579346,1.1000237
CH_2033,1,2.2651567,0.67054063,0.7109962105751038,1.5050437
CH_2033,2,3.1662478,0.8278991,0.5960476100444794,1.7793953
CH_2033,3,3.527168,0.921782,0.5500365793704987,1.8780756
CH_2033,4,3.761006,0.98937315,0.5201845467090607,1.9393314
CH_2033,5,3.924586,1.0339798,0.49936747550964355,1.9810568
CH_2033,6,4.05973,1.0643835,0.48214733600616455,2.014877
CH_2033,7,4.1608424,1.0974927,0.46924644708633423,2.0398142
CH_2033,8,4.3429008,1.1553826,0.4460837244987488,2.0839627
CH_2033,9,4.5025873,1.197883,0.42582088708877563,2.1219301
CH_2033,10,4.6964664,1.2344518,0.4011845588684082,2.1671333
CH_2056,1,1.9350336,0.59827006,0.8318099975585938,1.3910549
CH_2056,2,2.744574,0.7635729,0.7613932192325592,1.6566756
CH_2056,3,3.1476214,0.8779208,0.7262800931930542,1.7741537
CH_2056,4,3.4412284,0.9683934,0.7006748914718628,1.8550549
CH_2056,5,3.6226404,1.0141424,0.6848163902759552,1.9033235
CH_2056,6,3.7007327,1.0484707,0.6779484152793884,1.9237288
CH_2056,7,3.8241665,1.0896883,0.6671217083930969,1.9555477
CH_2056,8,4.0188704,1.1439272,0.650087833404541,2.004712
CH_2056,9,4.1550527,1.1819267,0.638150542974472,2.0383947
CH_2056,10,4.3381457,1.2320445,0.6221211850643158,2.0828216
CH_2067,1,0.6400462,0.5212108,0.8182207196950912,0.80002886
CH_2067,2,0.8934965,0.6238786,0.746270090341568,0.94524944
CH_2067,3,0.9977096,0.65215945,0.7168123424053192,0.9988541
CH_2067,4,1.0671734,0.67264557,0.6971792578697205,1.0330409
CH_2067,5,1.1391695,0.68737423,0.6767716705799103,1.0673188
CH_2067,6,1.2026153,0.70598537,0.6587739586830139,1.0966382
CH_2067,7,1.1621859,0.69174814,0.6704106628894806,1.0780473
CH_2067,8,1.3367587,0.7500626,0.6210496425628662,1.1561829
CH_2067,9,1.4483128,0.78251,0.5894810855388641,1.2034587
CH_2067,10,1.5322601,0.8052148,0.5658871531486511,1.237845
CH_2078,1,0.7490719,0.38138136,0.8057222664356232,0.8654894
CH_2078,2,1.1237205,0.48848754,0.708566278219223,1.0600568
CH_2078,3,1.3474599,0.5611756,0.6506025493144989,1.1608014
CH_2078,4,1.4942967,0.6316826,0.612645298242569,1.2224143
CH_2078,5,1.5886557,0.6715959,0.5879968702793121,1.2604189
CH_2078,6,1.6585478,0.7014598,0.5697124302387238,1.2878462
CH_2078,7,1.727966,0.7373294,0.5515206456184387,1.3145212
CH_2078,8,1.8701533,0.8003482,0.5144339501857758,1.3675355
CH_2078,9,1.9751021,0.8382159,0.48700273036956787,1.4053832
CH_2078,10,2.0852556,0.8761631,0.45820969343185425,1.4440414
CH_2084,1,6.346481,1.2262404,0.6602310836315155,2.5192223
CH_2084,2,9.2345705,1.5702837,0.5056008100509644,3.0388436
CH_2084,3,10.788499,1.8206357,0.4223323464393616,3.284585
CH_2084,4,11.780655,1.9925936,0.3691229820251465,3.4322958
CH_2084,5,12.282893,2.0862615,0.34215080738067627,3.504696
CH_2084,6,12.5733,2.151327,0.3265036940574646,3.545885
CH_2084,7,12.849685,2.2293835,0.3117280602455139,3.5846457
CH_2084,8,13.081288,2.3081753,0.2992776036262512,3.6168063
CH_2084,9,13.232415,2.3573005,0.2911730408668518,3.6376386
CH_2084,10,13.368129,2.3999572,0.2838836908340454,3.6562452
CH_2085,1,0.24549572,0.3530213,0.870032012462616,0.49547526
CH_2085,2,0.44623008,0.4752776,0.763759434223175,0.6680046
CH_2085,3,0.59263194,0.5474483,0.6862536370754242,0.76982594
CH_2085,4,0.71154386,0.60889167,0.6233872175216675,0.8435306
CH_2085,5,0.8029404,0.6578607,0.5751610100269318,0.8960694
CH_2085,6,0.85192156,0.6779056,0.5494222640991211,0.922996
CH_2085,7,0.89779544,0.69981,0.5252207219600677,0.9475207
CH_2085,8,0.96588683,0.73489004,0.4892882704734802,0.9827954
CH_2085,9,1.0171628,0.76268405,0.4623541831970215,1.0085449
CH_2085,10,1.0324105,0.77002734,0.4546792507171631,1.0160761
CH_2087,1,4.4045134,0.5989721,0.657823383808136,2.0986931
CH_2087,2,5.6547484,0.72488606,0.5606582760810852,2.3779714
CH_2087,3,6.073947,0.79397815,0.5280483663082123,2.4645379
CH_2087,4,6.3100467,0.8665881,0.509674072265625,2.5119805
CH_2087,5,6.4876895,0.91535884,0.4958372116088867,2.5470943
CH_2087,6,6.7227645,0.9633726,0.47753530740737915,2.5928295
CH_2087,7,6.9234724,1.0081402,0.4618907570838928,2.6312492
CH_2087,8,7.1106358,1.047596,0.447304904460907,2.6665776
CH_2087,9,7.246702,1.0833598,0.43668532371520996,2.6919699
CH_2087,10,7.4236484,1.122567,0.42289620637893677,2.7246373
CH_2109,1,1.6766071,0.6007917,0.87795490026474,1.2948387
CH_2109,2,2.1768923,0.7500288,0.8415261209011078,1.4754295
CH_2109,3,2.6022427,0.8746621,0.810512900352478,1.6131468
CH_2109,4,2.9877796,0.9799432,0.7823987454175949,1.7285194
CH_2109,5,3.2679777,1.0422255,0.7619676887989044,1.8077549
CH_2109,6,3.3569567,1.0816902,0.7554714381694794,1.8321999
CH_2109,7,3.531456,1.1380708,0.7427421510219574,1.8792169
CH_2109,8,3.6623347,1.1896981,0.7331898212432861,1.9137228
CH_2109,9,3.744361,1.2246891,0.727199524641037,1.9350351
CH_2109,10,3.8263786,1.2454319,0.7212097942829132,1.9561131
CH_2110,1,0.35851246,0.3867563,0.9023377522826195,0.5987591
CH_2110,2,0.63739604,0.503917,0.8264241367578506,0.79837084
CH_2110,3,0.8732188,0.6048919,0.7621925622224808,0.9344618
CH_2110,4,1.0991436,0.7030089,0.7006376385688782,1.0484005
CH_2110,5,1.279912,0.7754339,0.6513942182064056,1.1313319
CH_2110,6,1.3937598,0.8297593,0.6204243302345276,1.1805761
CH_2110,7,1.4991629,0.8811831,0.5917537808418274,1.2244031
CH_2110,8,1.6174805,0.9359021,0.5595655739307404,1.2718021
CH_2110,9,1.7165357,0.98170704,0.5326174199581146,1.3101662
CH_2110,10,1.7723819,1.0104747,0.5174448788166046,1.3313084
CH_2117,1,0.026357379,0.091897234,0.9133620858192444,0.16234955
CH_2117,2,0.03664022,0.11217265,0.8795293867588043,0.19141635
CH_2117,3,0.04277344,0.12539952,0.8593128472566605,0.2068174
CH_2117,4,0.05085396,0.13932696,0.8326886147260666,0.22550823
CH_2117,5,0.058032632,0.14798777,0.8090340942144394,0.24089964
CH_2117,6,0.06221124,0.15596162,0.7952391803264618,0.24942182
CH_2117,7,0.06355015,0.16089837,0.7907776981592178,0.25209156
CH_2117,8,0.06767898,0.16854066,0.7771278470754623,0.26015183
CH_2117,9,0.07137451,0.17569675,0.7649077773094177,0.2671601
CH_2117,10,0.07717124,0.18511976,0.7457674741744995,0.2777971
CH_2135,1,0.27782044,0.3612694,0.9266253784298897,0.52708673
CH_2135,2,0.5608027,0.49688685,0.8518944382667542,0.74886763
CH_2135,3,0.7948338,0.5960471,0.7900639772415161,0.8915345
CH_2135,4,1.0044218,0.6821801,0.7346746325492859,1.0022085
CH_2135,5,1.1428717,0.73989993,0.6980845332145691,1.0690517
CH_2135,6,1.209233,0.77173007,0.6805694699287415,1.0996513
CH_2135,7,1.2703218,0.8003706,0.664457768201828,1.1270856
CH_2135,8,1.3463292,0.8345972,0.6443877220153809,1.1603143
CH_2135,9,1.3753117,0.8508549,0.6367270350456238,1.1727369
CH_2135,10,1.4024695,0.86422306,0.6295615434646606,1.184259
CH_2141,1,0.35517374,0.28185454,0.8992495611310005,0.59596455
CH_2141,2,0.48867285,0.33747464,0.8613556772470474,0.6990514
CH_2141,3,0.575017,0.3808341,0.8368114680051804,0.75829875
CH_2141,4,0.66479766,0.43188304,0.811292365193367,0.81535125
CH_2141,5,0.7545092,0.4744809,0.7857925891876221,0.8686249
CH_2141,6,0.8392785,0.5062816,0.7616894394159317,0.9161215
CH_2141,7,0.8941402,0.5343561,0.7460646629333496,0.94558984
CH_2141,8,0.9632615,0.5708875,0.7263764142990112,0.98145884
CH_2141,9,1.0347391,0.60281175,0.7060257792472839,1.0172213
CH_2141,10,1.1203488,0.63645285,0.6816375851631165,1.0584654
CH_2143,1,0.06493771,0.1571902,0.9179340526461601,0.25482878
CH_2143,2,0.114991255,0.20447741,0.8546896874904633,0.3391036
CH_2143,3,0.14736849,0.23759577,0.8137809634208679,0.38388604
CH_2143,4,0.17153117,0.26739743,0.7832547128200531,0.41416323
CH_2143,5,0.1920579,0.2958462,0.7573182433843613,0.4382441
CH_2143,6,0.20815912,0.31532684,0.7369924187660217,0.4562446
CH_2143,7,0.2227476,0.33118787,0.7185936868190765,0.47196144
CH_2143,8,0.240036,0.3531238,0.6968039572238922,0.48993468
CH_2143,9,0.25908074,0.3740538,0.6728114187717438,0.50899976
CH_2143,10,0.27201518,0.38656464,0.6565511226654053,0.5215508
CH_2151,1,0.92916334,0.4655708,0.7525999993085861,0.9639312
CH_2151,2,1.401164,0.6010145,0.6269283890724182,1.1837077
CH_2151,3,1.7106394,0.70093095,0.5445867776870728,1.3079141
CH_2151,4,1.9134376,0.7815017,0.4905703663825989,1.3832706
CH_2151,5,2.0281582,0.8342158,0.4600635766983032,1.4241341
CH_2151,6,2.095164,0.86276776,0.442338764667511,1.4474682
CH_2151,7,2.16415,0.89515424,0.4240773320198059,1.471105
CH_2151,8,2.2148707,0.92362136,0.41067755222320557,1.4882442
CH_2151,9,2.2628367,0.9411197,0.3980221152305603,1.5042728
CH_2151,10,2.3216872,0.9620654,0.38247305154800415,1.5237083
CH_2161,1,8.597497,1.3988669,0.9054685682058334,2.932149
CH_2161,2,9.408486,1.5594444,0.8965509086847305,3.0673256
CH_2161,3,10.952095,1.7299621,0.8795776143670082,3.309395
CH_2161,4,13.32263,1.9357135,0.853511780500412,3.6500177
CH_2161,5,14.721985,2.0481057,0.8381246775388718,3.8369238
CH_2161,6,15.336763,2.1055353,0.8313638120889664,3.916218
CH_2161,7,16.398506,2.2049131,0.8196885883808136,4.049507
CH_2161,8,16.983513,2.2780619,0.8132550567388535,4.1211057
CH_2161,9,17.5155,2.3260856,0.8074046522378922,4.185152
CH_2161,10,17.75951,2.3631065,0.8047207146883011,4.2142034
CH_2185,1,0.40101787,0.32446307,0.8984607011079788,0.6332597
CH_2185,2,0.61772215,0.40953016,0.8435798436403275,0.78595304
CH_2185,3,0.77057666,0.4842726,0.8048572987318039,0.87782496
CH_2185,4,0.9138368,0.5557,0.7685688436031342,0.9559481
CH_2185,5,1.0186013,0.60125136,0.7420134246349335,1.0092578
CH_2185,6,1.1015065,0.6319794,0.7210258543491364,1.0495268
CH_2185,7,1.16299,0.66140074,0.7054542005062103,1.0784202
CH_2185,8,1.252143,0.70688564,0.6828276813030243,1.118992
CH_2185,9,1.346675,0.73781973,0.6588776707649231,1.1604633
CH_2185,10,1.4585046,0.77832496,0.6305539608001709,1.2076856
CH_2200,1,1.5355539,0.6038356,0.8915646821260452,1.2391747
CH_2200,2,1.8613666,0.7157025,0.868554949760437,1.3643191
CH_2200,3,2.1727254,0.8191515,0.8465574681758881,1.4740168
CH_2200,4,2.519925,0.91958016,0.8220346868038177,1.5874273
CH_2200,5,2.7817543,0.96590585,0.8035487085580826,1.6678592
CH_2200,6,2.873878,1.0032686,0.7970493584871292,1.6952516
CH_2200,7,3.0509667,1.061463,0.7845481634140015,1.7467017
CH_2200,8,3.1925745,1.1036323,0.7745542824268341,1.7867777
CH_2200,9,3.2594695,1.1345335,0.7698380500078201,1.8054001
CH_2200,10,3.346844,1.1629701,0.763676717877388,1.8294382
CH_2239,1,0.00293601,0.019855766,0.672430157661438,0.054184962
CH_2239,2,0.0029337162,0.019351162,0.6727173626422882,0.05416379
CH_2239,3,0.002979266,0.018114273,0.66766756772995,0.05458265
CH_2239,4,0.0032178522,0.02179797,0.6410879790782928,0.056726117
CH_2239,5,0.0034249162,0.025718503,0.6180289387702942,0.058522783
CH_2239,6,0.0037326214,0.029037014,0.5837511420249939,0.06109518
CH_2239,7,0.003819654,0.02892949,0.5740862190723419,0.06180335
CH_2239,8,0.003853293,0.029744482,0.5703762173652649,0.062074896
CH_2239,9,0.0039787497,0.033015486,0.5564067363739014,0.06307733
CH_2239,10,0.0041169757,0.03363236,0.5410148501396179,0.06416366
CH_2262,1,2.0840242,0.5277704,0.8845159485936165,1.443615
CH_2262,2,3.04469,0.6819036,0.8312666863203049,1.7449039
CH_2262,3,3.608891,0.81052655,0.7999819070100784,1.8997082
CH_2262,4,4.082417,0.92963284,0.7737186700105667,2.0204992
CH_2262,5,4.481214,1.0247294,0.7515939921140671,2.1168878
CH_2262,6,4.6992035,1.0764556,0.7394897043704987,2.1677647
CH_2262,7,4.885211,1.1605985,0.7291572093963623,2.2102513
CH_2262,8,5.4136777,1.2650971,0.6998358964920044,2.3267312
CH_2262,9,5.7066345,1.306355,0.6835704445838928,2.3888564
CH_2262,10,5.9848394,1.3528916,0.6681214570999146,2.4463933
CH_2263,1,0.7858956,0.33020356,0.8773070126771927,0.8865075
CH_2263,2,1.0054003,0.39390752,0.8430172204971313,1.0026965
CH_2263,3,1.1169844,0.43409136,0.8255711644887924,1.0568748
CH_2263,4,1.2542429,0.48894927,0.804111123085022,1.1199299
CH_2263,5,1.403457,0.5393247,0.780779168009758,1.1846759
CH_2263,6,1.5565104,0.5820781,0.756841391324997,1.2476019
CH_2263,7,1.6291947,0.61690485,0.7454544603824615,1.2763991
CH_2263,8,1.7695122,0.6691315,0.7234960496425629,1.3302301
CH_2263,9,1.9026629,0.7142956,0.7026529610157013,1.3793705
CH_2263,10,2.0510316,0.7532309,0.6794258654117584,1.4321423
CH_2269,1,3.1039352,0.8343871,0.9112610220909119,1.7617989
CH_2269,2,3.7786312,0.99005365,0.8919671103358269,1.9438702
CH_2269,3,4.820542,1.1823992,0.8621707111597061,2.1955733
CH_2269,4,6.077257,1.3617574,0.8262301981449127,2.4652092
CH_2269,5,6.928625,1.4705139,0.8018776178359985,2.6322281
CH_2269,6,7.3034334,1.5380536,0.7911511361598969,2.7024865
CH_2269,7,7.8823986,1.6311767,0.7745846658945084,2.807561
CH_2269,8,8.308725,1.7116346,0.7623822540044785,2.8824859
CH_2269,9,8.499867,1.7432666,0.7569060921669006,2.9154532
CH_2269,10,8.801904,1.7795906,0.7482586205005646,2.9668002
CH_2346,1,1.530478,0.6916014,0.915930338203907,1.2371249
CH_2346,2,2.0197244,0.7960716,0.8890528529882431,1.4211701
CH_2346,3,2.2862341,0.8626073,0.8744116872549057,1.5120298
CH_2346,4,2.5685062,0.9375045,0.8588981181383133,1.602656
CH_2346,5,2.7570307,0.97888076,0.8485354632139206,1.6604309
CH_2346,6,2.9265788,1.0163525,0.8392140567302704,1.7107246
CH_2346,7,3.0121002,1.0493182,0.8345082700252533,1.7355403
CH_2346,8,3.2748294,1.0952243,0.8200706094503403,1.809649
CH_2346,9,3.4473538,1.1415787,0.8105869889259338,1.8567051
CH_2346,10,3.6987412,1.1937822,0.7967683970928192,1.9232112
CH_2351,1,0.23662806,0.33029068,0.8544401079416275,0.4864443
CH_2351,2,0.34948242,0.40601054,0.7849866896867752,0.5911704
CH_2351,3,0.4205137,0.44340706,0.7413722276687622,0.6484703
CH_2351,4,0.4808385,0.47590193,0.7043444216251373,0.6934252
CH_2351,5,0.52534395,0.49624017,0.6771618723869324,0.72480613
CH_2351,6,0.553983,0.5083163,0.6596955358982086,0.7443003
CH_2351,7,0.5737687,0.51599026,0.6475829780101776,0.7574752
CH_2351,8,0.615823,0.54496473,0.621839314699173,0.7847439
CH_2351,9,0.6355759,0.56083524,0.6097730100154877,0.7972301
CH_2351,10,0.6568631,0.5756153,0.5968250334262848,0.8104709
CH_2352,1,2.598519,0.6606935,0.6983681321144104,1.6119922
CH_2352,2,3.3572123,0.7938175,0.6102425754070282,1.8322697
CH_2352,3,3.6325545,0.86901003,0.5781957507133484,1.9059261
CH_2352,4,3.7568102,0.92324305,0.563697874546051,1.9382492
CH_2352,5,3.833962,0.94572264,0.5546724200248718,1.9580506
CH_2352,6,3.9557855,0.97876817,0.5404634773731232,1.9889157
CH_2352,7,3.952419,0.9907944,0.5407888293266296,1.9880692
CH_2352,8,3.9916656,1.013662,0.5361561477184296,1.9979153
CH_2352,9,4.1108894,1.0363581,0.5222324132919312,2.0275328
CH_2352,10,4.155502,1.06392,0.5169765949249268,2.0385048
CH_2355,1,0.5091742,0.33043757,0.9026341587305069,0.71356446
CH_2355,2,0.703154,0.39680666,0.8655204176902771,0.8385428
CH_2355,3,0.8449029,0.44997972,0.8383815139532089,0.919186
CH_2355,4,0.99021775,0.50784284,0.8105584979057312,0.99509686
CH_2355,5,1.1236033,0.552788,0.7850139290094376,1.0600016
CH_2355,6,1.2468218,0.5853934,0.761408656835556,1.1166117
CH_2355,7,1.3404758,0.6228468,0.7434544861316681,1.1577892
CH_2355,8,1.4615288,0.6722376,0.7202513217926025,1.208937
CH_2355,9,1.5833805,0.7126391,0.6968891322612762,1.2583245
CH_2355,10,1.7207155,0.7518345,0.6705576777458191,1.3117604
CH_2364,1,1.0595497,0.2636557,0.5176406502723694,1.0293443
CH_2364,2,1.3475876,0.30782422,0.38649576902389526,1.1608564
CH_2364,3,1.4541885,0.33733585,0.3379431962966919,1.2058973
CH_2364,4,1.5011224,0.3674513,0.31654924154281616,1.225203
CH_2364,5,1.5491533,0.3855898,0.29465627670288086,1.2446499
CH_2364,6,1.6155311,0.405823,0.2644110321998596,1.2710354
CH_2364,7,1.6649469,0.42009807,0.24187952280044556,1.2903283
CH_2364,8,1.7043358,0.4333722,0.2239205241203308,1.3055022
CH_2364,9,1.7368863,0.45345572,0.20906764268875122,1.3179098
CH_2364,10,1.7741771,0.46880808,0.19205224514007568,1.3319824
CH_2372,1,2.4614325,0.96087325,0.6745292246341705,1.5688953
CH_2372,2,3.5802789,1.1840842,0.5264587998390198,1.8921624
CH_2372,3,4.030816,1.2766402,0.46674299240112305,2.0076892
CH_2372,4,4.19724,1.3171535,0.44459211826324463,2.0487165
CH_2372,5,4.292566,1.3396348,0.43204694986343384,2.0718508
CH_2372,6,4.3548813,1.35725,0.4237189292907715,2.0868351
CH_2372,7,4.2678204,1.3561405,0.4351714849472046,2.0658703
CH_2372,8,4.5245256,1.421095,0.40119320154190063,2.1270933
CH_2372,9,4.7377844,1.4728065,0.3729737401008606,2.1766453
CH_2372,10,4.8367467,1.5020636,0.3598959445953369,2.1992605
CH_2387,1,1.3765447,0.6504072,0.6417422592639923,1.1732625
CH_2387,2,1.8539698,0.7686943,0.5174000561237335,1.3616056
CH_2387,3,2.0040507,0.80766773,0.4784349799156189,1.415645
CH_2387,4,2.095808,0.82566607,0.4546979069709778,1.4476906
CH_2387,5,2.2033424,0.8474735,0.42684435844421387,1.484366
CH_2387,6,2.2441087,0.84992343,0.4161865711212158,1.498035
CH_2387,7,2.2596686,0.84748006,0.41227632761001587,1.5032194
CH_2387,8,2.4783142,0.90959555,0.35558003187179565,1.5742662
CH_2387,9,2.6284664,0.9571146,0.31666386127471924,1.6212546
CH_2387,10,2.7297058,0.9774711,0.29057449102401733,1.6521821
CH_2410,1,0.93518794,0.44916883,0.755187064409256,0.96705115
CH_2410,2,1.4077201,0.5808163,0.6316095292568207,1.1864738
CH_2410,3,1.6680156,0.6561499,0.563592255115509,1.2915168
CH_2410,4,1.8207328,0.71456075,0.5236156284809113,1.3493453
CH_2410,5,1.9181033,0.7588338,0.4978988766670227,1.3849561
CH_2410,6,1.9991173,0.78970987,0.4763054847717285,1.4139014
CH_2410,7,2.0558996,0.8243115,0.4611443877220154,1.4338409
CH_2410,8,2.1115909,0.86079156,0.4463304281234741,1.4531314
CH_2410,9,2.1764143,0.8889301,0.4290914535522461,1.4752675
CH_2410,10,2.2443845,0.91383684,0.41095298528671265,1.498127
CH_2419,1,2.1751406,0.5149348,0.8622251451015472,1.4748358
CH_2419,2,2.8191855,0.63400805,0.8214204609394073,1.679043
CH_2419,3,3.1292918,0.7205004,0.8017649948596954,1.7689804
CH_2419,4,3.4555302,0.8171067,0.7810856103897095,1.8589057
CH_2419,5,3.7281597,0.8797579,0.7638023495674133,1.9308443
CH_2419,6,3.9383106,0.93223125,0.7504797726869583,1.9845177
CH_2419,7,4.0635757,0.98522514,0.7425367832183838,2.0158312
CH_2419,8,4.2336774,1.0358956,0.731753021478653,2.0575902
CH_2419,9,4.3678174,1.073729,0.7232478857040405,2.0899324
CH_2419,10,4.610531,1.130124,0.707862138748169,2.1472147
CH_2420,1,6.860862,0.8830123,0.5558739006519318,2.6193247
CH_2420,2,9.355286,1.0749288,0.39431512355804443,3.0586412
CH_2420,3,10.270354,1.1826559,0.33498960733413696,3.2047393
CH_2420,4,10.7776785,1.282358,0.3020232319831848,3.2829375
CH_2420,5,11.24856,1.3640624,0.2714102268218994,3.3538873
CH_2420,6,11.658973,1.4191614,0.24470990896224976,3.4145238
CH_2420,7,11.8046,1.4625661,0.23516660928726196,3.4357822
CH_2420,8,12.09281,1.5400871,0.2163969874382019,3.4774718
CH_2420,9,12.26214,1.5889482,0.20531773567199707,3.5017338
CH_2420,10,12.579738,1.63381,0.18467509746551514,3.5467925
CH_2469,1,1.0329107,0.49345076,0.8321833312511444,1.0163221
CH_2469,2,1.4697405,0.6446464,0.7612220644950867,1.2123286
CH_2469,3,1.73711,0.7420455,0.7177225947380066,1.3179947
CH_2469,4,1.9321103,0.8203386,0.685989648103714,1.3900037
CH_2469,5,2.0642438,0.8629154,0.6645150482654572,1.4367477
CH_2469,6,2.1051588,0.8893104,0.6579051315784454,1.4509165
CH_2469,7,2.1476004,0.9189945,0.6510255038738251,1.4654694
CH_2469,8,2.1757274,0.95269287,0.6464670598506927,1.4750347
CH_2469,9,2.2203615,0.9742415,0.6392317116260529,1.4900877
CH_2469,10,2.2862275,1.003402,0.628555566072464,1.5120276
CH_2473,1,0.6941133,0.4589412,0.8176719099283218,0.83313465
CH_2473,2,1.0765713,0.58400327,0.7171848118305206,1.0375795
CH_2473,3,1.2578702,0.6404369,0.6695575714111328,1.1215482
CH_2473,4,1.3565663,0.6820442,0.643621563911438,1.1647173
CH_2473,5,1.4380428,0.7104333,0.6222417056560516,1.1991842
CH_2473,6,1.480347,0.7346082,0.6111632585525513,1.2166951
CH_2473,7,1.5139394,0.752052,0.6023631393909454,1.2304225
CH_2473,8,1.5990129,0.7886257,0.5801265835762024,1.2645208
CH_2473,9,1.697213,0.81468064,0.5544171929359436,1.3027713
CH_2473,10,1.7796435,0.83654994,0.5328905582427979,1.3340328
CH_2481,1,2.0498335,0.7122097,0.8393986076116562,1.431724
CH_2481,2,3.1864965,0.9383915,0.7503140419721603,1.785076
CH_2481,3,3.8212287,1.0828288,0.7005020081996918,1.9547963
CH_2481,4,4.292564,1.1926605,0.6634723246097565,2.0718503
CH_2481,5,4.592233,1.2631037,0.6399591863155365,2.1429496
CH_2481,6,4.697181,1.3037438,0.6317310631275177,2.167298
CH_2481,7,4.8003187,1.3410267,0.6236757636070251,2.190963
CH_2481,8,4.951632,1.3931782,0.6118220686912537,2.2252264
CH_2481,9,5.0706263,1.420481,0.6025094091892242,2.251805
CH_2481,10,5.213436,1.4544802,0.5913144052028656,2.283295
CH_2491,1,1.8974159,0.6516465,0.8580378890037537,1.3774672
CH_2491,2,2.854702,0.84621173,0.7864668965339661,1.6895863
CH_2491,3,3.4288774,0.98486614,0.7435728907585144,1.8517228
CH_2491,4,3.8262112,1.0933272,0.7139135301113129,1.9560703
CH_2491,5,4.108278,1.1610018,0.692883312702179,2.0268886
CH_2491,6,4.194628,1.1936965,0.6864828765392303,2.048079
CH_2491,7,4.2329326,1.2260814,0.6836683452129364,2.0574093
CH_2491,8,4.4100266,1.281536,0.6704829931259155,2.1000063
CH_2491,9,4.515209,1.3164043,0.6626664698123932,2.1249022
CH_2491,10,4.6480517,1.3451874,0.6527840793132782,2.155934
CH_2494,1,3.9053674,0.6408117,0.5363657474517822,1.9762002
CH_2494,2,5.299867,0.7718091,0.37077635526657104,2.302144
CH_2494,3,5.7829967,0.8570973,0.3133760094642639,2.404786
CH_2494,4,6.016991,0.93640715,0.28554755449295044,2.4529555
CH_2494,5,6.14145,0.989271,0.2706925868988037,2.478195
CH_2494,6,6.2999353,1.0327694,0.2517591714859009,2.509967
CH_2494,7,6.439564,1.0649058,0.23509031534194946,2.5376296
CH_2494,8,6.545913,1.0975747,0.22242742776870728,2.5584981
CH_2494,9,6.6446157,1.1277866,0.21064114570617676,2.5777152
CH_2494,10,6.854572,1.1655545,0.18563616275787354,2.6181238
CH_2498,1,1.1829948,0.31720704,0.6690241694450378,1.0876557
CH_2498,2,1.5901259,0.38407052,0.5550795197486877,1.261002
CH_2498,3,1.7545604,0.43313992,0.5089836716651917,1.3245982
CH_2498,4,1.8411224,0.48407435,0.4846912622451782,1.3568797
CH_2498,5,1.8853811,0.5225159,0.47226184606552124,1.3730918
CH_2498,6,1.935171,0.5510214,0.458290159702301,1.3911042
CH_2498,7,1.9743408,0.5742616,0.4472852349281311,1.4051124
CH_2498,8,2.013497,0.60008943,0.4362906813621521,1.4189775
CH_2498,9,2.0632114,0.62679297,0.42234790325164795,1.4363884
CH_2498,10,2.1405287,0.65113556,0.40068042278289795,1.4630545
CH_2602,1,1.3538167,0.55722564,0.7276619374752045,1.1635363
CH_2602,2,1.8916429,0.67581344,0.6194855570793152,1.3753701
CH_2602,3,2.106144,0.7299226,0.5764043629169464,1.451256
CH_2602,4,2.2644267,0.7687854,0.5446414649486542,1.5048013
CH_2602,5,2.3890538,0.8069147,0.5196210443973541,1.5456564
CH_2602,6,2.4851449,0.8288987,0.5003167986869812,1.5764343
CH_2602,7,2.5369523,0.8527506,0.49004095792770386,1.5927813
CH_2602,8,2.7265372,0.91112244,0.4520694613456726,1.651223
CH_2602,9,2.87157,0.94835204,0.42309945821762085,1.6945708
CH_2602,10,2.9965065,0.9731697,0.39823687076568604,1.731042
CH_2605,1,40.85315,1.774096,0.3809381127357483,6.391647
CH_2605,2,53.324673,2.1796534,0.19190001487731934,7.3023744
CH_2605,3,57.748955,2.4324458,0.12475275993347168,7.599273
CH_2605,4,59.484314,2.6396103,0.0983572006225586,7.7126074
CH_2605,5,60.55499,2.789933,0.08204662799835205,7.7817087
CH_2605,6,61.713432,2.9011328,0.06440836191177368,7.8557897
CH_2605,7,62.320053,2.9709728,0.05513423681259155,7.894305
CH_2605,8,62.385384,3.0260835,0.054069340229034424,7.898442
CH_2605,9,63.017796,3.069555,0.04440891742706299,7.938375
CH_2605,10,64.11156,3.126758,0.02775675058364868,8.006969
CH_2617,1,0.07894294,0.14827153,0.9296904057264328,0.28096786
CH_2617,2,0.111890845,0.17542513,0.9003165289759636,0.33450088
CH_2617,3,0.13335681,0.19235611,0.8811537623405457,0.36518052
CH_2617,4,0.15535495,0.21904387,0.8615069091320038,0.3941509
CH_2617,5,0.17889747,0.2416277,0.8404755741357803,0.42296273
CH_2617,6,0.20013474,0.26053396,0.8214898854494095,0.4473642
CH_2617,7,0.21683806,0.27857867,0.8065325021743774,0.46565875
CH_2617,8,0.24771217,0.305093,0.7789213061332703,0.49770692
CH_2617,9,0.27324438,0.3262738,0.7560658603906631,0.52272785
CH_2617,10,0.29989716,0.3457793,0.7321985960006714,0.5476287
CH_3009,1,0.5043451,0.36937892,0.7312348484992981,0.7101726
CH_3009,2,0.7547072,0.46987748,0.5977613627910614,0.8687389
CH_3009,3,0.8759852,0.51514816,0.5330410301685333,0.9359408
CH_3009,4,0.9523276,0.5498209,0.49226462841033936,0.97587276
CH_3009,5,1.0133873,0.5783595,0.45971304178237915,1.0066714
CH_3009,6,1.0662019,0.5968881,0.4314647316932678,1.0325706
CH_3009,7,1.0970488,0.6159192,0.41492944955825806,1.047401
CH_3009,8,1.1277566,0.6367135,0.39850252866744995,1.0619588
CH_3009,9,1.1575447,0.6519496,0.38255608081817627,1.0758926
CH_3009,10,1.1824464,0.66599405,0.36906641721725464,1.0874035
CH_3033,1,0.46844396,0.47275123,0.8350053280591965,0.68442965
CH_3033,2,0.6787923,0.5721825,0.7610157430171967,0.82388854
CH_3033,3,0.7785139,0.60745984,0.7258900105953217,0.88233435
CH_3033,4,0.87286144,0.6315018,0.692922979593277,0.93427056
CH_3033,5,0.96512717,0.6511467,0.6607309877872467,0.9824089
CH_3033,6,1.0313957,0.6684191,0.6375040113925934,1.0155765
CH_3033,7,1.0254383,0.67478573,0.639580488204956,1.0126393
CH_3033,8,1.1980029,0.7384434,0.5789704620838165,1.0945332
CH_3033,9,1.3006917,0.77913755,0.5430505573749542,1.1404787
CH_3033,10,1.3764796,0.79675424,0.5165838003158569,1.1732347
CH_4010,1,0.03775226,0.13732365,0.9689578358083963,0.1942994
CH_4010,2,0.047224447,0.15314564,0.9611788615584373,0.21731186
CH_4010,3,0.0586521,0.17137755,0.9517971724271774,0.24218196
CH_4010,4,0.071095996,0.19043547,0.9415838494896889,0.2666383
CH_4010,5,0.08405942,0.20952967,0.9309475049376488,0.28993002
CH_4010,6,0.09019509,0.22138391,0.9259221479296684,0.30032498
CH_4010,7,0.09816379,0.23346376,0.9193935617804527,0.313311
CH_4010,8,0.11320746,0.25182387,0.9070574343204498,0.33646315
CH_4010,9,0.12809183,0.2710814,0.8948515877127647,0.3578992
CH_4010,10,0.13962717,0.28631812,0.8853837549686432,0.3736672
CL_10100002,1,0.5600055,0.48091713,0.9309607818722725,0.7483351
CL_10100002,2,0.8875615,0.5659236,0.8894916251301765,0.9421048
CL_10100002,3,1.2775191,0.6478618,0.8396141082048416,1.1302739
CL_10100002,4,1.639297,0.71782774,0.7928380817174911,1.2803503
CL_10100002,5,2.0136166,0.8023473,0.7441785037517548,1.4190196
CL_10100002,6,2.4317815,0.8984577,0.6898577213287354,1.559417
CL_10100002,7,2.8345222,0.9835813,0.6375813484191895,1.683604
CL_10100002,8,3.105226,1.0311856,0.6024634540081024,1.7621652
CL_10100002,9,3.3308256,1.0797654,0.5733708739280701,1.825055
CL_10100002,10,3.6170776,1.1373277,0.536653995513916,1.9018617
CL_10102001,1,20.432108,1.81736,0.7080056965351105,4.520189
CL_10102001,2,35.86499,2.457807,0.48576653003692627,5.9887385
CL_10102001,3,44.339542,2.8989294,0.3637241721153259,6.6587944
CL_10102001,4,49.670216,3.1996727,0.2873273491859436,7.04771
CL_10102001,5,53.51218,3.3929484,0.23166370391845703,7.315202
CL_10102001,6,55.93379,3.5059018,0.19655436277389526,7.4788895
CL_10102001,7,56.979908,3.6007514,0.18159538507461548,7.548504
CL_10102001,8,57.507816,3.6512024,0.17417806386947632,7.5833907
CL_10102001,9,57.654617,3.725652,0.17234599590301514,7.593064
CL_10102001,10,58.202923,3.766798,0.16491222381591797,7.629084
CL_10111001,1,0.8643947,0.5581605,0.9454347789287567,0.9297283
CL_10111001,2,1.3677665,0.6902854,0.9134946465492249,1.1695155
CL_10111001,3,1.9052001,0.803876,0.8793538734316826,1.3802899
CL_10111001,4,2.4560554,0.9229165,0.844346284866333,1.5671808
CL_10111001,5,3.0284405,1.0517745,0.8080506026744843,1.7402415
CL_10111001,6,3.889423,1.18791,0.753525897860527,1.972162
CL_10111001,7,4.5244837,1.2719531,0.7133822739124298,2.1270833
CL_10111001,8,5.000888,1.3396914,0.683333545923233,2.2362666
CL_10111001,9,5.4808135,1.422533,0.6534305810928345,2.3411138
CL_10111001,10,6.2555046,1.5294287,0.6050917506217957,2.5011008
CL_10121001,1,1.8007969,0.51650286,0.8928737863898277,1.3419378
CL_10121001,2,3.9422567,0.7445821,0.7654601633548737,1.9855117
CL_10121001,3,5.5248294,0.9179413,0.6712421476840973,2.3504956
CL_10121001,4,6.7737193,1.0656239,0.5968292951583862,2.602637
CL_10121001,5,7.7609787,1.1938754,0.5379488170146942,2.7858534
CL_10121001,6,8.565723,1.2854972,0.4899006485939026,2.9267256
CL_10121001,7,9.178473,1.3458333,0.45324236154556274,3.0295997
CL_10121001,8,9.617811,1.4079081,0.42683762311935425,3.1012597
CL_10121001,9,10.035862,1.4635085,0.40170252323150635,3.1679428
CL_10121001,10,10.520715,1.5160909,0.3725886344909668,3.243565
CL_10122001,1,1.9476744,0.69181293,0.9208005964756012,1.395591
CL_10122001,2,3.5073733,0.8543159,0.8574781715869904,1.8727982
CL_10122001,3,4.664241,0.9982532,0.8111862987279892,2.1596854
CL_10122001,4,5.5910625,1.1418735,0.774263009428978,2.3645427
CL_10122001,5,6.3376355,1.2671618,0.7448440790176392,2.517466
CL_10122001,6,7.650614,1.4039538,0.692977637052536,2.7659743
CL_10122001,7,8.558358,1.5120405,0.657365083694458,2.9254673
CL_10122001,8,9.189963,1.5978224,0.6327909231185913,3.0314953
CL_10122001,9,9.9517145,1.6943394,0.6029841005802155,3.1546338
CL_10122001,10,11.128762,1.8063174,0.5559347569942474,3.33598
CL_10134001,1,1.4663175,0.48618275,0.8966542184352875,1.210916
CL_10134001,2,2.7797415,0.652399,0.8038743138313293,1.6672556
CL_10134001,3,3.9202752,0.7913171,0.7215045690536499,1.9799684
CL_10134001,4,4.7929463,0.9164375,0.6577370762825012,2.1892798
CL_10134001,5,5.3652296,1.0215002,0.6154555976390839,2.3162966
CL_10134001,6,5.9475884,1.097475,0.5727805495262146,2.438768
CL_10134001,7,6.3423915,1.1531984,0.5437350571155548,2.5184104
CL_10134001,8,6.533441,1.201789,0.5294854640960693,2.5560596
CL_10134001,9,6.845626,1.2425858,0.506635308265686,2.6164148
CL_10134001,10,7.1738033,1.290892,0.482616662979126,2.6783957
CL_10137001,1,1.487499,0.45984554,0.8664710819721222,1.2196307
CL_10137001,2,2.7828453,0.6325984,0.7502663880586624,1.6681862
CL_10137001,3,3.8843138,0.7709093,0.6514397263526917,1.9708662
CL_10137001,4,4.7697396,0.8887705,0.5714498162269592,2.1839733
CL_10137001,5,5.4647894,0.99393666,0.5074310600757599,2.337689
CL_10137001,6,6.1273155,1.0637546,0.4463263154029846,2.4753416
CL_10137001,7,6.6378126,1.1125544,0.39933985471725464,2.5763953
CL_10137001,8,7.019317,1.1719525,0.3642367720603943,2.6493993
CL_10137001,9,7.3639483,1.2239379,0.3326086401939392,2.7136595
CL_10137001,10,7.6996026,1.267081,0.301805317401886,2.7748158
CL_10140001,1,14.12409,1.226352,0.6970745325088501,3.758203
CL_10140001,2,21.968271,1.613739,0.5306266248226166,4.687032
CL_10140001,3,26.164412,1.8745407,0.4418373107910156,5.115116
CL_10140001,4,28.596542,2.0581455,0.3908497095108032,5.3475733
CL_10140001,5,30.40431,2.2088473,0.3536365032196045,5.5140104
CL_10140001,6,32.423313,2.3241212,0.31433624029159546,5.694147
CL_10140001,7,34.045135,2.4162886,0.2875909209251404,5.8348207
CL_10140001,8,35.511765,2.539694,0.27027225494384766,5.9591746
CL_10140001,9,36.652332,2.6246574,0.2566465139389038,6.054117
CL_10140001,10,38.01658,2.703739,0.23708629608154297,6.1657586
CL_10142003,1,21.449781,1.2793841,0.580607146024704,4.631391
CL_10142003,2,32.551826,1.7612576,0.3635191321372986,5.705421
CL_10142003,3,36.609074,1.9938235,0.2879103422164917,6.0505433
CL_10142003,4,39.8501,2.1716478,0.23607569932937622,6.3126936
CL_10142003,5,41.8643,2.3143682,0.19975095987319946,6.4702625
CL_10142003,6,43.303123,2.399326,0.17228776216506958,6.580511
CL_10142003,7,43.916714,2.458025,0.1616484522819519,6.626969
CL_10142003,8,43.822872,2.5210278,0.16179120540618896,6.6198845
CL_10142003,9,42.05731,2.5373237,0.16724246740341187,6.485161
CL_10142003,10,41.251022,2.5584288,0.16367793083190918,6.422696
CL_10304001,1,1.281224,0.76592076,0.9288676977157593,1.1319116
CL_10304001,2,2.5609407,0.9800013,0.854865238070488,1.600294
CL_10304001,3,3.8965235,1.1625965,0.7755486816167831,1.9739614
CL_10304001,4,4.9699516,1.3313544,0.7086503803730011,2.229339
CL_10304001,5,5.7847657,1.4894888,0.6526657938957214,2.405154
CL_10304001,6,6.563074,1.6341374,0.5973140895366669,2.5618498
CL_10304001,7,7.2009096,1.7374783,0.5518075525760651,2.6834512
CL_10304001,8,7.7743087,1.8303224,0.5120385885238647,2.7882447
CL_10304001,9,8.238301,1.9139227,0.47986191511154175,2.870244
CL_10304001,10,8.737283,1.9790103,0.4457995295524597,2.9558895
CL_10305001,1,37.43617,2.2145338,0.6148130297660828,6.1185102
CL_10305001,2,59.826233,3.0022557,0.3846104145050049,7.734742
CL_10305001,3,68.267395,3.439994,0.29890090227127075,8.262408
CL_10305001,4,74.43826,3.7339725,0.23483628034591675,8.627761
CL_10305001,5,79.06005,3.9391499,0.18737447261810303,8.891572
CL_10305001,6,81.590515,4.0637302,0.16292989253997803,9.032747
CL_10305001,7,82.474846,4.1240253,0.15433472394943237,9.081566
CL_10305001,8,83.54154,4.1878896,0.14318442344665527,9.140106
CL_10305001,9,84.12541,4.2609177,0.13681191205978394,9.17199
CL_10305001,10,85.707245,4.320775,0.12082898616790771,9.257821
CL_10306001,1,8.243277,1.0897466,0.6363120079040527,2.8711107
CL_10306001,2,13.217898,1.4541465,0.4068904519081116,3.6356428
CL_10306001,3,15.280546,1.6631229,0.310049831867218,3.909034
CL_10306001,4,16.859388,1.8360902,0.25060415267944336,4.1060185
CL_10306001,5,19.049318,1.9694811,0.20663738250732422,4.3645525
CL_10306001,6,20.567444,2.0712695,0.18741834163665771,4.5351343
CL_10306001,7,21.600836,2.1614087,0.17061245441436768,4.64767
CL_10306001,8,22.10032,2.2225199,0.15943163633346558,4.701098
CL_10306001,9,22.236845,2.2664156,0.15961021184921265,4.7155957
CL_10306001,10,22.233742,2.2595842,0.1497858762741089,4.7152667
CL_10328001,1,1.2493469,0.5542059,0.8882801085710526,1.1177418
CL_10328001,2,2.3263252,0.729894,0.7926088869571686,1.5252296
CL_10328001,3,2.931356,0.84077597,0.7392433285713196,1.7121203
CL_10328001,4,3.4788241,0.94729215,0.6909767091274261,1.8651606
CL_10328001,5,3.9613333,1.0448929,0.6483917832374573,1.9903098
CL_10328001,6,4.4697843,1.1305196,0.6035972535610199,2.1141865
CL_10328001,7,4.833874,1.199398,0.5712859928607941,2.1986074
CL_10328001,8,5.105007,1.2533667,0.5471498966217041,2.2594264
CL_10328001,9,5.3066506,1.3101877,0.5292943120002747,2.3036168
CL_10328001,10,5.631041,1.3787781,0.5006651878356934,2.3729815
CL_10340001,1,0.3957806,0.47434068,0.9662133269011974,0.62911093
CL_10340001,2,0.53724277,0.5420153,0.9538406766951084,0.73296845
CL_10340001,3,0.6389848,0.5736343,0.9447369314730167,0.7993652
CL_10340001,4,0.8149651,0.63696605,0.9290605261921883,0.9027542
CL_10340001,5,1.0360456,0.723475,0.9092591181397438,1.0178633
CL_10340001,6,1.2488669,0.7918155,0.8899505734443665,1.1175271
CL_10340001,7,1.410584,0.8345304,0.8749510496854782,1.1876801
CL_10340001,8,1.5680964,0.8850829,0.8601507246494293,1.2522366
CL_10340001,9,1.7788064,0.95148045,0.8404125869274139,1.333719
CL_10340001,10,1.9700657,0.9974263,0.8222168385982513,1.4035903
CL_10343001,1,20.018995,1.6315234,0.6179538369178772,4.4742594
CL_10343001,2,32.644093,2.2290847,0.37824034690856934,5.713501
CL_10343001,3,38.732353,2.663202,0.26966798305511475,6.223532
CL_10343001,4,42.68792,3.0131285,0.19868159294128418,6.5335994
CL_10343001,5,44.872723,3.2389057,0.15825241804122925,6.6987104
CL_10343001,6,46.04467,3.3637116,0.1386062502861023,6.785622
CL_10343001,7,46.955856,3.438271,0.13166743516921997,6.852434
CL_10343001,8,47.75126,3.4949572,0.12051087617874146,6.9102287
CL_10343001,9,48.478348,3.5574067,0.10801821947097778,6.9626393
CL_10343001,10,49.11242,3.581946,0.09631228446960449,7.008025
CL_10351001,1,0.70900345,0.36236486,0.8756934776902199,0.84202343
CL_10351001,2,1.3684574,0.50337374,0.757246345281601,1.1698109
CL_10351001,3,1.8797063,0.62858355,0.6625077128410339,1.3710238
CL_10351001,4,2.2133412,0.72464997,0.5924279987812042,1.4877303
CL_10351001,5,2.583033,0.81425005,0.5280002951622009,1.6071817
CL_10351001,6,2.9873638,0.8806387,0.4688569903373718,1.7283992
CL_10351001,7,3.2957754,0.93265927,0.42411255836486816,1.8154271
CL_10351001,8,3.4844985,0.97887427,0.3975483775138855,1.8666811
CL_10351001,9,3.6764336,1.0168092,0.3681820034980774,1.9174029
CL_10351001,10,3.868524,1.0447942,0.3378618359565735,1.9668564
CL_10356001,1,1.94685,0.39782643,0.8125832229852676,1.3952956
CL_10356001,2,3.464272,0.5447369,0.6665166318416595,1.8612555
CL_10356001,3,4.6545277,0.67767614,0.5519500076770782,2.1574354
CL_10356001,4,5.4282475,0.788733,0.47748464345932007,2.32986
CL_10356001,5,5.934324,0.8831285,0.42878544330596924,2.4360468
CL_10356001,6,6.4079175,0.94682497,0.38321512937545776,2.5313864
CL_10356001,7,6.7958403,0.9903418,0.3458956480026245,2.6068833
CL_10356001,8,7.0297823,1.0314567,0.3233989477157593,2.6513736
CL_10356001,9,7.22806,1.068285,0.3043321967124939,2.6885052
CL_10356001,10,7.469051,1.1062328,0.28115391731262207,2.7329564
CL_10362001,1,1.4251053,0.3524906,0.7620287984609604,1.1937778
CL_10362001,2,2.4169328,0.48981714,0.5965748131275177,1.5546488
CL_10362001,3,2.8182025,0.57366693,0.5197379291057587,1.6787503
CL_10362001,4,2.838348,0.62437147,0.4912737011909485,1.6847397
CL_10362001,5,3.008628,0.67702025,0.4536266326904297,1.7345396
CL_10362001,6,3.2868037,0.7143453,0.40215814113616943,1.8129544
CL_10362001,7,3.494841,0.7419289,0.36371833086013794,1.8694494
CL_10362001,8,3.6116114,0.76484895,0.34057486057281494,1.900424
CL_10362001,9,3.6856728,0.7858828,0.32020407915115356,1.9198107
CL_10362001,10,3.765308,0.8012721,0.29723501205444336,1.9404402
CL_10363002,1,0.8995552,0.3703728,0.8532285988330841,0.94844884
CL_10363002,2,1.8340616,0.5309923,0.7007337510585785,1.3542753
CL_10363002,3,2.5156846,0.646631,0.5893547236919403,1.586091
CL_10363002,4,2.9561763,0.7385663,0.5171476304531097,1.7193534
CL_10363002,5,3.2584205,0.81563807,0.46672379970550537,1.8051095
CL_10363002,6,3.5142314,0.86056423,0.4236859083175659,1.8746283
CL_10363002,7,3.7064118,0.88209623,0.39214831590652466,1.9252044
CL_10363002,8,3.807897,0.9108033,0.37994617223739624,1.9513834
CL_10363002,9,3.895777,0.934945,0.36747872829437256,1.9737723
CL_10363002,10,3.9850152,0.9550182,0.3532782196998596,1.9962503
CL_10364001,1,0.30955806,0.29917604,0.9563007280230522,0.55637944
CL_10364001,2,0.6928554,0.39312103,0.9018272086977959,0.8323794
CL_10364001,3,1.1302768,0.49570933,0.8391723036766052,1.0631448
CL_10364001,4,1.5087094,0.59163463,0.7844866961240768,1.2282953
CL_10364001,5,1.7807095,0.6738399,0.7446377575397491,1.3344322
CL_10364001,6,2.0543647,0.7381244,0.7039318382740021,1.4333055
CL_10364001,7,2.3158479,0.7931234,0.6652185916900635,1.521791
CL_10364001,8,2.5225942,0.83316684,0.6342403590679169,1.5882677
CL_10364001,9,2.7147353,0.8704347,0.6052289009094238,1.6476454
CL_10364001,10,2.9140184,0.9037728,0.5753263235092163,1.7070496
CL_10405002,1,35.503784,1.9130702,0.5818910896778107,5.958505
CL_10405002,2,51.015327,2.5152104,0.4028148651123047,7.1425014
CL_10405002,3,58.515213,2.9306662,0.3144262433052063,7.6495237
CL_10405002,4,62.83783,3.2073429,0.2638400197029114,7.9270315
CL_10405002,5,67.40219,3.4591053,0.21739178895950317,8.209884
CL_10405002,6,69.801056,3.5894985,0.1902923583984375,8.354703
CL_10405002,7,71.02139,3.6673748,0.17911535501480103,8.427419
CL_10405002,8,70.48952,3.7145042,0.16888952255249023,8.395803
CL_10405002,9,70.87997,3.8025649,0.16214889287948608,8.419024
CL_10405002,10,72.64754,3.8573995,0.13894522190093994,8.523353
CL_10432002,1,2.1899621,0.5550205,0.435077965259552,1.4798521
CL_10432002,2,2.991846,0.73197436,0.22814345359802246,1.7296953
CL_10432002,3,3.363646,0.81735283,0.13219106197357178,1.8340245
CL_10432002,4,3.5959308,0.87435377,0.07225805521011353,1.896294
CL_10432002,5,3.7219615,0.9029326,0.039896607398986816,1.9292386
CL_10432002,6,3.8161886,0.91539377,0.015654146671295166,1.9535067
CL_10432002,7,3.8847084,0.9269389,-0.00197601318359375,1.9709663
CL_10432002,8,3.9312406,0.94044924,-0.013929128646850586,1.9827356
CL_10432002,9,3.939409,0.9567465,-0.015535473823547363,1.9847945
CL_10432002,10,4.003053,0.9586306,-0.03173649311065674,2.0007632
CL_10514001,1,3.137161,0.93574864,0.7669143527746201,1.7712033
CL_10514001,2,5.3306804,1.2198384,0.6049438416957855,2.3088267
CL_10514001,3,6.962239,1.4515699,0.4881911277770996,2.6386054
CL_10514001,4,8.218689,1.6492176,0.3988179564476013,2.8668256
CL_10514001,5,9.300733,1.8001513,0.32256048917770386,3.0497103
CL_10514001,6,10.375476,1.9308366,0.24723654985427856,3.2210987
CL_10514001,7,11.132819,2.0314338,0.19321399927139282,3.336588
CL_10514001,8,11.678551,2.115386,0.15418148040771484,3.4173894
CL_10514001,9,12.146621,2.1899488,0.12021428346633911,3.4852002
CL_10514001,10,12.531512,2.2491071,0.09168851375579834,3.5399876
CL_10523002,1,5.240298,1.1002281,0.7447468042373657,2.2891698
CL_10523002,2,8.638485,1.4263331,0.5799510776996613,2.93913
CL_10523002,3,11.167502,1.6806594,0.4575235843658447,3.3417814
CL_10523002,4,13.095954,1.8828269,0.3642268776893616,3.6188333
CL_10523002,5,14.52668,2.0305557,0.2950102686882019,3.8113883
CL_10523002,6,15.772037,2.1445384,0.23474639654159546,3.9714024
CL_10523002,7,16.732977,2.235687,0.18829739093780518,4.090596
CL_10523002,8,17.42929,2.3136148,0.15470260381698608,4.17484
CL_10523002,9,18.083609,2.3955534,0.1230858564376831,4.2524824
CL_10523002,10,18.645395,2.4628756,0.09562569856643677,4.3180313
CL_11542001,1,0.5405978,0.43845016,0.6670049428939819,0.7352536
CL_11542001,2,0.6741544,0.49985746,0.5849787294864655,0.82106906
CL_11542001,3,0.72391224,0.530459,0.5539210736751556,0.8508303
CL_11542001,4,0.762942,0.560268,0.5295289754867554,0.87346554
CL_11542001,5,0.8120778,0.58724445,0.4993564486503601,0.9011536
CL_11542001,6,0.850634,0.60663897,0.47591811418533325,0.9222982
CL_11542001,7,0.8726177,0.62433624,0.46285200119018555,0.9341401
CL_11542001,8,0.89171183,0.64301354,0.4516561031341553,0.94430494
CL_11542001,9,0.9439348,0.6678645,0.42017465829849243,0.97156304
CL_11542001,10,0.97030747,0.6797531,0.40481477975845337,0.98504186
CL_12280002,1,7.3396196,1.3655868,0.8283344507217407,2.7091732
CL_12280002,2,10.438734,1.5642177,0.7556430399417877,3.230903
CL_12280002,3,12.998795,1.7891055,0.6954475939273834,3.605384
CL_12280002,4,15.465788,1.9962589,0.637247234582901,3.9326565
CL_12280002,5,17.374382,2.1638358,0.5920212268829346,4.1682587
CL_12280002,6,18.832418,2.3229058,0.5573588609695435,4.3396335
CL_12280002,7,19.857992,2.4506087,0.5327710509300232,4.4562306
CL_12280002,8,20.437338,2.5095718,0.5179555118083954,4.520767
CL_12280002,9,20.898058,2.5731344,0.5049654841423035,4.5714393
CL_12280002,10,20.994484,2.6161218,0.5010432302951813,4.581974
CL_12287001,1,18.243029,2.5385633,0.8457955420017242,4.271186
CL_12287001,2,23.873835,2.8150246,0.7981045842170715,4.886086
CL_12287001,3,28.53499,3.079012,0.758568525314331,5.3418155
CL_12287001,4,33.67189,3.368348,0.7149636149406433,5.8027487
CL_12287001,5,38.19257,3.6253474,0.6765381395816803,6.1800137
CL_12287001,6,42.323082,3.8859112,0.6413874328136444,6.505619
CL_12287001,7,44.981167,4.050758,0.6186786890029907,6.7068
CL_12287001,8,46.55504,4.1502185,0.6051425039768219,6.8231254
CL_12287001,9,48.409912,4.298206,0.5892220139503479,6.957723
CL_12287001,10,49.759937,4.422533,0.577578604221344,7.0540724
CL_12289001,1,0.9605811,0.5374469,0.857659637928009,0.9800924
CL_12289001,2,1.4944158,0.6637646,0.778276115655899,1.222463
CL_12289001,3,2.0017219,0.7883325,0.7021642625331879,1.4148222
CL_12289001,4,2.3906856,0.9026469,0.6418654322624207,1.5461842
CL_12289001,5,2.662865,0.98412484,0.6000243425369263,1.6318287
CL_12289001,6,2.9413264,1.0572377,0.5570916533470154,1.7150296
CL_12289001,7,3.230659,1.139577,0.5114091336727142,1.7974035
CL_12289001,8,3.523525,1.1998408,0.4630219340324402,1.8771055
CL_12289001,9,3.74924,1.258416,0.4249037504196167,1.9362954
CL_12289001,10,3.8782232,1.2903752,0.40278100967407227,1.9693205
CL_12289002,1,0.010484554,0.08062556,0.9703582227230072,0.10239411
CL_12289002,2,0.015421999,0.094685666,0.9564564675092697,0.12418534
CL_12289002,3,0.020822633,0.10589797,0.9412819407880306,0.14430049
CL_12289002,4,0.025438478,0.116989136,0.9283650144934654,0.15949444
CL_12289002,5,0.031616136,0.13042217,0.9110735803842545,0.17780927
CL_12289002,6,0.038021117,0.14193593,0.893151044845581,0.19499004
CL_12289002,7,0.045676332,0.15645647,0.8717638105154037,0.21372022
CL_12289002,8,0.053437874,0.1709976,0.8501192629337311,0.23116633
CL_12289002,9,0.0616646,0.1847034,0.8272138983011246,0.24832357
CL_12289002,10,0.067544125,0.19431143,0.8109294325113297,0.25989252
CL_12802001,1,0.009268414,0.037506014,0.8136224448680878,0.0962726
CL_12802001,2,0.017332733,0.051306903,0.6514075696468353,0.13165383
CL_12802001,3,0.022176033,0.060933407,0.5539100766181946,0.1489162
CL_12802001,4,0.02521012,0.06674929,0.4927390217781067,0.15877695
CL_12802001,5,0.027475175,0.07168136,0.4470635652542114,0.16575637
CL_12802001,6,0.02856132,0.07414256,0.4250892996788025,0.16900095
CL_12802001,7,0.029110014,0.07567585,0.4139314293861389,0.17061657
CL_12802001,8,0.029458228,0.077246174,0.4066026210784912,0.17163399
CL_12802001,9,0.029910082,0.07817656,0.3964611291885376,0.17294532
CL_12802001,10,0.029688213,0.07844966,0.395160973072052,0.17230268
CL_3404001,1,3.1529853e-05,0.002977948,0.9266092106699944,0.005615145
CL_3404001,2,3.861916e-05,0.003071996,0.9113292396068573,0.0062144315
CL_3404001,3,4.4833778e-05,0.0031450603,0.8987705484032631,0.006695803
CL_3404001,4,5.0581897e-05,0.003509025,0.8881553187966347,0.007112095
CL_3404001,5,5.8483234e-05,0.0037892452,0.8729002773761749,0.0076474333
CL_3404001,6,6.452408e-05,0.0038528065,0.8616954386234283,0.008032688
CL_3404001,7,6.6680004e-05,0.0038390255,0.8578554540872574,0.008165782
CL_3404001,8,6.4577245e-05,0.0037631572,0.8625557124614716,0.008035997
CL_3404001,9,6.764094e-05,0.0040136836,0.8564273715019226,0.008224411
CL_3404001,10,6.5452245e-05,0.0040884237,0.8614494204521179,0.008090256
CL_3414001,1,0.00033477705,0.0089261085,0.9441959336400032,0.018296914
CL_3414001,2,0.00044292986,0.009507259,0.9262590333819389,0.021045899
CL_3414001,3,0.0005102698,0.010196963,0.9150782153010368,0.02258915
CL_3414001,4,0.00057256833,0.01139185,0.9047128409147263,0.0239284
CL_3414001,5,0.00066329364,0.012791195,0.8895846158266068,0.025754487
CL_3414001,6,0.0007515069,0.013727425,0.8748567700386047,0.027413625
CL_3414001,7,0.0008137221,0.014208448,0.8644123673439026,0.028525814
CL_3414001,8,0.00086865993,0.014972166,0.8551501929759979,0.029473037
CL_3414001,9,0.0009416707,0.016030712,0.8428552895784378,0.030686652
CL_3414001,10,0.0011883568,0.017231306,0.8063025325536728,0.03447255
CL_3804002,1,0.0002167891,0.009786325,0.9652588479220867,0.01472376
CL_3804002,2,0.0003037882,0.011051773,0.9525365829467773,0.017429521
CL_3804002,3,0.00038613606,0.01127706,0.9410397000610828,0.019650346
CL_3804002,4,0.00051747746,0.013206447,0.9223447144031525,0.022748131
CL_3804002,5,0.0006832116,0.015325306,0.8989783897995949,0.026138317
CL_3804002,6,0.00083734514,0.016163714,0.877798356115818,0.028936917
CL_3804002,7,0.0009561688,0.01599551,0.8617213517427444,0.030921979
CL_3804002,8,0.0010989369,0.017002078,0.8423512279987335,0.03315022
CL_3804002,9,0.0012698838,0.018667517,0.8191760778427124,0.03563543
CL_3804002,10,0.001435897,0.019566108,0.7973229140043259,0.037893232
CL_3806001,1,8.594566e-05,0.0075715682,0.6991912722587585,0.0092706885
CL_3806001,2,0.00011308373,0.008793777,0.6042356789112091,0.010634083
CL_3806001,3,9.490575e-05,0.007863559,0.6675932109355927,0.009741958
CL_3806001,4,0.00012959687,0.009419776,0.5457224547863007,0.0113840625
CL_3806001,5,0.0001588595,0.01057971,0.4424348473548889,0.012603948
CL_3806001,6,0.00014716997,0.010146149,0.48278307914733887,0.012131363
CL_3806001,7,0.00010349964,0.00823477,0.635444849729538,0.010173477
CL_3806001,8,0.00010298617,0.008118765,0.6367659270763397,0.01014821
CL_3806001,9,0.00013416281,0.009502895,0.5261635780334473,0.011582867
CL_3806001,10,0.00014282507,0.009796108,0.4948797821998596,0.011950945
CL_3814003,1,0.0002625913,0.0110006975,0.9418338052928448,0.016204668
CL_3814003,2,0.00032753468,0.011889826,0.9274409636855125,0.018097918
CL_3814003,3,0.0003665511,0.011880694,0.9187894016504288,0.019145524
CL_3814003,4,0.00044106971,0.013755039,0.9022702127695084,0.02100166
CL_3814003,5,0.00054886506,0.016059171,0.8783686086535454,0.02342787
CL_3814003,6,0.00062611676,0.016869053,0.8612394779920578,0.025022326
CL_3814003,7,0.00070024474,0.016610766,0.8448374569416046,0.026462138
CL_3814003,8,0.000793495,0.017604979,0.8241989761590958,0.028169043
CL_3814003,9,0.0008775444,0.019030489,0.8055982887744904,0.029623376
CL_3814003,10,0.00092404924,0.019378364,0.7952482551336288,0.030398179
CL_4301002,1,0.0006604574,0.019511139,0.9817039500921965,0.025699366
CL_4301002,2,0.0008379368,0.019421542,0.9768567625433207,0.02894714
CL_4301002,3,0.0012576305,0.022304306,0.9653594084084034,0.035463087
CL_4301002,4,0.001722463,0.026005384,0.9526730813086033,0.041502565
CL_4301002,5,0.0020802908,0.027977215,0.9429752230644226,0.045610204
CL_4301002,6,0.0023307628,0.02929326,0.9362419992685318,0.048277974
CL_4301002,7,0.0028482098,0.03179979,0.9222488924860954,0.05336862
CL_4301002,8,0.0035436666,0.035118207,0.9034519642591476,0.059528705
CL_4301002,9,0.0040133665,0.037100323,0.8908543735742569,0.06335114
CL_4301002,10,0.0043462464,0.039054822,0.8820000663399696,0.06592607
CL_4308001,1,0.00013080328,0.008366807,0.9425770007073879,0.011436926
CL_4308001,2,0.00015200449,0.008657519,0.9331861510872841,0.01232901
CL_4308001,3,0.00017541164,0.009024678,0.9228116720914841,0.013244306
CL_4308001,4,0.00021969287,0.010524485,0.9033637493848801,0.01482204
CL_4308001,5,0.00026792337,0.011687088,0.8822391480207443,0.016368365
CL_4308001,6,0.00029491933,0.012146411,0.8706094175577164,0.017173216
CL_4308001,7,0.00032080617,0.012441739,0.8593839854001999,0.017911064
CL_4308001,8,0.00035800185,0.01322995,0.8429186046123505,0.018920938
CL_4308001,9,0.00041305073,0.0144322505,0.8186449706554413,0.020323649
CL_4308001,10,0.00044623896,0.015277718,0.8037533015012741,0.021124369
CL_4320001,1,0.00024912294,0.011255321,0.9747822917997837,0.015783628
CL_4320001,2,0.00029320997,0.011859158,0.9703140873461962,0.017123375
CL_4320001,3,0.00031192243,0.011534742,0.9684137366712093,0.017661326
CL_4320001,4,0.00036539018,0.013074528,0.9629925973713398,0.019115182
CL_4320001,5,0.000473508,0.01517077,0.9520330652594566,0.021760238
CL_4320001,6,0.000536923,0.015779208,0.9455986320972443,0.0231716
CL_4320001,7,0.00054863794,0.015096001,0.944400992244482,0.023423022
CL_4320001,8,0.0005862037,0.0154953245,0.9405826479196548,0.024211643
CL_4320001,9,0.00064800103,0.016715493,0.9343062192201614,0.025455864
CL_4320001,10,0.0006867505,0.017073454,0.9303643703460693,0.026205925
CL_4323001,1,0.00077546097,0.009814176,0.8572509735822678,0.0278471
CL_4323001,2,0.0010914744,0.011411572,0.7970473766326904,0.03303747
CL_4323001,3,0.0012397704,0.011471469,0.767140731215477,0.035210375
CL_4323001,4,0.0014725467,0.013927798,0.7208475172519684,0.038373776
CL_4323001,5,0.001718844,0.016498173,0.6710954010486603,0.041458946
CL_4323001,6,0.0018511623,0.017574655,0.641878753900528,0.043025136
CL_4323001,7,0.0019012418,0.01683032,0.6277708411216736,0.04360323
CL_4323001,8,0.0019686217,0.01722095,0.6099137365818024,0.044369154
CL_4323001,9,0.0020748044,0.01919119,0.5841735601425171,0.045550022
CL_4323001,10,0.002141047,0.019701453,0.566618412733078,0.04627145
CL_4400001,1,0.00036860246,0.01612924,-2.8854732513427734,0.019199023
CL_4400001,2,0.00027306768,0.013895363,-1.8943531513214111,0.01652476
CL_4400001,3,0.00023608506,0.012930572,-1.516296625137329,0.0153650595
CL_4400001,4,0.000253738,0.013337079,-1.7196168899536133,0.015929155
CL_4400001,5,0.00027057936,0.013746865,-1.9044873714447021,0.016449297
CL_4400001,6,0.0002607637,0.013388397,-1.8033487796783447,0.01614818
CL_4400001,7,0.00021259548,0.011954119,-1.288978099822998,0.014580654
CL_4400001,8,0.00019605085,0.011334885,-1.1140556335449219,0.014001816
CL_4400001,9,0.00020490112,0.011592403,-1.2128632068634033,0.014314367
CL_4400001,10,0.00019275611,0.011016173,-1.0848915576934814,0.013883663
CL_4503001,1,0.1636118,0.031620882,0.10816901922225952,0.40448955
CL_4503001,2,0.16955306,0.040691964,0.16339713335037231,0.4117682
CL_4503001,3,0.37309948,0.050591063,0.050581276416778564,0.6108187
CL_4503001,4,0.46954662,0.061465696,0.08821243047714233,0.6852347
CL_4503001,5,0.1988575,0.05269519,0.12385594844818115,0.4459344
CL_4503001,6,0.18870148,0.05293418,0.11594146490097046,0.43439785
CL_4503001,7,0.22005416,0.05509745,0.10687339305877686,0.4690993
CL_4503001,8,0.12538117,0.052023694,0.13106119632720947,0.35409203
CL_4503001,9,0.04425223,0.05120644,0.16234636306762695,0.21036215
CL_4503001,10,0.08826252,0.05796104,0.12798696756362915,0.29709008
CL_5401003,1,0.011146341,0.07462861,0.9728739410638809,0.10557623
CL_5401003,2,0.024867155,0.10614919,0.9396145604550838,0.15769322
CL_5401003,3,0.039953064,0.13304341,0.9031325355172157,0.19988263
CL_5401003,4,0.052730754,0.14806302,0.8724174350500107,0.22963178
CL_5401003,5,0.06460104,0.16068296,0.8438170850276947,0.25416735
CL_5401003,6,0.0751941,0.17200954,0.8181380033493042,0.27421543
CL_5401003,7,0.090515636,0.18879214,0.7810400873422623,0.30085817
CL_5401003,8,0.1053176,0.20445745,0.7453696429729462,0.32452673
CL_5401003,9,0.119032815,0.2190857,0.7127160727977753,0.34501132
CL_5401003,10,0.12449948,0.22619651,0.700465053319931,0.35284483
CL_5402001,1,0.046333622,0.11104873,0.8844408318400383,0.21525246
CL_5402001,2,0.07240796,0.13173255,0.8327528238296509,0.26908728
CL_5402001,3,0.10164236,0.15268049,0.7805040776729584,0.31881398
CL_5402001,4,0.12375126,0.17352253,0.747686505317688,0.35178298
CL_5402001,5,0.13880225,0.18966505,0.7308586835861206,0.37256172
CL_5402001,6,0.15630877,0.20035009,0.7119574248790741,0.39535904
CL_5402001,7,0.17380066,0.20625123,0.6945599615573883,0.41689408
CL_5402001,8,0.18818966,0.21439564,0.6842164695262909,0.43380833
CL_5402001,9,0.19844463,0.2305698,0.6780836582183838,0.44547126
CL_5402001,10,0.2051611,0.2368425,0.6784314513206482,0.4529471
CL_5701001,1,0.18169828,0.2306765,0.9358058720827103,0.4262608
CL_5701001,2,0.3009698,0.2891446,0.893541656434536,0.5486072
CL_5701001,3,0.41510084,0.3412844,0.8530186861753464,0.6442832
CL_5701001,4,0.49490047,0.36456156,0.8248824626207352,0.7034916
CL_5701001,5,0.5858095,0.3931263,0.7941022664308548,0.76538193
CL_5701001,6,0.67405623,0.41689396,0.7640918046236038,0.8210093
CL_5701001,7,0.7755478,0.44876513,0.7294286787509918,0.8806519
CL_5701001,8,0.89971757,0.49108294,0.6866010427474976,0.9485344
CL_5701001,9,1.0048556,0.52092564,0.6507940888404846,1.0024248
CL_5701001,10,1.0998653,0.54721326,0.6187227964401245,1.0487447
CL_5702001,1,0.030157164,0.09816945,0.9303668215870857,0.17365818
CL_5702001,2,0.049171105,0.11826095,0.8863531947135925,0.22174558
CL_5702001,3,0.06722818,0.136034,0.8449145406484604,0.259284
CL_5702001,4,0.08189426,0.15332453,0.8126621395349503,0.28617173
CL_5702001,5,0.094662525,0.16672622,0.786194235086441,0.30767277
CL_5702001,6,0.11174302,0.18244661,0.7520725429058075,0.33427984
CL_5702001,7,0.1396086,0.20078538,0.6960382461547852,0.37364236
CL_5702001,8,0.15827134,0.21591665,0.662380576133728,0.39783332
CL_5702001,9,0.17586751,0.2323432,0.6312017738819122,0.4193656
CL_5702001,10,0.18414165,0.24000473,0.6199704110622406,0.4291173
CL_5706001,1,0.3993264,0.17745627,0.6126983463764191,0.6319228
CL_5706001,2,0.51744366,0.20715357,0.49818336963653564,0.71933556
CL_5706001,3,0.6130102,0.23089133,0.40556514263153076,0.7829497
CL_5706001,4,0.6897929,0.25590378,0.33113497495651245,0.8305377
CL_5706001,5,0.74918014,0.2763555,0.2735462784767151,0.86555195
CL_5706001,6,0.7928026,0.28981492,0.23121267557144165,0.8903946
CL_5706001,7,0.8190193,0.29586223,0.2057591676712036,0.9049969
CL_5706001,8,0.84948665,0.30405787,0.1761789321899414,0.921676
CL_5706001,9,0.8695835,0.31344005,0.15663385391235352,0.9325146
CL_5706001,10,0.89297265,0.31753278,0.1339017152786255,0.9449723
CL_5707002,1,0.021392932,0.09055421,0.9444563873112202,0.14626323
CL_5707002,2,0.03814638,0.120045625,0.9011667519807816,0.19531098
CL_5707002,3,0.05445264,0.14495735,0.8592189997434616,0.23335089
CL_5707002,4,0.07145811,0.16445725,0.8154764622449875,0.2673165
CL_5707002,5,0.08748604,0.17750528,0.7745309323072433,0.2957804
CL_5707002,6,0.101548806,0.19074678,0.7389479875564575,0.31866723
CL_5707002,7,0.11690829,0.20517252,0.7002858519554138,0.34191853
CL_5707002,8,0.13342856,0.21826872,0.658729612827301,0.36527875
CL_5707002,9,0.14556189,0.23106137,0.6283632218837738,0.38152573
CL_5707002,10,0.1542108,0.241589,0.6070143580436707,0.39269683
CL_5710001,1,0.04972871,0.099189095,0.9153662919998169,0.22299935
CL_5710001,2,0.08294325,0.13437703,0.8588595539331436,0.2879987
CL_5710001,3,0.11192795,0.16739713,0.8095348477363586,0.33455634
CL_5710001,4,0.13542502,0.19599007,0.7695359438657761,0.36800137
CL_5710001,5,0.15690257,0.21694453,0.7329304218292236,0.39610928
CL_5710001,6,0.17564036,0.23453492,0.7009238004684448,0.41909468
CL_5710001,7,0.199463,0.25450826,0.6602235436439514,0.4466128
CL_5710001,8,0.22247103,0.2729607,0.6208347380161285,0.47166833
CL_5710001,9,0.23893626,0.2887756,0.5925791263580322,0.48881108
CL_5710001,10,0.2467941,0.2975661,0.5789773166179657,0.49678376
CL_5716001,1,0.6353151,0.1190522,0.2964611053466797,0.79706657
CL_5716001,2,0.75891966,0.14184022,0.16011172533035278,0.87116
CL_5716001,3,0.8212915,0.14611927,0.09128344058990479,0.9062514
CL_5716001,4,0.84358364,0.1615142,0.06675565242767334,0.9184681
CL_5716001,5,0.8553163,0.18416306,0.05390310287475586,0.9248331
CL_5716001,6,0.86369914,0.19543803,0.04476290941238403,0.92935413
CL_5716001,7,0.8683237,0.18840319,0.03976321220397949,0.93183887
CL_5716001,8,0.87473196,0.19620983,0.03277534246444702,0.9352711
CL_5716001,9,0.8893596,0.21340208,0.016727924346923828,0.9430586
CL_5716001,10,0.8948881,0.21145995,0.01073145866394043,0.94598526
CL_5721001,1,0.009638781,0.06633985,0.9600451365113258,0.09817729
CL_5721001,2,0.017876625,0.08204433,0.9259472265839577,0.1337035
CL_5721001,3,0.026383484,0.09594359,0.890779510140419,0.16242993
CL_5721001,4,0.036212374,0.11070972,0.8501612544059753,0.19029549
CL_5721001,5,0.04512946,0.12366859,0.8133606314659119,0.21243696
CL_5721001,6,0.053085446,0.1352458,0.7805742025375366,0.2304028
CL_5721001,7,0.059688773,0.14253026,0.753426194190979,0.24431285
CL_5721001,8,0.06627809,0.15067965,0.726327121257782,0.2574453
CL_5721001,9,0.07136725,0.15849254,0.7054507732391357,0.2671465
CL_5721001,10,0.07655615,0.16609813,0.6841814815998077,0.27668783
CL_5737002,1,0.023087848,0.07190231,0.7424643635749817,0.15194686
CL_5737002,2,0.037254296,0.09544735,0.5860142409801483,0.19301373
CL_5737002,3,0.044424582,0.10764495,0.5083307027816772,0.2107714
CL_5737002,4,0.05071741,0.123267256,0.4411187171936035,0.22520526
CL_5737002,5,0.05576922,0.13692956,0.38775646686553955,0.23615508
CL_5737002,6,0.059018735,0.14302902,0.354290246963501,0.24293771
CL_5737002,7,0.061786868,0.14476539,0.3252915143966675,0.24856964
CL_5737002,8,0.06355785,0.15210246,0.30362141132354736,0.25210682
CL_5737002,9,0.065877534,0.1596019,0.2792373299598694,0.25666618
CL_5737002,10,0.06651959,0.16066317,0.2747288942337036,0.25791392
CL_5746001,1,0.009026225,0.06663714,0.8596199303865433,0.09500644
CL_5746001,2,0.015682407,0.07826817,0.7569810450077057,0.12522942
CL_5746001,3,0.021014452,0.08590015,0.675809770822525,0.14496362
CL_5746001,4,0.025477802,0.09915281,0.6088471412658691,0.15961768
CL_5746001,5,0.029386403,0.10889581,0.5507976114749908,0.17142463
CL_5746001,6,0.032300744,0.113625795,0.5078621506690979,0.17972408
CL_5746001,7,0.033898905,0.11524905,0.48469042778015137,0.18411656
CL_5746001,8,0.03650705,0.12312816,0.44637125730514526,0.19106819
CL_5746001,9,0.03891706,0.1316618,0.4111151099205017,0.19727407
CL_5746001,10,0.04130378,0.1385367,0.3763570785522461,0.20323332
CL_5748001,1,0.027426291,0.06637693,0.6744273900985718,0.16560885
CL_5748001,2,0.041378766,0.07926878,0.5092087984085083,0.20341772
CL_5748001,3,0.048851684,0.08506128,0.4210464358329773,0.22102417
CL_5748001,4,0.05373984,0.0975254,0.3636566400527954,0.23181854
CL_5748001,5,0.057853162,0.10886485,0.3154979944229126,0.24052684
CL_5748001,6,0.059979077,0.11486823,0.29091453552246094,0.24490626
CL_5748001,7,0.061154254,0.115588926,0.2778027653694153,0.24729386
CL_5748001,8,0.063647926,0.12163936,0.24929893016815186,0.2522854
CL_5748001,9,0.06767453,0.13194844,0.20238876342773438,0.26014328
CL_5748001,10,0.069688246,0.13550672,0.17943626642227173,0.2639853
CL_6034001,1,0.36517814,0.33719704,0.7665454894304276,0.6042997
CL_6034001,2,0.46057725,0.36872658,0.7056495547294617,0.6786584
CL_6034001,3,0.53220373,0.39481288,0.6596490442752838,0.72952294
CL_6034001,4,0.58177596,0.419446,0.627898782491684,0.7627424
CL_6034001,5,0.6126713,0.43395257,0.6080411672592163,0.78273326
CL_6034001,6,0.6646528,0.45639566,0.5732628107070923,0.81526244
CL_6034001,7,0.6831195,0.46797135,0.556557297706604,0.8265104
CL_6034001,8,0.6939171,0.470499,0.5489290654659271,0.8330169
CL_6034001,9,0.7285412,0.4890931,0.5258808732032776,0.85354626
CL_6034001,10,0.7697985,0.5089279,0.4994145631790161,0.8773816
CL_7116001,1,0.4165242,0.20877862,0.7316902875900269,0.6453869
CL_7116001,2,0.6471332,0.25336275,0.5493237674236298,0.80444586
CL_7116001,3,0.7273554,0.28242612,0.4757840037345886,0.85285133
CL_7116001,4,0.7977978,0.32389417,0.4139670729637146,0.8931953
CL_7116001,5,0.86229485,0.35633272,0.3589363098144531,0.92859834
CL_7116001,6,0.8918689,0.36288118,0.33148831129074097,0.9443881
CL_7116001,7,0.9177791,0.36351267,0.30797773599624634,0.9580079
CL_7116001,8,0.95015925,0.37553054,0.28059184551239014,0.9747611
CL_7116001,9,0.9830796,0.39238766,0.2528623938560486,0.9915037
CL_7116001,10,1.0181966,0.40326527,0.22414767742156982,1.0090573
CL_7123001,1,0.68881726,0.24329439,0.6638632416725159,0.82995015
CL_7123001,2,1.1266646,0.31778583,0.45009690523147583,1.0614446
CL_7123001,3,1.3645267,0.36208907,0.33398526906967163,1.1681296
CL_7123001,4,1.5267645,0.4133016,0.25489479303359985,1.2356231
CL_7123001,5,1.6522857,0.4575105,0.1933830976486206,1.2854127
CL_7123001,6,1.7433578,0.48501927,0.14878088235855103,1.3203627
CL_7123001,7,1.8105215,0.50143594,0.11598163843154907,1.3455561
CL_7123001,8,1.8579359,0.5240263,0.09285014867782593,1.3630612
CL_7123001,9,1.9057157,0.5477078,0.06954145431518555,1.3804766
CL_7123001,10,1.9381794,0.5579205,0.05365777015686035,1.3921851
CL_7330001,1,3.9308262,0.66274273,0.7558765858411789,1.9826311
CL_7330001,2,6.4885345,0.82323694,0.5941845178604126,2.5472603
CL_7330001,3,7.652941,0.9792746,0.5199533402919769,2.766395
CL_7330001,4,8.714362,1.1211141,0.4536516070365906,2.95201
CL_7330001,5,9.41954,1.2201471,0.40951722860336304,3.069127
CL_7330001,6,9.908546,1.2807797,0.37891441583633423,3.1477845
CL_7330001,7,10.442736,1.3402239,0.3444553017616272,3.231522
CL_7330001,8,10.691927,1.3944191,0.32757556438446045,3.2698512
CL_7330001,9,10.918096,1.4468387,0.3127831816673279,3.304254
CL_7330001,10,11.256105,1.4901549,0.2912149429321289,3.355012
CL_7332001,1,2.3783906,0.46425793,0.780843198299408,1.5422032
CL_7332001,2,4.085742,0.63227266,0.6234441995620728,2.0213218
CL_7332001,3,4.7144475,0.7448801,0.5489279329776764,2.1712778
CL_7332001,4,5.220303,0.84921235,0.4855930209159851,2.2847981
CL_7332001,5,5.716348,0.94441926,0.43297988176345825,2.3908887
CL_7332001,6,6.1544924,0.9922345,0.3883103132247925,2.480825
CL_7332001,7,6.547981,1.0243394,0.3485860824584961,2.5589023
CL_7332001,8,6.8113914,1.0810544,0.3220735192298889,2.6098642
CL_7332001,9,7.0575457,1.1267434,0.29725438356399536,2.656604
CL_7332001,10,7.3519764,1.1491483,0.26756131649017334,2.7114527
CL_7335001,1,1.0197924,0.35610837,0.8370228260755539,1.0098478
CL_7335001,2,1.8395752,0.4867555,0.706059455871582,1.3563094
CL_7335001,3,2.4888608,0.59291214,0.6023383736610413,1.5776124
CL_7335001,4,3.059664,0.6825138,0.5111027359962463,1.7491895
CL_7335001,5,3.422718,0.760433,0.45302557945251465,1.8500589
CL_7335001,6,3.7607884,0.8069906,0.4026845693588257,1.9392753
CL_7335001,7,4.0490704,0.84182286,0.3599500060081482,2.0122302
CL_7335001,8,4.286823,0.89262253,0.32309430837631226,2.0704644
CL_7335001,9,4.460196,0.934005,0.2958405613899231,2.1119177
CL_7335001,10,4.6419816,0.9587714,0.26732635498046875,2.1545258
CL_7336001,1,0.43527505,0.18146871,0.7877219617366791,0.6597538
CL_7336001,2,0.8028244,0.24944466,0.6084709465503693,0.8960047
CL_7336001,3,1.0458081,0.29632038,0.4899716377258301,1.0226476
CL_7336001,4,1.2188029,0.33563733,0.4056023359298706,1.1039941
CL_7336001,5,1.362827,0.36721432,0.33535635471343994,1.1674018
CL_7336001,6,1.452341,0.38351876,0.2917051315307617,1.205131
CL_7336001,7,1.5054176,0.38918754,0.2658182382583618,1.2269546
CL_7336001,8,1.547882,0.40036917,0.24612754583358765,1.2441391
CL_7336001,9,1.5982027,0.4117735,0.22658997774124146,1.2642004
CL_7336001,10,1.6481999,0.4231556,0.20742297172546387,1.2838224
CL_7339001,1,0.22990835,0.11058092,0.6645662486553192,0.4794876
CL_7339001,2,0.36153314,0.14737147,0.4720747470855713,0.6012763
CL_7339001,3,0.4664687,0.17745417,0.3216267228126526,0.6829851
CL_7339001,4,0.54479367,0.20624429,0.21838098764419556,0.73810136
CL_7339001,5,0.5831809,0.22543822,0.1651208996772766,0.7636628
CL_7339001,6,0.6052959,0.23519981,0.1338261365890503,0.7780076
CL_7339001,7,0.617416,0.23481362,0.11719697713851929,0.78575826
CL_7339001,8,0.6222552,0.23906337,0.11092549562454224,0.78883153
CL_7339001,9,0.62169904,0.24444427,0.11219370365142822,0.7884789
CL_7339001,10,0.6134047,0.24974224,0.12450844049453735,0.7832016
CL_7343001,1,1.283521,0.2221617,0.45829635858535767,1.1329259
CL_7343001,2,1.7823981,0.29111746,0.23527461290359497,1.3350649
CL_7343001,3,1.8613691,0.30460095,0.20011502504348755,1.36432
CL_7343001,4,1.9861678,0.32455328,0.1459062099456787,1.4093146
CL_7343001,5,2.0853617,0.35021234,0.10289627313613892,1.4440782
CL_7343001,6,2.1389089,0.35422215,0.07964414358139038,1.4625009
CL_7343001,7,2.1709604,0.3455477,0.06570261716842651,1.473418
CL_7343001,8,2.1454182,0.35115865,0.07658189535140991,1.4647247
CL_7343001,9,2.1523778,0.36222735,0.07388454675674438,1.4670985
CL_7343001,10,2.1881204,0.36744082,0.05952674150466919,1.4792297
CL_7350001,1,9.001962,0.704294,0.5923834145069122,3.0003269
CL_7350001,2,13.307519,0.90997666,0.3974992632865906,3.6479473
CL_7350001,3,14.687391,1.0679482,0.33519554138183594,3.8324132
CL_7350001,4,15.744071,1.1910361,0.2860743999481201,3.96788
CL_7350001,5,16.539438,1.2776115,0.25010496377944946,4.0668707
CL_7350001,6,16.909464,1.3374041,0.23345333337783813,4.112112
CL_7350001,7,17.358011,1.3912605,0.21307796239852905,4.1662946
CL_7350001,8,17.57041,1.4371539,0.2033119797706604,4.191707
CL_7350001,9,17.76113,1.4899099,0.1947624683380127,4.2143955
CL_7350001,10,18.059187,1.5392549,0.1814558506011963,4.2496104
CL_7350003,1,21.520851,1.0175582,0.5302608907222748,4.639057
CL_7350003,2,30.721266,1.2346771,0.3296513557434082,5.542677
CL_7350003,3,33.054127,1.4194914,0.2789795398712158,5.749272
CL_7350003,4,34.99982,1.5758646,0.23678314685821533,5.9160647
CL_7350003,5,36.498783,1.6777142,0.20433437824249268,6.0414224
CL_7350003,6,37.243935,1.7410576,0.18836629390716553,6.102781
CL_7350003,7,38.015945,1.8176745,0.17182326316833496,6.165707
CL_7350003,8,38.245823,1.8688929,0.16709303855895996,6.184321
CL_7350003,9,38.421146,1.9201697,0.16347837448120117,6.198479
CL_7350003,10,38.658928,1.9807413,0.15839380025863647,6.2176304
CL_7354002,1,3.4974787,0.43903503,0.6373770236968994,1.8701547
CL_7354002,2,5.0639033,0.54840136,0.47431880235671997,2.2503119
CL_7354002,3,5.6471753,0.6479599,0.41336315870285034,2.3763785
CL_7354002,4,6.170775,0.7428914,0.35876548290252686,2.4841044
CL_7354002,5,6.4979544,0.8100178,0.32466745376586914,2.5491085
CL_7354002,6,6.67225,0.8494323,0.3065277934074402,2.5830698
CL_7354002,7,6.9589386,0.89135987,0.2767518162727356,2.63798
CL_7354002,8,7.107095,0.91702163,0.2614285945892334,2.6659136
CL_7354002,9,7.2041755,0.9459104,0.2514668107032776,2.6840596
CL_7354002,10,7.3823233,0.9841706,0.23311829566955566,2.7170432
CL_7355002,1,1.910315,0.68443,0.7823743522167206,1.3821415
CL_7355002,2,2.877855,0.8243513,0.6718558073043823,1.6964242
CL_7355002,3,3.1615102,0.9042358,0.6396710276603699,1.7780637
CL_7355002,4,3.4323685,0.9634661,0.6070685088634491,1.8526653
CL_7355002,5,3.7166872,1.0359372,0.5695711672306061,1.9278711
CL_7355002,6,3.9218073,1.0842117,0.5438012182712555,1.9803554
CL_7355002,7,4.084275,1.1128975,0.5234421491622925,2.020959
CL_7355002,8,4.299964,1.1762259,0.49784737825393677,2.0736353
CL_7355002,9,4.5069447,1.2398298,0.47405868768692017,2.1229565
CL_7355002,10,4.6691084,1.2647644,0.45553410053253174,2.160812
CL_7359001,1,0.7517135,0.3094859,0.876349963247776,0.8670141
CL_7359001,2,1.7149535,0.48035994,0.717903345823288,1.3095623
CL_7359001,3,2.6193845,0.614241,0.5691268742084503,1.6184512
CL_7359001,4,3.2902193,0.7322953,0.45877283811569214,1.8138962
CL_7359001,5,3.8218367,0.82745504,0.37131863832473755,1.9549519
CL_7359001,6,4.306007,0.8839228,0.2916695475578308,2.075092
CL_7359001,7,4.6908097,0.92030275,0.22836369276046753,2.1658278
CL_7359001,8,4.9560337,0.9690253,0.18472760915756226,2.2262151
CL_7359001,9,5.186886,1.0124555,0.14674502611160278,2.2774734
CL_7359001,10,5.325688,1.0308592,0.12390804290771484,2.3077452
CL_7372001,1,0.87456226,0.2881551,0.750988781452179,0.93518037
CL_7372001,2,1.3184385,0.37447315,0.6245394051074982,1.1482328
CL_7372001,3,1.5291926,0.42240945,0.564446210861206,1.2366053
CL_7372001,4,1.7494166,0.4781835,0.5016793012619019,1.3226551
CL_7372001,5,1.9568675,0.5304817,0.4425654411315918,1.3988808
CL_7372001,6,2.0657194,0.55184203,0.4114772081375122,1.4372611
CL_7372001,7,2.1755612,0.5683921,0.3800356388092041,1.4749783
CL_7372001,8,2.2486296,0.59476405,0.3593844175338745,1.4995431
CL_7372001,9,2.3219538,0.6165736,0.3398001790046692,1.5237958
CL_7372001,10,2.4192195,0.63332933,0.31229859590530396,1.555384
CL_7374001,1,3.0481074,0.45004153,0.5625594854354858,1.745883
CL_7374001,2,4.4443364,0.5968844,0.37582337856292725,2.1081595
CL_7374001,3,5.1004553,0.6729701,0.3116263747215271,2.2584188
CL_7374001,4,5.4653635,0.7300341,0.2643231153488159,2.3378117
CL_7374001,5,6.1002398,0.79394597,0.21745365858078003,2.4698663
CL_7374001,6,6.8416543,0.8336409,0.17275077104568481,2.6156557
CL_7374001,7,7.101446,0.85246724,0.14916223287582397,2.6648538
CL_7374001,8,7.194339,0.8833799,0.13970953226089478,2.6822264
CL_7374001,9,7.2407203,0.9149305,0.13441002368927002,2.6908586
CL_7374001,10,7.353779,0.9295753,0.12087517976760864,2.711785
CL_7379001,1,1.7889346,0.44402635,0.6480050384998322,1.3375106
CL_7379001,2,3.0142612,0.5777613,0.40563398599624634,1.7361628
CL_7379001,3,3.7094715,0.6556202,0.26758909225463867,1.9259988
CL_7379001,4,4.0487123,0.72731453,0.2019931674003601,2.0121412
CL_7379001,5,4.2633667,0.7819568,0.15929651260375977,2.0647922
CL_7379001,6,4.5156107,0.81162006,0.11111778020858765,2.1249967
CL_7379001,7,4.7100296,0.83905816,0.0748639702796936,2.1702602
CL_7379001,8,4.791487,0.8689312,0.04535472393035889,2.1889465
CL_7379001,9,4.9402537,0.88704973,0.012698054313659668,2.2226682
CL_7379001,10,4.961907,0.8970851,0.0070860981941223145,2.2275338
CL_7379002,1,2.538228,0.45424852,0.6330327391624451,1.5931817
CL_7379002,2,3.9406643,0.613808,0.43036097288131714,1.9851106
CL_7379002,3,4.443082,0.68844324,0.3578260540962219,2.107862
CL_7379002,4,4.864185,0.76143163,0.29704874753952026,2.2054896
CL_7379002,5,5.2146816,0.82617617,0.24650204181671143,2.2835677
CL_7379002,6,5.481343,0.8618469,0.20804756879806519,2.3412268
CL_7379002,7,5.731148,0.8887399,0.17202818393707275,2.3939815
CL_7379002,8,5.9108896,0.92711335,0.14616113901138306,2.4312322
CL_7379002,9,6.0829573,0.9567298,0.12142711877822876,2.466365
CL_7379002,10,6.201141,0.97691023,0.10458874702453613,2.490209
CL_7383001,1,0.38306415,0.26362467,0.8346486985683441,0.61892176
CL_7383001,2,0.6930076,0.3551127,0.701241135597229,0.8324708
CL_7383001,3,0.9464473,0.4189212,0.5919837951660156,0.9728552
CL_7383001,4,1.17513,0.4830916,0.4928410053253174,1.0840341
CL_7383001,5,1.3404492,0.5315726,0.42116063833236694,1.1577777
CL_7383001,6,1.5232301,0.5703364,0.3422759771347046,1.2341921
CL_7383001,7,1.6731809,0.6068421,0.27772432565689087,1.293515
CL_7383001,8,1.7924963,0.64654326,0.22659486532211304,1.3388414
CL_7383001,9,1.8854992,0.67645246,0.1870967149734497,1.3731349
CL_7383001,10,1.955956,0.7002187,0.157181978225708,1.3985549
CL_8114001,1,3.1256747,0.5568125,0.7628466337919235,1.7679578
CL_8114001,2,5.1534395,0.74407107,0.6092014312744141,2.270119
CL_8114001,3,6.032886,0.87808985,0.5425699055194855,2.4561934
CL_8114001,4,6.952967,0.9971891,0.4728218913078308,2.636848
CL_8114001,5,7.562031,1.0963931,0.4267931580543518,2.7499146
CL_8114001,6,8.03675,1.1527767,0.39113688468933105,2.834916
CL_8114001,7,8.461412,1.1999174,0.3590865731239319,2.9088507
CL_8114001,8,8.664028,1.2643168,0.34629446268081665,2.9434721
CL_8114001,9,8.906551,1.3187757,0.3293951153755188,2.9843845
CL_8114001,10,9.161863,1.3550924,0.31228888034820557,3.026857
CL_8123001,1,3.7754507,0.5788689,0.6563478410243988,1.9430519
CL_8123001,2,6.044554,0.76218265,0.4497728943824768,2.4585676
CL_8123001,3,7.189123,0.90292275,0.3455454707145691,2.681254
CL_8123001,4,7.9716907,1.0271206,0.27432382106781006,2.8234181
CL_8123001,5,8.522518,1.1133704,0.22420185804367065,2.9193351
CL_8123001,6,8.880294,1.1635342,0.19164234399795532,2.9799821
CL_8123001,7,9.284705,1.208023,0.15485256910324097,3.0470815
CL_8123001,8,9.4522505,1.2558929,0.13962286710739136,3.0744512
CL_8123001,9,9.551501,1.2967856,0.1306067705154419,3.0905504
CL_8123001,10,9.6876,1.3263975,0.1182437539100647,3.112491
CL_8124002,1,1.8869852,0.4533682,0.7780488133430481,1.3736758
CL_8124002,2,3.2477524,0.6093274,0.6179259419441223,1.8021522
CL_8124002,3,4.00091,0.73189193,0.5300092995166779,2.0002275
CL_8124002,4,4.589837,0.8425782,0.4617556929588318,2.1423905
CL_8124002,5,5.017892,0.9301817,0.4121549725532532,2.240065
CL_8124002,6,5.3329244,0.97555417,0.3760979175567627,2.3093126
CL_8124002,7,5.691477,1.0049874,0.3349655270576477,2.3856816
CL_8124002,8,5.8363028,1.0446706,0.3184652328491211,2.4158442
CL_8124002,9,5.9784145,1.086026,0.30221134424209595,2.4450796
CL_8124002,10,6.1209455,1.1144989,0.28622424602508545,2.4740546
CL_8130002,1,9.214393,0.820172,0.6226094663143158,3.0355217
CL_8130002,2,13.3815155,1.0182502,0.4518066644668579,3.6580753
CL_8130002,3,14.863663,1.1871284,0.39106255769729614,3.8553421
CL_8130002,4,15.870924,1.332176,0.349753737449646,3.9838328
CL_8130002,5,16.59262,1.436853,0.31984013319015503,4.0734043
CL_8130002,6,16.938625,1.4878327,0.3053358793258667,4.115656
CL_8130002,7,17.475498,1.5380768,0.2832101583480835,4.180371
CL_8130002,8,17.713682,1.5685899,0.2733280062675476,4.2087626
CL_8130002,9,17.779837,1.60752,0.27056193351745605,4.2166142
CL_8130002,10,18.057371,1.6492113,0.259197473526001,4.2493963
CL_8132001,1,1.4393346,0.3478988,0.7665899991989136,1.1997228
CL_8132001,2,2.7101107,0.4844379,0.5656462907791138,1.6462414
CL_8132001,3,3.369626,0.58063185,0.4645134210586548,1.8356541
CL_8132001,4,3.789836,0.67466676,0.39959388971328735,1.94675
CL_8132001,5,4.2022386,0.75975496,0.3488668203353882,2.0499363
CL_8132001,6,4.447471,0.79127693,0.3224658966064453,2.108903
CL_8132001,7,4.68242,0.80892956,0.2911054491996765,2.16389
CL_8132001,8,4.7942486,0.8477155,0.27790993452072144,2.1895773
CL_8132001,9,4.8351955,0.8835159,0.27318912744522095,2.1989079
CL_8132001,10,4.9037924,0.89986205,0.26107358932495117,2.2144508
CL_8133001,1,5.7702136,0.88903683,0.8016042113304138,2.4021268
CL_8133001,2,10.225306,1.1405892,0.6484130918979645,3.1977031
CL_8133001,3,13.019333,1.3132827,0.5523399412631989,3.6082313
CL_8133001,4,14.513608,1.4422157,0.5009496510028839,3.8096728
CL_8133001,5,15.400845,1.5295191,0.4703940749168396,3.924391
CL_8133001,6,16.485945,1.607705,0.4330199360847473,4.060289
CL_8133001,7,17.279888,1.7047313,0.40567201375961304,4.1569085
CL_8133001,8,17.592005,1.7655126,0.3948898911476135,4.1942825
CL_8133001,9,18.151772,1.8194785,0.3755726218223572,4.2604895
CL_8133001,10,18.624245,1.8585196,0.35925209522247314,4.315582
CL_8134002,1,10.222644,0.83321625,0.6732074320316315,3.1972868
CL_8134002,2,15.764044,1.0611511,0.49605393409729004,3.970396
CL_8134002,3,18.329834,1.211716,0.41344451904296875,4.2813354
CL_8134002,4,19.487106,1.299606,0.37156254053115845,4.41442
CL_8134002,5,19.788715,1.3746239,0.36142146587371826,4.448451
CL_8134002,6,20.687544,1.42062,0.3323475122451782,4.548356
CL_8134002,7,20.878263,1.4361013,0.3170520067214966,4.569274
CL_8134002,8,20.535067,1.443798,0.2986462116241455,4.5315633
CL_8134002,9,19.899672,1.4405694,0.28313004970550537,4.4609046
CL_8134002,10,19.582823,1.4515224,0.2582983374595642,4.425248
CL_8134003,1,22.410797,0.6316783,0.30659884214401245,4.7340045
CL_8134003,2,28.535553,0.8330839,0.11924576759338379,5.341868
CL_8134003,3,29.65675,0.8899514,0.06944805383682251,5.4458013
CL_8134003,4,30.127373,0.94841003,0.04701888561248779,5.4888406
CL_8134003,5,31.295725,1.0247396,0.027594685554504395,5.5942583
CL_8134003,6,31.457596,1.0541189,0.026013970375061035,5.608707
CL_8134003,7,31.546673,1.057534,0.023105204105377197,5.6166425
CL_8134003,8,31.65323,1.0735108,0.019831061363220215,5.6261206
CL_8134003,9,31.55385,1.0783241,0.020842134952545166,5.6172814
CL_8134003,10,31.52132,1.0793686,0.021647214889526367,5.614385
CL_8135002,1,1.2567273,0.37715805,0.7815570086240768,1.1210386
CL_8135002,2,1.7644124,0.498159,0.6933595538139343,1.3283119
CL_8135002,3,2.3293698,0.6019764,0.5955948233604431,1.5262274
CL_8135002,4,2.754709,0.70621014,0.5218746960163116,1.6597316
CL_8135002,5,3.0930781,0.78884417,0.4631696939468384,1.7587149
CL_8135002,6,3.4290144,0.83200234,0.4048959016799927,1.8517598
CL_8135002,7,3.6700258,0.85879076,0.36307579278945923,1.9157312
CL_8135002,8,3.860849,0.90252864,0.3299442529678345,1.9649043
CL_8135002,9,4.0587516,0.9435423,0.29555344581604004,2.0146344
CL_8135002,10,4.2316384,0.970714,0.26549994945526123,2.0570946
CL_8141001,1,0.9092809,0.35203832,0.8843821436166763,0.9535622
CL_8141001,2,1.7352268,0.46201298,0.7796261012554169,1.31728
CL_8141001,3,2.4160097,0.5770306,0.6944971680641174,1.5543518
CL_8141001,4,3.0075552,0.68634576,0.6198434829711914,1.7342304
CL_8141001,5,3.4769878,0.76712096,0.5619334876537323,1.8646683
CL_8141001,6,4.0360136,0.83808744,0.496975302696228,2.0089831
CL_8141001,7,4.4692364,0.90131027,0.4446589946746826,2.1140568
CL_8141001,8,4.6822453,0.9561207,0.4151935577392578,2.1638496
CL_8141001,9,4.906222,1.0029464,0.38688015937805176,2.2149992
CL_8141001,10,5.0902314,1.0469606,0.36261916160583496,2.256154
CL_8220001,1,0.11551325,0.17351183,0.88222436606884,0.3398724
CL_8220001,2,0.30856633,0.25288743,0.6849394738674164,0.55548745
CL_8220001,3,0.43426195,0.30359295,0.5576223433017731,0.65898556
CL_8220001,4,0.5232704,0.3462064,0.4688724875450134,0.7233743
CL_8220001,5,0.5881614,0.38746157,0.4030910134315491,0.7669168
CL_8220001,6,0.6008779,0.3983025,0.386290967464447,0.7751631
CL_8220001,7,0.6178407,0.3987685,0.36923372745513916,0.78602844
CL_8220001,8,0.65702164,0.41959372,0.3415094017982483,0.8105687
CL_8220001,9,0.6759734,0.43121618,0.3246850371360779,0.82217604
CL_8220001,10,0.6706685,0.4353333,0.3295072317123413,0.8189435
CL_8317002,1,17.563185,1.0721228,0.6557168364524841,4.1908455
CL_8317002,2,26.45057,1.3886015,0.48145902156829834,5.1430116
CL_8317002,3,31.038967,1.6150764,0.39140528440475464,5.571263
CL_8317002,4,33.722126,1.8220352,0.33870047330856323,5.8070755
CL_8317002,5,35.29072,1.974757,0.3083031177520752,5.9405994
CL_8317002,6,36.894535,2.0709612,0.27687299251556396,6.074087
CL_8317002,7,38.315773,2.1554496,0.24890810251235962,6.1899734
CL_8317002,8,39.148415,2.2544482,0.2324313521385193,6.2568693
CL_8317002,9,40.19632,2.3267024,0.2116837501525879,6.340057
CL_8317002,10,41.369667,2.3898432,0.18846172094345093,6.431926
CL_8323002,1,5.8093767,0.8642918,0.7330625057220459,2.410265
CL_8323002,2,9.822684,1.0918144,0.5504373013973236,3.1341162
CL_8323002,3,11.981712,1.2706815,0.45358771085739136,3.461461
CL_8323002,4,13.341626,1.4326075,0.39327120780944824,3.6526191
CL_8323002,5,14.287473,1.5369262,0.35129326581954956,3.7798774
CL_8323002,6,15.16458,1.61236,0.3123243451118469,3.8941727
CL_8323002,7,15.864214,1.670146,0.28149867057800293,3.9829905
CL_8323002,8,16.159967,1.7347311,0.26877284049987793,4.019946
CL_8323002,9,16.415026,1.7979604,0.2574794888496399,4.051546
CL_8323002,10,17.043997,1.8813002,0.23390084505081177,4.1284375
CL_8332001,1,10.00984,1.188649,0.7790332585573196,3.1638331
CL_8332001,2,17.610188,1.5208682,0.6113876402378082,4.1964493
CL_8332001,3,21.503166,1.7841042,0.5256498754024506,4.637151
CL_8332001,4,23.469755,1.9855899,0.4823026657104492,4.844559
CL_8332001,5,24.68994,2.12083,0.4554007649421692,4.9688973
CL_8332001,6,26.900536,2.2437167,0.40663325786590576,5.1865726
CL_8332001,7,27.974703,2.3141246,0.3829314112663269,5.2891116
CL_8332001,8,28.528124,2.3918703,0.3707039952278137,5.3411727
CL_8332001,9,29.311403,2.4838958,0.3533897399902344,5.4140005
CL_8332001,10,30.600212,2.5830314,0.3249722719192505,5.531746
CL_8343001,1,0.57470804,0.33485332,0.9080293476581573,0.758095
CL_8343001,2,1.0629511,0.43839243,0.8297314643859863,1.0309952
CL_8343001,3,1.3678851,0.51604384,0.780690923333168,1.1695662
CL_8343001,4,1.6359406,0.59734684,0.7374874949455261,1.2790389
CL_8343001,5,1.8635154,0.6747065,0.7005555331707001,1.3651063
CL_8343001,6,2.0955255,0.7230118,0.6628648340702057,1.447593
CL_8343001,7,2.2690141,0.7592097,0.6346146464347839,1.5063246
CL_8343001,8,2.4574318,0.8067646,0.6039515137672424,1.5676198
CL_8343001,9,2.6257274,0.8511292,0.5765040218830109,1.6204096
CL_8343001,10,2.8172283,0.8924515,0.5453146398067474,1.6784601
CL_8351001,1,13.786261,0.9722265,0.6224410235881805,3.7129855
CL_8351001,2,21.290215,1.3017666,0.4161527156829834,4.614132
CL_8351001,3,24.973906,1.5397394,0.3159779906272888,4.99739
CL_8351001,4,27.283293,1.7445685,0.2526906728744507,5.223341
CL_8351001,5,28.725979,1.8903748,0.21274429559707642,5.359662
CL_8351001,6,29.948566,1.9737316,0.1810009479522705,5.4725285
CL_8351001,7,30.844995,2.0198665,0.1563948392868042,5.5538273
CL_8351001,8,31.324791,2.0869763,0.14350056648254395,5.5968556
CL_8351001,9,31.521059,2.162091,0.1379755139350891,5.614362
CL_8351001,10,31.908375,2.2118204,0.12668216228485107,5.64875
CL_8356001,1,0.19830589,0.175744,0.853548988699913,0.44531548
CL_8356001,2,0.3492208,0.24222957,0.7420351803302765,0.59094906
CL_8356001,3,0.47770774,0.2875676,0.6470449268817902,0.6911641
CL_8356001,4,0.58240014,0.32880265,0.5695975124835968,0.76315147
CL_8356001,5,0.6555139,0.36369064,0.5154901444911957,0.80963814
CL_8356001,6,0.71743834,0.3868253,0.4695918560028076,0.84701735
CL_8356001,7,0.76315206,0.39959586,0.43487638235092163,0.87358576
CL_8356001,8,0.7924561,0.41409805,0.41242897510528564,0.8902
CL_8356001,9,0.81722367,0.42383024,0.39311885833740234,0.9040042
CL_8356001,10,0.84252787,0.4354287,0.3730407953262329,0.9178932
CL_8358001,1,0.75066006,0.26549947,0.8087702840566635,0.8664064
CL_8358001,2,1.2495219,0.37163198,0.6838997900485992,1.1178201
CL_8358001,3,1.6734202,0.4646636,0.5821610391139984,1.2936075
CL_8358001,4,1.9908078,0.5467638,0.504911333322525,1.4109598
CL_8358001,5,2.2322004,0.61494213,0.44949716329574585,1.494055
CL_8358001,6,2.4926322,0.65956575,0.39498722553253174,1.5788072
CL_8358001,7,2.6783433,0.6861186,0.35429149866104126,1.6365645
CL_8358001,8,2.795355,0.7139905,0.3273683190345764,1.6719315
CL_8358001,9,2.916229,0.7414032,0.2977774143218994,1.707697
CL_8358001,10,3.0304275,0.76326597,0.26882749795913696,1.7408123
CL_8383001,1,0.51186115,0.30476287,0.8397349417209625,0.71544474
CL_8383001,2,0.88659996,0.38915336,0.7232648134231567,0.94159436
CL_8383001,3,1.1314914,0.43194184,0.6477180123329163,1.0637158
CL_8383001,4,1.2974215,0.46870795,0.59698086977005,1.139044
CL_8383001,5,1.4502923,0.5232813,0.5502697229385376,1.2042809
CL_8383001,6,1.6348788,0.57439613,0.4939684271812439,1.2786238
CL_8383001,7,1.7431464,0.5854142,0.4612773656845093,1.3202827
CL_8383001,8,1.8131884,0.60307544,0.44052207469940186,1.3465469
CL_8383001,9,1.8812068,0.6371659,0.42013847827911377,1.371571
CL_8383001,10,1.9165946,0.6444933,0.40995049476623535,1.3844113
CL_8385001,1,1.0903628,0.361156,0.8326155692338943,1.0442044
CL_8385001,2,2.0229702,0.49395284,0.6895956099033356,1.4223115
CL_8385001,3,2.7819347,0.59605145,0.5734112858772278,1.6679133
CL_8385001,4,3.2486327,0.6835146,0.5021295249462128,1.8023964
CL_8385001,5,3.522263,0.7519604,0.4610016345977783,1.8767693
CL_8385001,6,3.8222528,0.8041997,0.4153320789337158,1.9550582
CL_8385001,7,4.0918317,0.8388174,0.37443792819976807,2.0228276
CL_8385001,8,4.265281,0.8700908,0.34852755069732666,2.0652556
CL_8385001,9,4.4594407,0.9041234,0.31945592164993286,2.1117387
CL_8385001,10,4.6943803,0.9412744,0.2839679718017578,2.166652
CL_8821003,1,0.30851912,0.2284065,0.8352168947458267,0.55544496
CL_8821003,2,0.46342346,0.27084193,0.7521777302026749,0.68075216
CL_8821003,3,0.56880516,0.29735118,0.6955388188362122,0.7541917
CL_8821003,4,0.6554779,0.32934335,0.6488868296146393,0.8096159
CL_8821003,5,0.7094311,0.3569851,0.6195688247680664,0.84227735
CL_8821003,6,0.7813698,0.3798338,0.5807267129421234,0.88395125
CL_8821003,7,0.8350079,0.3976412,0.5518299341201782,0.91378766
CL_8821003,8,0.8598493,0.41251177,0.5382581651210785,0.9272806
CL_8821003,9,0.89352924,0.42653716,0.5194328725337982,0.9452668
CL_8821003,10,0.9242416,0.44400522,0.5024190843105316,0.9613749
CL_8822002,1,1.0854781,0.47647876,0.92171560972929,1.0418628
CL_8822002,2,1.729656,0.6059654,0.8752556443214417,1.3151639
CL_8822002,3,2.1545084,0.68577266,0.8446083664894104,1.4678243
CL_8822002,4,2.5019176,0.7598296,0.8195377290248871,1.5817451
CL_8822002,5,2.7503994,0.8231387,0.801582083106041,1.6584328
CL_8822002,6,3.1138942,0.885157,0.7752656489610672,1.7646229
CL_8822002,7,3.4351459,0.9267953,0.7524443417787552,1.8534147
CL_8822002,8,3.5755727,0.9510889,0.7422457039356232,1.8909185
CL_8822002,9,3.8492296,0.9871972,0.7224323153495789,1.9619453
CL_8822002,10,4.197405,1.0310115,0.6972194612026215,2.0487568
CL_8910001,1,0.18694189,0.23504058,0.959431666880846,0.43236777
CL_8910001,2,0.27679542,0.27232784,0.9407820925116539,0.5261135
CL_8910001,3,0.3539023,0.29778495,0.9253215119242668,0.5948969
CL_8910001,4,0.46817586,0.3338796,0.9025023579597473,0.6842338
CL_8910001,5,0.5699178,0.3730289,0.8827807828783989,0.754929
CL_8910001,6,0.7089029,0.41465342,0.8558901846408844,0.8419637
CL_8910001,7,0.8485625,0.44596094,0.8293487578630447,0.9211745
CL_8910001,8,0.9126378,0.4659245,0.8183887600898743,0.9553208
CL_8910001,9,1.0140661,0.501626,0.8002063930034637,1.0070084
CL_8910001,10,1.1322907,0.5367466,0.7789768427610397,1.0640914
CL_9102001,1,0.14144255,0.17416136,0.9494901560246944,0.3760885
CL_9102001,2,0.29874793,0.23773414,0.8929379656910896,0.5465784
CL_9102001,3,0.4364856,0.2780304,0.8417109698057175,0.6606706
CL_9102001,4,0.5859917,0.32756987,0.7845601141452789,0.76550096
CL_9102001,5,0.720619,0.37937352,0.7306857109069824,0.8488928
CL_9102001,6,0.835147,0.40486372,0.6832537651062012,0.9138638
CL_9102001,7,0.9241499,0.41154563,0.6455523371696472,0.96132714
CL_9102001,8,0.9791474,0.4321582,0.6215192377567291,0.98951876
CL_9102001,9,1.0287672,0.451865,0.5998676717281342,1.0142816
CL_9102001,10,1.0560751,0.46386662,0.5872338116168976,1.0276551
CL_9104001,1,1.4193736,0.45766705,0.9062934219837189,1.1913747
CL_9104001,2,2.6652493,0.6119871,0.8246089220046997,1.6325592
CL_9104001,3,3.7566605,0.76580894,0.7532914131879807,1.9382106
CL_9104001,4,4.7515554,0.9018493,0.6886389851570129,2.1798062
CL_9104001,5,5.5804315,1.0226022,0.6355582475662231,2.3622937
CL_9104001,6,6.5481424,1.118884,0.5733392238616943,2.5589337
CL_9104001,7,7.3695474,1.1915964,0.520601749420166,2.714691
CL_9104001,8,7.971669,1.2683489,0.4819944500923157,2.8234146
CL_9104001,9,8.501825,1.3348287,0.44796478748321533,2.915789
CL_9104001,10,9.045781,1.3928642,0.41309618949890137,3.0076206
CL_9104002,1,0.025204558,0.07006465,0.9167584404349327,0.15875943
CL_9104002,2,0.051782925,0.092733115,0.8289134502410889,0.22755861
CL_9104002,3,0.07119552,0.110941984,0.7646689862012863,0.2668249
CL_9104002,4,0.086778924,0.13144787,0.7130113542079926,0.29458264
CL_9104002,5,0.098642,0.15087636,0.6735222339630127,0.31407323
CL_9104002,6,0.10925437,0.16318905,0.6381449103355408,0.33053648
CL_9104002,7,0.117509216,0.16989858,0.610666960477829,0.34279618
CL_9104002,8,0.12394222,0.18036318,0.5891539752483368,0.3520543
CL_9104002,9,0.13105333,0.19047044,0.5652886033058167,0.3620129
CL_9104002,10,0.13833092,0.19858386,0.5411002933979034,0.37192866
CL_9106001,1,8.399102,1.0155276,0.8246791809797287,2.8981204
CL_9106001,2,14.80955,1.3370231,0.6934864223003387,3.8483179
CL_9106001,3,19.173313,1.5876381,0.6071840524673462,4.378734
CL_9106001,4,23.061125,1.830116,0.5395687818527222,4.8022
CL_9106001,5,25.784777,2.031099,0.49269819259643555,5.0778713
CL_9106001,6,28.431488,2.1927109,0.445385217666626,5.3321185
CL_9106001,7,30.167,2.315966,0.41471773386001587,5.4924493
CL_9106001,8,31.141953,2.427947,0.397993266582489,5.5804977
CL_9106001,9,32.170124,2.527928,0.3794996738433838,5.671871
CL_9106001,10,33.118706,2.601518,0.3621343970298767,5.754885
CL_9113001,1,0.58593553,0.26573744,0.8688805103302002,0.76546425
CL_9113001,2,1.1608752,0.38028663,0.740680456161499,1.0774392
CL_9113001,3,1.6738882,0.47879687,0.6321172416210175,1.2937883
CL_9113001,4,2.2672262,0.5766789,0.5341562032699585,1.5057311
CL_9113001,5,2.641194,0.6640644,0.4747512936592102,1.6251751
CL_9113001,6,2.922456,0.71984726,0.428100049495697,1.7095193
CL_9113001,7,3.1242557,0.7484612,0.392783522605896,1.7675564
CL_9113001,8,3.2318702,0.7850389,0.3739824891090393,1.7977403
CL_9113001,9,3.2972393,0.81659853,0.36235344409942627,1.8158302
CL_9113001,10,3.362209,0.8390006,0.35038864612579346,1.8336327
CL_9116001,1,0.38559434,0.25841707,0.9270114749670029,0.62096244
CL_9116001,2,0.7382327,0.34448278,0.860270768404007,0.85920465
CL_9116001,3,1.1298558,0.43203217,0.7861602604389191,1.0629467
CL_9116001,4,1.4981313,0.519617,0.7164768874645233,1.2239817
CL_9116001,5,1.8051884,0.60207057,0.6583825051784515,1.343573
CL_9116001,6,2.1477242,0.66409105,0.5935750305652618,1.4655116
CL_9116001,7,2.443337,0.7046325,0.5376498103141785,1.5631177
CL_9116001,8,2.6495733,0.7482855,0.4986423850059509,1.627751
CL_9116001,9,2.8480113,0.78840005,0.46111178398132324,1.6876051
CL_9116001,10,3.0424008,0.82475686,0.4243513345718384,1.7442479
CL_9122002,1,1.7242489,0.5873371,0.7596796005964279,1.3131065
CL_9122002,2,2.6292913,0.7481483,0.6332082748413086,1.621509
CL_9122002,3,3.180351,0.85945594,0.5545366704463959,1.7833539
CL_9122002,4,3.6731813,0.95998114,0.4849458932876587,1.9165546
CL_9122002,5,3.9639516,1.0294452,0.443442702293396,1.9909675
CL_9122002,6,4.3554664,1.0917696,0.3880440592765808,2.0869753
CL_9122002,7,4.941589,1.1548496,0.3293755054473877,2.2229686
CL_9122002,8,5.3204484,1.2180108,0.2923198938369751,2.3066096
CL_9122002,9,5.5268435,1.2565612,0.26978856325149536,2.350924
CL_9122002,10,5.8662844,1.3113526,0.23780018091201782,2.4220414
CL_9123001,1,1.5535378,0.57082736,0.8519761115312576,1.24641
CL_9123001,2,2.9786398,0.7358649,0.7161162197589874,1.7258736
CL_9123001,3,3.8020256,0.8701742,0.6374359130859375,1.9498783
CL_9123001,4,4.398966,0.99202484,0.5804068148136139,2.097371
CL_9123001,5,4.870923,1.0922983,0.5352592170238495,2.2070167
CL_9123001,6,5.2838025,1.1642805,0.49572956562042236,2.2986524
CL_9123001,7,5.591625,1.2189332,0.4662281274795532,2.3646617
CL_9123001,8,5.818023,1.2778838,0.4445257782936096,2.4120579
CL_9123001,9,5.9570026,1.3250921,0.4311321973800659,2.4406972
CL_9123001,10,6.143223,1.3727067,0.4132075309753418,2.4785526
CL_9127001,1,2.0578105,0.53273237,0.84624382853508,1.4345071
CL_9127001,2,3.7975118,0.7253817,0.7167696058750153,1.9487206
CL_9127001,3,5.079501,0.8781344,0.6219607591629028,2.253775
CL_9127001,4,6.045697,1.0148231,0.5527084469795227,2.4587998
CL_9127001,5,6.7320747,1.1341245,0.5052195191383362,2.5946243
CL_9127001,6,7.3162246,1.2104311,0.4636238217353821,2.704852
CL_9127001,7,7.77636,1.26197,0.4306146502494812,2.7886126
CL_9127001,8,8.11098,1.3211224,0.4066322445869446,2.8479784
CL_9127001,9,8.437366,1.3748547,0.38316410779953003,2.9047143
CL_9127001,10,8.778001,1.4281441,0.35873281955718994,2.962769
CL_9129002,1,0.9803479,0.44320986,0.9005712941288948,0.9901252
CL_9129002,2,1.826042,0.5731896,0.8147863149642944,1.3513112
CL_9129002,3,2.5642438,0.70011157,0.7398941218852997,1.6013256
CL_9129002,4,3.2173038,0.82018936,0.6736271977424622,1.7936844
CL_9129002,5,3.760298,0.9238712,0.6185158491134644,1.9391488
CL_9129002,6,4.330664,0.9980231,0.5606265068054199,2.081025
CL_9129002,7,4.8057685,1.054434,0.5123929679393768,2.1922064
CL_9129002,8,5.148202,1.1067629,0.4776153564453125,2.268965
CL_9129002,9,5.4615726,1.1603003,0.4457824230194092,2.3370008
CL_9129002,10,5.7632113,1.2155582,0.4151342511177063,2.4006689
CL_9134001,1,4.3279195,0.63298565,0.7004275619983673,2.0803652
CL_9134001,2,7.536359,0.86508906,0.4785686731338501,2.7452428
CL_9134001,3,9.127968,1.0495322,0.3686462640762329,3.0212526
CL_9134001,4,10.053986,1.2005267,0.3047334551811218,3.170802
CL_9134001,5,10.632779,1.3162177,0.2649267315864563,3.2607942
CL_9134001,6,11.133156,1.388536,0.23068362474441528,3.3366385
CL_9134001,7,11.533631,1.4371272,0.2033768892288208,3.39612
CL_9134001,8,11.732693,1.4926035,0.1898949146270752,3.4253018
CL_9134001,9,11.926202,1.5457786,0.17756080627441406,3.4534333
CL_9134001,10,12.150048,1.5886159,0.16444724798202515,3.485692
CL_9135001,1,1.7016377,0.6027327,0.9050047472119331,1.3044684
CL_9135001,2,3.4551945,0.79744995,0.8074827790260315,1.8588153
CL_9135001,3,5.0049334,0.97475755,0.7214806377887726,2.237171
CL_9135001,4,6.28413,1.1281325,0.650539368391037,2.5068166
CL_9135001,5,7.187041,1.2730315,0.6005290150642395,2.6808658
CL_9135001,6,8.016261,1.3622442,0.5541101396083832,2.8313003
CL_9135001,7,8.723743,1.4267007,0.5144865810871124,2.9535985
CL_9135001,8,9.102175,1.4838622,0.4928154945373535,3.0169811
CL_9135001,9,9.460345,1.5331371,0.4717893600463867,3.0757675
CL_9135001,10,9.708859,1.5668737,0.45642274618148804,3.1159043
CL_9140001,1,1.1963607,0.4848303,0.9007544592022896,1.0937828
CL_9140001,2,2.2463727,0.6661839,0.8137313425540924,1.4987904
CL_9140001,3,3.2751102,0.8535707,0.7285412549972534,1.8097266
CL_9140001,4,4.1894855,1.0050992,0.6528200805187225,2.0468233
CL_9140001,5,4.9537683,1.1380786,0.5894234478473663,2.2257063
CL_9140001,6,5.7495847,1.2447811,0.523573100566864,2.397829
CL_9140001,7,6.3632407,1.320299,0.4729088544845581,2.5225465
CL_9140001,8,6.8327723,1.3903607,0.4341329336166382,2.6139572
CL_9140001,9,7.334278,1.4545987,0.3926500678062439,2.7081873
CL_9140001,10,7.737072,1.5078629,0.3592950701713562,2.7815592
CL_9404001,1,6.3929076,0.84633535,0.6606419384479523,2.52842
CL_9404001,2,9.9203825,1.1074775,0.4739153981208801,3.149664
CL_9404001,3,11.333646,1.3016281,0.40023404359817505,3.366548
CL_9404001,4,12.183292,1.4519198,0.3575006127357483,3.4904573
CL_9404001,5,12.826791,1.5643753,0.32535046339035034,3.581451
CL_9404001,6,13.384509,1.6498921,0.29691100120544434,3.6584845
CL_9404001,7,13.73912,1.723577,0.27871131896972656,3.706632
CL_9404001,8,14.079817,1.7953678,0.2613376975059509,3.7523081
CL_9404001,9,14.290252,1.8603908,0.2504845857620239,3.7802448
CL_9404001,10,14.675493,1.9181424,0.23004955053329468,3.8308606
CL_9412001,1,4.495416,0.96181387,0.8201712816953659,2.1202397
CL_9412001,2,9.067229,1.2380568,0.6366680562496185,3.011184
CL_9412001,3,11.659094,1.4612678,0.5323213040828705,3.4145415
CL_9412001,4,13.351073,1.6622115,0.46418505907058716,3.653912
CL_9412001,5,14.74305,1.8205311,0.4082949161529541,3.8396678
CL_9412001,6,15.794246,1.9505268,0.3662322759628296,3.9741974
CL_9412001,7,16.504858,2.0681279,0.33790892362594604,4.0626173
CL_9412001,8,17.20294,2.156133,0.31011563539505005,4.1476426
CL_9412001,9,17.50325,2.2100565,0.2985074520111084,4.1836886
CL_9412001,10,17.898924,2.2663324,0.28309792280197144,4.230712
CL_9414001,1,3.1387877,0.72481364,0.8474345654249191,1.7716625
CL_9414001,2,6.0020604,0.9064169,0.7072108089923859,2.4499104
CL_9414001,3,8.145722,1.0606457,0.6016862392425537,2.8540711
CL_9414001,4,9.4928255,1.1957462,0.5350662767887115,3.081043
CL_9414001,5,10.411407,1.3022085,0.4902160167694092,3.2266712
CL_9414001,6,11.40674,1.3946118,0.4419912099838257,3.3773866
CL_9414001,7,12.259969,1.4788563,0.4048038721084595,3.5014238
CL_9414001,8,13.064213,1.5589267,0.3743894696235657,3.614445
CL_9414001,9,13.605805,1.6238835,0.3528275489807129,3.6886048
CL_9414001,10,14.149749,1.7049714,0.32982850074768066,3.7616153
CL_9416001,1,9.267559,1.0608829,0.7762576341629028,3.0442667
CL_9416001,2,16.854008,1.3838365,0.5942167937755585,4.1053634
CL_9416001,3,21.176058,1.635936,0.4912869334220886,4.601745
CL_9416001,4,24.041716,1.8509427,0.4232255816459656,4.9032354
CL_9416001,5,26.29088,2.0240514,0.3702467083930969,5.1274633
CL_9416001,6,28.375488,2.1626391,0.32092320919036865,5.3268647
CL_9416001,7,29.514595,2.2557063,0.2941502332687378,5.4327335
CL_9416001,8,30.205748,2.339981,0.2777772545814514,5.4959755
CL_9416001,9,30.750385,2.411749,0.26504045724868774,5.545303
CL_9416001,10,31.565798,2.4904714,0.246013343334198,5.618345
CL_9420001,1,0.53464144,0.4573643,0.9542387872934341,0.7311918
CL_9420001,2,0.8396302,0.540366,0.9281084761023521,0.91631335
CL_9420001,3,1.2027947,0.6183201,0.8969779163599014,1.09672
CL_9420001,4,1.5665963,0.69773453,0.865771621465683,1.2516375
CL_9420001,5,1.925357,0.7874957,0.8349766731262207,1.3875723
CL_9420001,6,2.4678218,0.8818532,0.7884135395288467,1.5709302
CL_9420001,7,2.887724,0.94060427,0.7523332834243774,1.6993304
CL_9420001,8,3.2043414,0.9815186,0.7250898778438568,1.7900674
CL_9420001,9,3.5232842,1.0317217,0.6976269483566284,1.8770413
CL_9420001,10,4.047128,1.1173741,0.6525446772575378,2.0117476
CL_9433001,1,0.7871377,0.42296186,0.9238451793789864,0.8872078
CL_9433001,2,1.8214024,0.59081215,0.8231756836175919,1.3495934
CL_9433001,3,2.8055494,0.7161248,0.7263395190238953,1.6749774
CL_9433001,4,3.4893866,0.80273193,0.6585786938667297,1.86799
CL_9433001,5,3.9043489,0.88582253,0.6155838370323181,1.9759425
CL_9433001,6,4.1772165,0.92111856,0.5849739015102386,2.043824
CL_9433001,7,4.330612,0.93996435,0.5662991404533386,2.0810122
CL_9433001,8,4.4395022,0.9744962,0.55317622423172,2.1070127
CL_9433001,9,4.6034203,1.0036111,0.5347567796707153,2.1455584
CL_9433001,10,4.6618433,1.0148427,0.528642863035202,2.1591303
CL_9434001,1,0.5905749,0.35759577,0.9487539194524288,0.7684887
CL_9434001,2,1.6027441,0.49817643,0.8602544963359833,1.2659953
CL_9434001,3,2.348963,0.5986025,0.7940945774316788,1.5326327
CL_9434001,4,2.8175344,0.6658636,0.7523640096187592,1.6785513
CL_9434001,5,3.1317968,0.72102994,0.7243528664112091,1.7696884
CL_9434001,6,3.391217,0.759826,0.7012117207050323,1.8415257
CL_9434001,7,3.5830355,0.7931884,0.6839912831783295,1.8928908
CL_9434001,8,3.689607,0.8257428,0.6746171414852142,1.9208349
CL_9434001,9,3.888445,0.85422826,0.6565250158309937,1.971914
CL_9434001,10,3.9812706,0.8741023,0.6481401920318604,1.9953121
CL_9436001,1,1.2107393,0.4690814,0.9048592448234558,1.100336
CL_9436001,2,2.3689728,0.6442771,0.8131758719682693,1.5391468
CL_9436001,3,3.5157483,0.7905664,0.7219154238700867,1.8750329
CL_9436001,4,4.528102,0.91387725,0.6410678923130035,2.1279337
CL_9436001,5,5.280023,1.0164987,0.5807687640190125,2.29783
CL_9436001,6,6.020575,1.0822515,0.5213489234447479,2.453686
CL_9436001,7,6.5990634,1.1145977,0.47454196214675903,2.568864
CL_9436001,8,6.9271784,1.1483588,0.44750601053237915,2.6319532
CL_9436001,9,7.1979237,1.1833342,0.42509424686431885,2.6828947
CL_9436001,10,7.3703704,1.2101854,0.4101825952529907,2.7148426
CL_9437002,1,1.5808259,0.6131053,0.9210941642522812,1.257309
CL_9437002,2,2.703899,0.7455048,0.8649160861968994,1.6443536
CL_9437002,3,3.9860601,0.8852922,0.8006835132837296,1.9965119
CL_9437002,4,5.1549416,1.018896,0.7420091331005096,2.2704496
CL_9437002,5,6.078503,1.1407809,0.6955218017101288,2.465462
CL_9437002,6,7.2252946,1.2516267,0.6377451717853546,2.687991
CL_9437002,7,8.2470875,1.3383178,0.5862175226211548,2.8717742
CL_9437002,8,8.829861,1.4070165,0.5567192733287811,2.9715083
CL_9437002,9,9.443344,1.4742336,0.5257583856582642,3.0730026
CL_9437002,10,10.19304,1.5730888,0.48801326751708984,3.1926541
USA_01466500,1,0.15197273,0.09506102,0.6028245091438293,0.3898368
USA_01466500,2,0.20103545,0.12156365,0.4746544361114502,0.44836977
USA_01466500,3,0.21960501,0.13997312,0.4261685013771057,0.46862033
USA_01466500,4,0.23056968,0.15334414,0.3974812626838684,0.48017672
USA_01466500,5,0.23635256,0.16534366,0.38234657049179077,0.48616105
USA_01466500,6,0.24060129,0.17384763,0.37124353647232056,0.49051124
USA_01466500,7,0.24253494,0.17831387,0.36616379022598267,0.49247837
USA_01466500,8,0.24538961,0.18211481,0.3586764335632324,0.49536815
USA_01466500,9,0.24987252,0.18779615,0.3469330072402954,0.4998725
USA_01466500,10,0.2554547,0.19035736,0.33231544494628906,0.5054253
USA_01484100,1,3.6117945,0.3676858,0.2850574254989624,1.9004722
USA_01484100,2,4.177025,0.45062643,0.17324107885360718,2.043777
USA_01484100,3,4.297501,0.48992425,0.1493965983390808,2.0730414
USA_01484100,4,4.356027,0.5122801,0.13548344373703003,2.0871098
USA_01484100,5,4.2590137,0.5255639,0.13498055934906006,2.0637379
USA_01484100,6,4.2697577,0.53536105,0.13105475902557373,2.0663393
USA_01484100,7,4.3157506,0.5408758,0.120860755443573,2.0774384
USA_01484100,8,4.3182697,0.5493633,0.11985605955123901,2.0780447
USA_01484100,9,4.316384,0.5593482,0.12001746892929077,2.077591
USA_01484100,10,4.3132796,0.56269246,0.12053340673446655,2.0768437
USA_01485500,1,1.3899624,0.2894676,0.5954967439174652,1.1789666
USA_01485500,2,2.1361785,0.40803656,0.3747745156288147,1.4615672
USA_01485500,3,2.561562,0.48266774,0.24616479873657227,1.6004881
USA_01485500,4,2.736611,0.5359632,0.1888904571533203,1.6542705
USA_01485500,5,2.7746909,0.5678691,0.17197585105895996,1.6657404
USA_01485500,6,2.7668417,0.58433473,0.17047351598739624,1.6633826
USA_01485500,7,2.7342556,0.5858362,0.17765724658966064,1.6535585
USA_01485500,8,2.675513,0.583604,0.19376647472381592,1.6356995
USA_01485500,9,2.6516838,0.5889197,0.19978129863739014,1.6283991
USA_01485500,10,2.6447332,0.5880802,0.2009393572807312,1.6262636
USA_01486000,1,1.4496337,0.25787145,0.49394142627716064,1.2040074
USA_01486000,2,2.0043528,0.35476196,0.30036139488220215,1.4157517
USA_01486000,3,2.1610298,0.41046527,0.2456797957420349,1.4700441
USA_01486000,4,2.2096367,0.43827376,0.22871088981628418,1.4864846
USA_01486000,5,2.2321734,0.458502,0.22087562084197998,1.494046
USA_01486000,6,2.2251017,0.46904826,0.22338581085205078,1.4916775
USA_01486000,7,2.199111,0.46883047,0.23092716932296753,1.48294
USA_01486000,8,2.1190255,0.4679013,0.237018883228302,1.4556873
USA_01486000,9,2.1438713,0.47368997,0.22447341680526733,1.4641964
USA_01486000,10,2.1489446,0.4752119,0.22140061855316162,1.465928
USA_01487000,1,0.44344017,0.17347595,0.6648483872413635,0.66591305
USA_01487000,2,0.6333784,0.22995648,0.5211865305900574,0.79585075
USA_01487000,3,0.70110714,0.26785022,0.46984410285949707,0.8373214
USA_01487000,4,0.73121846,0.29710713,0.4469814896583557,0.85511315
USA_01487000,5,0.75229496,0.3231972,0.43097490072250366,0.8673494
USA_01487000,6,0.7680206,0.3338089,0.41893601417541504,0.8763678
USA_01487000,7,0.7697461,0.3377556,0.4166087508201599,0.87735176
USA_01487000,8,0.77096313,0.34702775,0.41509801149368286,0.8780451
USA_01487000,9,0.77970785,0.3577173,0.40804916620254517,0.8830107
USA_01487000,10,0.7856361,0.36188778,0.4032561779022217,0.8863612
USA_01557500,1,2.760721,0.4426731,0.4817364811897278,1.6615417
USA_01557500,2,3.5919397,0.5730691,0.3256937861442566,1.8952414
USA_01557500,3,3.8777483,0.6648183,0.27203530073165894,1.9691999
USA_01557500,4,4.07663,0.742608,0.2346898317337036,2.0190666
USA_01557500,5,4.222971,0.80322653,0.20720839500427246,2.054987
USA_01557500,6,4.3777533,0.8401727,0.17814099788665771,2.092308
USA_01557500,7,4.498509,0.8671992,0.15545403957366943,2.1209688
USA_01557500,8,4.587071,0.88781315,0.13880455493927002,2.1417449
USA_01557500,9,4.6518803,0.91144174,0.12662196159362793,2.1568217
USA_01557500,10,4.682909,0.9291546,0.12078320980072021,2.164003
USA_01669000,1,2.6790888,0.35435122,0.391133189201355,1.6367922
USA_01669000,2,3.4115088,0.46078846,0.22307085990905762,1.8470271
USA_01669000,3,3.606204,0.5077515,0.17800337076187134,1.8990008
USA_01669000,4,3.6855674,0.5311775,0.159584641456604,1.9197831
USA_01669000,5,3.7142365,0.54626226,0.15290242433547974,1.9272355
USA_01669000,6,3.7302802,0.55434257,0.14917689561843872,1.9313933
USA_01669000,7,3.7487578,0.5588463,0.14487344026565552,1.9361709
USA_01669000,8,3.7861297,0.56763595,0.1363556981086731,1.9457979
USA_01669000,9,3.8281088,0.57834387,0.1268417239189148,1.9565554
USA_01669000,10,3.8442333,0.5847421,0.12314921617507935,1.9606717
USA_02096846,1,2.347069,0.3503858,0.23641574382781982,1.5320147
USA_02096846,2,2.8213792,0.44841802,0.08210790157318115,1.6796962
USA_02096846,3,2.8731518,0.4711112,0.06526648998260498,1.6950374
USA_02096846,4,2.8726773,0.4769404,0.05859273672103882,1.6948974
USA_02096846,5,2.810455,0.4799986,0.055125892162323,1.6764412
USA_02096846,6,2.8011591,0.4844762,0.054760754108428955,1.6736664
USA_02096846,7,2.8264587,0.48013666,0.04624372720718384,1.6812075
USA_02096846,8,2.8142471,0.48098704,0.050415635108947754,1.6775718
USA_02096846,9,2.8060875,0.4824441,0.053209662437438965,1.675138
USA_02096846,10,2.8075614,0.4835661,0.05274695158004761,1.6755779
USA_02212600,1,2.908325,0.35303703,0.28784066438674927,1.7053812
USA_02212600,2,3.6884942,0.47128743,0.09683376550674438,1.9205453
USA_02212600,3,3.7843616,0.52110463,0.07156044244766235,1.9453436
USA_02212600,4,3.080411,0.52198744,0.08153533935546875,1.7551099
USA_02212600,5,3.0635536,0.5248572,0.07831674814224243,1.750301
USA_02212600,6,3.0786064,0.52958703,0.07316982746124268,1.7545958
USA_02212600,7,3.1393485,0.5309992,0.054802119731903076,1.7718207
USA_02212600,8,3.1490142,0.53658,0.05191493034362793,1.7745461
USA_02212600,9,3.1710646,0.54169905,0.04532736539840698,1.7807484
USA_02212600,10,3.1729236,0.546162,0.04482680559158325,1.7812703
USA_02215100,1,1.1708105,0.31429756,0.6795012652873993,1.08204
USA_02215100,2,1.7540946,0.41724533,0.5198795199394226,1.3244224
USA_02215100,3,2.1332858,0.48189676,0.4161466956138611,1.4605772
USA_02215100,4,2.3333158,0.5216502,0.3614296317100525,1.5275195
USA_02215100,5,2.4390807,0.55158883,0.33196812868118286,1.5617557
USA_02215100,6,2.5498307,0.57283854,0.3008050322532654,1.5968189
USA_02215100,7,2.6415799,0.5851426,0.27546316385269165,1.6252937
USA_02215100,8,2.680629,0.5939537,0.26474350690841675,1.6372627
USA_02215100,9,2.7105536,0.60315543,0.25657767057418823,1.6463759
USA_02215100,10,2.7804837,0.6070114,0.2374590039253235,1.6674782
USA_02216180,1,1.3717221,0.32206255,0.6224478185176849,1.1712054
USA_02216180,2,2.0852256,0.43602705,0.4260764718055725,1.444031
USA_02216180,3,2.446032,0.5050652,0.32680022716522217,1.5639795
USA_02216180,4,2.6003685,0.5473732,0.2843119502067566,1.6125658
USA_02216180,5,2.6790614,0.581839,0.26252806186676025,1.6367838
USA_02216180,6,2.7935379,0.60051674,0.2310512661933899,1.671388
USA_02216180,7,2.9017453,0.6042094,0.20134133100509644,1.703451
USA_02216180,8,2.9299862,0.61312795,0.19363462924957275,1.7117202
USA_02216180,9,2.9412544,0.62254447,0.19058752059936523,1.7150086
USA_02216180,10,2.9911325,0.62597287,0.1769084334373474,1.7294891
USA_02221525,1,0.51685935,0.17742471,0.5353603661060333,0.7189293
USA_02221525,2,0.77861935,0.25199345,0.30004221200942993,0.8823941
USA_02221525,3,0.8704653,0.29121453,0.2174546718597412,0.9329873
USA_02221525,4,0.8916023,0.31077906,0.1984391212463379,0.94424695
USA_02221525,5,0.8902966,0.32155055,0.19960319995880127,0.9435553
USA_02221525,6,0.9034767,0.3292704,0.18776196241378784,0.9505139
USA_02221525,7,0.9254761,0.33328867,0.16799396276474,0.96201664
USA_02221525,8,0.92365795,0.33346134,0.15935754776000977,0.96107125
USA_02221525,9,0.9298655,0.336532,0.14762091636657715,0.9642953
USA_02221525,10,0.93491554,0.33806688,0.14193010330200195,0.9669103
USA_02350900,1,0.3326048,0.17999268,0.7786905616521835,0.576719
USA_02350900,2,0.51712155,0.25381953,0.6559460163116455,0.7191116
USA_02350900,3,0.6674191,0.30870393,0.5559936463832855,0.81695724
USA_02350900,4,0.76954377,0.3475148,0.4881216287612915,0.8772364
USA_02350900,5,0.8383218,0.37517363,0.44240468740463257,0.91559917
USA_02350900,6,0.8960399,0.39428353,0.4040118455886841,0.9465938
USA_02350900,7,0.92893237,0.40624684,0.38207942247390747,0.9638114
USA_02350900,8,0.95067936,0.41606522,0.36750364303588867,0.97502786
USA_02350900,9,0.97309875,0.42615172,0.35259538888931274,0.9864577
USA_02350900,10,1.0045431,0.43307862,0.33176904916763306,1.0022689
USA_02363000,1,1.2379596,0.28672087,0.6640399396419525,1.1126363
USA_02363000,2,1.7937055,0.40927574,0.5132061541080475,1.3392929
USA_02363000,3,2.2173297,0.4924251,0.3983028531074524,1.48907
USA_02363000,4,2.5171497,0.54535353,0.3170226216316223,1.5865527
USA_02363000,5,2.677354,0.587971,0.2736348509788513,1.6362622
USA_02363000,6,2.7579486,0.6154667,0.2518492341041565,1.6607072
USA_02363000,7,2.8217003,0.6310031,0.23463386297225952,1.6797918
USA_02363000,8,2.87148,0.6462157,0.22121524810791016,1.6945442
USA_02363000,9,2.9129207,0.6599968,0.2100650668144226,1.7067281
USA_02363000,10,2.9564898,0.6665109,0.1983383297920227,1.7194446
USA_02371500,1,0.72673446,0.26473355,0.7833334803581238,0.8524872
USA_02371500,2,1.1867182,0.38306242,0.646241694688797,1.089366
USA_02371500,3,1.5284417,0.46543464,0.5444139242172241,1.2363017
USA_02371500,4,1.7794532,0.5241979,0.4696044921875,1.3339615
USA_02371500,5,1.9717423,0.57171977,0.41194063425064087,1.4041874
USA_02371500,6,2.1308692,0.61066437,0.36414581537246704,1.4597497
USA_02371500,7,2.2428694,0.63569146,0.3304024934768677,1.4976213
USA_02371500,8,2.3227713,0.6544244,0.3052324056625366,1.5240641
USA_02371500,9,2.3856559,0.66999435,0.2838624119758606,1.5445569
USA_02371500,10,2.439191,0.6800641,0.26611393690109253,1.561791
USA_02372250,1,1.2446002,0.3197236,0.713924378156662,1.1156166
USA_02372250,2,2.0087423,0.4546756,0.5383343398571014,1.417301
USA_02372250,3,2.5274878,0.54254645,0.4191288948059082,1.5898075
USA_02372250,4,2.8524628,0.5995673,0.3443933129310608,1.6889236
USA_02372250,5,3.0510762,0.6429872,0.2982248067855835,1.746733
USA_02372250,6,3.182408,0.67464006,0.26760947704315186,1.7839305
USA_02372250,7,3.267249,0.69111407,0.24762040376663208,1.8075533
USA_02372250,8,3.330737,0.70419574,0.2322983741760254,1.8250307
USA_02372250,9,3.387328,0.71652925,0.2183908224105835,1.8404695
USA_02372250,10,3.438959,0.7284823,0.20627093315124512,1.854443
USA_02374500,1,1.3793297,0.32710162,0.5916728675365448,1.1744487
USA_02374500,2,1.9787428,0.4598367,0.4140855073928833,1.406678
USA_02374500,3,2.337885,0.5366156,0.3076198101043701,1.5290143
USA_02374500,4,2.4891179,0.5763419,0.2628862261772156,1.5776938
USA_02374500,5,2.5636106,0.59947926,0.24090176820755005,1.6011279
USA_02374500,6,2.6330025,0.6096912,0.22043156623840332,1.6226529
USA_02374500,7,2.6953712,0.61167306,0.20204204320907593,1.6417586
USA_02374500,8,2.726729,0.6133139,0.1928362250328064,1.651281
USA_02374500,9,2.7347732,0.6173027,0.19052857160568237,1.653715
USA_02374500,10,2.7384663,0.621243,0.18943625688552856,1.6548312
USA_02384540,1,6.8776517,0.6877314,0.4316873550415039,2.6225278
USA_02384540,2,9.722822,0.9759633,0.19668883085250854,3.118144
USA_02384540,3,10.340404,1.1248668,0.14526087045669556,3.2156498
USA_02384540,4,10.1516695,1.1867162,0.13985520601272583,3.1861684
USA_02384540,5,10.191689,1.2241158,0.13504284620285034,3.1924424
USA_02384540,6,10.137845,1.2306551,0.13941776752471924,3.1839983
USA_02384540,7,10.270094,1.2345145,0.12824904918670654,3.2046988
USA_02384540,8,10.390007,1.2463607,0.11818993091583252,3.2233534
USA_02384540,9,10.469104,1.2603925,0.11156255006790161,3.2355995
USA_02384540,10,10.548847,1.269237,0.10489946603775024,3.2478988
USA_02395120,1,2.44871,0.33124954,0.3545544147491455,1.5648354
USA_02395120,2,3.1115682,0.44493666,0.1798381209373474,1.7639638
USA_02395120,3,3.2505093,0.5039837,0.14325064420700073,1.8029169
USA_02395120,4,3.3380153,0.54075164,0.12023913860321045,1.8270236
USA_02395120,5,3.3652844,0.5664088,0.11311471462249756,1.8344711
USA_02395120,6,3.3482797,0.5771358,0.11766409873962402,1.8298305
USA_02395120,7,3.3646414,0.57986957,0.11341863870620728,1.8342959
USA_02395120,8,3.3726723,0.5835029,0.1113741397857666,1.8364837
USA_02395120,9,3.3706884,0.5881821,0.11196047067642212,1.8359435
USA_02395120,10,3.3634827,0.5879628,0.11393600702285767,1.83398
USA_02408540,1,3.843811,0.47978914,0.42534345388412476,1.960564
USA_02408540,2,5.1736727,0.6628406,0.22663575410842896,2.274571
USA_02408540,3,5.1571155,0.73255086,0.20996099710464478,2.2709284
USA_02408540,4,4.8944893,0.754442,0.20275509357452393,2.2123492
USA_02408540,5,4.984192,0.77778834,0.18570095300674438,2.2325304
USA_02408540,6,5.016015,0.7874788,0.18006420135498047,2.2396462
USA_02408540,7,5.0572996,0.7921798,0.17319554090499878,2.2488441
USA_02408540,8,5.0212755,0.7955982,0.1790834665298462,2.2408202
USA_02408540,9,5.033405,0.79526746,0.17715001106262207,2.243525
USA_02408540,10,5.044901,0.79045695,0.1753394603729248,2.2460856
USA_02422500,1,2.4569278,0.40742183,0.43348580598831177,1.567459
USA_02422500,2,3.3236485,0.553976,0.23373359441757202,1.8230876
USA_02422500,3,3.317885,0.60010904,0.2151651382446289,1.8215063
USA_02422500,4,3.0548503,0.60853666,0.21784251928329468,1.747813
USA_02422500,5,3.09988,0.6274033,0.20350956916809082,1.7606477
USA_02422500,6,3.112336,0.63616216,0.19952547550201416,1.7641814
USA_02422500,7,3.1586487,0.63931143,0.18727338314056396,1.7772588
USA_02422500,8,3.1452634,0.6412983,0.19060581922531128,1.773489
USA_02422500,9,3.1388044,0.6432544,0.19224786758422852,1.7716671
USA_02422500,10,3.1403217,0.64138734,0.19188010692596436,1.7720953
USA_02427250,1,6.578974,0.60416496,0.437799870967865,2.564951
USA_02427250,2,9.294631,0.794616,0.20574450492858887,3.0487096
USA_02427250,3,10.340902,0.8732629,0.1148073673248291,3.2157273
USA_02427250,4,10.542173,0.90013534,0.09155029058456421,3.2468712
USA_02427250,5,10.656479,0.91406125,0.07996869087219238,3.2644262
USA_02427250,6,10.771296,0.91992366,0.07009035348892212,3.2819653
USA_02427250,7,10.891847,0.92112386,0.05973607301712036,3.3002799
USA_02427250,8,10.958954,0.9239399,0.05398958921432495,3.310431
USA_02427250,9,10.98632,0.92869467,0.05166745185852051,3.3145618
USA_02427250,10,11.006961,0.9332783,0.04992091655731201,3.317674
USA_02464000,1,7.2790465,0.606375,0.3945295214653015,2.6979709
USA_02464000,2,10.245253,0.8527352,0.147661030292511,3.2008207
USA_02464000,3,10.964344,0.9830324,0.0914299488067627,3.3112452
USA_02464000,4,11.199202,1.0447587,0.07254296541213989,3.346521
USA_02464000,5,11.309513,1.0769553,0.0634007453918457,3.362962
USA_02464000,6,11.36623,1.0887065,0.05869406461715698,3.371384
USA_02464000,7,11.419666,1.0896751,0.05573618412017822,3.3792996
USA_02464000,8,11.366174,1.0894244,0.06124776601791382,3.3713756
USA_02464000,9,11.339716,1.0902076,0.06370365619659424,3.3674495
USA_02464000,10,11.310914,1.0894336,0.06610620021820068,3.3631701
USA_02464360,1,3.096644,0.45011574,0.3320589065551758,1.7597283
USA_02464360,2,3.9781027,0.625698,0.1416633129119873,1.9945182
USA_02464360,3,4.1961284,0.6894778,0.10142338275909424,2.0484455
USA_02464360,4,4.2999167,0.7077326,0.07941550016403198,2.0736241
USA_02464360,5,4.323261,0.7214527,0.07434725761413574,2.0792453
USA_02464360,6,4.3308563,0.7259634,0.07266825437545776,2.081071
USA_02464360,7,4.388571,0.7278916,0.068076491355896,2.0948915
USA_02464360,8,4.3468556,0.7294496,0.07802307605743408,2.0849113
USA_02464360,9,4.3401837,0.7324618,0.07950931787490845,2.0833108
USA_02464360,10,4.328683,0.7300113,0.08192050457000732,2.0805488
USA_02465493,1,0.5082302,0.23929515,0.6074242889881134,0.71290267
USA_02465493,2,0.86978567,0.35211402,0.3275638222694397,0.932623
USA_02465493,3,0.9955897,0.40381175,0.23163104057312012,0.9977924
USA_02465493,4,1.032863,0.4215041,0.2027435302734375,1.0162987
USA_02465493,5,1.0416572,0.42904618,0.19576936960220337,1.020616
USA_02465493,6,1.0439371,0.4330134,0.19382482767105103,1.0217324
USA_02465493,7,1.0986218,0.43691456,0.17894893884658813,1.0481516
USA_02465493,8,1.1110029,0.44149563,0.18102037906646729,1.0540413
USA_02465493,9,1.1117387,0.44323188,0.18087750673294067,1.0543902
USA_02465493,10,1.1119057,0.4399401,0.18072950839996338,1.0544693
USA_02469800,1,6.7966185,0.5624271,0.419924795627594,2.6070325
USA_02469800,2,9.177132,0.7635974,0.21677857637405396,3.0293782
USA_02469800,3,9.966713,0.84618443,0.14902067184448242,3.15701
USA_02469800,4,10.069126,0.8715853,0.13239455223083496,3.1731887
USA_02469800,5,10.224974,0.8845094,0.11750614643096924,3.1976514
USA_02469800,6,10.362848,0.9011158,0.10565710067749023,3.219138
USA_02469800,7,10.496891,0.90766823,0.09415930509567261,3.2398906
USA_02469800,8,10.557161,0.91738623,0.08902966976165771,3.2491786
USA_02469800,9,10.555467,0.925179,0.0892447829246521,3.2489178
USA_02469800,10,10.506435,0.9267613,0.09354275465011597,3.2413633
USA_02472000,1,2.6333714,0.46014014,0.6070547997951508,1.6227666
USA_02472000,2,4.1132936,0.65948683,0.38579684495925903,2.0281258
USA_02472000,3,5.0143013,0.76981807,0.25155675411224365,2.2392635
USA_02472000,4,5.6500587,0.8326279,0.15715575218200684,2.3769853
USA_02472000,5,5.94684,0.87037355,0.1134825348854065,2.4386144
USA_02472000,6,6.068634,0.8934683,0.09570521116256714,2.4634597
USA_02472000,7,6.149,0.8982897,0.08575421571731567,2.4797177
USA_02472000,8,6.148283,0.90118086,0.08919447660446167,2.4795732
USA_02472000,9,6.2090793,0.91092646,0.08651185035705566,2.4918025
USA_02472000,10,6.212624,0.9157627,0.09075778722763062,2.4925137
USA_02479560,1,2.3911605,0.5118833,0.6929905414581299,1.5463377
USA_02479560,2,4.236227,0.7662379,0.45610707998275757,2.0582097
USA_02479560,3,5.414505,0.92617583,0.3047950863838196,2.3269088
USA_02479560,4,6.113027,1.0257843,0.21437358856201172,2.4724536
USA_02479560,5,6.543019,1.0980207,0.15861058235168457,2.5579326
USA_02479560,6,6.8284717,1.1470678,0.12177342176437378,2.6131344
USA_02479560,7,6.986852,1.1749899,0.10142391920089722,2.6432655
USA_02479560,8,6.9837894,1.1882406,0.10190379619598389,2.6426861
USA_02479560,9,6.9617195,1.2031275,0.1048574447631836,2.6385071
USA_02479560,10,6.947358,1.2065202,0.10683006048202515,2.6357841
USA_03173000,1,1.6569678,0.2699208,0.45172882080078125,1.2872326
USA_03173000,2,2.1277888,0.37098396,0.2959635853767395,1.4586942
USA_03173000,3,2.3102107,0.4415691,0.23560702800750732,1.5199378
USA_03173000,4,2.4272518,0.4898892,0.19701755046844482,1.557964
USA_03173000,5,2.5275776,0.52404433,0.16389864683151245,1.5898358
USA_03173000,6,2.590132,0.5414839,0.14323127269744873,1.6093887
USA_03173000,7,2.6244762,0.5520299,0.1318802833557129,1.6200235
USA_03173000,8,2.6518984,0.5617541,0.12281233072280884,1.628465
USA_03173000,9,2.6696255,0.57331616,0.11694997549057007,1.6338989
USA_03173000,10,2.6958256,0.581189,0.10828381776809692,1.641897
USA_03213700,1,1.2845205,0.32663983,0.524394154548645,1.133367
USA_03213700,2,1.8793247,0.45261595,0.3041284680366516,1.3708847
USA_03213700,3,2.1072335,0.5341526,0.21970456838607788,1.4516313
USA_03213700,4,2.2292352,0.5855158,0.17451763153076172,1.4930624
USA_03213700,5,2.3053641,0.6204406,0.1463199257850647,1.5183426
USA_03213700,6,2.3824677,0.6461892,0.11776083707809448,1.5435245
USA_03213700,7,2.4554415,0.6647702,0.09072262048721313,1.5669849
USA_03213700,8,2.488971,0.6801266,0.07827073335647583,1.5776473
USA_03213700,9,2.5037234,0.688434,0.07277554273605347,1.5823158
USA_03213700,10,2.492424,0.69266266,0.07692331075668335,1.5787413
USA_03455500,1,12.387235,1.063996,0.39033424854278564,3.5195503
USA_03455500,2,15.475353,1.3191805,0.23849111795425415,3.9338725
USA_03455500,3,16.46213,1.4537914,0.18960052728652954,4.057355
USA_03455500,4,16.839535,1.5375503,0.16117918491363525,4.1036
USA_03455500,5,17.337763,1.6085609,0.1354149580001831,4.163864
USA_03455500,6,17.519333,1.64232,0.12615883350372314,4.1856103
USA_03455500,7,17.724121,1.6753317,0.11595875024795532,4.2100024
USA_03455500,8,17.873852,1.6933347,0.10860484838485718,4.227748
USA_03455500,9,17.926435,1.7003942,0.10613524913787842,4.233962
USA_03455500,10,18.052794,1.716549,0.10000574588775635,4.248858
USA_03460000,1,3.200295,0.505436,0.49573302268981934,1.7889369
USA_03460000,2,4.276918,0.6438297,0.32497501373291016,2.0680711
USA_03460000,3,4.654431,0.7327742,0.25344187021255493,2.157413
USA_03460000,4,4.8975267,0.80358905,0.21134579181671143,2.2130356
USA_03460000,5,5.093952,0.862364,0.1785106658935547,2.2569785
USA_03460000,6,5.1793017,0.8977997,0.16421502828598022,2.2758079
USA_03460000,7,5.2259297,0.92625743,0.15644901990890503,2.2860293
USA_03460000,8,5.2350416,0.9433811,0.15474176406860352,2.2880213
USA_03460000,9,5.2565475,0.955659,0.1512656807899475,2.2927163
USA_03460000,10,5.2740703,0.9684199,0.14848577976226807,2.2965343
USA_03473000,1,1.3278657,0.35521218,0.5947545766830444,1.1523305
USA_03473000,2,2.01969,0.5015091,0.3835545778274536,1.421158
USA_03473000,3,2.319352,0.59778696,0.29190224409103394,1.5229418
USA_03473000,4,2.5078497,0.6633584,0.23430925607681274,1.5836191
USA_03473000,5,2.6263566,0.70580256,0.1981077790260315,1.6206038
USA_03473000,6,2.6790354,0.7329521,0.18200385570526123,1.636776
USA_03473000,7,2.7207768,0.7516478,0.16925102472305298,1.6494777
USA_03473000,8,2.7398033,0.7662768,0.16344201564788818,1.6552352
USA_03473000,9,2.7492805,0.7770331,0.16055983304977417,1.6580955
USA_03473000,10,2.7483702,0.7851059,0.1608579158782959,1.6578209
USA_03488000,1,1.3072267,0.35681567,0.5890942215919495,1.1433401
USA_03488000,2,2.0327945,0.5073967,0.3609575629234314,1.425761
USA_03488000,3,2.3319478,0.6103488,0.26657480001449585,1.5270716
USA_03488000,4,2.5044901,0.6820678,0.21236205101013184,1.5825582
USA_03488000,5,2.6180806,0.7271844,0.17666542530059814,1.6180484
USA_03488000,6,2.6856863,0.7522092,0.15538734197616577,1.6388063
USA_03488000,7,2.74447,0.76780593,0.13689297437667847,1.6566441
USA_03488000,8,2.782535,0.78420734,0.12493205070495605,1.6680932
USA_03488000,9,2.8064308,0.7974443,0.11748474836349487,1.6752405
USA_03488000,10,2.803014,0.80428857,0.11868554353713989,1.6742204
USA_03500240,1,1.6701208,0.42668456,0.593121349811554,1.2923316
USA_03500240,2,2.4195797,0.5603515,0.41065359115600586,1.5554998
USA_03500240,3,2.7345335,0.641704,0.3404008150100708,1.6536425
USA_03500240,4,2.882634,0.6908917,0.30310213565826416,1.6978321
USA_03500240,5,2.988033,0.73058826,0.27518129348754883,1.7285928
USA_03500240,6,3.0347986,0.7521392,0.26315879821777344,1.7420673
USA_03500240,7,3.085173,0.7634841,0.2505955696105957,1.756466
USA_03500240,8,3.0908885,0.7718625,0.2490684986114502,1.7580923
USA_03500240,9,3.1002698,0.7757724,0.24674087762832642,1.7607583
USA_03500240,10,3.1079845,0.7798999,0.24480998516082764,1.7629477
USA_03504000,1,4.910454,0.77696085,0.6036975681781769,2.2159543
USA_03504000,2,6.983011,0.9935098,0.4364926218986511,2.6425388
USA_03504000,3,8.087765,1.1339126,0.35892534255981445,2.8438995
USA_03504000,4,8.656407,1.2305667,0.31537866592407227,2.9421773
USA_03504000,5,9.128703,1.3123071,0.2774263024330139,3.0213745
USA_03504000,6,9.360024,1.3611363,0.2588338851928711,3.0594158
USA_03504000,7,9.598359,1.397829,0.23976141214370728,3.098122
USA_03504000,8,9.689446,1.4204143,0.2324323058128357,3.1127875
USA_03504000,9,9.729378,1.4340627,0.229203999042511,3.119195
USA_03504000,10,9.79611,1.4471135,0.22385895252227783,3.1298738
USA_03574500,1,6.091272,0.7710582,0.5099922716617584,2.4680502
USA_03574500,2,8.97201,1.0459354,0.2781723141670227,2.9953313
USA_03574500,3,10.462383,1.2012713,0.1605343222618103,3.2345607
USA_03574500,4,11.178284,1.2947156,0.11322152614593506,3.343394
USA_03574500,5,11.429492,1.3564273,0.09695678949356079,3.3807533
USA_03574500,6,11.549234,1.3785355,0.08778846263885498,3.3984165
USA_03574500,7,11.608686,1.3792357,0.08312690258026123,3.4071522
USA_03574500,8,11.582171,1.3841677,0.08542758226394653,3.403259
USA_03574500,9,11.576669,1.3979056,0.08618336915969849,3.4024503
USA_03574500,10,11.554581,1.4019669,0.08799093961715698,3.399203
USA_04216418,1,3.2531226,0.60366017,0.38116466999053955,1.8036414
USA_04216418,2,4.2607694,0.78061765,0.1895517110824585,2.0641632
USA_04216418,3,4.5719757,0.853676,0.13042104244232178,2.138218
USA_04216418,4,4.6805277,0.8940579,0.10984104871749878,2.1634526
USA_04216418,5,4.6871886,0.9206008,0.10863763093948364,2.1649916
USA_04216418,6,4.716152,0.94178015,0.10319191217422485,2.1716704
USA_04216418,7,4.8122454,0.9562604,0.08498072624206543,2.1936831
USA_04216418,8,4.853393,0.97136086,0.07721930742263794,2.2030418
USA_04216418,9,4.870091,0.9850599,0.0741010308265686,2.2068284
USA_04216418,10,4.849345,0.99035496,0.07809716463088989,2.202123
USA_06408700,1,0.0018335605,0.033090446,0.8720346391201019,0.042820096
USA_06408700,2,0.0024927002,0.037911594,0.825745701789856,0.049926948
USA_06408700,3,0.0028176294,0.040246274,0.8026641458272934,0.05308135
USA_06408700,4,0.0029752026,0.04113784,0.7912413626909256,0.054545417
USA_06408700,5,0.0033290265,0.043554917,0.765984058380127,0.057697717
USA_06408700,6,0.004007704,0.048427,0.7177624106407166,0.06330643
USA_06408700,7,0.004453001,0.051012672,0.6858403980731964,0.06673081
USA_06408700,8,0.00441119,0.050497778,0.6882305443286896,0.066416785
USA_06408700,9,0.004697129,0.05172109,0.6674227118492126,0.0685356
USA_06408700,10,0.004704365,0.051476393,0.6663083732128143,0.068588376
USA_07226500,1,0.0044393423,0.011211324,0.1330503225326538,0.06662839
USA_07226500,2,0.0049185907,0.012067896,0.03950619697570801,0.070132665
USA_07226500,3,0.0050400198,0.012768635,0.015793681144714355,0.070993096
USA_07226500,4,0.0050798245,0.013132206,0.008020520210266113,0.07127289
USA_07226500,5,0.005080934,0.013440676,0.007803916931152344,0.07128067
USA_07226500,6,0.0050885445,0.013886009,0.0063179731369018555,0.071334034
USA_07226500,7,0.005113855,0.014174455,0.0013753771781921387,0.071511224
USA_07226500,8,0.005097019,0.014500288,0.004662930965423584,0.07139341
USA_07226500,9,0.005053721,0.014119241,0.011985063552856445,0.07108953
USA_07226500,10,0.005060783,0.014428082,0.01059335470199585,0.07113918
USA_07291000,1,12.829392,0.6782299,0.15170657634735107,3.581814
USA_07291000,2,14.322004,0.8263678,0.05301874876022339,3.7844424
USA_07291000,3,14.5306,0.873702,0.039230406284332275,3.8119023
USA_07291000,4,14.646974,0.89477897,0.03153783082962036,3.8271365
USA_07291000,5,14.75216,0.9142147,0.02457219362258911,3.8408542
USA_07291000,6,14.805186,0.918522,0.02106320858001709,3.847751
USA_07291000,7,14.826312,0.9119659,0.019669055938720703,3.850495
USA_07291000,8,14.771369,0.9156467,0.02330416440963745,3.843354
USA_07291000,9,14.783249,0.92314005,0.022520840167999268,3.8448992
USA_07291000,10,14.787473,0.9200754,0.022242248058319092,3.8454483
USA_07376000,1,3.2311602,0.47492155,0.5565410256385803,1.7975428
USA_07376000,2,4.647021,0.6355009,0.36223310232162476,2.155695
USA_07376000,3,5.5230036,0.7225372,0.24204158782958984,2.3501072
USA_07376000,4,6.0428867,0.7708995,0.17072844505310059,2.4582283
USA_07376000,5,6.3183317,0.80513155,0.1329692006111145,2.5136292
USA_07376000,6,6.515931,0.8275763,0.10590004920959473,2.552632
USA_07376000,7,6.663411,0.83330137,0.08570653200149536,2.5813584
USA_07376000,8,6.734524,0.8380321,0.07599282264709473,2.595096
USA_07376000,9,6.7740383,0.8445982,0.07010650634765625,2.6026983
USA_07376000,10,6.791102,0.8450589,0.06398355960845947,2.6059742
USA_09497980,1,0.03594885,0.03877193,0.5013033747673035,0.18960182
USA_09497980,2,0.0514142,0.046653934,0.28552061319351196,0.22674699
USA_09497980,3,0.057962485,0.051839195,0.19365286827087402,0.240754
USA_09497980,4,0.061125807,0.0546027,0.1490442156791687,0.24723634
USA_09497980,5,0.06320877,0.057773106,0.1195799708366394,0.25141352
USA_09497980,6,0.0641162,0.059624672,0.10642772912979126,0.25321177
USA_09497980,7,0.064997636,0.061857045,0.09345364570617676,0.25494635
USA_09497980,8,0.06546376,0.064417824,0.08611303567886353,0.25585887
USA_09497980,9,0.065844275,0.06509238,0.08000320196151733,0.2566014
USA_09497980,10,0.06590377,0.06527016,0.07845860719680786,0.2567173
USA_09505350,1,0.41047233,0.09858595,0.3650588393211365,0.64068115
USA_09505350,2,0.5129749,0.12655608,0.20618551969528198,0.71622264
USA_09505350,3,0.5418225,0.13956615,0.16143149137496948,0.73608595
USA_09505350,4,0.5500388,0.14808159,0.14869427680969238,0.741646
USA_09505350,5,0.55644655,0.15499957,0.13876253366470337,0.74595344
USA_09505350,6,0.5614898,0.15933375,0.1308753490447998,0.7493262
USA_09505350,7,0.56795454,0.16518551,0.12057691812515259,0.7536276
USA_09505350,8,0.5741367,0.1721099,0.11045265197753906,0.7577181
USA_09505350,9,0.5768564,0.17566405,0.10547930002212524,0.75951064
USA_09505350,10,0.57825845,0.17720537,0.1025877594947815,0.7604331
USA_09505800,1,0.028864076,0.04410339,0.6740578413009644,0.16989431
USA_09505800,2,0.04615588,0.05590633,0.47853559255599976,0.2148392
USA_09505800,3,0.052101485,0.062349144,0.4112347960472107,0.22825749
USA_09505800,4,0.054970138,0.065218605,0.3787626028060913,0.23445712
USA_09505800,5,0.05796147,0.069352284,0.3449287414550781,0.24075189
USA_09505800,6,0.060261093,0.07278525,0.3189097046852112,0.24548136
USA_09505800,7,0.06246751,0.07669819,0.293817400932312,0.24993502
USA_09505800,8,0.065079056,0.08183373,0.2638116478919983,0.25510597
USA_09505800,9,0.06717745,0.08377557,0.23947405815124512,0.25918615
USA_09505800,10,0.06850124,0.08535576,0.22386682033538818,0.26172742
USA_09508300,1,6.34248,0.19973111,0.12754708528518677,2.518428
USA_09508300,2,6.978837,0.23970897,0.04001277685165405,2.641749
USA_09508300,3,7.204414,0.2595149,0.008983433246612549,2.684104
USA_09508300,4,7.2566943,0.2705518,0.0017919540405273438,2.6938252
USA_09508300,5,7.27558,0.27950346,-0.000805974006652832,2.6973283
USA_09508300,6,7.279017,0.28443465,-0.0012786388397216797,2.6979654
USA_09508300,7,7.28332,0.29071516,-0.0018706321716308594,2.6987627
USA_09508300,8,7.2935343,0.30021384,-0.003275632858276367,2.7006545
USA_09508300,9,7.311886,0.30727744,-0.005800008773803711,2.7040498
USA_09508300,10,7.3125057,0.31079048,-0.0058852434158325195,2.7041645
USA_09510200,1,0.12425321,0.04950176,0.3584147095680237,0.3524957
USA_09510200,2,0.15782192,0.059871033,0.1850789189338684,0.3972681
USA_09510200,3,0.171539,0.065905556,0.11425387859344482,0.41417265
USA_09510200,4,0.17628373,0.06923483,0.08975499868392944,0.41986156
USA_09510200,5,0.17910272,0.07259996,0.07520270347595215,0.4232053
USA_09510200,6,0.18052925,0.075564645,0.06784689426422119,0.42488733
USA_09510200,7,0.18160015,0.07904195,0.06232905387878418,0.4261457
USA_09510200,8,0.18198758,0.08308429,0.06033980846405029,0.42660004
USA_09510200,9,0.18395533,0.0845501,0.050191283226013184,0.42890012
USA_09510200,10,0.18434416,0.08465072,0.04819566011428833,0.42935318
USA_10258500,1,0.0066081835,0.01474629,0.28219956159591675,0.08129074
USA_10258500,2,0.0078036734,0.017621284,0.150357186794281,0.088338405
USA_10258500,3,0.00874569,0.020808471,0.04300963878631592,0.09351839
USA_10258500,4,0.008845229,0.021282008,0.02908104658126831,0.094049074
USA_10258500,5,0.009078688,0.023658043,0.001322925090789795,0.09528215
USA_10258500,6,0.009281899,0.025403228,-0.02276444435119629,0.09634261
USA_10258500,7,0.009387947,0.027848745,-0.035820722579956055,0.09689142
USA_10258500,8,0.009635125,0.03101926,-0.0643075704574585,0.09815867
USA_10258500,9,0.009744128,0.030722626,-0.07740437984466553,0.09871235
USA_10258500,10,0.009881767,0.030375663,-0.09338104724884033,0.09940708
USA_10259000,1,0.08699765,0.051548164,0.4535446763038635,0.29495364
USA_10259000,2,0.11734291,0.06119488,0.26259738206863403,0.34255353
USA_10259000,3,0.13575555,0.06981123,0.14659684896469116,0.3684502
USA_10259000,4,0.14414527,0.07135874,0.09368956089019775,0.3796647
USA_10259000,5,0.1464645,0.07150573,0.07900255918502808,0.3827068
USA_10259000,6,0.14864929,0.074194446,0.06515753269195557,0.38555062
USA_10259000,7,0.14967042,0.08008532,0.05863732099533081,0.38687262
USA_10259000,8,0.1500704,0.081868984,0.05601376295089722,0.3873892
USA_10259000,9,0.15046905,0.08159189,0.05337876081466675,0.3879034
USA_10259000,10,0.15143791,0.08443683,0.04716813564300537,0.38915023
USA_10263500,1,0.5548756,0.11641632,0.5914182960987091,0.74489975
USA_10263500,2,0.7254015,0.14125612,0.4658694863319397,0.8517051
USA_10263500,3,0.7956139,0.15349407,0.41419166326522827,0.8919719
USA_10263500,4,0.8382128,0.16934824,0.3828485608100891,0.9155396
USA_10263500,5,0.8622302,0.18488139,0.3651881814002991,0.9285635
USA_10263500,6,0.8798499,0.19251734,0.352239191532135,0.9380031
USA_10263500,7,0.89283913,0.19215657,0.3427000641822815,0.94490165
USA_10263500,8,0.9091283,0.19811766,0.3307344913482666,0.9534822
USA_10263500,9,0.92614925,0.2089901,0.3182332515716553,0.96236646
USA_10263500,10,0.93856454,0.21650338,0.30912327766418457,0.9687954
USA_11098000,1,1.5454819,0.20149454,0.3193366527557373,1.2431741
USA_11098000,2,1.7606128,0.23569065,0.22461295127868652,1.3268808
USA_11098000,3,1.8549417,0.25606918,0.18309003114700317,1.3619624
USA_11098000,4,1.9082649,0.2628767,0.15962493419647217,1.3813996
USA_11098000,5,1.934084,0.2690392,0.1482730507850647,1.3907135
USA_11098000,6,1.96735,0.2785083,0.133642315864563,1.4026226
USA_11098000,7,1.97844,0.28959918,0.12877744436264038,1.4065703
USA_11098000,8,1.9742944,0.2964399,0.13062191009521484,1.4050959
USA_11098000,9,1.9875277,0.30059704,0.12481361627578735,1.4097971
USA_11098000,10,1.998307,0.30518183,0.12008446455001831,1.4136149
USA_11124500,1,0.25417912,0.07150672,0.3931424021720886,0.5041618
USA_11124500,2,0.30819908,0.08940781,0.26416873931884766,0.5551568
USA_11124500,3,0.33018157,0.10121877,0.21168512105941772,0.5746143
USA_11124500,4,0.34131488,0.10534106,0.1851041316986084,0.5842216
USA_11124500,5,0.3472419,0.109955914,0.17095327377319336,0.5892724
USA_11124500,6,0.3491048,0.113748334,0.1665056347846985,0.5908509
USA_11124500,7,0.35071272,0.12077821,0.16266661882400513,0.59221005
USA_11124500,8,0.3526401,0.12702584,0.15806496143341064,0.59383506
USA_11124500,9,0.35663,0.12879866,0.14853906631469727,0.5971851
USA_11124500,10,0.35869545,0.13125284,0.14360767602920532,0.5989119
USA_11141280,1,0.24973463,0.06939821,0.4580842852592468,0.49973455
USA_11141280,2,0.3109167,0.08600168,0.3250758647918701,0.55759907
USA_11141280,3,0.33399665,0.095585175,0.2747936248779297,0.57792443
USA_11141280,4,0.3448429,0.10421248,0.2511264681816101,0.58723325
USA_11141280,5,0.35408145,0.11352043,0.23097097873687744,0.5950474
USA_11141280,6,0.36909822,0.12066458,0.19829344749450684,0.6075345
USA_11141280,7,0.38013574,0.12368706,0.17427682876586914,0.6165515
USA_11141280,8,0.38996878,0.12902854,0.15287399291992188,0.6244748
USA_11141280,9,0.40158352,0.13492624,0.12762290239334106,0.63370615
USA_11141280,10,0.40861505,0.14088978,0.11233562231063843,0.6392301
USA_11143000,1,2.37362,0.36073357,0.7577677816152573,1.5406557
USA_11143000,2,4.183893,0.47109857,0.571994960308075,2.0454566
USA_11143000,3,5.235023,0.56043154,0.4634748697280884,2.2880173
USA_11143000,4,5.783221,0.6129004,0.40642040967941284,2.4048328
USA_11143000,5,6.2363887,0.6603934,0.3591337203979492,2.4972763
USA_11143000,6,6.656689,0.7072276,0.3152461051940918,2.580056
USA_11143000,7,6.9317203,0.75139326,0.2863454818725586,2.632816
USA_11143000,8,7.073357,0.7827095,0.2712547779083252,2.6595783
USA_11143000,9,7.292943,0.80676675,0.24819660186767578,2.7005448
USA_11143000,10,7.390501,0.8303369,0.23776906728744507,2.7185476
USA_11148900,1,4.127971,0.30278903,0.45611274242401123,2.031741
USA_11148900,2,5.439557,0.38962072,0.2822853922843933,2.332286
USA_11148900,3,6.0586724,0.4456364,0.19980114698410034,2.461437
USA_11148900,4,6.306627,0.47878328,0.16650152206420898,2.5112998
USA_11148900,5,6.6001444,0.51058394,0.12729370594024658,2.5690746
USA_11148900,6,6.760937,0.532246,0.10571140050888062,2.6001801
USA_11148900,7,6.8881125,0.5578198,0.08863329887390137,2.6245215
USA_11148900,8,6.974961,0.57739276,0.07693690061569214,2.641015
USA_11148900,9,7.0799527,0.58958215,0.06287628412246704,2.660818
USA_11148900,10,7.09133,0.59998876,0.06123626232147217,2.662955
USA_11151300,1,0.07457685,0.030797504,0.21231478452682495,0.27308762
USA_11151300,2,0.08397791,0.0371301,0.11302375793457031,0.2897894
USA_11151300,3,0.088504575,0.042495336,0.06521296501159668,0.29749718
USA_11151300,4,0.08941385,0.043420676,0.05560922622680664,0.29902148
USA_11151300,5,0.09143511,0.04497517,0.034260571002960205,0.30238238
USA_11151300,6,0.092913866,0.047652513,0.018641948699951172,0.30481777
USA_11151300,7,0.09355371,0.050117187,0.011887907981872559,0.3058655
USA_11151300,8,0.09429294,0.053198345,0.004083812236785889,0.30707157
USA_11151300,9,0.09468514,0.052660998,-5.459785461425781e-05,0.30770952
USA_11151300,10,0.094067685,0.0524486,0.006470739841461182,0.30670455
USA_11162500,1,1.660262,0.21418297,0.48944228887557983,1.2885115
USA_11162500,2,2.3068252,0.2826004,0.2903251647949219,1.5188236
USA_11162500,3,2.5714037,0.3263672,0.20873624086380005,1.6035597
USA_11162500,4,2.6842093,0.35373586,0.1739027500152588,1.6383557
USA_11162500,5,2.7711804,0.37042153,0.1470441222190857,1.6646863
USA_11162500,6,2.856272,0.3851487,0.12079030275344849,1.6900508
USA_11162500,7,2.908568,0.40574947,0.1046525239944458,1.7054524
USA_11162500,8,2.946559,0.42194214,0.09293115139007568,1.7165544
USA_11162500,9,2.9932222,0.43112686,0.07855254411697388,1.7300931
USA_11162500,10,3.023505,0.44185406,0.06922334432601929,1.7388228
USA_11176400,1,0.21556808,0.0741614,0.3993425965309143,0.4642931
USA_11176400,2,0.27867928,0.08804304,0.2235221266746521,0.5279008
USA_11176400,3,0.3016991,0.09689511,0.15935325622558594,0.5492714
USA_11176400,4,0.30800873,0.1070781,0.14175385236740112,0.55498534
USA_11176400,5,0.31796205,0.11054465,0.11400538682937622,0.5638812
USA_11176400,6,0.32917914,0.11601521,0.08273941278457642,0.5737414
USA_11176400,7,0.33706415,0.11766306,0.06076282262802124,0.58057225
USA_11176400,8,0.3433441,0.12038572,0.04326134920120239,0.5859557
USA_11176400,9,0.34810176,0.12508129,0.03000432252883911,0.5900015
USA_11176400,10,0.34971243,0.12972713,0.02551931142807007,0.59136486
USA_11180500,1,0.45831105,0.12175491,0.36136823892593384,0.67698675
USA_11180500,2,0.57290685,0.14422564,0.2012212872505188,0.7569061
USA_11180500,3,0.6163508,0.154646,0.14062350988388062,0.78508013
USA_11180500,4,0.6221408,0.16547109,0.13256949186325073,0.78875905
USA_11180500,5,0.63750154,0.17214458,0.1111605167388916,0.79843694
USA_11180500,6,0.65489876,0.17667979,0.08690071105957031,0.80925816
USA_11180500,7,0.667776,0.17740469,0.06894409656524658,0.8171756
USA_11180500,8,0.6712039,0.18058665,0.06416463851928711,0.8192704
USA_11180500,9,0.6795458,0.18654661,0.05253344774246216,0.8243457
USA_11180500,10,0.6924901,0.19251359,0.03448563814163208,0.8321599
USA_11180960,1,0.9682058,0.1811963,0.3767090439796448,0.9839745
USA_11180960,2,1.1906565,0.20965329,0.23351341485977173,1.0911721
USA_11180960,3,1.2979376,0.22044498,0.1644577980041504,1.1392707
USA_11180960,4,1.3160391,0.23446704,0.15281343460083008,1.1471875
USA_11180960,5,1.3482311,0.24402858,0.13209712505340576,1.1611335
USA_11180960,6,1.3608338,0.2470183,0.12399125099182129,1.1665478
USA_11180960,7,1.3911588,0.2486241,0.1044774055480957,1.179474
USA_11180960,8,1.4032372,0.25485617,0.09670782089233398,1.1845832
USA_11180960,9,1.4227338,0.2621379,0.08416295051574707,1.1927841
USA_11180960,10,1.4321325,0.26932356,0.07811862230300903,1.1967174
USA_11224500,1,0.013177949,0.017949866,0.4434915781021118,0.114795245
USA_11224500,2,0.015968485,0.022450073,0.32551300525665283,0.12636647
USA_11224500,3,0.017338514,0.027817283,0.2675827145576477,0.1316758
USA_11224500,4,0.017590515,0.02865503,0.2569274306297302,0.13262925
USA_11224500,5,0.018284827,0.029427484,0.22760534286499023,0.1352214
USA_11224500,6,0.019142775,0.032135848,0.19137132167816162,0.13835742
USA_11224500,7,0.019925363,0.03611998,0.15832531452178955,0.14115722
USA_11224500,8,0.020580305,0.03901118,0.13067227602005005,0.14345837
USA_11224500,9,0.021092989,0.038287323,0.1090288758277893,0.14523426
USA_11224500,10,0.021203795,0.038694452,0.10436117649078369,0.14561523
USA_11253310,1,0.016451782,0.020637967,0.40277421474456787,0.1282645
USA_11253310,2,0.019051718,0.025614519,0.3073325753211975,0.13802797
USA_11253310,3,0.02004483,0.031014197,0.2704811692237854,0.14157976
USA_11253310,4,0.020351842,0.032610297,0.25915414094924927,0.14265989
USA_11253310,5,0.020747066,0.032581493,0.24466991424560547,0.14403842
USA_11253310,6,0.021173187,0.03436755,0.22908234596252441,0.14551009
USA_11253310,7,0.02149927,0.03702256,0.217157244682312,0.1466263
USA_11253310,8,0.022055227,0.039369296,0.19687974452972412,0.14851002
USA_11253310,9,0.022608733,0.03945365,0.17670708894729614,0.150362
USA_11253310,10,0.022700893,0.041298676,0.17331618070602417,0.15066816
USA_11274500,1,0.27036428,0.06367896,0.3407664895057678,0.51996565
USA_11274500,2,0.33950892,0.07863114,0.17217004299163818,0.58267397
USA_11274500,3,0.36744335,0.092207335,0.10405701398849487,0.6061711
USA_11274500,4,0.37466028,0.09745778,0.08645981550216675,0.612095
USA_11274500,5,0.38344616,0.10154301,0.06503713130950928,0.6192303
USA_11274500,6,0.39276153,0.107501164,0.04232323169708252,0.6267069
USA_11274500,7,0.39915213,0.113167144,0.0267409086227417,0.63178486
USA_11274500,8,0.40574244,0.118401326,0.010671734809875488,0.63697916
USA_11274500,9,0.40917262,0.11839678,0.0023078322410583496,0.639666
USA_11274500,10,0.4086889,0.12044346,0.00348740816116333,0.6392878
USA_11274630,1,0.025916658,0.029733084,0.5343825817108154,0.16098651
USA_11274630,2,0.038356602,0.036637627,0.31088727712631226,0.19584842
USA_11274630,3,0.044113126,0.04304572,0.2074657678604126,0.21003126
USA_11274630,4,0.04607369,0.04716867,0.1722424030303955,0.21464783
USA_11274630,5,0.04744814,0.04861849,0.14754903316497803,0.21782593
USA_11274630,6,0.048868317,0.051219884,0.12203431129455566,0.2210618
USA_11274630,7,0.050215684,0.05376487,0.0978274941444397,0.22408856
USA_11274630,8,0.051532,0.056967836,0.07417875528335571,0.22700661
USA_11274630,9,0.052313592,0.057745118,0.06013655662536621,0.22872165
USA_11274630,10,0.05244972,0.05909939,0.05769091844558716,0.22901905
USA_11284400,1,3.1154554,0.22834876,0.29636168479919434,1.7650653
USA_11284400,2,3.7080731,0.2826553,0.1625308394432068,1.9256358
USA_11284400,3,3.8613124,0.3104563,0.12793833017349243,1.9650222
USA_11284400,4,3.8883836,0.321763,0.12184083461761475,1.9718984
USA_11284400,5,4.014028,0.33048046,0.09348034858703613,2.003504
USA_11284400,6,4.070867,0.3395374,0.08065742254257202,2.017639
USA_11284400,7,4.079019,0.35310543,0.07882809638977051,2.019658
USA_11284400,8,4.1245503,0.36463562,0.06855571269989014,2.0308988
USA_11284400,9,4.1567936,0.36957923,0.06128358840942383,2.0388217
USA_11284400,10,4.1558924,0.3764305,0.061495304107666016,2.0386007
USA_11299600,1,2.1273124,0.24457814,0.36427879333496094,1.4585309
USA_11299600,2,2.5852375,0.2858546,0.22725021839141846,1.6078674
USA_11299600,3,2.6827507,0.30283087,0.19802242517471313,1.6379105
USA_11299600,4,2.6695046,0.31659853,0.20195990800857544,1.6338619
USA_11299600,5,2.802859,0.32714236,0.16209512948989868,1.6741742
USA_11299600,6,2.853665,0.33611736,0.14691448211669922,1.6892794
USA_11299600,7,2.8901818,0.34254584,0.13600927591323853,1.7000535
USA_11299600,8,2.9330392,0.3467539,0.12320953607559204,1.7126118
USA_11299600,9,2.9983175,0.35608083,0.10370838642120361,1.731565
USA_11299600,10,3.024319,0.3676171,0.09594845771789551,1.739057
USA_11383500,1,0.8907873,0.24208009,0.6854380369186401,0.9438153
USA_11383500,2,1.3015444,0.31947842,0.5404209792613983,1.1408525
USA_11383500,3,1.5500996,0.36415058,0.45269453525543213,1.2450299
USA_11383500,4,1.6772928,0.3928108,0.40782439708709717,1.2951034
USA_11383500,5,1.7574873,0.41733497,0.37954843044281006,1.3257025
USA_11383500,6,1.8206139,0.4419836,0.35731035470962524,1.3493012
USA_11383500,7,1.8766441,0.46741244,0.33757179975509644,1.3699067
USA_11383500,8,1.9210411,0.48507035,0.3219394087791443,1.3860162
USA_11383500,9,1.9607425,0.4976277,0.3079935312271118,1.4002651
USA_11383500,10,1.9820012,0.5102313,0.3005545735359192,1.4078356
USA_11451100,1,4.202262,0.4114652,0.5750545263290405,2.049942
USA_11451100,2,5.795221,0.5599825,0.41386085748672485,2.4073265
USA_11451100,3,6.753267,0.6598035,0.31687748432159424,2.5987048
USA_11451100,4,7.302592,0.7132577,0.2612442374229431,2.7023308
USA_11451100,5,7.5668387,0.75721794,0.2344341278076172,2.7507887
USA_11451100,6,7.839756,0.79625094,0.20673882961273193,2.7999563
USA_11451100,7,7.97867,0.83197635,0.1926252841949463,2.8246539
USA_11451100,8,8.088062,0.854214,0.18151724338531494,2.843952
USA_11451100,9,8.253516,0.8687328,0.16474545001983643,2.8728933
USA_11451100,10,8.338279,0.88909507,0.15615123510360718,2.8876078
USA_11468500,1,2.709708,0.3985372,0.7332552373409271,1.6461191
USA_11468500,2,4.8855405,0.579827,0.5190673768520355,2.210326
USA_11468500,3,6.081832,0.7167819,0.40130531787872314,2.466137
USA_11468500,4,6.83101,0.7988127,0.3275563716888428,2.61362
USA_11468500,5,7.3377137,0.8560352,0.27767741680145264,2.7088215
USA_11468500,6,7.733226,0.8997322,0.2387433648109436,2.7808678
USA_11468500,7,7.8907676,0.9449124,0.22323393821716309,2.809051
USA_11468500,8,8.118424,0.9767928,0.20083051919937134,2.849285
USA_11468500,9,8.373402,0.99238104,0.1757623553276062,2.893683
USA_11468500,10,8.514236,1.0128298,0.16192597150802612,2.9179165
USA_11473900,1,2.1381338,0.40237018,0.7183495759963989,1.4622359
USA_11473900,2,3.317387,0.5546616,0.5630206763744354,1.8213695
USA_11473900,3,3.9244072,0.6635141,0.4830743670463562,1.9810116
USA_11473900,4,4.3814063,0.72681504,0.4228898286819458,2.093181
USA_11473900,5,4.617987,0.77643955,0.39174020290374756,2.1489503
USA_11473900,6,4.8560777,0.8265078,0.3603842258453369,2.203651
USA_11473900,7,5.0112677,0.8659174,0.33991914987564087,2.2385862
USA_11473900,8,5.13152,0.88886887,0.3240734934806824,2.2652857
USA_11473900,9,5.2340145,0.91012245,0.3105852007865906,2.287797
USA_11473900,10,5.289961,0.9258921,0.30298686027526855,2.2999916
USA_11475560,1,8.665266,0.7304306,0.7235038876533508,2.9436824
USA_11475560,2,14.264508,0.9883752,0.5451868772506714,3.7768383
USA_11475560,3,17.157778,1.2026154,0.4530881643295288,4.1421947
USA_11475560,4,19.525103,1.345234,0.37764453887939453,4.4187217
USA_11475560,5,20.95852,1.446779,0.331886887550354,4.5780478
USA_11475560,6,22.21246,1.5523672,0.2918320894241333,4.71301
USA_11475560,7,22.937569,1.6367859,0.26862597465515137,4.789318
USA_11475560,8,23.44443,1.6901712,0.25238972902297974,4.8419447
USA_11475560,9,24.051197,1.7324582,0.23297923803329468,4.904202
USA_11475560,10,24.61076,1.7875785,0.21508175134658813,4.960923
USA_11476600,1,14.490432,0.89836293,0.7066677510738373,3.80663
USA_11476600,2,23.558794,1.1611977,0.5231147110462189,4.85374
USA_11476600,3,29.01833,1.3853266,0.41261953115463257,5.3868666
USA_11476600,4,32.664738,1.5198908,0.3388630747795105,5.715307
USA_11476600,5,34.826046,1.6334466,0.29517239332199097,5.9013596
USA_11476600,6,36.636597,1.7507778,0.25858741998672485,6.0528173
USA_11476600,7,37.735123,1.8396161,0.23640811443328857,6.142892
USA_11476600,8,38.413525,1.8982545,0.2227252721786499,6.1978645
USA_11476600,9,39.386612,1.9447546,0.20307576656341553,6.2758756
USA_11476600,10,40.075672,2.0010793,0.1891711950302124,6.330535
USA_11478500,1,10.925926,0.9278538,0.6686334908008575,3.305439
USA_11478500,2,17.872963,1.2576219,0.457973837852478,4.2276425
USA_11478500,3,21.11843,1.4865681,0.35958409309387207,4.595479
USA_11478500,4,23.353708,1.6075047,0.2918332815170288,4.8325677
USA_11478500,5,24.47347,1.6931585,0.2579115033149719,4.947067
USA_11478500,6,25.344566,1.7799985,0.23153144121170044,5.034339
USA_11478500,7,25.938532,1.8573316,0.21355265378952026,5.0929885
USA_11478500,8,26.41132,1.8999333,0.19923514127731323,5.1391945
USA_11478500,9,26.844303,1.9319705,0.18612462282180786,5.181149
USA_11478500,10,27.051111,1.9511603,0.17984193563461304,5.2010684
USA_11480390,1,4.027149,0.5467429,0.7115619778633118,2.0067759
USA_11480390,2,6.7509403,0.7425178,0.5164822340011597,2.598257
USA_11480390,3,7.943961,0.8999892,0.43104326725006104,2.8185034
USA_11480390,4,8.878655,0.98019415,0.36410731077194214,2.9797072
USA_11480390,5,9.333028,1.0359159,0.3315724730491638,3.0550005
USA_11480390,6,9.7701,1.0995334,0.30027347803115845,3.125716
USA_11480390,7,10.058878,1.155324,0.27959632873535156,3.1715734
USA_11480390,8,10.355968,1.1838448,0.2583286762237549,3.218069
USA_11480390,9,10.58293,1.2086713,0.24204444885253906,3.2531414
USA_11480390,10,10.7361965,1.2322222,0.23106980323791504,3.2766135
USA_11481200,1,8.772281,0.82090044,0.6122402250766754,2.9618037
USA_11481200,2,14.301618,1.129477,0.3677576780319214,3.781748
USA_11481200,3,16.10345,1.3072224,0.2880963087081909,4.0129104
USA_11481200,4,17.515005,1.4317257,0.22549450397491455,4.1850934
USA_11481200,5,18.150248,1.5058595,0.1974669098854065,4.2603106
USA_11481200,6,18.341835,1.5619067,0.1890265941619873,4.282737
USA_11481200,7,18.69309,1.6167753,0.17345023155212402,4.3235507
USA_11481200,8,19.163887,1.6548895,0.1526353359222412,4.377658
USA_11481200,9,19.272682,1.6738858,0.1462305188179016,4.390066
USA_11481200,10,19.283583,1.6893196,0.14541023969650269,4.391308
USA_11482500,1,4.406761,0.6797986,0.7747882008552551,2.0992286
USA_11482500,2,8.03188,0.9196474,0.5895075798034668,2.8340573
USA_11482500,3,9.961854,1.0969424,0.49084240198135376,3.1562405
USA_11482500,4,11.388547,1.2257696,0.41790664196014404,3.3746922
USA_11482500,5,12.194254,1.3180639,0.37662768363952637,3.4920273
USA_11482500,6,12.894566,1.3994112,0.34071964025497437,3.5909004
USA_11482500,7,13.380694,1.475598,0.31575828790664673,3.657963
USA_11482500,8,13.843186,1.5254707,0.2920008897781372,3.7206433
USA_11482500,9,14.198219,1.5649557,0.27374231815338135,3.7680523
USA_11482500,10,14.489897,1.6008159,0.25878411531448364,3.8065598
USA_11528700,1,0.55936456,0.2390561,0.841905876994133,0.7479068
USA_11528700,2,1.040342,0.32528666,0.7059350311756134,1.0199716
USA_11528700,3,1.3195754,0.39403528,0.6269406080245972,1.1487278
USA_11528700,4,1.5398258,0.44048983,0.5645880699157715,1.2408972
USA_11528700,5,1.683041,0.47566655,0.5238276422023773,1.2973207
USA_11528700,6,1.8112452,0.5111762,0.48722487688064575,1.3458251
USA_11528700,7,1.9136028,0.546743,0.4578673243522644,1.3833303
USA_11528700,8,1.9804298,0.56697047,0.4384501576423645,1.4072775
USA_11528700,9,2.0327682,0.58349156,0.4230855703353882,1.4257518
USA_11528700,10,2.0885682,0.5969891,0.4067080020904541,1.4451879
USA_12010000,1,29.480364,2.0254426,0.6916001737117767,5.429582
USA_12010000,2,52.760036,2.6903923,0.4483374357223511,7.2636104
USA_12010000,3,65.2534,3.2852752,0.31789064407348633,8.077958
USA_12010000,4,73.71538,3.7291412,0.22959530353546143,8.585766
USA_12010000,5,79.04885,4.016743,0.17390751838684082,8.890942
USA_12010000,6,82.848305,4.2258396,0.13416194915771484,9.102104
USA_12010000,7,84.96258,4.378627,0.11177712678909302,9.217515
USA_12010000,8,86.19275,4.468423,0.09880095720291138,9.284005
USA_12010000,9,87.534325,4.5369525,0.0846143364906311,9.355978
USA_12010000,10,87.286964,4.5449286,0.08715760707855225,9.34275
USA_12013500,1,14.782467,1.3191198,0.7031594514846802,3.8447974
USA_12013500,2,26.116951,1.7510451,0.47555625438690186,5.1104746
USA_12013500,3,32.485817,2.1490784,0.34762871265411377,5.699633
USA_12013500,4,36.768497,2.4404724,0.2616175413131714,6.063703
USA_12013500,5,39.78838,2.6557841,0.20547783374786377,6.307803
USA_12013500,6,42.56962,2.8438234,0.15868526697158813,6.5245395
USA_12013500,7,43.872528,2.9793875,0.13572394847869873,6.623634
USA_12013500,8,44.48727,3.051327,0.12456458806991577,6.669878
USA_12013500,9,45.28305,3.1261249,0.10924899578094482,6.729268
USA_12013500,10,45.455776,3.1572287,0.10596662759780884,6.7420897
USA_12020000,1,17.544361,1.2571896,0.6314294636249542,4.188599
USA_12020000,2,28.466629,1.709782,0.40195345878601074,5.3354125
USA_12020000,3,34.09675,2.0903163,0.28512042760849,5.839242
USA_12020000,4,37.78865,2.3735197,0.21013563871383667,6.1472473
USA_12020000,5,39.980263,2.5574849,0.16532325744628906,6.3229947
USA_12020000,6,41.886326,2.7004864,0.12588948011398315,6.471965
USA_12020000,7,42.898327,2.8111598,0.10487538576126099,6.5496817
USA_12020000,8,43.4576,2.8724258,0.09321260452270508,6.592238
USA_12020000,9,43.9445,2.9261663,0.0830298662185669,6.6290646
USA_12020000,10,44.19593,2.9496257,0.07774478197097778,6.648002
USA_12025000,1,4.4819503,0.7990447,0.7411798536777496,2.1170616
USA_12025000,2,8.298442,1.153287,0.5209555625915527,2.8807015
USA_12025000,3,10.548675,1.4276233,0.3915841579437256,3.2478724
USA_12025000,4,12.094365,1.6159803,0.30276232957839966,3.4776955
USA_12025000,5,13.110172,1.7301588,0.24429649114608765,3.6207972
USA_12025000,6,13.932355,1.8293514,0.19696682691574097,3.732607
USA_12025000,7,14.392767,1.9011731,0.17068630456924438,3.79378
USA_12025000,8,14.605087,1.9451807,0.15855687856674194,3.8216603
USA_12025000,9,14.852178,1.9782723,0.14429068565368652,3.8538523
USA_12025000,10,14.943601,1.9999659,0.13901418447494507,3.8656955
USA_12025700,1,13.169601,1.2859637,0.6850753128528595,3.6289945
USA_12025700,2,23.064266,1.7657863,0.4486239552497864,4.802527
USA_12025700,3,28.379889,2.1558623,0.3218528628349304,5.3272777
USA_12025700,4,31.711136,2.4256182,0.24239295721054077,5.631264
USA_12025700,5,33.742992,2.597805,0.19393354654312134,5.8088717
USA_12025700,6,35.51976,2.7249544,0.1514906883239746,5.9598455
USA_12025700,7,36.445496,2.8277025,0.12925869226455688,6.0370107
USA_12025700,8,37.029896,2.8842478,0.11524486541748047,6.0852194
USA_12025700,9,37.396713,2.9300675,0.10643571615219116,6.1152854
USA_12025700,10,37.6347,2.9421434,0.10073846578598022,6.1347127
USA_12035000,1,15.504601,1.4565791,0.7359497845172882,3.9375882
USA_12035000,2,27.708305,1.962117,0.5285047590732574,5.263868
USA_12035000,3,35.12519,2.422652,0.4026831388473511,5.926651
USA_12035000,4,39.99456,2.7523322,0.32008492946624756,6.3241253
USA_12035000,5,42.761227,2.9546854,0.27307379245758057,6.539207
USA_12035000,6,45.154564,3.1109195,0.23167157173156738,6.7197146
USA_12035000,7,46.14219,3.211817,0.21326959133148193,6.7928042
USA_12035000,8,46.742416,3.265279,0.20229732990264893,6.8368425
USA_12035000,9,47.797222,3.3316278,0.18360328674316406,6.9135537
USA_12035000,10,48.512363,3.3808355,0.17095088958740234,6.9650817
USA_12043000,1,41.688858,2.336408,0.580685555934906,6.456691
USA_12043000,2,65.13507,3.0936675,0.34510868787765503,8.07063
USA_12043000,3,76.34781,3.655279,0.23262125253677368,8.737723
USA_12043000,4,82.86765,4.028776,0.16712909936904907,9.103168
USA_12043000,5,86.902306,4.2512484,0.12658947706222534,9.322141
USA_12043000,6,89.80191,4.4345493,0.09721243381500244,9.476387
USA_12043000,7,90.859764,4.572179,0.08510380983352661,9.532039
USA_12043000,8,91.567474,4.639092,0.07773810625076294,9.56909
USA_12043000,9,92.755226,4.6908054,0.0654720664024353,9.630952
USA_12043000,10,93.70248,4.716833,0.05584472417831421,9.680004
USA_12073500,1,2.203872,0.28805378,0.4708373546600342,1.4845444
USA_12073500,2,2.7503686,0.38133854,0.3392346501350403,1.6584235
USA_12073500,3,3.0556092,0.45176637,0.2659255862236023,1.7480301
USA_12073500,4,3.319009,0.49538842,0.20225000381469727,1.8218148
USA_12073500,5,3.5169156,0.5271557,0.15410733222961426,1.8753442
USA_12073500,6,3.648794,0.5496346,0.12235146760940552,1.9101816
USA_12073500,7,3.7007644,0.56723326,0.10993736982345581,1.923737
USA_12073500,8,3.71324,0.5805588,0.10669809579849243,1.9269769
USA_12073500,9,3.7170205,0.5882781,0.10459405183792114,1.9279577
USA_12073500,10,3.699407,0.59127927,0.10867542028427124,1.9233843
USA_12175500,1,3.2673316,0.8699222,0.852631226181984,1.8075762
USA_12175500,2,5.1599364,1.1778105,0.7671581953763962,2.2715495
USA_12175500,3,6.7176976,1.4293975,0.6967069506645203,2.5918522
USA_12175500,4,7.8099513,1.6143278,0.64722940325737,2.794629
USA_12175500,5,8.531182,1.7239541,0.6144919693470001,2.9208188
USA_12175500,6,9.035167,1.8038936,0.5915608704090118,3.0058553
USA_12175500,7,9.421284,1.8684171,0.5739553272724152,3.069411
USA_12175500,8,9.685921,1.9133345,0.5618507862091064,3.1122212
USA_12175500,9,9.877494,1.9578775,0.5530706942081451,3.142848
USA_12175500,10,10.07361,1.993546,0.5440818667411804,3.1738951
USA_14020000,1,1.3572674,0.37499166,0.7446157038211823,1.1650182
USA_14020000,2,2.021899,0.49699396,0.6199238002300262,1.421935
USA_14020000,3,2.403274,0.5954674,0.5484178066253662,1.5502497
USA_14020000,4,2.6563122,0.67840457,0.5009316802024841,1.6298198
USA_14020000,5,2.8324943,0.73719084,0.46782827377319336,1.6830015
USA_14020000,6,2.9580903,0.7681071,0.44420987367630005,1.71991
USA_14020000,7,3.0533137,0.8014119,0.4262951612472534,1.7473733
USA_14020000,8,3.1649868,0.835917,0.40529513359069824,1.7790409
USA_14020000,9,3.2429776,0.8594604,0.39063721895217896,1.8008269
USA_14020000,10,3.298714,0.8831147,0.38017207384109497,1.8162361
USA_14096850,1,0.058095377,0.06593402,0.7810704261064529,0.24102983
USA_14096850,2,0.09523936,0.084113054,0.6411026418209076,0.30860874
USA_14096850,3,0.12081075,0.10290273,0.5447496473789215,0.3475784
USA_14096850,4,0.13883828,0.115616865,0.47682762145996094,0.3726101
USA_14096850,5,0.15217897,0.124895774,0.4265689253807068,0.39010122
USA_14096850,6,0.16316754,0.13413109,0.38518714904785156,0.40394002
USA_14096850,7,0.17251295,0.14477526,0.35000091791152954,0.41534677
USA_14096850,8,0.1801397,0.15118194,0.32128632068634033,0.42442867
USA_14096850,9,0.18504636,0.15513861,0.3028217554092407,0.43017015
USA_14096850,10,0.18841834,0.16102457,0.29014015197753906,0.4340718
USA_14166500,1,4.5284734,0.553842,0.7248531579971313,2.128021
USA_14166500,2,8.304433,0.7647419,0.4965408444404602,2.8817413
USA_14166500,3,10.425515,0.9423213,0.36879628896713257,3.2288566
USA_14166500,4,11.548391,1.0559932,0.30186188220977783,3.3982923
USA_14166500,5,12.217785,1.1371412,0.26179051399230957,3.4953947
USA_14166500,6,12.868953,1.208564,0.22250819206237793,3.5873322
USA_14166500,7,13.195295,1.2640133,0.202816903591156,3.6325328
USA_14166500,8,13.332884,1.2836263,0.19452935457229614,3.6514223
USA_14166500,9,13.476257,1.303742,0.18584704399108887,3.6710021
USA_14166500,10,13.535539,1.3212328,0.18225067853927612,3.6790676
USA_14301000,1,5.622663,0.9347679,0.8080982714891434,2.3712156
USA_14301000,2,11.349475,1.2860391,0.6122053563594818,3.3688982
USA_14301000,3,15.244549,1.5865084,0.4747726321220398,3.9044268
USA_14301000,4,17.922829,1.8203787,0.3796471953392029,4.2335362
USA_14301000,5,19.69379,1.9902877,0.31442171335220337,4.4377685
USA_14301000,6,21.235096,2.1424012,0.2559494376182556,4.6081553
USA_14301000,7,22.169529,2.2583206,0.22075408697128296,4.7084527
USA_14301000,8,22.534279,2.3179874,0.2041795253753662,4.7470284
USA_14301000,9,22.90325,2.37269,0.18729156255722046,4.785734
USA_14301000,10,23.043758,2.4104667,0.1807759404182434,4.8003917
USA_14303200,1,22.951735,1.5716676,0.700811117887497,4.7907968
USA_14303200,2,40.638233,2.088201,0.47036921977996826,6.3748126
USA_14303200,3,49.99924,2.5218341,0.34842348098754883,7.071014
USA_14303200,4,56.06416,2.8353558,0.2686429023742676,7.4876003
USA_14303200,5,59.758305,3.057551,0.21987950801849365,7.7303495
USA_14303200,6,63.18656,3.2738569,0.17451810836791992,7.9489975
USA_14303200,7,64.92366,3.4403625,0.1510602831840515,8.057522
USA_14303200,8,65.66481,3.5265527,0.1406874656677246,8.103383
USA_14303200,9,66.26607,3.5930455,0.1313527226448059,8.140397
USA_14303200,10,66.28009,3.6416318,0.13027435541152954,8.141258
USA_14305500,1,30.541119,1.7658638,0.6965169310569763,5.526402
USA_14305500,2,58.29981,2.4032187,0.4217596650123596,7.6354313
USA_14305500,3,70.09662,2.9512618,0.3054332137107849,8.372373
USA_14305500,4,78.22162,3.3392994,0.2254313826560974,8.844298
USA_14305500,5,83.09843,3.5951855,0.17731201648712158,9.115834
USA_14305500,6,86.59634,3.814505,0.14273947477340698,9.305716
USA_14305500,7,88.34937,3.980266,0.125465989112854,9.399435
USA_14305500,8,88.65777,4.06493,0.12250936031341553,9.415826
USA_14305500,9,88.967766,4.1399984,0.11948102712631226,9.432273
USA_14305500,10,88.69595,4.2084126,0.12219291925430298,9.417853
USA_14306340,1,32.674988,1.5690503,0.5925251245498657,5.716204
USA_14306340,2,53.446114,2.1108847,0.3335944414138794,7.3106847
USA_14306340,3,62.91339,2.5211835,0.21564412117004395,7.931796
USA_14306340,4,67.783264,2.78755,0.15501046180725098,8.233059
USA_14306340,5,71.1277,2.9784942,0.11335128545761108,8.433724
USA_14306340,6,73.64053,3.1386433,0.08209484815597534,8.581407
USA_14306340,7,74.79862,3.2549345,0.06773388385772705,8.64862
USA_14306340,8,75.28153,3.3175654,0.06177181005477905,8.676493
USA_14306340,9,75.66922,3.3768532,0.05699634552001953,8.698806
USA_14306340,10,75.46744,3.402468,0.05956828594207764,8.6872
USA_14306500,1,8.735736,0.96423113,0.7603740990161896,2.955628
USA_14306500,2,17.377367,1.2944602,0.5247466266155243,4.168617
USA_14306500,3,21.874195,1.5903807,0.4029972553253174,4.6769857
USA_14306500,4,24.59857,1.8072661,0.32990676164627075,4.9596944
USA_14306500,5,26.370874,1.9558727,0.2823035717010498,5.135258
USA_14306500,6,27.893507,2.097192,0.24107718467712402,5.2814302
USA_14306500,7,28.601633,2.197516,0.2220289707183838,5.3480496
USA_14306500,8,28.739672,2.2361443,0.21848750114440918,5.3609395
USA_14306500,9,28.993979,2.2878377,0.21172165870666504,5.384606
USA_14306500,10,29.187227,2.3374798,0.2065601348876953,5.4025207
USA_14308990,1,1.7000686,0.3032723,0.6225857436656952,1.3038667
USA_14308990,2,2.4266331,0.4056532,0.46244174242019653,1.5577655
USA_14308990,3,2.818262,0.48139513,0.37649959325790405,1.678768
USA_14308990,4,3.0991206,0.5293958,0.3152826428413391,1.7604319
USA_14308990,5,3.2102504,0.563849,0.29116809368133545,1.7917172
USA_14308990,6,3.3400614,0.59530026,0.2626303434371948,1.8275836
USA_14308990,7,3.4320939,0.62011224,0.2424865961074829,1.8525912
USA_14308990,8,3.4844074,0.6344943,0.23114216327667236,1.8666568
USA_14308990,9,3.4957027,0.6485583,0.22875022888183594,1.8696798
USA_14308990,10,3.5737119,0.6612638,0.2115759253501892,1.8904264
USA_14309500,1,8.543212,0.73325574,0.643403559923172,2.9228773
USA_14309500,2,13.70951,1.0060756,0.4285058379173279,3.7026355
USA_14309500,3,16.289213,1.2009972,0.3215310573577881,4.0359898
USA_14309500,4,17.54438,1.3335395,0.2701888084411621,4.188601
USA_14309500,5,18.244974,1.4076061,0.24107331037521362,4.271414
USA_14309500,6,18.949852,1.4773159,0.2108616828918457,4.3531427
USA_14309500,7,19.433067,1.5374922,0.19046396017074585,4.408295
USA_14309500,8,19.751247,1.566874,0.17706447839736938,4.4442377
USA_14309500,9,19.77031,1.5935031,0.17620849609375,4.4463816
USA_14309500,10,20.15885,1.6174453,0.15998715162277222,4.4898605
USA_14325000,1,19.218306,1.210759,0.6692495942115784,4.3838687
USA_14325000,2,33.770885,1.7074561,0.41959524154663086,5.811272
USA_14325000,3,40.55795,2.0574005,0.30395299196243286,6.368512
USA_14325000,4,44.186,2.2843003,0.24344515800476074,6.647255
USA_14325000,5,45.853745,2.4247816,0.2155434489250183,6.771539
USA_14325000,6,47.134407,2.5355945,0.1937549114227295,6.8654504
USA_14325000,7,48.110382,2.6312792,0.1770641803741455,6.936165
USA_14325000,8,48.78644,2.6868076,0.16547322273254395,6.9847293
USA_14325000,9,49.003216,2.7369611,0.1617632508277893,7.00023
USA_14325000,10,49.788624,2.7729766,0.14832830429077148,7.0561056
USA_14362250,1,0.026737675,0.049497366,0.8106522411108017,0.1635166
USA_14362250,2,0.045617282,0.069480576,0.6769596338272095,0.21358202
USA_14362250,3,0.058924757,0.08716114,0.5827199816703796,0.24274422
USA_14362250,4,0.070751175,0.09661441,0.49898087978363037,0.26599094
USA_14362250,5,0.076958105,0.10078945,0.4550263285636902,0.27741325
USA_14362250,6,0.081978,0.10631111,0.41948091983795166,0.286318
USA_14362250,7,0.08664373,0.11492819,0.3864484429359436,0.29435307
USA_14362250,8,0.08965991,0.120277755,0.3651044964790344,0.29943264
USA_14362250,9,0.091303036,0.12257643,0.3534829020500183,0.30216393
USA_14362250,10,0.09298281,0.1258469,0.34160488843917847,0.30493084
USA_14400000,1,46.73883,2.2505476,0.7065948247909546,6.8365803
USA_14400000,2,87.78033,3.065001,0.4500882029533386,9.369116
USA_14400000,3,107.38698,3.6370103,0.3279675245285034,10.362769
USA_14400000,4,119.576164,4.0205226,0.25211966037750244,10.935089
USA_14400000,5,125.326614,4.295215,0.21545332670211792,11.194937
USA_14400000,6,129.77493,4.527012,0.18573397397994995,11.39188
USA_14400000,7,132.93198,4.691885,0.1649513840675354,11.529613
USA_14400000,8,135.34773,4.798035,0.14901202917099,11.633904
USA_14400000,9,137.46915,4.911849,0.13536816835403442,11.724724
USA_14400000,10,139.99846,4.9836116,0.11933892965316772,11.832094
