basin_id,horizon,MSE,MAE,NSE,RMSE
CA_15013,1,0.22575495,0.27093506,0.8972347974777222,0.47513676
CA_15013,2,0.3628773,0.34737566,0.8347986489534378,0.602393
CA_15013,3,0.44464618,0.3854259,0.7975566536188126,0.66681796
CA_15013,4,0.52281666,0.40135825,0.7619397193193436,0.7230606
CA_15013,5,0.58070695,0.4216905,0.7355489432811737,0.76204133
CA_15013,6,0.63618314,0.43170944,0.7102334499359131,0.7976109
CA_15013,7,0.6835457,0.44693387,0.6886139512062073,0.8267682
CA_15013,8,0.7218033,0.46159077,0.6711290180683136,0.84959006
CA_15013,9,0.7279184,0.46218348,0.6682808697223663,0.85318136
CA_15013,10,0.7409963,0.4684399,0.6622618138790131,0.8608114
CA_15039,1,0.030895915,0.10450672,0.9208974614739418,0.17577234
CA_15039,2,0.043610923,0.121692084,0.8883285149931908,0.20883228
CA_15039,3,0.054151777,0.13392505,0.8613188713788986,0.23270534
CA_15039,4,0.060817726,0.14282683,0.8442268818616867,0.2466125
CA_15039,5,0.06944964,0.15392053,0.8220942318439484,0.263533
CA_15039,6,0.078391425,0.16080604,0.7991617918014526,0.27998468
CA_15039,7,0.08137732,0.16308768,0.7914842814207077,0.2852671
CA_15039,8,0.08352662,0.16424553,0.7859486043453217,0.28900972
CA_15039,9,0.088857405,0.16401555,0.7722572535276413,0.2980896
CA_15039,10,0.09270082,0.17065263,0.7623749524354935,0.3044681
CA_15259,1,0.015924642,0.078416556,0.898417130112648,0.12619288
CA_15259,2,0.020969504,0.090318225,0.8663073778152466,0.14480852
CA_15259,3,0.025871228,0.100678064,0.8351298123598099,0.16084535
CA_15259,4,0.0318045,0.11298405,0.7973939776420593,0.17833816
CA_15259,5,0.035207663,0.11614504,0.7758010774850845,0.18763705
CA_15259,6,0.0409544,0.124959916,0.7393068969249725,0.20237194
CA_15259,7,0.043711573,0.12790227,0.7219167053699493,0.20907313
CA_15259,8,0.0496274,0.13732079,0.6844321191310883,0.22277208
CA_15259,9,0.05325262,0.14226043,0.6615025103092194,0.23076528
CA_15259,10,0.05839129,0.14790843,0.6289657354354858,0.2416429
CA_15283,1,0.1279491,0.17086895,0.9273596927523613,0.35769975
CA_15283,2,0.14690499,0.19568945,0.9165984392166138,0.38328186
CA_15283,3,0.16703922,0.20898561,0.905168354511261,0.4087043
CA_15283,4,0.18434638,0.23178902,0.8953413665294647,0.42935577
CA_15283,5,0.20142186,0.24282435,0.8856456428766251,0.44880047
CA_15283,6,0.20202059,0.24215256,0.8853042274713516,0.449467
CA_15283,7,0.22110257,0.25655136,0.8744689375162125,0.47021544
CA_15283,8,0.2414862,0.26439795,0.8628943413496017,0.49141246
CA_15283,9,0.24663669,0.2642658,0.8599673360586166,0.4966253
CA_15283,10,0.27068156,0.2771681,0.846315398812294,0.52027065
CA_15287,1,0.01334911,0.073581815,0.964456357061863,0.11553835
CA_15287,2,0.019608673,0.0849926,0.947786632925272,0.14003097
CA_15287,3,0.0222855,0.08758954,0.9406556002795696,0.14928329
CA_15287,4,0.027772391,0.096800596,0.9260404109954834,0.1666505
CA_15287,5,0.03326841,0.102481395,0.9113993048667908,0.18239631
CA_15287,6,0.036989905,0.105603814,0.9014827758073807,0.1923276
CA_15287,7,0.04345875,0.114629336,0.8842475935816765,0.20846762
CA_15287,8,0.047206275,0.117172234,0.8742573112249374,0.21727005
CA_15287,9,0.05166348,0.11968519,0.8623751550912857,0.22729602
CA_15287,10,0.057459094,0.12623203,0.8469257652759552,0.23970626
CA_16055,1,0.026805999,0.09473783,0.9485627971589565,0.16372538
CA_16055,2,0.044107024,0.11991952,0.9153574034571648,0.21001673
CA_16055,3,0.064216115,0.14123414,0.8767569437623024,0.253409
CA_16055,4,0.08320025,0.16028439,0.8403149843215942,0.28844455
CA_16055,5,0.09816572,0.17960145,0.8115828484296799,0.31331408
CA_16055,6,0.110021956,0.18753698,0.7888210266828537,0.3316956
CA_16055,7,0.11877872,0.19734375,0.7720074504613876,0.34464288
CA_16055,8,0.123673275,0.20223227,0.7626124918460846,0.3516721
CA_16055,9,0.12792394,0.20954977,0.7544474005699158,0.35766456
CA_16055,10,0.13298902,0.213843,0.7447280883789062,0.3646766
CA_16068,1,0.0182693,0.07826883,0.9461307600140572,0.13516398
CA_16068,2,0.029630698,0.09898877,0.9116225242614746,0.1721357
CA_16068,3,0.042875696,0.11639636,0.8705724030733109,0.20706448
CA_16068,4,0.054587033,0.13207327,0.8332005143165588,0.23363867
CA_16068,5,0.06653576,0.1476261,0.795087069272995,0.25794527
CA_16068,6,0.07428112,0.153705,0.7700100988149643,0.27254564
CA_16068,7,0.08129427,0.16066894,0.7479149103164673,0.2851215
CA_16068,8,0.08499734,0.16704565,0.7362841665744781,0.29154304
CA_16068,9,0.08871026,0.17572778,0.7246038615703583,0.29784268
CA_16068,10,0.09065911,0.17947848,0.718068927526474,0.30109653
CA_16070,1,0.034366336,0.10540511,0.9409533925354481,0.18538159
CA_16070,2,0.054675277,0.1313891,0.9061073884367943,0.23382746
CA_16070,3,0.07516201,0.15197925,0.8709985315799713,0.2741569
CA_16070,4,0.09219413,0.16618422,0.8418543040752411,0.30363488
CA_16070,5,0.10612309,0.18336636,0.8180453330278397,0.3257654
CA_16070,6,0.1176598,0.1906418,0.7983381301164627,0.34301573
CA_16070,7,0.124486156,0.1965938,0.7867461889982224,0.35282597
CA_16070,8,0.13165879,0.20439449,0.7745730578899384,0.36284816
CA_16070,9,0.1327478,0.20948127,0.7727852463722229,0.3643457
CA_16070,10,0.13513784,0.21090549,0.7687021940946579,0.367611
CA_16100,1,0.066153675,0.15621316,0.9595348052680492,0.25720358
CA_16100,2,0.07757325,0.16826741,0.9525492936372757,0.27851975
CA_16100,3,0.09268932,0.18435672,0.9433025680482388,0.3044492
CA_16100,4,0.11922099,0.20605856,0.9270738288760185,0.34528393
CA_16100,5,0.15071464,0.22458304,0.9078101292252541,0.38821983
CA_16100,6,0.16705477,0.23215377,0.8978158086538315,0.40872335
CA_16100,7,0.19841361,0.2472249,0.8786367177963257,0.44543642
CA_16100,8,0.2236482,0.2594888,0.8632043451070786,0.47291458
CA_16100,9,0.24207191,0.2683669,0.8519384115934372,0.49200803
CA_16100,10,0.26671198,0.27969941,0.8368708789348602,0.51644164
CA_16134,1,0.065785624,0.13989617,0.9372764974832535,0.25648707
CA_16134,2,0.09193264,0.1486649,0.9123577028512955,0.30320397
CA_16134,3,0.11237927,0.16665061,0.8928787410259247,0.33523017
CA_16134,4,0.13692841,0.1838464,0.8694982677698135,0.3700384
CA_16134,5,0.1601507,0.1923486,0.8473847061395645,0.40018833
CA_16134,6,0.17605151,0.2059654,0.8322526663541794,0.41958493
CA_16134,7,0.19510162,0.21338768,0.8141236305236816,0.44170308
CA_16134,8,0.21341638,0.22280823,0.7966941446065903,0.46197012
CA_16134,9,0.21979962,0.22378942,0.7906384915113449,0.46882793
CA_16134,10,0.2358787,0.23178451,0.7753495275974274,0.48567346
CA_16143,1,0.023459092,0.087250605,0.8915807008743286,0.15316361
CA_16143,2,0.026336268,0.090291075,0.8782358318567276,0.16228452
CA_16143,3,0.024795135,0.08948865,0.8853161484003067,0.15746471
CA_16143,4,0.023723755,0.09071482,0.8902370259165764,0.15402518
CA_16143,5,0.023238223,0.086852334,0.8924448192119598,0.15244089
CA_16143,6,0.025374025,0.09250163,0.8825186714529991,0.15929227
CA_16143,7,0.026225396,0.0912035,0.8785377442836761,0.16194257
CA_16143,8,0.02727007,0.0937829,0.8736675828695297,0.16513652
CA_16143,9,0.02877505,0.099454954,0.866664856672287,0.1696321
CA_16143,10,0.030333677,0.10158874,0.8594138473272324,0.17416567
CA_16176,1,0.05221563,0.13090655,0.9624739550054073,0.2285074
CA_16176,2,0.07556474,0.15607174,0.9456950798630714,0.27489042
CA_16176,3,0.09860322,0.174839,0.9291403666138649,0.31401148
CA_16176,4,0.12608919,0.19468126,0.9093905761837959,0.35509038
CA_16176,5,0.15721712,0.21676469,0.8870247974991798,0.39650613
CA_16176,6,0.18283623,0.22953379,0.8686187565326691,0.42759353
CA_16176,7,0.206553,0.24040297,0.8515807092189789,0.454481
CA_16176,8,0.23725717,0.25414175,0.8295229375362396,0.4870905
CA_16176,9,0.25654688,0.2606481,0.8156678378582001,0.5065046
CA_16176,10,0.2868246,0.27520394,0.793918713927269,0.5355601
CA_16205,1,0.021492014,0.08400892,0.9639934226870537,0.14660154
CA_16205,2,0.026589537,0.09247182,0.9554499201476574,0.16306299
CA_16205,3,0.03915837,0.10920689,0.9343855008482933,0.19788474
CA_16205,4,0.053534914,0.12638396,0.9102898687124252,0.23137613
CA_16205,5,0.06507118,0.13802972,0.8909499049186707,0.25509053
CA_16205,6,0.076227956,0.145189,0.8722441345453262,0.2760941
CA_16205,7,0.08529075,0.1521466,0.8570470064878464,0.2920458
CA_16205,8,0.09389799,0.15808873,0.8426117151975632,0.30642778
CA_16205,9,0.10529889,0.16683957,0.8234934955835342,0.3244979
CA_16205,10,0.111729085,0.17243232,0.8127076476812363,0.334259
CA_17100,1,0.020921266,0.07828754,0.932516872882843,0.14464185
CA_17100,2,0.030289393,0.090724826,0.9022919610142708,0.17403848
CA_17100,3,0.0403695,0.105220094,0.8697656691074371,0.20092162
CA_17100,4,0.048107736,0.11459563,0.8447879552841187,0.21933475
CA_17100,5,0.05623415,0.12266204,0.8185533136129379,0.2371374
CA_17100,6,0.06191345,0.12825042,0.8002129942178726,0.24882413
CA_17100,7,0.066496424,0.13125579,0.7854048013687134,0.257869
CA_17100,8,0.07016643,0.13389371,0.7735404223203659,0.26488948
CA_17100,9,0.0747302,0.13943723,0.7587924897670746,0.27336827
CA_17100,10,0.07874903,0.14203991,0.7458013296127319,0.28062257
CA_17288,1,0.088871375,0.16446988,0.9197005107998848,0.29811302
CA_17288,2,0.10134431,0.18052343,0.9083879739046097,0.3183462
CA_17288,3,0.097028,0.17403097,0.9122029393911362,0.3114932
CA_17288,4,0.09751658,0.17405385,0.9116258919239044,0.31227645
CA_17288,5,0.1110957,0.1939527,0.8991246446967125,0.33331022
CA_17288,6,0.104340404,0.18782724,0.9050881117582321,0.32301766
CA_17288,7,0.11810618,0.20058648,0.8923832029104233,0.3436658
CA_17288,8,0.113281965,0.20177035,0.8965805023908615,0.33657387
CA_17288,9,0.11723173,0.20754178,0.8927549421787262,0.3423912
CA_17288,10,0.12685391,0.22242373,0.8837037533521652,0.35616556
CA_17325,1,0.15381728,0.18624751,0.9525240883231163,0.39219546
CA_17325,2,0.1380073,0.19280069,0.9574019238352776,0.37149334
CA_17325,3,0.098161876,0.17894629,0.9696994684636593,0.31330797
CA_17325,4,0.13064782,0.20171499,0.9596699066460133,0.36145237
CA_17325,5,0.16632044,0.2244126,0.9486558847129345,0.40782404
CA_17325,6,0.19451599,0.23874757,0.9399501718580723,0.44103968
CA_17325,7,0.21532775,0.24806675,0.9335221946239471,0.46403423
CA_17325,8,0.27772754,0.2747572,0.9142546057701111,0.52699864
CA_17325,9,0.31607568,0.2870755,0.9024119898676872,0.5622061
CA_17325,10,0.36273256,0.30113128,0.8880028054118156,0.6022728
CA_17338,1,0.048126098,0.12111433,0.9232744425535202,0.21937661
CA_17338,2,0.053116944,0.13174653,0.9153106436133385,0.23047113
CA_17338,3,0.055739153,0.13470581,0.9111223742365837,0.2360914
CA_17338,4,0.057910718,0.13677654,0.9076520353555679,0.24064645
CA_17338,5,0.06831392,0.14928454,0.8910533413290977,0.26136932
CA_17338,6,0.07061306,0.14979702,0.8873800486326218,0.2657312
CA_17338,7,0.07301387,0.15025638,0.883548229932785,0.2702108
CA_17338,8,0.08096924,0.15634856,0.8708536773920059,0.28455094
CA_17338,9,0.08307103,0.15737493,0.8674807250499725,0.28822047
CA_17338,10,0.088376984,0.15940148,0.8590094894170761,0.29728267
CA_17344,1,0.011377722,0.06606247,0.8685763031244278,0.10666641
CA_17344,2,0.016386613,0.07910201,0.8107318729162216,0.12801021
CA_17344,3,0.019682046,0.088388205,0.7726904451847076,0.14029272
CA_17344,4,0.021306626,0.09396259,0.75394506752491,0.1459679
CA_17344,5,0.023449203,0.09887187,0.7291983962059021,0.15313132
CA_17344,6,0.02542371,0.10352812,0.7063775658607483,0.15944815
CA_17344,7,0.027226765,0.11019637,0.6855340898036957,0.16500534
CA_17344,8,0.028542098,0.11474408,0.6703214943408966,0.16894406
CA_17344,9,0.030024521,0.11756493,0.6531767845153809,0.17327586
CA_17344,10,0.031904962,0.122358456,0.6314321160316467,0.17861961
CA_17462,1,0.0028700067,0.030658564,0.9325949773192406,0.053572442
CA_17462,2,0.0047766664,0.037391175,0.8878882303833961,0.06911343
CA_17462,3,0.006570781,0.042026423,0.8458794802427292,0.08106036
CA_17462,4,0.008449475,0.047000863,0.8019427806138992,0.091921024
CA_17462,5,0.009858469,0.04995896,0.7690658718347549,0.09928982
CA_17462,6,0.011784085,0.05528945,0.7241376042366028,0.10855453
CA_17462,7,0.013178359,0.05778711,0.6916981041431427,0.11479703
CA_17462,8,0.014796451,0.06273546,0.6540967524051666,0.12164066
CA_17462,9,0.016306927,0.06699927,0.6190488338470459,0.12769859
CA_17462,10,0.017308887,0.0691676,0.595920592546463,0.13156325
CH_2009,1,0.30869406,0.39368188,0.884374275803566,0.55560243
CH_2009,2,0.5120086,0.5092811,0.8082875907421112,0.71554774
CH_2009,3,0.60819936,0.5601222,0.7723510712385178,0.77987134
CH_2009,4,0.6522584,0.5758043,0.7559925019741058,0.8076252
CH_2009,5,0.6979631,0.5949243,0.7390267252922058,0.8354419
CH_2009,6,0.72368675,0.600714,0.7295030653476715,0.8506978
CH_2009,7,0.7451159,0.6187522,0.7215761542320251,0.86320096
CH_2009,8,0.82537687,0.6480752,0.6917597949504852,0.9085025
CH_2009,9,0.8990517,0.6812762,0.6644010245800018,0.94818336
CH_2009,10,0.96115017,0.70635927,0.6414617896080017,0.9803827
CH_2011,1,0.3233723,0.34299245,0.9200268164277077,0.56865835
CH_2011,2,0.43151924,0.40137988,0.8932735398411751,0.65690124
CH_2011,3,0.4826039,0.4325665,0.8806465789675713,0.69469696
CH_2011,4,0.53743297,0.4608131,0.8670983761548996,0.7330982
CH_2011,5,0.60158837,0.4922131,0.8512495458126068,0.7756213
CH_2011,6,0.6492588,0.5033512,0.839469239115715,0.805766
CH_2011,7,0.6892096,0.5256074,0.8295968621969223,0.8301865
CH_2011,8,0.78716534,0.55907786,0.8053881973028183,0.88722336
CH_2011,9,0.82819235,0.57603455,0.795254647731781,0.91005075
CH_2011,10,0.89593625,0.59884727,0.7785364091396332,0.9465391
CH_2018,1,0.25219893,0.32357338,0.9174727648496628,0.5021941
CH_2018,2,0.47703952,0.44221446,0.8439409285783768,0.69068044
CH_2018,3,0.6614272,0.5407674,0.7835984975099564,0.8132818
CH_2018,4,0.8195349,0.61517894,0.7318268716335297,0.90528166
CH_2018,5,0.9500657,0.6744492,0.6890736222267151,0.97471315
CH_2018,6,1.0651491,0.73676956,0.6514169573783875,1.0320606
CH_2018,7,1.1628627,0.78303725,0.6194503903388977,1.0783612
CH_2018,8,1.2549994,0.8256523,0.589311808347702,1.1202675
CH_2018,9,1.3285986,0.8621746,0.5652373135089874,1.1526486
CH_2018,10,1.3678412,0.8800631,0.5524138808250427,1.1695474
CH_2019,1,3.111216,1.1407882,0.7623108178377151,1.7638639
CH_2019,2,3.8398876,1.3068297,0.706579178571701,1.9595631
CH_2019,3,4.1591697,1.3949457,0.682074636220932,2.0394042
CH_2019,4,3.9859288,1.3826823,0.6951989531517029,1.9964792
CH_2019,5,3.916005,1.369471,0.7004815638065338,1.9788898
CH_2019,6,3.8507798,1.345355,0.7053950726985931,1.9623404
CH_2019,7,3.7300541,1.3117676,0.7145653069019318,1.9313349
CH_2019,8,4.077163,1.3791614,0.6879473030567169,2.0191987
CH_2019,9,4.397166,1.4693108,0.6633370816707611,2.096942
CH_2019,10,4.394832,1.4802545,0.6634220778942108,2.0963855
CH_2020,1,4.087282,0.72429925,0.5368310213088989,2.0217028
CH_2020,2,5.6171794,0.88520354,0.3632914423942566,2.370059
CH_2020,3,6.19827,0.9737379,0.29729676246643066,2.4896324
CH_2020,4,6.5284543,1.0079315,0.25972747802734375,2.555084
CH_2020,5,6.7204404,1.0590148,0.2378084659576416,2.5923812
CH_2020,6,6.914583,1.0818914,0.215626060962677,2.6295595
CH_2020,7,7.038903,1.1145989,0.20130866765975952,2.653093
CH_2020,8,7.193475,1.1532961,0.18355411291122437,2.6820655
CH_2020,9,7.3592944,1.1973925,0.16451704502105713,2.712802
CH_2020,10,7.481475,1.2252805,0.15043729543685913,2.7352285
CH_2024,1,0.43621022,0.47007567,0.892328679561615,0.66046214
CH_2024,2,0.7059606,0.5997282,0.8257672935724258,0.8402146
CH_2024,3,0.84095037,0.6584368,0.7925223708152771,0.91703343
CH_2024,4,0.91852003,0.684914,0.7734746187925339,0.9583945
CH_2024,5,0.99274486,0.7108053,0.7552466839551926,0.99636585
CH_2024,6,1.0433171,0.71928465,0.7428025305271149,1.021429
CH_2024,7,1.0828212,0.7409113,0.7331099212169647,1.040587
CH_2024,8,1.2324592,0.78645146,0.696359246969223,1.1101618
CH_2024,9,1.3338325,0.82131106,0.6714830994606018,1.1549166
CH_2024,10,1.4330639,0.85162663,0.6472311615943909,1.1971065
CH_2033,1,2.1541219,0.6948168,0.7251627743244171,1.4676927
CH_2033,2,3.0745902,0.8335292,0.6077413856983185,1.753451
CH_2033,3,3.4277449,0.91077197,0.5627200603485107,1.851417
CH_2033,4,3.6091328,0.9500029,0.5395599901676178,1.8997718
CH_2033,5,3.72793,0.9867475,0.5244535505771637,1.9307848
CH_2033,6,3.8813512,1.0068312,0.5049010217189789,1.9701145
CH_2033,7,4.056804,1.0391716,0.4825174808502197,2.014151
CH_2033,8,4.229714,1.0711142,0.4605201482772827,2.0566268
CH_2033,9,4.3595,1.1012498,0.44406771659851074,2.0879416
CH_2033,10,4.5370307,1.1339595,0.4215131998062134,2.1300306
CH_2053,1,0.066273466,0.16926941,0.9093463122844696,0.25743634
CH_2053,2,0.09107122,0.2023104,0.8754697144031525,0.30178007
CH_2053,3,0.098542914,0.2147227,0.8652867674827576,0.31391546
CH_2053,4,0.10473344,0.22200419,0.8568700850009918,0.32362545
CH_2053,5,0.11537553,0.23149969,0.8423485606908798,0.33966973
CH_2053,6,0.11646227,0.23125353,0.8408879190683365,0.34126568
CH_2053,7,0.12117545,0.23741369,0.8344963490962982,0.34810266
CH_2053,8,0.13908383,0.25388688,0.8101024925708771,0.37293944
CH_2053,9,0.14886497,0.26616982,0.7968192845582962,0.38583022
CH_2053,10,0.16352005,0.2785253,0.7768982350826263,0.40437612
CH_2056,1,2.2303433,0.7122656,0.8061421662569046,1.4934334
CH_2056,2,3.166586,0.855788,0.7247045040130615,1.7794904
CH_2056,3,3.4339435,0.92942333,0.701381266117096,1.8530903
CH_2056,4,3.4393225,0.94975674,0.7008406817913055,1.8545411
CH_2056,5,3.4247432,0.971176,0.702034205198288,1.8506062
CH_2056,6,3.468607,0.9899404,0.6981488466262817,1.8624196
CH_2056,7,3.5784154,1.0140507,0.6885133683681488,1.89167
CH_2056,8,3.7746153,1.03806,0.6713545024394989,1.9428369
CH_2056,9,3.8104823,1.0491909,0.6681580245494843,1.9520457
CH_2056,10,3.9966466,1.0642267,0.6518678665161133,1.9991615
CH_2063,1,0.11469245,0.24496953,0.9050068780779839,0.33866274
CH_2063,2,0.22854592,0.34283173,0.8105748295783997,0.47806478
CH_2063,3,0.34298053,0.4304206,0.7155697643756866,0.5856454
CH_2063,4,0.4514303,0.4996072,0.625508040189743,0.6718856
CH_2063,5,0.5408991,0.5527462,0.5510499179363251,0.73545843
CH_2063,6,0.6109259,0.5952573,0.4923444986343384,0.7816175
CH_2063,7,0.6634928,0.625305,0.4479442238807678,0.8145507
CH_2063,8,0.71693087,0.660448,0.4028180241584778,0.8467177
CH_2063,9,0.75511307,0.67851746,0.37066251039505005,0.8689724
CH_2063,10,0.7846136,0.6952894,0.3459298014640808,0.88578415
CH_2067,1,0.6357377,0.5596448,0.8194443583488464,0.79733163
CH_2067,2,0.9284587,0.67305,0.7363417446613312,0.9635656
CH_2067,3,1.0057498,0.6885801,0.7145301997661591,1.0028708
CH_2067,4,1.0462008,0.69192475,0.703130453824997,1.0228395
CH_2067,5,1.0990063,0.704918,0.6881676018238068,1.048335
CH_2067,6,1.0837088,0.6790852,0.6925121247768402,1.0410134
CH_2067,7,1.1149206,0.68676025,0.6838148236274719,1.0558981
CH_2067,8,1.2793504,0.7256932,0.6373240351676941,1.1310837
CH_2067,9,1.382291,0.77067477,0.6081947386264801,1.1757087
CH_2067,10,1.4463729,0.7765534,0.5902203321456909,1.2026525
CH_2078,1,0.84667486,0.45974502,0.7804081588983536,0.9201494
CH_2078,2,1.2169801,0.5381267,0.6843796968460083,1.1031682
CH_2078,3,1.3815031,0.5795818,0.6417751312255859,1.1753736
CH_2078,4,1.509232,0.61565894,0.6087737083435059,1.2285081
CH_2078,5,1.5707593,0.651096,0.5926381349563599,1.2532994
CH_2078,6,1.6366986,0.6823685,0.5753808915615082,1.2793353
CH_2078,7,1.7049553,0.7057681,0.5574928820133209,1.3057394
CH_2078,8,1.7857879,0.7345951,0.536338597536087,1.3363338
CH_2078,9,1.8437849,0.7548117,0.5211100578308105,1.3578604
CH_2078,10,1.9160584,0.77526313,0.5021704435348511,1.3842176
CH_2084,1,6.008467,1.223375,0.6783271729946136,2.4512174
CH_2084,2,9.165066,1.5604265,0.5093220174312592,3.027386
CH_2084,3,10.503702,1.7824597,0.43758171796798706,3.2409415
CH_2084,4,11.246109,1.8983516,0.3977489471435547,3.3535218
CH_2084,5,11.630461,1.980052,0.3770939111709595,3.410346
CH_2084,6,11.841202,2.0345268,0.3657190203666687,3.4411047
CH_2084,7,12.13379,2.0990357,0.35007381439208984,3.483359
CH_2084,8,12.50016,2.1458097,0.3304067850112915,3.5355566
CH_2084,9,12.46393,2.1760614,0.3323388695716858,3.5304291
CH_2084,10,12.391809,2.180898,0.3361840844154358,3.5202003
CH_2085,1,0.23502864,0.34900102,0.8755733966827393,0.48479754
CH_2085,2,0.43722495,0.46603528,0.7685268819332123,0.6612299
CH_2085,3,0.5812245,0.53808403,0.6922928988933563,0.76238084
CH_2085,4,0.6766643,0.59076226,0.6418485939502716,0.8225961
CH_2085,5,0.7658569,0.6418977,0.5947820246219635,0.8751325
CH_2085,6,0.8176308,0.6638152,0.5675584971904755,0.9042294
CH_2085,7,0.8676288,0.6877823,0.541173666715622,0.9314659
CH_2085,8,0.917006,0.7056303,0.5151339471340179,0.9576043
CH_2085,9,0.95540875,0.7289248,0.49499571323394775,0.97745013
CH_2085,10,0.9728123,0.737131,0.48615914583206177,0.98631245
CH_2087,1,4.3609548,0.66613376,0.661207377910614,2.08829
CH_2087,2,5.7201858,0.767217,0.5555741488933563,2.391691
CH_2087,3,6.2611217,0.857212,0.5135046541690826,2.5022233
CH_2087,4,6.4825163,0.906602,0.49627214670181274,2.5460787
CH_2087,5,6.6115074,0.9423779,0.4862152338027954,2.5712852
CH_2087,6,6.8516197,0.9785108,0.4675212502479553,2.61756
CH_2087,7,6.945183,0.9972226,0.4602033495903015,2.6353714
CH_2087,8,7.15666,1.0189044,0.4437275528907776,2.6751935
CH_2087,9,7.2674828,1.0530072,0.4350700378417969,2.695827
CH_2087,10,7.490744,1.081041,0.4176803231239319,2.7369223
CH_2091,1,0.07444793,0.17966284,0.9186458736658096,0.27285147
CH_2091,2,0.15403512,0.250671,0.8316316604614258,0.39247307
CH_2091,3,0.22374576,0.3181095,0.7554188817739487,0.47301772
CH_2091,4,0.2806299,0.36525127,0.6932578682899475,0.5297451
CH_2091,5,0.3284466,0.40629512,0.64095738530159,0.5731026
CH_2091,6,0.37100127,0.44032925,0.5943163931369781,0.60909873
CH_2091,7,0.40092146,0.46460548,0.5614759027957916,0.6331836
CH_2091,8,0.43343145,0.48997596,0.525860995054245,0.6583551
CH_2091,9,0.45586577,0.5084234,0.5013305842876434,0.67517835
CH_2091,10,0.47331774,0.52101797,0.4823448061943054,0.6879809
CH_2109,1,2.4548528,0.8434501,0.8213041424751282,1.566797
CH_2109,2,2.5978193,0.89283156,0.8108833879232407,1.6117752
CH_2109,3,3.152814,1.0185188,0.7704220414161682,1.7756165
CH_2109,4,3.3022642,1.067894,0.7594947069883347,1.8172133
CH_2109,5,3.3347707,1.1088551,0.7571026384830475,1.8261354
CH_2109,6,3.3704937,1.1152531,0.7544853687286377,1.8358904
CH_2109,7,3.438763,1.1548239,0.7494946122169495,1.8543901
CH_2109,8,3.4695318,1.178902,0.7472359538078308,1.8626679
CH_2109,9,3.7410479,1.2179015,0.7274409234523773,1.9341788
CH_2109,10,3.7190444,1.2349374,0.729030191898346,1.9284824
CH_2110,1,0.28432298,0.33795187,0.9225476905703545,0.53321946
CH_2110,2,0.53257126,0.46670592,0.8549700379371643,0.7297748
CH_2110,3,0.75424486,0.57526445,0.7945932298898697,0.8684727
CH_2110,4,0.9498362,0.6572172,0.7413029968738556,0.9745954
CH_2110,5,1.103161,0.72269523,0.6995353996753693,1.0503147
CH_2110,6,1.2512912,0.796586,0.6592241525650024,1.1186112
CH_2110,7,1.3685697,0.8520773,0.6273164451122284,1.1698588
CH_2110,8,1.4900326,0.9042462,0.5942692756652832,1.2206689
CH_2110,9,1.5830361,0.94602823,0.5689670145511627,1.2581877
CH_2110,10,1.6339064,0.9666448,0.555146723985672,1.2782434
CH_2117,1,0.036333755,0.11205573,0.8805692866444588,0.19061415
CH_2117,2,0.04725096,0.12907532,0.8446419686079025,0.21737286
CH_2117,3,0.056424767,0.14322433,0.8144119381904602,0.23753898
CH_2117,4,0.06392156,0.15526992,0.7896957248449326,0.25282714
CH_2117,5,0.07170938,0.16065836,0.7640285193920135,0.26778606
CH_2117,6,0.07822717,0.16980961,0.7425246834754944,0.2796912
CH_2117,7,0.077554874,0.1682136,0.7446708083152771,0.27848676
CH_2117,8,0.080492355,0.1719468,0.7349324226379395,0.28371173
CH_2117,9,0.081624396,0.17480311,0.7311468720436096,0.28569984
CH_2117,10,0.08241466,0.1775069,0.7284935712814331,0.28707954
CH_2135,1,0.24689315,0.33059868,0.9347935169935226,0.49688345
CH_2135,2,0.5113341,0.47090304,0.8649588823318481,0.7150763
CH_2135,3,0.74812746,0.57880193,0.8024003207683563,0.8649436
CH_2135,4,0.9382976,0.65624875,0.7521418184041977,0.9686577
CH_2135,5,1.0800469,0.71868044,0.7146811187267303,1.039253
CH_2135,6,1.1935966,0.7668995,0.6846999824047089,1.0925184
CH_2135,7,1.257634,0.79690343,0.6678090989589691,1.1214428
CH_2135,8,1.3135749,0.81903666,0.6530393064022064,1.1461129
CH_2135,9,1.3606255,0.84509325,0.6406062245368958,1.1664585
CH_2135,10,1.3999193,0.8582808,0.6302351355552673,1.1831819
CH_2139,1,4.8351107,0.8875872,0.46535104513168335,2.1988885
CH_2139,2,6.848442,1.1548094,0.24278974533081055,2.616953
CH_2139,3,7.7500176,1.3065758,0.14364135265350342,2.7838852
CH_2139,4,8.085433,1.3783743,0.10701155662536621,2.8434896
CH_2139,5,8.349781,1.45028,0.07792550325393677,2.8895988
CH_2139,6,8.44779,1.4891504,0.06708991527557373,2.9065082
CH_2139,7,8.537172,1.5372566,0.057179272174835205,2.921844
CH_2139,8,8.546113,1.5710098,0.05616790056228638,2.9233735
CH_2139,9,8.570573,1.6006707,0.053442955017089844,2.9275541
CH_2139,10,8.629663,1.6005154,0.046895623207092285,2.937629
CH_2141,1,0.29645255,0.27183113,0.9159067124128342,0.54447454
CH_2141,2,0.384603,0.31840274,0.8908819705247879,0.6201637
CH_2141,3,0.48061842,0.35375214,0.8636015802621841,0.6932665
CH_2141,4,0.55621326,0.3843655,0.8421148508787155,0.74579704
CH_2141,5,0.6193611,0.41696548,0.8241615444421768,0.786995
CH_2141,6,0.6966421,0.43807012,0.8021906167268753,0.8346509
CH_2141,7,0.7599115,0.46256465,0.7841855585575104,0.871729
CH_2141,8,0.8398707,0.48251477,0.7614267617464066,0.9164446
CH_2141,9,0.945487,0.5081855,0.7313827276229858,0.97236156
CH_2141,10,1.0679804,0.5344186,0.6965188086032867,1.0334314
CH_2143,1,0.056617826,0.15005723,0.928448423743248,0.237945
CH_2143,2,0.1053247,0.19817282,0.8669049590826035,0.32453766
CH_2143,3,0.1402192,0.23909359,0.8228150308132172,0.37445855
CH_2143,4,0.16720708,0.27180257,0.7887185961008072,0.40890962
CH_2143,5,0.18820843,0.29507673,0.7621823996305466,0.43382996
CH_2143,6,0.21195349,0.3236514,0.7321982383728027,0.46038407
CH_2143,7,0.22797911,0.3411081,0.7119845151901245,0.4774716
CH_2143,8,0.25112957,0.36470896,0.6827913522720337,0.5011283
CH_2143,9,0.26898977,0.38309407,0.6602975130081177,0.51864225
CH_2143,10,0.28370994,0.39625812,0.6417852342128754,0.5326443
CH_2150,1,0.8987896,0.47410196,0.8595170229673386,0.94804513
CH_2150,2,1.3260641,0.60301834,0.7927293926477432,1.1515486
CH_2150,3,1.5607074,0.69795,0.7560236304998398,1.2492827
CH_2150,4,1.7597317,0.7659288,0.7248881757259369,1.3265488
CH_2150,5,1.8836534,0.8164744,0.7055186629295349,1.3724625
CH_2150,6,1.9662414,0.8472697,0.6926002502441406,1.4022273
CH_2150,7,2.0664706,0.8833363,0.6769374907016754,1.4375224
CH_2150,8,2.1572423,0.91372836,0.6627631783485413,1.4687554
CH_2150,9,2.3141978,0.95696664,0.6382488310337067,1.5212487
CH_2150,10,2.473979,0.98724836,0.6132974922657013,1.5728887
CH_2151,1,0.90912753,0.46905807,0.7579347640275955,0.9534818
CH_2151,2,1.421783,0.612206,0.6214384436607361,1.1923854
CH_2151,3,1.6952571,0.7185439,0.548681914806366,1.3020204
CH_2151,4,1.8376465,0.7779364,0.5107488930225372,1.3555982
CH_2151,5,1.9227461,0.81252956,0.4881264567375183,1.3866313
CH_2151,6,2.0443258,0.8555184,0.45587021112442017,1.4297992
CH_2151,7,2.0803554,0.8755245,0.4463766813278198,1.4423437
CH_2151,8,2.1259704,0.8872503,0.4343317747116089,1.4580708
CH_2151,9,2.1630704,0.9068819,0.42456263303756714,1.470738
CH_2151,10,2.1886284,0.9170644,0.4178643226623535,1.4794014
CH_2160,1,1.6780324,0.6691636,0.660449892282486,1.2953889
CH_2160,2,2.5891714,0.8328852,0.4758564233779907,1.6090902
CH_2160,3,3.056773,0.95201176,0.3822869062423706,1.7483629
CH_2160,4,3.2848237,1.0136238,0.33648067712783813,1.8124082
CH_2160,5,3.3940918,1.0537548,0.31439775228500366,1.8423061
CH_2160,6,3.585312,1.0929713,0.2757711410522461,1.893492
CH_2160,7,3.6518874,1.117943,0.2623603343963623,1.9109912
CH_2160,8,3.7190125,1.1318758,0.24888163805007935,1.9284742
CH_2160,9,3.750579,1.1498592,0.242559015750885,1.9366412
CH_2160,10,3.756641,1.1538237,0.2414345145225525,1.9382056
CH_2161,1,9.6556835,1.5158613,0.8938335701823235,3.1073596
CH_2161,2,14.857723,1.9566118,0.8366349339485168,3.8545718
CH_2161,3,15.543696,2.0858438,0.8290912359952927,3.9425495
CH_2161,4,17.966404,2.2753189,0.8024514466524124,4.2386794
CH_2161,5,19.535652,2.377484,0.7851960808038712,4.419915
CH_2161,6,21.903086,2.5513692,0.7591634690761566,4.6800733
CH_2161,7,20.787678,2.500463,0.7714270055294037,4.5593505
CH_2161,8,23.318869,2.6680322,0.7435936331748962,4.8289614
CH_2161,9,23.592403,2.7130907,0.7405847907066345,4.857201
CH_2161,10,24.31607,2.7751255,0.7326263785362244,4.931133
CH_2170,1,0.92142105,0.49874607,0.7726459205150604,0.9599068
CH_2170,2,1.6509916,0.7140837,0.592094898223877,1.2849091
CH_2170,3,1.9852736,0.84254646,0.5097015798091888,1.4089974
CH_2170,4,2.1938066,0.90333956,0.4582841396331787,1.4811504
CH_2170,5,2.3509872,0.9567922,0.41910821199417114,1.5332929
CH_2170,6,2.5041804,0.9954468,0.3806689977645874,1.5824603
CH_2170,7,2.6247258,1.0269476,0.3507528305053711,1.6201006
CH_2170,8,2.7065346,1.0536711,0.3305901288986206,1.645155
CH_2170,9,2.7602456,1.0789833,0.3174131512641907,1.6613986
CH_2170,10,2.7842968,1.0869448,0.3115948438644409,1.6686212
CH_2174,1,0.43610078,0.51326555,0.717106282711029,0.6603793
CH_2174,2,0.6587489,0.6337552,0.5725234150886536,0.81163347
CH_2174,3,0.7309413,0.66995907,0.5255672931671143,0.854951
CH_2174,4,0.8033171,0.7056818,0.4787248373031616,0.89627963
CH_2174,5,0.85617214,0.7276737,0.4446948170661926,0.9252957
CH_2174,6,0.8699513,0.7341336,0.4363114833831787,0.9327118
CH_2174,7,0.910891,0.74928296,0.4097543954849243,0.9544061
CH_2174,8,1.0157938,0.79666406,0.3417375087738037,1.0078659
CH_2174,9,1.0848106,0.8275713,0.2969910502433777,1.0415424
CH_2174,10,1.0999649,0.83439904,0.28694629669189453,1.0487921
CH_2185,1,0.41626182,0.32712668,0.8946008607745171,0.64518356
CH_2185,2,0.5985948,0.39193767,0.8484232872724533,0.7736891
CH_2185,3,0.723384,0.45444176,0.8168084770441055,0.85051984
CH_2185,4,0.8439522,0.5032156,0.7862672656774521,0.9186687
CH_2185,5,0.9268474,0.5484483,0.765252411365509,0.96272916
CH_2185,6,1.0084527,0.57371527,0.7445932328701019,1.0042174
CH_2185,7,1.0702926,0.5966086,0.7289312779903412,1.0345495
CH_2185,8,1.1533722,0.6256962,0.7078467011451721,1.0739516
CH_2185,9,1.2719991,0.65489155,0.6777935922145844,1.1278294
CH_2185,10,1.3926013,0.6852698,0.6472475826740265,1.1800853
CH_2187,1,1.9577022,0.54437375,0.5358933806419373,1.3991791
CH_2187,2,2.854687,0.7121058,0.3232465982437134,1.6895819
CH_2187,3,3.2404013,0.8164957,0.23177945613861084,1.8001114
CH_2187,4,3.4256752,0.870854,0.1878143548965454,1.850858
CH_2187,5,3.5498393,0.91957706,0.1583695411682129,1.8841017
CH_2187,6,3.6477048,0.9417395,0.1352183222770691,1.9098965
CH_2187,7,3.6936412,0.9756791,0.12441837787628174,1.9218848
CH_2187,8,3.7064612,0.9879146,0.12153893709182739,1.9252172
CH_2187,9,3.7525048,1.0077889,0.11079776287078857,1.9371383
CH_2187,10,3.8118744,1.0116175,0.09692758321762085,1.9524022
CH_2200,1,2.0816326,0.82853127,0.8530025780200958,1.4427865
CH_2200,2,2.1626978,0.85130894,0.8472756892442703,1.4706113
CH_2200,3,2.6913514,0.9695563,0.8099309951066971,1.6405339
CH_2200,4,2.8832502,1.0141546,0.7963754534721375,1.6980137
CH_2200,5,2.9967275,1.0691298,0.7883669883012772,1.7311058
CH_2200,6,3.036676,1.0758438,0.7855527102947235,1.742606
CH_2200,7,3.2058327,1.1209321,0.7736118882894516,1.790484
CH_2200,8,3.2188988,1.1371801,0.7726953625679016,1.794129
CH_2200,9,3.5265684,1.1915601,0.7509773075580597,1.877916
CH_2200,10,3.6084676,1.2250595,0.7452032566070557,1.8995967
CH_2203,1,0.91967386,0.5041276,0.7804029732942581,0.9589963
CH_2203,2,1.385857,0.63315016,0.6691386997699738,1.1772243
CH_2203,3,1.628839,0.72318494,0.6111279428005219,1.2762598
CH_2203,4,1.7754503,0.77502704,0.5761655569076538,1.3324603
CH_2203,5,1.8638728,0.81284523,0.5551634728908539,1.3652372
CH_2203,6,1.9722666,0.8388243,0.5294282138347626,1.4043741
CH_2203,7,2.052112,0.8610748,0.5105261206626892,1.4325194
CH_2203,8,2.1349669,0.8865099,0.4909331202507019,1.4611526
CH_2203,9,2.1838624,0.9105351,0.47937101125717163,1.4777898
CH_2203,10,2.226647,0.931537,0.46936291456222534,1.4921954
CH_2205,1,0.11188434,0.22259119,0.9138797372579575,0.33449116
CH_2205,2,0.23652421,0.3218352,0.8179015815258026,0.48633754
CH_2205,3,0.3563581,0.41185412,0.7256225049495697,0.5969574
CH_2205,4,0.4595935,0.4777898,0.6461467444896698,0.6779333
CH_2205,5,0.54592377,0.5317216,0.5796409845352173,0.73886657
CH_2205,6,0.6153504,0.5770489,0.5260462760925293,0.7844427
CH_2205,7,0.6631655,0.6087953,0.4890682101249695,0.8143498
CH_2205,8,0.7138219,0.64228815,0.44994598627090454,0.8448798
CH_2205,9,0.74837816,0.66278005,0.42330408096313477,0.8650885
CH_2205,10,0.7726593,0.67759556,0.4046667814254761,0.87901044
CH_2239,1,0.0029084662,0.02034591,0.6755032241344452,0.053930197
CH_2239,2,0.00291018,0.020050708,0.6753430068492889,0.053946085
CH_2239,3,0.0031496282,0.022346247,0.6486639380455017,0.056121547
CH_2239,4,0.0033829943,0.025770556,0.6226683855056763,0.058163512
CH_2239,5,0.0035136894,0.024668377,0.6081283092498779,0.05927638
CH_2239,6,0.0036371513,0.025406122,0.594397634267807,0.0603088
CH_2239,7,0.0035828268,0.024470733,0.6004938185214996,0.05985672
CH_2239,8,0.0037208719,0.025999427,0.5851405262947083,0.06099895
CH_2239,9,0.0038968443,0.026450584,0.5655384361743927,0.06242471
CH_2239,10,0.003906841,0.026581991,0.5644419491291046,0.06250472
CH_2243,1,0.40661505,0.38072684,0.83872389793396,0.6376637
CH_2243,2,0.7983831,0.52992266,0.6833108961582184,0.89352286
CH_2243,3,1.1094292,0.6517236,0.5601230263710022,1.0532944
CH_2243,4,1.3241495,0.7254422,0.4753783941268921,1.1507169
CH_2243,5,1.4891944,0.7837256,0.4101056456565857,1.2203255
CH_2243,6,1.6127476,0.8318432,0.3611707091331482,1.26994
CH_2243,7,1.7061638,0.8748494,0.3241720199584961,1.306202
CH_2243,8,1.7802724,0.9124132,0.2948572635650635,1.3342685
CH_2243,9,1.8293581,0.9431177,0.27547991275787354,1.3525376
CH_2243,10,1.8437154,0.9505997,0.26992642879486084,1.3578348
CH_2262,1,5.609264,1.0271721,0.6891684234142303,2.3683884
CH_2262,2,6.375089,1.0574452,0.6466996371746063,2.524894
CH_2262,3,6.3954062,1.1889483,0.6455429494380951,2.528914
CH_2262,4,6.453826,1.201434,0.6422755420207977,2.5404382
CH_2262,5,6.0515842,1.1957583,0.6645440459251404,2.4599967
CH_2262,6,6.518069,1.2752968,0.6386570632457733,2.553051
CH_2262,7,6.367917,1.2821261,0.6469539701938629,2.5234733
CH_2262,8,6.397772,1.2885289,0.64527228474617,2.5293818
CH_2262,9,6.6364207,1.348149,0.6320143640041351,2.5761251
CH_2262,10,6.5274777,1.3405163,0.6380304396152496,2.554893
CH_2263,1,0.8251316,0.37048346,0.8711815476417542,0.9083675
CH_2263,2,0.8580504,0.40629336,0.866024374961853,0.9263101
CH_2263,3,0.9470417,0.43663836,0.8521095216274261,0.9731607
CH_2263,4,1.0332603,0.46656206,0.8386244028806686,1.0164942
CH_2263,5,1.1893183,0.5067283,0.8142277747392654,1.0905588
CH_2263,6,1.2555902,0.52419025,0.8038512468338013,1.1205312
CH_2263,7,1.4249978,0.5562384,0.777358204126358,1.1937327
CH_2263,8,1.5567371,0.5828966,0.7567442953586578,1.2476927
CH_2263,9,1.7134043,0.61148465,0.7322301864624023,1.3089707
CH_2263,10,1.8588071,0.6334411,0.7094703912734985,1.3633808
CH_2265,1,0.2960765,0.19384937,0.8492180854082108,0.54412913
CH_2265,2,0.41444814,0.23611966,0.7889247983694077,0.6437765
CH_2265,3,0.51426935,0.27347904,0.7380722761154175,0.7171258
CH_2265,4,0.58390373,0.29287657,0.7025910913944244,0.76413596
CH_2265,5,0.6398761,0.30874905,0.6740653216838837,0.7999226
CH_2265,6,0.69317496,0.32051077,0.6468985676765442,0.83257127
CH_2265,7,0.7324532,0.33079284,0.6268714964389801,0.85583484
CH_2265,8,0.790479,0.3419154,0.5972931981086731,0.88908887
CH_2265,9,0.8505939,0.35432982,0.5666478872299194,0.9222765
CH_2265,10,0.9202608,0.36543837,0.5311329960823059,0.95930225
CH_2269,1,3.5476038,0.99869645,0.8985768929123878,1.8835084
CH_2269,2,4.2470965,1.1036144,0.8785734549164772,2.0608485
CH_2269,3,5.718689,1.3169569,0.8364908248186111,2.3913782
CH_2269,4,6.5448503,1.40621,0.8128600865602493,2.5582905
CH_2269,5,6.9684534,1.475148,0.800738736987114,2.639783
CH_2269,6,7.4562926,1.5285655,0.7867799699306488,2.7306213
CH_2269,7,7.905793,1.6100595,0.7739156484603882,2.8117242
CH_2269,8,8.17334,1.6484202,0.7662540972232819,2.8589053
CH_2269,9,9.046257,1.7364349,0.7412795424461365,3.0076997
CH_2269,10,9.229505,1.7553644,0.7360289096832275,3.03801
CH_2289,1,0.08478151,0.18808237,0.9084033295512199,0.29117265
CH_2289,2,0.1659539,0.25618917,0.8206535875797272,0.4073744
CH_2289,3,0.23900045,0.32598755,0.7416851222515106,0.48887673
CH_2289,4,0.29709092,0.3733064,0.6789100170135498,0.54506046
CH_2289,5,0.3475394,0.41412666,0.6243379414081573,0.58952475
CH_2289,6,0.3904261,0.44824418,0.5777864456176758,0.62484086
CH_2289,7,0.41931942,0.47178778,0.5463495552539825,0.6475488
CH_2289,8,0.45058948,0.4964714,0.5124365985393524,0.67125964
CH_2289,9,0.4737796,0.51461285,0.48734229803085327,0.68831646
CH_2289,10,0.49093583,0.52775615,0.4688819646835327,0.70066816
CH_2342,1,1.125151,0.41379222,0.8312073349952698,1.0607314
CH_2342,2,1.5061682,0.50106776,0.7740313708782196,1.2272605
CH_2342,3,1.7935661,0.5520833,0.7309112250804901,1.3392409
CH_2342,4,1.9712746,0.5822415,0.7042528390884399,1.4040209
CH_2342,5,2.153187,0.6259097,0.6769474744796753,1.4673742
CH_2342,6,2.3887002,0.6595036,0.6415941417217255,1.545542
CH_2342,7,2.556292,0.68631035,0.616453617811203,1.5988408
CH_2342,8,2.7789652,0.72333455,0.5830323100090027,1.6670228
CH_2342,9,2.9431372,0.74892414,0.5583904683589935,1.7155573
CH_2342,10,3.1710691,0.7748674,0.5241803228855133,1.7807496
CH_2346,1,2.8395393,0.89021367,0.8440231829881668,1.6850933
CH_2346,2,2.9818969,0.934768,0.8361989706754684,1.726817
CH_2346,3,3.2185094,1.0122026,0.8231995701789856,1.7940204
CH_2346,4,3.1062608,1.0148937,0.8293563723564148,1.7624587
CH_2346,5,2.9815316,1.001925,0.8362019211053848,1.7267113
CH_2346,6,3.226452,1.0418802,0.8227390497922897,1.7962327
CH_2346,7,3.247435,1.0632106,0.8215784281492233,1.8020641
CH_2346,8,3.5721123,1.1232375,0.8037369400262833,1.8900032
CH_2346,9,3.887049,1.1805509,0.7864281833171844,1.97156
CH_2346,10,3.8289137,1.1684363,0.7896159142255783,1.956761
CH_2351,1,0.2801867,0.36569378,0.82764533162117,0.5293267
CH_2351,2,0.4036998,0.43756688,0.7516303658485413,0.6353737
CH_2351,3,0.49342048,0.4858543,0.6965324878692627,0.70243895
CH_2351,4,0.54266053,0.5123496,0.6663315892219543,0.73665494
CH_2351,5,0.5814253,0.53163576,0.642698347568512,0.7625125
CH_2351,6,0.6029275,0.53938234,0.629629522562027,0.7764841
CH_2351,7,0.63031673,0.54981536,0.6128503680229187,0.79392487
CH_2351,8,0.6623769,0.56337225,0.5932517945766449,0.8138654
CH_2351,9,0.6763105,0.57508004,0.5847630798816681,0.82238096
CH_2351,10,0.66333646,0.57915384,0.5928517580032349,0.8144547
CH_2352,1,2.2085857,0.6337272,0.7436309456825256,1.4861311
CH_2352,2,3.0599883,0.7801365,0.6447489559650421,1.7492822
CH_2352,3,3.4193401,0.84942126,0.6029537618160248,1.8491458
CH_2352,4,3.5440319,0.8703951,0.5884091556072235,1.8825599
CH_2352,5,3.6003568,0.89654094,0.5818064212799072,1.8974606
CH_2352,6,3.7080693,0.9330761,0.5692402124404907,1.9256347
CH_2352,7,3.8246038,0.9438147,0.5556390285491943,1.9556594
CH_2352,8,4.1106644,0.99128723,0.522328108549118,2.0274773
CH_2352,9,4.269584,1.0156301,0.5037888884544373,2.0662973
CH_2352,10,4.3980913,1.0375878,0.48877865076065063,2.0971627
CH_2355,1,0.49075273,0.3385794,0.9061567708849907,0.70053744
CH_2355,2,0.6038535,0.39722306,0.8845118209719658,0.7770801
CH_2355,3,0.69535935,0.43146276,0.8669871687889099,0.8338821
CH_2355,4,0.7717293,0.45711893,0.8523581773042679,0.87848127
CH_2355,5,0.8511358,0.48763222,0.8371468633413315,0.9225702
CH_2355,6,0.9705452,0.5160123,0.8142768442630768,0.9851625
CH_2355,7,1.0457871,0.53939056,0.7998531460762024,1.0226374
CH_2355,8,1.1564867,0.56569237,0.7786388844251633,1.0754007
CH_2355,9,1.3200035,0.59954596,0.7473081052303314,1.1489141
CH_2355,10,1.5191584,0.63146245,0.7091471552848816,1.2325414
CH_2364,1,0.90975916,0.2434397,0.5858327150344849,0.95381296
CH_2364,2,1.2012062,0.2940484,0.45313751697540283,1.0959955
CH_2364,3,1.3179064,0.32617635,0.39998912811279297,1.1480011
CH_2364,4,1.3841907,0.3481231,0.36978739500045776,1.1765163
CH_2364,5,1.4307089,0.36330542,0.3485851287841797,1.1961224
CH_2364,6,1.5029123,0.37104478,0.3156890869140625,1.2259332
CH_2364,7,1.5656958,0.3819295,0.28707265853881836,1.2512777
CH_2364,8,1.6174823,0.39193097,0.2634698152542114,1.2718028
CH_2364,9,1.6542127,0.40005782,0.2467150092124939,1.286162
CH_2364,10,1.7020925,0.4100709,0.22487902641296387,1.3046427
CH_2372,1,2.494871,0.9894982,0.6701077222824097,1.579516
CH_2372,2,3.7469232,1.2348465,0.5044178068637848,1.9356971
CH_2372,3,4.1591434,1.3131843,0.4497659206390381,2.0393977
CH_2372,4,4.1981,1.3112677,0.4444783926010132,2.0489266
CH_2372,5,4.2393236,1.3299689,0.43909144401550293,2.0589619
CH_2372,6,4.1159954,1.3021058,0.45533066987991333,2.0287917
CH_2372,7,4.1437874,1.3100405,0.45158666372299194,2.0356295
CH_2372,8,4.445493,1.3691535,0.41165292263031006,2.1084337
CH_2372,9,4.672712,1.4210335,0.3815857768058777,2.1616457
CH_2372,10,4.779721,1.4396945,0.3674428462982178,2.1862574
CH_2387,1,1.263547,0.67643,0.6711509227752686,1.124076
CH_2387,2,1.8449955,0.81358534,0.5197361409664154,1.3583062
CH_2387,3,2.033388,0.86552703,0.47079986333847046,1.4259691
CH_2387,4,2.0796647,0.853101,0.45889824628829956,1.4421042
CH_2387,5,2.1481092,0.8697511,0.44121217727661133,1.4656429
CH_2387,6,2.1034524,0.8336773,0.4527788758277893,1.4503284
CH_2387,7,2.1983473,0.8410824,0.4282255172729492,1.4826825
CH_2387,8,2.4155214,0.895365,0.3719075918197632,1.5541948
CH_2387,9,2.5800514,0.94378316,0.3292505741119385,1.6062539
CH_2387,10,2.6902018,0.9652665,0.30084121227264404,1.6401834
CH_2403,1,0.3131241,0.18623668,0.7697517424821854,0.5595749
CH_2403,2,0.4542498,0.22932483,0.6659685969352722,0.67398053
CH_2403,3,0.55240417,0.26380143,0.5937864184379578,0.743239
CH_2403,4,0.625016,0.2855721,0.5403873920440674,0.7905795
CH_2403,5,0.67050886,0.2986287,0.5069316923618317,0.81884605
CH_2403,6,0.7179402,0.30830362,0.4720335006713867,0.8473135
CH_2403,7,0.75429964,0.31726372,0.44528865814208984,0.8685042
CH_2403,8,0.79191214,0.32354176,0.4176217317581177,0.8898944
CH_2403,9,0.84297633,0.3334998,0.3800615072250366,0.91813743
CH_2403,10,0.893349,0.3396626,0.34299957752227783,0.9451714
CH_2409,1,8.690963,1.2566869,0.33172398805618286,2.9480438
CH_2409,2,11.608139,1.5793128,0.10753017663955688,3.4070718
CH_2409,3,12.657666,1.7624938,0.02888476848602295,3.5577614
CH_2409,4,12.772263,1.8130451,0.020238041877746582,3.5738301
CH_2409,5,12.918644,1.854307,0.008982062339782715,3.5942516
CH_2409,6,13.030734,1.8859867,0.0003987550735473633,3.6098108
CH_2409,7,13.136501,1.9072299,-0.007697939872741699,3.6244311
CH_2409,8,13.186246,1.9205353,-0.011499643325805664,3.631287
CH_2409,9,13.276046,1.9314197,-0.018369197845458984,3.6436307
CH_2409,10,13.078777,1.9183927,-0.0032198429107666016,3.6164591
CH_2410,1,0.9158728,0.45941567,0.760243371129036,0.9570124
CH_2410,2,1.3822792,0.5830658,0.6382672488689423,1.1757036
CH_2410,3,1.6797189,0.6688959,0.5605303049087524,1.2960397
CH_2410,4,1.8690166,0.7149345,0.5109824538230896,1.3671198
CH_2410,5,1.9823728,0.75940037,0.4810750484466553,1.4079676
CH_2410,6,2.0390098,0.782417,0.46585506200790405,1.427939
CH_2410,7,2.0995355,0.813924,0.4497073292732239,1.4489774
CH_2410,8,2.1783288,0.8408971,0.42883139848709106,1.4759163
CH_2410,9,2.2527754,0.87506866,0.40906065702438354,1.5009248
CH_2410,10,2.3583546,0.8929619,0.38104116916656494,1.5356935
CH_2418,1,0.9117168,0.18640369,0.4530792832374573,0.95483863
CH_2418,2,1.0317743,0.2035125,0.38105547428131104,1.0157629
CH_2418,3,1.1046834,0.21788937,0.33731353282928467,1.0510392
CH_2418,4,1.1735394,0.22800788,0.29600250720977783,1.0833002
CH_2418,5,1.1939361,0.2338674,0.28376132249832153,1.0926738
CH_2418,6,1.2520999,0.24075106,0.24886459112167358,1.1189727
CH_2418,7,1.2779279,0.243829,0.23336464166641235,1.1304548
CH_2418,8,1.3125898,0.24735326,0.2125648856163025,1.145683
CH_2418,9,1.3534988,0.25439382,0.18801724910736084,1.1633997
CH_2418,10,1.3861836,0.254301,0.16840416193008423,1.177363
CH_2419,1,2.5931616,0.6634758,0.8357474058866501,1.6103296
CH_2419,2,3.4573936,0.7541413,0.7809935510158539,1.8594068
CH_2419,3,3.594433,0.8218008,0.7722991406917572,1.895899
CH_2419,4,3.738981,0.87069756,0.763128474354744,1.9336445
CH_2419,5,3.7540016,0.90248036,0.7621651440858841,1.9375246
CH_2419,6,3.8122187,0.9402058,0.7584685981273651,1.9524903
CH_2419,7,3.869275,0.94396603,0.7548474222421646,1.9670473
CH_2419,8,3.888919,0.94903976,0.7535970062017441,1.9720342
CH_2419,9,3.9805198,0.9822099,0.7477876842021942,1.995124
CH_2419,10,4.17282,1.0087796,0.7355968654155731,2.0427482
CH_2420,1,6.74874,0.87853974,0.5631318986415863,2.5978336
CH_2420,2,9.280637,1.0661803,0.39914804697036743,3.0464137
CH_2420,3,10.264208,1.1577096,0.33538758754730225,3.2037802
CH_2420,4,10.863934,1.2166008,0.29643726348876953,3.2960482
CH_2420,5,11.198685,1.2973231,0.2746407389640808,3.3464437
CH_2420,6,11.615337,1.3442907,0.24753665924072266,3.408128
CH_2420,7,11.876325,1.3807846,0.23051947355270386,3.4462044
CH_2420,8,12.1112385,1.4311397,0.21520274877548218,3.4801204
CH_2420,9,12.338298,1.474436,0.20038211345672607,3.5125914
CH_2420,10,12.57442,1.5093842,0.18501967191696167,3.546043
CH_2426,1,1.6567671,0.4511515,0.5142734348773956,1.2871547
CH_2426,2,2.185899,0.56870246,0.35912859439849854,1.4784787
CH_2426,3,2.4514558,0.64803874,0.2812332510948181,1.5657126
CH_2426,4,2.5778596,0.70028955,0.24414628744125366,1.6055714
CH_2426,5,2.6289864,0.734139,0.22915971279144287,1.6214149
CH_2426,6,2.6559188,0.7573569,0.221274733543396,1.629699
CH_2426,7,2.6791723,0.77832216,0.21444910764694214,1.6368177
CH_2426,8,2.7227447,0.7968164,0.20165681838989258,1.6500741
CH_2426,9,2.798587,0.8156377,0.17941886186599731,1.6728978
CH_2426,10,2.8556798,0.8265285,0.16267210245132446,1.6898756
CH_2469,1,1.1427245,0.5516242,0.8143419176340103,1.068983
CH_2469,2,1.6757694,0.69881755,0.7277500629425049,1.2945151
CH_2469,3,1.9293259,0.78571475,0.6864878535270691,1.3890017
CH_2469,4,2.0328176,0.83414155,0.6696225106716156,1.4257691
CH_2469,5,2.0828865,0.8693933,0.6614851951599121,1.4432209
CH_2469,6,2.163006,0.8974847,0.648504763841629,1.4707161
CH_2469,7,2.1543624,0.9126687,0.6499266922473907,1.4677746
CH_2469,8,2.2396126,0.9352327,0.6360863447189331,1.4965335
CH_2469,9,2.2646918,0.95895666,0.6320288181304932,1.5048892
CH_2469,10,2.3068933,0.9657205,0.6251979768276215,1.518846
CH_2473,1,0.7193329,0.46096215,0.8110472857952118,0.84813493
CH_2473,2,1.1504041,0.59899366,0.6977889239788055,1.0725689
CH_2473,3,1.345094,0.65816975,0.646643877029419,1.1597818
CH_2473,4,1.4714465,0.6801044,0.6134417951107025,1.213032
CH_2473,5,1.5819153,0.7201961,0.584447979927063,1.2577422
CH_2473,6,1.6457429,0.7321571,0.5677193701267242,1.2828652
CH_2473,7,1.6933229,0.7494064,0.555247962474823,1.3012774
CH_2473,8,1.7943652,0.7756816,0.5288303792476654,1.3395392
CH_2473,9,1.8953297,0.81127435,0.5024040341377258,1.3767097
CH_2473,10,2.007124,0.8294031,0.47318291664123535,1.41673
CH_2481,1,2.120942,0.74238,0.8338273465633392,1.4563454
CH_2481,2,3.3622234,0.97878057,0.7365445196628571,1.8336366
CH_2481,3,3.9685318,1.1136477,0.6889567673206329,1.9921174
CH_2481,4,4.232708,1.1707559,0.6681649386882782,2.0573547
CH_2481,5,4.4758964,1.2327317,0.649080216884613,2.1156313
CH_2481,6,4.5874333,1.266775,0.6403355300426483,2.1418295
CH_2481,7,4.7696013,1.3101808,0.6260838210582733,2.1839416
CH_2481,8,4.961915,1.3415388,0.6110159456729889,2.2275357
CH_2481,9,4.9820347,1.3696642,0.6094541847705841,2.232047
CH_2481,10,5.0791893,1.3891581,0.6018381714820862,2.2537057
CH_2488,1,0.83549047,0.34101254,0.4836987257003784,0.91405165
CH_2488,2,1.1415552,0.41215715,0.29457080364227295,1.0684359
CH_2488,3,1.2793956,0.4568618,0.2095651626586914,1.1311038
CH_2488,4,1.3214245,0.47999853,0.18350940942764282,1.1495323
CH_2488,5,1.3469976,0.48721156,0.16767847537994385,1.1606022
CH_2488,6,1.3855149,0.496531,0.1438579559326172,1.177079
CH_2488,7,1.4020592,0.49876302,0.13361656665802002,1.1840858
CH_2488,8,1.4176241,0.5070095,0.12397009134292603,1.1906402
CH_2488,9,1.4299687,0.51817113,0.11631256341934204,1.195813
CH_2488,10,1.4470857,0.5214185,0.1057007908821106,1.2029488
CH_2491,1,2.0952272,0.71490747,0.8432379215955734,1.44749
CH_2491,2,3.0435042,0.8990848,0.7723443955183029,1.7445642
CH_2491,3,3.4053614,1.0016801,0.7453315258026123,1.8453622
CH_2491,4,3.7097495,1.062752,0.7226213812828064,1.926071
CH_2491,5,3.9266188,1.1178476,0.7064633071422577,1.9815698
CH_2491,6,4.086845,1.1592239,0.6945388317108154,2.0215948
CH_2491,7,4.1806855,1.1883178,0.6875728368759155,2.0446725
CH_2491,8,4.4099383,1.2271898,0.6704895794391632,2.0999854
CH_2491,9,4.37384,1.2337524,0.6732282042503357,2.0913727
CH_2491,10,4.4829183,1.2596362,0.6651197671890259,2.1172903
CH_2494,1,4.0362782,0.6452912,0.5208243727684021,2.0090492
CH_2494,2,5.2181277,0.7567457,0.3804808259010315,2.2843223
CH_2494,3,5.671908,0.82330865,0.326565682888031,2.3815768
CH_2494,4,5.9099855,0.8735926,0.29825329780578613,2.4310462
CH_2494,5,5.9951887,0.9137188,0.28806138038635254,2.4485075
CH_2494,6,6.2283916,0.9390292,0.2602563500404358,2.4956746
CH_2494,7,6.370505,0.9754198,0.24329334497451782,2.5239859
CH_2494,8,6.4514875,1.0077412,0.23364394903182983,2.5399778
CH_2494,9,6.5340815,1.0237193,0.22377228736877441,2.556185
CH_2494,10,6.6662297,1.0518292,0.20801234245300293,2.5819042
CH_2498,1,1.1139863,0.3228356,0.68833127617836,1.0554554
CH_2498,2,1.5431992,0.39320517,0.5682097673416138,1.2422557
CH_2498,3,1.7370518,0.44349277,0.5138834714889526,1.3179727
CH_2498,4,1.8164951,0.474858,0.4915841817855835,1.3477741
CH_2498,5,1.8317404,0.50131446,0.48727643489837646,1.353418
CH_2498,6,1.8871186,0.5240201,0.47174137830734253,1.3737243
CH_2498,7,1.9468663,0.5429388,0.45497673749923706,1.3953015
CH_2498,8,1.995109,0.559945,0.4414387345314026,1.4124832
CH_2498,9,2.067567,0.5806617,0.42112845182418823,1.4379038
CH_2498,10,2.1280468,0.5950402,0.4041751027107239,1.4587827
CH_2602,1,1.3067042,0.58414257,0.7371392548084259,1.1431116
CH_2602,2,1.8740939,0.70580834,0.6230155527591705,1.3689755
CH_2602,3,2.097533,0.7528513,0.5781362354755402,1.4482862
CH_2602,4,2.225805,0.76842934,0.5524080097675323,1.4919132
CH_2602,5,2.3578448,0.80640244,0.5258964598178864,1.5355276
CH_2602,6,2.4304001,0.8072517,0.5113241672515869,1.558974
CH_2602,7,2.5650687,0.8286675,0.48438918590545654,1.6015832
CH_2602,8,2.736277,0.8697517,0.45011216402053833,1.6541696
CH_2602,9,2.8801363,0.90786904,0.42137855291366577,1.6970965
CH_2602,10,3.0139952,0.93458706,0.3947247862815857,1.7360861
CH_2605,1,40.447704,1.787463,0.38708198070526123,6.359851
CH_2605,2,52.396645,2.1891289,0.2059636116027832,7.2385526
CH_2605,3,57.092102,2.4464386,0.13470810651779175,7.5559316
CH_2605,4,59.12086,2.5877347,0.10386621952056885,7.689009
CH_2605,5,60.1327,2.6875918,0.08844810724258423,7.754528
CH_2605,6,61.71969,2.7954094,0.06431353092193604,7.856188
CH_2605,7,62.448368,2.8648577,0.053188860416412354,7.902428
CH_2605,8,62.576736,2.9032521,0.051167845726013184,7.910546
CH_2605,9,63.040028,2.950117,0.044071733951568604,7.939775
CH_2605,10,63.814335,2.9728243,0.032263994216918945,7.9883876
CH_2617,1,0.08633661,0.16887373,0.9231053218245506,0.29383093
CH_2617,2,0.09826873,0.17993683,0.9124524593353271,0.31347844
CH_2617,3,0.11313091,0.19154061,0.8991788849234581,0.3363494
CH_2617,4,0.13300161,0.20180032,0.8814340755343437,0.36469385
CH_2617,5,0.15293673,0.21882878,0.8636249899864197,0.39107126
CH_2617,6,0.17563029,0.2283919,0.8433466106653214,0.41908267
CH_2617,7,0.19215354,0.24336334,0.828556552529335,0.4383532
CH_2617,8,0.22616135,0.26064017,0.7981550395488739,0.47556424
CH_2617,9,0.24794202,0.2690297,0.778654083609581,0.49793777
CH_2617,10,0.27895263,0.2868721,0.7509015947580338,0.5281597
CH_3009,1,0.50958294,0.37616262,0.7284436225891113,0.7138508
CH_3009,2,0.7379083,0.46499956,0.6067146956920624,0.8590159
CH_3009,3,0.8575827,0.5102633,0.5428508222103119,0.9260576
CH_3009,4,0.93432057,0.53792006,0.5018651187419891,0.96660256
CH_3009,5,0.98559654,0.5601702,0.4745296835899353,0.99277216
CH_3009,6,1.0240414,0.57461494,0.45394617319107056,1.0119493
CH_3009,7,1.0550972,0.59072393,0.43730276823043823,1.0271792
CH_3009,8,1.0807004,0.59933805,0.42360031604766846,1.0395674
CH_3009,9,1.0976298,0.6143031,0.4145151972770691,1.0476782
CH_3009,10,1.1196955,0.6203922,0.40254920721054077,1.0581567
CH_3019,1,0.481803,0.27028906,0.4328683018684387,0.6941203
CH_3019,2,0.5995348,0.3149662,0.294270396232605,0.77429634
CH_3019,3,0.66045815,0.33987197,0.22254550457000732,0.8126858
CH_3019,4,0.67605877,0.3532573,0.20417797565460205,0.82222795
CH_3019,5,0.69060886,0.36199424,0.18704694509506226,0.8310288
CH_3019,6,0.6800636,0.3635004,0.19944089651107788,0.8246597
CH_3019,7,0.70584434,0.36709282,0.1690719723701477,0.8401454
CH_3019,8,0.7135165,0.36673114,0.16002339124679565,0.844699
CH_3019,9,0.7276831,0.3755536,0.14330953359603882,0.85304344
CH_3019,10,0.7380572,0.37852073,0.13104939460754395,0.85910255
CH_3032,1,0.6415722,0.3846901,0.8828307837247849,0.800982
CH_3032,2,0.8418099,0.46732157,0.8462492376565933,0.917502
CH_3032,3,1.0508039,0.5262859,0.8080623745918274,1.0250872
CH_3032,4,1.2444059,0.567269,0.7726791799068451,1.1155294
CH_3032,5,1.4267517,0.6028906,0.7393461167812347,1.1944672
CH_3032,6,1.5492178,0.63189125,0.716945469379425,1.2446758
CH_3032,7,1.704695,0.66951174,0.6885071992874146,1.3056397
CH_3032,8,1.7999008,0.6882341,0.6710775792598724,1.3416038
CH_3032,9,1.8945992,0.71099675,0.653734564781189,1.3764445
CH_3032,10,1.9930031,0.7267114,0.6357090771198273,1.4117377
CH_3033,1,0.54413515,0.5242827,0.8083454817533493,0.73765516
CH_3033,2,0.7627957,0.6183741,0.7314404249191284,0.87338173
CH_3033,3,0.84592927,0.65997005,0.7021535038948059,0.91974413
CH_3033,4,0.9469502,0.6728322,0.6668581664562225,0.97311366
CH_3033,5,1.0109812,0.6793105,0.644612044095993,1.0054756
CH_3033,6,1.0113398,0.6635178,0.6445528864860535,1.0056539
CH_3033,7,1.0459089,0.68100774,0.6323855817317963,1.0226969
CH_3033,8,1.1563594,0.7188269,0.5936057865619659,1.0753416
CH_3033,9,1.1887028,0.7486193,0.5823937058448792,1.0902765
CH_3033,10,1.2152627,0.7606285,0.5732028186321259,1.1023896
CH_4010,1,0.048198484,0.15958788,0.9603683240711689,0.21954153
CH_4010,2,0.04362955,0.15000606,0.9641340635716915,0.20887688
CH_4010,3,0.0592665,0.17148224,0.9512922279536724,0.24344712
CH_4010,4,0.07126855,0.18781245,0.94144207239151,0.2669617
CH_4010,5,0.087195545,0.20609187,0.9283712580800056,0.29528892
CH_4010,6,0.11211519,0.23582435,0.9079190194606781,0.33483607
CH_4010,7,0.12430065,0.25072083,0.8979314789175987,0.35256296
CH_4010,8,0.15366463,0.27900428,0.8738423734903336,0.3920008
CH_4010,9,0.1764205,0.30308795,0.8551794141530991,0.4200244
CH_4010,10,0.1944024,0.31217176,0.8404202163219452,0.44091088
CL_10100002,1,1.3437619,0.6315418,0.8343368619680405,1.1592075
CL_10100002,2,1.0504816,0.61548734,0.8692068010568619,1.02493
CL_10100002,3,1.1667303,0.6500044,0.8535230606794357,1.0801529
CL_10100002,4,1.4148312,0.7283081,0.8212043642997742,1.1894667
CL_10100002,5,1.8456333,0.8398019,0.7655200958251953,1.3585409
CL_10100002,6,2.2901993,0.9052288,0.7079147100448608,1.5133405
CL_10100002,7,2.4252517,0.9491866,0.6899102032184601,1.557322
CL_10100002,8,2.750183,1.0197127,0.6479166448116302,1.6583676
CL_10100002,9,3.041644,1.0681528,0.6104107201099396,1.744031
CL_10100002,10,3.5668204,1.1673013,0.5430919229984283,1.8886027
CL_10102001,1,15.735115,1.6798463,0.7751302123069763,3.966751
CL_10102001,2,31.08586,2.5263388,0.5542899072170258,5.5754695
CL_10102001,3,40.94227,3.0236673,0.4124752879142761,6.3986144
CL_10102001,4,46.15578,3.2823808,0.3377528190612793,6.7938046
CL_10102001,5,50.222767,3.4348204,0.2788935899734497,7.0868025
CL_10102001,6,52.585136,3.5210252,0.24465519189834595,7.251561
CL_10102001,7,54.012222,3.6478004,0.22422027587890625,7.349301
CL_10102001,8,53.98198,3.71318,0.22480982542037964,7.347243
CL_10102001,9,54.25301,3.7471628,0.22117739915847778,7.3656645
CL_10102001,10,54.466625,3.7619789,0.2185201644897461,7.380151
CL_10111001,1,3.0933692,0.81687725,0.8047299981117249,1.7587976
CL_10111001,2,2.0093248,0.7585642,0.8729188293218613,1.4175066
CL_10111001,3,1.6507481,0.76241016,0.8954669460654259,1.2848145
CL_10111001,4,1.6333362,0.797307,0.8964865207672119,1.2780204
CL_10111001,5,1.9255396,0.88496923,0.8779549524188042,1.3876381
CL_10111001,6,2.2769182,0.9483304,0.8557109087705612,1.5089461
CL_10111001,7,2.5645535,1.0193632,0.8375402390956879,1.6014223
CL_10111001,8,2.9832397,1.0977674,0.8110951632261276,1.7272058
CL_10111001,9,3.5210614,1.2087989,0.7773520052433014,1.8764491
CL_10111001,10,4.0778136,1.2958041,0.7425687611103058,2.0193596
CL_10121001,1,2.4871929,0.6544176,0.8520412743091583,1.5770837
CL_10121001,2,3.5732546,0.8777569,0.7874135076999664,1.8903054
CL_10121001,3,4.8809214,1.0568593,0.7095581889152527,2.2092807
CL_10121001,4,5.8040423,1.1816382,0.654544323682785,2.409158
CL_10121001,5,6.8200583,1.2853178,0.5939666628837585,2.611524
CL_10121001,6,7.4733233,1.3502312,0.5549543797969818,2.733738
CL_10121001,7,8.0745125,1.3998263,0.5190047919750214,2.8415687
CL_10121001,8,8.447921,1.4588603,0.49655598402023315,2.9065306
CL_10121001,9,8.728965,1.5215869,0.4796144962310791,2.954482
CL_10121001,10,9.048924,1.5539322,0.46035999059677124,3.008143
CL_10122001,1,4.900923,1.0228722,0.8007109612226486,2.2138028
CL_10122001,2,3.997872,1.0242473,0.8375468105077744,1.999468
CL_10122001,3,3.7176745,1.0464298,0.849504366517067,1.9281272
CL_10122001,4,4.078776,1.1032684,0.8353209942579269,2.019598
CL_10122001,5,4.6138473,1.176104,0.8142445385456085,2.147987
CL_10122001,6,5.160901,1.2570285,0.792890876531601,2.2717617
CL_10122001,7,5.7673674,1.3301773,0.7691027522087097,2.4015343
CL_10122001,8,6.6335187,1.4385802,0.734940379858017,2.5755618
CL_10122001,9,7.29735,1.5217419,0.7088778913021088,2.7013607
CL_10122001,10,8.406128,1.6467634,0.6645746529102325,2.8993323
CL_10134001,1,1.9218009,0.608014,0.8645518571138382,1.3862903
CL_10134001,2,2.0548828,0.7219256,0.8550169914960861,1.4334862
CL_10134001,3,3.105473,0.8915634,0.7793879210948944,1.7622353
CL_10134001,4,3.9095278,1.0117774,0.720821738243103,1.9772526
CL_10134001,5,4.415719,1.0874847,0.6835102736949921,2.1013613
CL_10134001,6,4.918052,1.1456339,0.6467328369617462,2.2176683
CL_10134001,7,5.3662367,1.1873201,0.6139585971832275,2.316514
CL_10134001,8,5.532801,1.2224269,0.6015478670597076,2.3521907
CL_10134001,9,5.8273706,1.2715528,0.5800209939479828,2.4139948
CL_10134001,10,5.9630136,1.2985841,0.5699402689933777,2.4419281
CL_10137001,1,0.90498424,0.41152695,0.9187619164586067,0.9513066
CL_10137001,2,1.7366431,0.5878684,0.8441529721021652,1.3178176
CL_10137001,3,2.9268847,0.77870995,0.737354964017868,1.710814
CL_10137001,4,3.9491034,0.91957843,0.6451821029186249,1.9872351
CL_10137001,5,4.6542406,1.0084982,0.5804899036884308,2.157369
CL_10137001,6,5.1720257,1.0651991,0.5326477885246277,2.2742088
CL_10137001,7,5.6340656,1.1131443,0.49016958475112915,2.3736186
CL_10137001,8,6.0626464,1.168017,0.4508856534957886,2.4622443
CL_10137001,9,6.3403473,1.2191168,0.42537713050842285,2.5180047
CL_10137001,10,6.6919856,1.2577645,0.39317530393600464,2.5868874
CL_10140001,1,14.566855,1.3716025,0.6875783503055573,3.816655
CL_10140001,2,21.322445,1.8178983,0.5444253385066986,4.6176233
CL_10140001,3,25.478886,2.0710661,0.4564616084098816,5.0476613
CL_10140001,4,27.323547,2.2180622,0.41796648502349854,5.227193
CL_10140001,5,29.329945,2.348251,0.3764764070510864,5.415713
CL_10140001,6,30.68944,2.4300652,0.35100287199020386,5.539805
CL_10140001,7,32.173798,2.5355434,0.3267495036125183,5.672195
CL_10140001,8,33.251045,2.6499379,0.31672757863998413,5.7663717
CL_10140001,9,33.762974,2.7211494,0.3152461647987366,5.8105917
CL_10140001,10,35.253227,2.7667747,0.2925410866737366,5.937443
CL_10142003,1,21.93805,1.4653496,0.5710603594779968,4.6838074
CL_10142003,2,31.925451,1.9565086,0.3757665753364563,5.6502614
CL_10142003,3,35.839645,2.1970532,0.3028765916824341,5.9866223
CL_10142003,4,37.25916,2.2756915,0.28574395179748535,6.104028
CL_10142003,5,39.433987,2.355434,0.2462071180343628,6.279649
CL_10142003,6,40.951824,2.4463074,0.21723127365112305,6.399361
CL_10142003,7,41.84142,2.5298138,0.20126479864120483,6.4684944
CL_10142003,8,41.36432,2.546821,0.20881646871566772,6.43151
CL_10142003,9,39.68234,2.5640142,0.21426814794540405,6.2993917
CL_10142003,10,39.035038,2.556776,0.20860475301742554,6.2478027
CL_10304001,1,1.0971823,0.73910666,0.9390855133533478,1.0474647
CL_10304001,2,1.8070859,0.96880925,0.8975880295038223,1.3442789
CL_10304001,3,2.887735,1.16803,0.8336578905582428,1.6993337
CL_10304001,4,4.0063157,1.3617439,0.7651408612728119,2.0015783
CL_10304001,5,4.8713946,1.5523523,0.7075072228908539,2.2071235
CL_10304001,6,5.5494623,1.6794153,0.6595055162906647,2.3557296
CL_10304001,7,6.099036,1.7680026,0.6203894019126892,2.4696226
CL_10304001,8,6.7946815,1.8922709,0.5735257565975189,2.606661
CL_10304001,9,7.335063,1.995245,0.5368892550468445,2.708332
CL_10304001,10,7.941583,2.080928,0.4962702989578247,2.8180814
CL_10305001,1,35.94639,2.517653,0.6301415860652924,5.9955306
CL_10305001,2,58.277298,3.4740472,0.400543212890625,7.633957
CL_10305001,3,67.00642,3.8404531,0.31185102462768555,8.185744
CL_10305001,4,70.26601,3.9707692,0.2777235507965088,8.382483
CL_10305001,5,73.79137,4.0869775,0.24152910709381104,8.59019
CL_10305001,6,75.82706,4.1856537,0.22205954790115356,8.707873
CL_10305001,7,77.27977,4.2552557,0.20760303735733032,8.790892
CL_10305001,8,77.58769,4.298978,0.20424813032150269,8.808388
CL_10305001,9,77.41612,4.3409834,0.2056540846824646,8.798643
CL_10305001,10,77.89664,4.332816,0.20094889402389526,8.825907
CL_10306001,1,8.184247,1.2475764,0.6389163136482239,2.8608122
CL_10306001,2,13.393981,1.7206829,0.39898937940597534,3.6597788
CL_10306001,3,15.725022,1.9302424,0.28998082876205444,3.965479
CL_10306001,4,16.767689,2.0616574,0.2546800971031189,4.0948367
CL_10306001,5,18.466824,2.1359158,0.2308969497680664,4.297304
CL_10306001,6,19.971869,2.2079766,0.21094846725463867,4.46899
CL_10306001,7,21.1813,2.332667,0.18672102689743042,4.6023145
CL_10306001,8,21.292528,2.3893955,0.19015532732009888,4.6143827
CL_10306001,9,21.396063,2.439581,0.19138556718826294,4.625588
CL_10306001,10,21.048355,2.4059942,0.19511479139328003,4.5878487
CL_10328001,1,1.2046319,0.60335845,0.8922786116600037,1.0975573
CL_10328001,2,2.0818253,0.8097554,0.8144059479236603,1.4428532
CL_10328001,3,2.6563542,0.9341104,0.7637059092521667,1.6298325
CL_10328001,4,2.8723483,1.0003673,0.74484983086586,1.6948004
CL_10328001,5,3.1655378,1.0584552,0.719026654958725,1.7791958
CL_10328001,6,3.5632327,1.1161013,0.6839947700500488,1.8876526
CL_10328001,7,3.7992604,1.1536325,0.6630454063415527,1.9491692
CL_10328001,8,4.016111,1.2198815,0.6437426209449768,2.0040238
CL_10328001,9,4.183165,1.254297,0.6289486885070801,2.0452788
CL_10328001,10,4.399434,1.3070489,0.6098783910274506,2.0974827
CL_10340001,1,1.0619249,0.6356251,0.909346453845501,1.0304974
CL_10340001,2,0.88466185,0.6578003,0.9239908009767532,0.94056463
CL_10340001,3,0.81511563,0.670747,0.9295041188597679,0.9028375
CL_10340001,4,0.7511471,0.66317207,0.9346156343817711,0.8666874
CL_10340001,5,0.86508304,0.729314,0.9242326766252518,0.9300984
CL_10340001,6,0.997846,0.78674436,0.9120703935623169,0.9989224
CL_10340001,7,1.0838368,0.81738454,0.9039173424243927,1.0410749
CL_10340001,8,1.2677332,0.9014792,0.8869383558630943,1.1259366
CL_10340001,9,1.4364445,0.96935564,0.8711279183626175,1.1985177
CL_10340001,10,1.606256,1.0344055,0.8550478518009186,1.2673815
CL_10343001,1,18.614977,1.5552828,0.6447484493255615,4.3145075
CL_10343001,2,30.76634,2.2601976,0.4140051603317261,5.5467415
CL_10343001,3,37.445347,2.7575598,0.29393547773361206,6.1192603
CL_10343001,4,39.879066,2.978576,0.25140810012817383,6.3149877
CL_10343001,5,42.173286,3.1553895,0.20888996124267578,6.4940963
CL_10343001,6,43.61784,3.2957244,0.18400681018829346,6.60438
CL_10343001,7,43.896564,3.350089,0.18824148178100586,6.625448
CL_10343001,8,44.27831,3.4177628,0.18447625637054443,6.654195
CL_10343001,9,44.492218,3.4667065,0.18136143684387207,6.6702485
CL_10343001,10,44.95964,3.471463,0.17272502183914185,6.705195
CL_10351001,1,0.43678835,0.32547942,0.9234197810292244,0.66089964
CL_10351001,2,0.92859787,0.45778757,0.8352739959955215,0.9636378
CL_10351001,3,1.56285,0.61277115,0.7193977236747742,1.25014
CL_10351001,4,1.9493107,0.7243335,0.6410474479198456,1.3961772
CL_10351001,5,2.3012502,0.81136507,0.5794907212257385,1.5169872
CL_10351001,6,2.596774,0.8612371,0.5383025109767914,1.6114509
CL_10351001,7,2.8390632,0.896769,0.5039162039756775,1.684952
CL_10351001,8,3.0006757,0.9406408,0.48119884729385376,1.7322458
CL_10351001,9,3.0784101,0.96845764,0.470956027507782,1.7545398
CL_10351001,10,3.2333827,0.99151015,0.44657284021377563,1.7981609
CL_10356001,1,1.2833819,0.38178483,0.876453086733818,1.1328645
CL_10356001,2,2.576904,0.54817307,0.7519378811120987,1.6052738
CL_10356001,3,3.9900675,0.7162993,0.6159116923809052,1.9975153
CL_10356001,4,4.7749624,0.8446515,0.5403689444065094,2.1851687
CL_10356001,5,5.2923317,0.919143,0.49058109521865845,2.3005068
CL_10356001,6,5.701205,0.96991545,0.451238751411438,2.3877196
CL_10356001,7,6.0164614,1.0015574,0.42091137170791626,2.4528477
CL_10356001,8,6.184423,1.041143,0.4047629237174988,2.48685
CL_10356001,9,6.361438,1.0823452,0.3877405524253845,2.5221891
CL_10356001,10,6.546803,1.1031946,0.36991405487060547,2.5586722
CL_10362001,1,0.95918894,0.32978508,0.8398298472166061,0.9793819
CL_10362001,2,2.0009053,0.4791358,0.666016548871994,1.4145336
CL_10362001,3,2.603765,0.59431994,0.5562811493873596,1.6136186
CL_10362001,4,2.6109202,0.6471891,0.532036304473877,1.6158342
CL_10362001,5,2.7802138,0.6858676,0.49510711431503296,1.6673974
CL_10362001,6,2.9921703,0.7127979,0.4557494521141052,1.7297891
CL_10362001,7,3.204098,0.7340221,0.4166519045829773,1.7899995
CL_10362001,8,3.276483,0.75485545,0.4017642140388489,1.8101058
CL_10362001,9,3.3131826,0.7691362,0.38890719413757324,1.820215
CL_10362001,10,3.3913305,0.7766339,0.3670348525047302,1.8415565
CL_10363002,1,0.66874063,0.35464433,0.8908882960677147,0.81776565
CL_10363002,2,1.4769036,0.5028823,0.7590117007493973,1.2152792
CL_10363002,3,2.2681136,0.651226,0.6297666430473328,1.5060258
CL_10363002,4,2.6865711,0.7458152,0.5611840486526489,1.6390764
CL_10363002,5,2.903182,0.797397,0.5248624384403229,1.7038727
CL_10363002,6,3.0587049,0.8258459,0.49838966131210327,1.7489153
CL_10363002,7,3.1707444,0.84054065,0.47999781370162964,1.7806584
CL_10363002,8,3.2791736,0.87980705,0.46604007482528687,1.8108488
CL_10363002,9,3.3118594,0.8983533,0.4622839689254761,1.8198515
CL_10363002,10,3.4351587,0.9257015,0.44251352548599243,1.8534181
CL_10364001,1,0.66444993,0.3846776,0.9062018319964409,0.815138
CL_10364001,2,0.6619909,0.42473775,0.906200498342514,0.8136282
CL_10364001,3,0.98049754,0.5399472,0.8604844808578491,0.99020076
CL_10364001,4,1.3122557,0.6442153,0.8125493377447128,1.1455373
CL_10364001,5,1.5052049,0.7001486,0.7841464430093765,1.2268679
CL_10364001,6,1.6918876,0.75331813,0.7561708241701126,1.3007258
CL_10364001,7,1.8024111,0.77043754,0.7394415438175201,1.3425391
CL_10364001,8,1.9803818,0.83656764,0.7128576040267944,1.4072604
CL_10364001,9,2.126321,0.86938196,0.6907948553562164,1.458191
CL_10364001,10,2.2632382,0.90142345,0.6701675653457642,1.5044062
CL_10405002,1,35.656746,2.1581876,0.5800897777080536,5.971327
CL_10405002,2,52.139565,2.8740845,0.3896545171737671,7.220773
CL_10405002,3,58.396164,3.2469177,0.31582099199295044,7.6417384
CL_10405002,4,59.425293,3.3805285,0.3038187026977539,7.7087803
CL_10405002,5,63.749317,3.577349,0.25980544090270996,7.984317
CL_10405002,6,66.32006,3.6721673,0.2306727170944214,8.143713
CL_10405002,7,66.8671,3.7395732,0.22713172435760498,8.177231
CL_10405002,8,65.98016,3.7994256,0.2220572829246521,8.122817
CL_10405002,9,66.63948,3.887751,0.212274432182312,8.1633005
CL_10405002,10,67.96907,3.9139173,0.19439679384231567,8.244336
CL_10432002,1,2.175667,0.55022484,0.4387655258178711,1.4750142
CL_10432002,2,2.870016,0.7410251,0.2595739960670471,1.6941122
CL_10432002,3,3.215223,0.8390516,0.1704835295677185,1.7931043
CL_10432002,4,3.4360619,0.884726,0.11350387334823608,1.8536618
CL_10432002,5,3.5760183,0.90132326,0.07754361629486084,1.8910363
CL_10432002,6,3.6404102,0.9131033,0.06099420785903931,1.9079859
CL_10432002,7,3.6949744,0.93285614,0.04696172475814819,1.9222317
CL_10432002,8,3.7361872,0.9435367,0.03637814521789551,1.9329219
CL_10432002,9,3.7223756,0.9558922,0.04041314125061035,1.929346
CL_10432002,10,3.775076,0.9561026,0.02702164649963379,1.9429555
CL_10514001,1,2.2393255,0.84449255,0.8336219936609268,1.4964377
CL_10514001,2,4.4600606,1.2028719,0.6694653928279877,2.1118855
CL_10514001,3,6.0792904,1.4618384,0.5530985295772552,2.4656217
CL_10514001,4,7.4860206,1.6743399,0.45241135358810425,2.7360594
CL_10514001,5,8.601118,1.8188355,0.37351852655410767,2.9327662
CL_10514001,6,9.657316,1.9524401,0.29934054613113403,3.1076224
CL_10514001,7,10.358943,2.0365078,0.2492961883544922,3.2185311
CL_10514001,8,10.853992,2.1062725,0.21390008926391602,3.2945397
CL_10514001,9,11.335083,2.1875327,0.17899435758590698,3.3667614
CL_10514001,10,11.704368,2.2356584,0.15164172649383545,3.4211648
CL_10523002,1,2.9660132,0.9163749,0.855526477098465,1.7222117
CL_10523002,2,6.198798,1.3075107,0.6985815763473511,2.4897385
CL_10523002,3,9.089525,1.6309481,0.5584640800952911,3.014884
CL_10523002,4,11.329454,1.8606688,0.4499856233596802,3.3659256
CL_10523002,5,13.129843,2.0170736,0.3627997040748596,3.6235125
CL_10523002,6,14.424152,2.1181781,0.3001452684402466,3.7979143
CL_10523002,7,15.511497,2.2064776,0.247550368309021,3.9384637
CL_10523002,8,16.120504,2.268867,0.21817702054977417,4.0150347
CL_10523002,9,16.624947,2.33513,0.19381952285766602,4.07737
CL_10523002,10,17.075253,2.3988137,0.17178374528884888,4.132221
CL_12802001,1,0.013790706,0.04923016,0.7226841747760773,0.11743384
CL_12802001,2,0.02070079,0.060389798,0.583669900894165,0.14387769
CL_12802001,3,0.025060313,0.068302035,0.4958903193473816,0.1583045
CL_12802001,4,0.028253905,0.07227443,0.43149399757385254,0.16808899
CL_12802001,5,0.03050719,0.07690681,0.38604438304901123,0.17466308
CL_12802001,6,0.0315655,0.078773685,0.3646182417869568,0.17766681
CL_12802001,7,0.032209493,0.079569004,0.3515300154685974,0.17947003
CL_12802001,8,0.03223752,0.079982445,0.3506174683570862,0.1795481
CL_12802001,9,0.032545734,0.08095695,0.3432777523994446,0.18040437
CL_12802001,10,0.03306372,0.080807686,0.32639163732528687,0.18183433
CL_3404001,1,2.3573739e-05,0.0030656073,0.9451283402740955,0.0048552793
CL_3404001,2,3.4848257e-05,0.0034001193,0.9199873507022858,0.005903241
CL_3404001,3,4.574631e-05,0.0037523182,0.8967101499438286,0.0067636017
CL_3404001,4,5.649533e-05,0.0039424887,0.8750797659158707,0.0075163376
CL_3404001,5,5.9078124e-05,0.003935658,0.8716074228286743,0.0076862294
CL_3404001,6,6.5272456e-05,0.0039892094,0.8600913435220718,0.008079137
CL_3404001,7,6.973997e-05,0.0040368387,0.8513324111700058,0.008351046
CL_3404001,8,7.4550786e-05,0.004190745,0.8413283228874207,0.0086342795
CL_3404001,9,7.877774e-05,0.0044589057,0.832788735628128,0.008875682
CL_3404001,10,7.656259e-05,0.004274764,0.8379308432340622,0.008750005
CL_4400001,1,0.00041046046,0.018212609,-3.32670259475708,0.020259824
CL_4400001,2,0.00012066297,0.008649579,-0.2789548635482788,0.010984669
CL_4400001,3,0.00011003328,0.0076403194,-0.17278218269348145,0.010489675
CL_4400001,4,0.00014785634,0.0093842605,-0.5847550630569458,0.0121596195
CL_4400001,5,0.0001428241,0.00934384,-0.5331207513809204,0.011950904
CL_4400001,6,0.00021460047,0.011793965,-1.3070697784423828,0.014649248
CL_4400001,7,0.00021443205,0.011445475,-1.3087525367736816,0.014643499
CL_4400001,8,0.00031333344,0.014781459,-2.378737688064575,0.017701227
CL_4400001,9,0.00048073623,0.020095432,-4.1917901039123535,0.021925697
CL_4400001,10,0.00047305418,0.020049082,-4.1166558265686035,0.02174981
CL_4503001,1,0.1599055,0.044051595,0.1283717155456543,0.39988184
CL_4503001,2,0.17850783,0.05233713,0.11921274662017822,0.42250186
CL_4503001,3,0.36837605,0.05963367,0.06260091066360474,0.6069399
CL_4503001,4,0.4778464,0.06510396,0.07209545373916626,0.69126433
CL_4503001,5,0.2020063,0.058453795,0.10998272895812988,0.44945112
CL_4503001,6,0.1913236,0.057646424,0.10365700721740723,0.43740553
CL_4503001,7,0.222837,0.05881736,0.09557878971099854,0.47205615
CL_4503001,8,0.12907737,0.05362235,0.10544514656066895,0.3592734
CL_4503001,9,0.045115206,0.051654115,0.14601099491119385,0.2124034
CL_4503001,10,0.090154655,0.057171557,0.10929310321807861,0.30025765
CL_4533002,1,49.459488,1.6115297,0.10959059000015259,7.032744
CL_4533002,2,50.87534,1.6460981,0.08635741472244263,7.132695
CL_4533002,3,51.74295,1.6716796,0.07311862707138062,7.1932573
CL_4533002,4,53.041927,1.7036343,0.052370309829711914,7.282989
CL_4533002,5,53.287617,1.71733,0.050532400608062744,7.2998366
CL_4533002,6,53.901848,1.7388093,0.042170703411102295,7.341788
CL_4533002,7,54.10459,1.7477808,0.0411834716796875,7.355582
CL_4533002,8,54.805897,1.7718064,0.031365811824798584,7.4031005
CL_4533002,9,55.25508,1.7880181,0.026059210300445557,7.4333763
CL_4533002,10,55.40975,1.7966849,0.02597731351852417,7.443773
CL_5716001,1,0.6174801,0.112696715,0.3162113428115845,0.785799
CL_5716001,2,0.7340728,0.13864984,0.18760943412780762,0.85678047
CL_5716001,3,0.80152935,0.1516859,0.11314916610717773,0.89528173
CL_5716001,4,0.8348152,0.1585745,0.07645606994628906,0.9136822
CL_5716001,5,0.85057634,0.17653096,0.05914604663848877,0.92226696
CL_5716001,6,0.85983115,0.18064258,0.049040794372558594,0.9272708
CL_5716001,7,0.8644036,0.18272749,0.04409819841384888,0.9297331
CL_5716001,8,0.87391806,0.19873025,0.03367525339126587,0.93483585
CL_5716001,9,0.88432336,0.2130097,0.022296011447906494,0.9403847
CL_5716001,10,0.8873301,0.21899354,0.019086480140686035,0.94198203
CL_5737002,1,0.02296351,0.07682764,0.7438512742519379,0.15153717
CL_5737002,2,0.037551064,0.10066493,0.5827164351940155,0.19378097
CL_5737002,3,0.045328964,0.1168593,0.4983214735984802,0.212906
CL_5737002,4,0.0491515,0.12576789,0.4583742618560791,0.22170137
CL_5737002,5,0.053992946,0.13362175,0.4072566628456116,0.23236382
CL_5737002,6,0.05815995,0.14218007,0.3636860251426697,0.24116375
CL_5737002,7,0.06159033,0.1482742,0.32743769884109497,0.24817398
CL_5737002,8,0.06251821,0.15373115,0.3150123357772827,0.25003642
CL_5737002,9,0.06515149,0.16245161,0.28718090057373047,0.2552479
CL_5737002,10,0.06541311,0.16218425,0.2867929935455322,0.25575987
CL_5746001,1,0.008760321,0.06269981,0.863755390048027,0.093596585
CL_5746001,2,0.014989526,0.07465324,0.7677181214094162,0.12243172
CL_5746001,3,0.021087214,0.08780454,0.6746872961521149,0.14521438
CL_5746001,4,0.023631273,0.09167312,0.6371963322162628,0.15372467
CL_5746001,5,0.027015327,0.10026666,0.5870420634746552,0.1643634
CL_5746001,6,0.030986737,0.10983699,0.5278825461864471,0.1760305
CL_5746001,7,0.032162584,0.109710835,0.5110848546028137,0.1793393
CL_5746001,8,0.03555141,0.11818708,0.46086353063583374,0.18855081
CL_5746001,9,0.038195256,0.12350089,0.4220373034477234,0.19543606
CL_5746001,10,0.038398188,0.12327707,0.42022836208343506,0.19595456
CL_5748001,1,0.02300852,0.063268594,0.7268699705600739,0.1516856
CL_5748001,2,0.036549523,0.075290814,0.5664881467819214,0.19117929
CL_5748001,3,0.04823386,0.09255638,0.42836838960647583,0.21962208
CL_5748001,4,0.05405684,0.10194127,0.3599029779434204,0.23250127
CL_5748001,5,0.059077494,0.1092927,0.3010120391845703,0.24305862
CL_5748001,6,0.062047668,0.11520672,0.2664591670036316,0.2490937
CL_5748001,7,0.06350393,0.118934214,0.25005441904067993,0.25199986
CL_5748001,8,0.06610152,0.12575243,0.2203596830368042,0.25710216
CL_5748001,9,0.07069812,0.13800703,0.1667528748512268,0.2658912
CL_5748001,10,0.07047305,0.13724598,0.17019528150558472,0.2654676
CL_6034001,1,0.2843519,0.2993441,0.8182168453931808,0.5332466
CL_6034001,2,0.38273656,0.34196928,0.7553967833518982,0.61865705
CL_6034001,3,0.4561699,0.3785712,0.7082736790180206,0.67540354
CL_6034001,4,0.53382105,0.40981808,0.6585705280303955,0.7306306
CL_6034001,5,0.5931062,0.43536034,0.6205580234527588,0.7701339
CL_6034001,6,0.63856924,0.45115292,0.5900096297264099,0.7991053
CL_6034001,7,0.66256267,0.46203405,0.5699016153812408,0.8139795
CL_6034001,8,0.7006454,0.47580627,0.5445554852485657,0.8370456
CL_6034001,9,0.72423685,0.4875397,0.5286820828914642,0.85102105
CL_6034001,10,0.7670869,0.5102512,0.5011778771877289,0.875835
CL_7116001,1,0.36322016,0.22341034,0.7660267949104309,0.60267746
CL_7116001,2,0.6504123,0.2872454,0.5470400452613831,0.8064814
CL_7116001,3,0.7652222,0.342351,0.4484928846359253,0.8747698
CL_7116001,4,0.8031847,0.3588149,0.41001003980636597,0.8962057
CL_7116001,5,0.85988784,0.37874848,0.3607257008552551,0.92730135
CL_7116001,6,0.88722,0.39228636,0.33497297763824463,0.94192356
CL_7116001,7,0.90202206,0.39258337,0.3198588490486145,0.9497484
CL_7116001,8,0.9202039,0.4061437,0.3032723069190979,0.9592726
CL_7116001,9,0.94946486,0.4232329,0.2784094214439392,0.9744049
CL_7116001,10,0.9658585,0.41885313,0.26402854919433594,0.982781
CL_7123001,1,0.53414154,0.23479578,0.7393436431884766,0.73084986
CL_7123001,2,0.9764362,0.30858654,0.523420512676239,0.98814785
CL_7123001,3,1.2754639,0.3863641,0.37745606899261475,1.1293644
CL_7123001,4,1.42657,0.43320853,0.3037925958633423,1.1943911
CL_7123001,5,1.5676465,0.46547478,0.234702467918396,1.252057
CL_7123001,6,1.6741463,0.49776775,0.18257439136505127,1.2938881
CL_7123001,7,1.7486321,0.52709335,0.1462002396583557,1.3223585
CL_7123001,8,1.7867862,0.54516757,0.12758946418762207,1.3367072
CL_7123001,9,1.8559482,0.57550555,0.09384024143218994,1.3623319
CL_7123001,10,1.8934139,0.5795555,0.07551509141921997,1.3760138
CL_7330001,1,5.6039524,0.82027465,0.651967316865921,2.367267
CL_7330001,2,8.061063,1.0553855,0.4958330988883972,2.839201
CL_7330001,3,8.5695,1.2150283,0.4624602794647217,2.9273708
CL_7330001,4,8.48564,1.2644861,0.4679914116859436,2.913012
CL_7330001,5,9.219925,1.3094163,0.422030508518219,3.036433
CL_7330001,6,9.544169,1.3427361,0.40175414085388184,3.0893638
CL_7330001,7,9.940063,1.3675514,0.3760106563568115,3.1527867
CL_7330001,8,10.015137,1.3954173,0.370139479637146,3.16467
CL_7330001,9,10.06965,1.4206082,0.36618685722351074,3.1732712
CL_7330001,10,10.202004,1.4248536,0.35759055614471436,3.1940577
CL_7332001,1,1.8597882,0.47060943,0.828629806637764,1.3637406
CL_7332001,2,3.877907,0.6544524,0.6425990164279938,1.9692402
CL_7332001,3,4.6785216,0.7921353,0.5523652732372284,2.1629891
CL_7332001,4,4.756535,0.8679432,0.5312925577163696,2.1809483
CL_7332001,5,5.2090225,0.91684246,0.48330289125442505,2.2823284
CL_7332001,6,5.6057734,0.9690953,0.44284701347351074,2.3676515
CL_7332001,7,6.0309167,1.0066333,0.40002524852752686,2.4557924
CL_7332001,8,6.212146,1.0331188,0.3817153573036194,2.4924176
CL_7332001,9,6.298767,1.0527666,0.3728087544441223,2.5097344
CL_7332001,10,6.4816895,1.0609521,0.35426342487335205,2.5459163
CL_7335001,1,0.69418764,0.32925814,0.8890590593218803,0.83317924
CL_7335001,2,1.3737304,0.4334896,0.7804954946041107,1.1720625
CL_7335001,3,2.3200488,0.59334004,0.6293105781078339,1.5231706
CL_7335001,4,2.7471452,0.6675691,0.5610394477844238,1.6574514
CL_7335001,5,3.0337393,0.7199278,0.5151870548725128,1.7417632
CL_7335001,6,3.4084623,0.79332757,0.4586435556411743,1.8462021
CL_7335001,7,3.6859882,0.81768715,0.4173436164855957,1.9198928
CL_7335001,8,3.8604748,0.84696746,0.3904162645339966,1.9648091
CL_7335001,9,3.9651606,0.8819587,0.37399494647979736,1.9912711
CL_7335001,10,4.0850906,0.8824541,0.35522401332855225,2.0211606
CL_7335002,1,0.2528538,0.1854065,0.683044970035553,0.5028457
CL_7335002,2,0.33010185,0.22660235,0.4956970810890198,0.5745449
CL_7335002,3,0.43002334,0.28114295,0.3094515800476074,0.65576166
CL_7335002,4,0.49913505,0.32016227,0.19571900367736816,0.7064949
CL_7335002,5,0.5367813,0.34023443,0.133148193359375,0.7326536
CL_7335002,6,0.57344484,0.36244437,0.07155829668045044,0.7572614
CL_7335002,7,0.60702217,0.37589532,0.015327751636505127,0.7791163
CL_7335002,8,0.6176027,0.39237252,-0.003594636917114258,0.78587705
CL_7335002,9,0.63269114,0.4090646,-0.029784083366394043,0.79541886
CL_7335002,10,0.6300914,0.40766752,-0.020978212356567383,0.793783
CL_7336001,1,0.4160764,0.20023829,0.7970848977565765,0.64503986
CL_7336001,2,0.81828225,0.2619456,0.6009323298931122,0.90458953
CL_7336001,3,1.0691485,0.31946963,0.4785888195037842,1.0339963
CL_7336001,4,1.2178013,0.34816155,0.4060908555984497,1.1035404
CL_7336001,5,1.3441873,0.37271985,0.34444689750671387,1.1593909
CL_7336001,6,1.4229385,0.39392075,0.3060445189476013,1.1928699
CL_7336001,7,1.4730374,0.4026527,0.28160983324050903,1.2136875
CL_7336001,8,1.5006611,0.41046962,0.2691258192062378,1.2250148
CL_7336001,9,1.5263019,0.42772743,0.26138460636138916,1.2354358
CL_7336001,10,1.578728,0.42513338,0.24083024263381958,1.2564744
CL_7339001,1,0.24725337,0.13309015,0.6392600536346436,0.4972458
CL_7339001,2,0.3450119,0.154222,0.49619972705841064,0.58737713
CL_7339001,3,0.43292406,0.18697408,0.37040984630584717,0.65796965
CL_7339001,4,0.52152693,0.21600322,0.25176191329956055,0.7221682
CL_7339001,5,0.56762064,0.2353682,0.18739688396453857,0.75340605
CL_7339001,6,0.58976763,0.24987648,0.15604698657989502,0.7679633
CL_7339001,7,0.6087285,0.25286034,0.12961870431900024,0.78021055
CL_7339001,8,0.6072153,0.2595931,0.13241440057754517,0.7792402
CL_7339001,9,0.6009311,0.2700408,0.14185094833374023,0.77519745
CL_7339001,10,0.59789366,0.2643766,0.14664679765701294,0.77323586
CL_7343001,1,1.3363031,0.23422465,0.4360199570655823,1.1559858
CL_7343001,2,1.7168052,0.2842905,0.26341676712036133,1.3102691
CL_7343001,3,1.8138971,0.32110834,0.22051513195037842,1.34681
CL_7343001,4,1.9570154,0.33469433,0.15844237804412842,1.3989336
CL_7343001,5,2.024202,0.34794992,0.1292065978050232,1.4227445
CL_7343001,6,2.079387,0.3562975,0.10525596141815186,1.4420079
CL_7343001,7,2.1307583,0.36194322,0.08300405740737915,1.4597117
CL_7343001,8,2.0961428,0.36318406,0.09779083728790283,1.4478062
CL_7343001,9,2.0570285,0.37501383,0.1149110198020935,1.4342345
CL_7343001,10,2.102519,0.3707604,0.09631890058517456,1.4500066
CL_7350001,1,8.872594,0.8316884,0.5982412695884705,2.97869
CL_7350001,2,13.357401,1.1058507,0.395240843296051,3.6547778
CL_7350001,3,14.549235,1.2811843,0.34144896268844604,3.814346
CL_7350001,4,15.009838,1.3396034,0.3193686008453369,3.8742533
CL_7350001,5,15.871077,1.3997664,0.2804083824157715,3.983852
CL_7350001,6,16.312836,1.440923,0.26049989461898804,4.038915
CL_7350001,7,16.576435,1.4877118,0.24851053953170776,4.071417
CL_7350001,8,16.597843,1.5136847,0.24741065502166748,4.074045
CL_7350001,9,16.885794,1.5584936,0.2344476580619812,4.109233
CL_7350001,10,17.10233,1.5672262,0.22482609748840332,4.135496
CL_7350003,1,21.44598,1.1644343,0.5318951308727264,4.6309805
CL_7350003,2,30.614874,1.4630601,0.3319728970527649,5.533071
CL_7350003,3,32.328644,1.6409857,0.29480481147766113,5.685828
CL_7350003,4,33.62364,1.7292302,0.2667925953865051,5.798589
CL_7350003,5,35.803013,1.7997032,0.2195020318031311,5.983562
CL_7350003,6,36.456646,1.8434316,0.20552313327789307,6.037934
CL_7350003,7,36.57056,1.8807336,0.20331084728240967,6.04736
CL_7350003,8,36.61292,1.9016427,0.2026539444923401,6.050861
CL_7350003,9,36.720356,1.9372253,0.20050877332687378,6.0597324
CL_7350003,10,36.87184,1.9534568,0.19729876518249512,6.072219
CL_7354002,1,3.028358,0.49233693,0.6860160529613495,1.7402178
CL_7354002,2,5.0277967,0.6779969,0.4780670404434204,2.242275
CL_7354002,3,5.557898,0.7979234,0.422637403011322,2.3575194
CL_7354002,4,5.776227,0.8304132,0.3997648358345032,2.4033782
CL_7354002,5,6.219575,0.8766407,0.3535994291305542,2.4939075
CL_7354002,6,6.3807626,0.91804546,0.33682316541671753,2.5260172
CL_7354002,7,6.5636144,0.9292138,0.3178381323814392,2.5619552
CL_7354002,8,6.5797715,0.9597002,0.3162282109260559,2.5651066
CL_7354002,9,6.7536616,0.9923915,0.298276424407959,2.5987809
CL_7354002,10,6.893528,0.99527854,0.2838948369026184,2.625553
CL_7355002,1,2.1645372,0.82401043,0.7534130066633224,1.4712366
CL_7355002,2,3.272904,1.0605385,0.6268108189105988,1.8091168
CL_7355002,3,3.735582,1.1454158,0.5742419064044952,1.9327654
CL_7355002,4,4.069114,1.1991754,0.5341749787330627,2.0172045
CL_7355002,5,4.5125303,1.3178194,0.47740471363067627,2.1242716
CL_7355002,6,4.887593,1.4123536,0.4314575791358948,2.2107902
CL_7355002,7,5.1831026,1.4899062,0.39522963762283325,2.2766428
CL_7355002,8,5.3866982,1.5485705,0.3709378242492676,2.3209262
CL_7355002,9,5.5955973,1.6088681,0.3470175266265869,2.3655014
CL_7355002,10,5.831781,1.6616089,0.3199545741081238,2.4149082
CL_7359001,1,0.6858603,0.31596473,0.8871822208166122,0.82816684
CL_7359001,2,1.5636073,0.46567222,0.7427986562252045,1.2504429
CL_7359001,3,2.395868,0.6142385,0.6058939695358276,1.5478592
CL_7359001,4,3.070318,0.7268612,0.4949456453323364,1.7522323
CL_7359001,5,3.526024,0.7870925,0.4199789762496948,1.877771
CL_7359001,6,3.9023476,0.8425237,0.3580707907676697,1.9754361
CL_7359001,7,4.301583,0.8923436,0.29239141941070557,2.0740259
CL_7359001,8,4.452247,0.920411,0.26760101318359375,2.110035
CL_7359001,9,4.567926,0.95415264,0.24856531620025635,2.1372707
CL_7359001,10,4.7816286,0.9658198,0.21340739727020264,2.1866934
CL_7372001,1,0.66190463,0.30941254,0.8115380704402924,0.8135752
CL_7372001,2,1.2883257,0.4189269,0.6331148445606232,1.1350443
CL_7372001,3,1.5352765,0.48304835,0.5627133548259735,1.2390628
CL_7372001,4,1.643967,0.49478775,0.5317166447639465,1.2821728
CL_7372001,5,1.8374436,0.51693356,0.47658467292785645,1.3555233
CL_7372001,6,1.9348545,0.54871374,0.4487605094909668,1.3909905
CL_7372001,7,1.9991686,0.5625535,0.4303017258644104,1.4139196
CL_7372001,8,2.043646,0.5740099,0.41778236627578735,1.4295615
CL_7372001,9,2.090255,0.6018019,0.40567898750305176,1.4457715
CL_7372001,10,2.1219804,0.59945357,0.39679354429244995,1.4567019
CL_7374001,1,2.9389172,0.48894796,0.5782295763492584,1.714327
CL_7374001,2,4.421199,0.65039015,0.379072904586792,2.1026647
CL_7374001,3,5.1248684,0.7409137,0.3083314895629883,2.2638173
CL_7374001,4,5.375139,0.75997925,0.2764679789543152,2.3184347
CL_7374001,5,5.919804,0.8032569,0.24060016870498657,2.4330647
CL_7374001,6,6.6587586,0.85385364,0.19486534595489502,2.580457
CL_7374001,7,6.860407,0.8942487,0.17804163694381714,2.619238
CL_7374001,8,6.9477005,0.9287712,0.1692022681236267,2.635849
CL_7374001,9,6.9425945,0.9484049,0.17004936933517456,2.6348803
CL_7374001,10,7.0738044,0.95869935,0.15434539318084717,2.6596625
CL_7379001,1,1.5119376,0.42755696,0.7025076150894165,1.2296088
CL_7379001,2,2.8417907,0.62469715,0.4396425485610962,1.6857612
CL_7379001,3,3.5371428,0.7310441,0.3016142249107361,1.8807293
CL_7379001,4,3.8717856,0.7716707,0.23686563968658447,1.9676853
CL_7379001,5,4.107006,0.8138118,0.19012969732284546,2.0265749
CL_7379001,6,4.3387694,0.8524307,0.14592832326889038,2.0829713
CL_7379001,7,4.5672455,0.8832272,0.10290944576263428,2.1371114
CL_7379001,8,4.654356,0.88691086,0.07267642021179199,2.1573956
CL_7379001,9,4.722387,0.91354537,0.05623835325241089,2.1731052
CL_7379001,10,4.816264,0.91040266,0.036230266094207764,2.194599
CL_7379002,1,2.178055,0.43203276,0.685105174779892,1.4758235
CL_7379002,2,3.7063577,0.6139608,0.46423089504241943,1.9251903
CL_7379002,3,4.2016273,0.71355575,0.39272433519363403,2.049787
CL_7379002,4,4.513627,0.7535206,0.3477097153663635,2.1245298
CL_7379002,5,4.85549,0.7826686,0.2984035611152649,2.2035177
CL_7379002,6,5.094963,0.82753646,0.26387232542037964,2.2572024
CL_7379002,7,5.3249254,0.8608787,0.2307146191596985,2.30758
CL_7379002,8,5.456267,0.8823798,0.2118322253227234,2.3358653
CL_7379002,9,5.602779,0.91281587,0.19078022241592407,2.367019
CL_7379002,10,5.7495613,0.9199107,0.16979444026947021,2.3978243
CL_7381001,1,0.17903443,0.13341574,0.5590046942234039,0.4231246
CL_7381001,2,0.27962312,0.18379062,0.311210036277771,0.52879405
CL_7381001,3,0.33694336,0.21963058,0.16993379592895508,0.58046824
CL_7381001,4,0.37112343,0.23390128,0.08564192056655884,0.609199
CL_7381001,5,0.39762557,0.2441533,0.020282506942749023,0.6305756
CL_7381001,6,0.40881214,0.2525995,-0.007282376289367676,0.6393842
CL_7381001,7,0.41559923,0.2626088,-0.02374136447906494,0.64466983
CL_7381001,8,0.4223845,0.27003893,-0.025858402252197266,0.64991117
CL_7381001,9,0.43285194,0.28688523,-0.03847670555114746,0.6579148
CL_7381001,10,0.4379936,0.2871901,-0.04666256904602051,0.6618108
CL_7383001,1,0.32514998,0.27419135,0.859647586941719,0.5702192
CL_7383001,2,0.632738,0.3535238,0.7272236347198486,0.7954483
CL_7383001,3,0.8835119,0.4235679,0.6191154420375824,0.93995315
CL_7383001,4,1.096096,0.48399678,0.5269502699375153,1.046946
CL_7383001,5,1.2329068,0.5254166,0.46760016679763794,1.1103634
CL_7383001,6,1.3797097,0.56075704,0.4042474031448364,1.1746105
CL_7383001,7,1.5157743,0.59195507,0.3456733822822571,1.2311678
CL_7383001,8,1.5893681,0.61484575,0.31423819065093994,1.2607014
CL_7383001,9,1.6472023,0.6380202,0.2898346781730652,1.2834338
CL_7383001,10,1.7322049,0.65573275,0.25359588861465454,1.3161325
CL_8114001,1,3.6248353,0.6829929,0.7249739766120911,1.9039
CL_8114001,2,5.9859757,0.9089179,0.5460680425167084,2.4466255
CL_8114001,3,6.1370993,1.0254604,0.5346681773662567,2.4773169
CL_8114001,4,6.5055914,1.0733019,0.5067421495914459,2.550606
CL_8114001,5,7.0583024,1.1315167,0.46497613191604614,2.6567466
CL_8114001,6,7.5153885,1.2027931,0.43063509464263916,2.741421
CL_8114001,7,7.9977508,1.2422369,0.39420682191848755,2.8280294
CL_8114001,8,8.200306,1.2690136,0.3812825083732605,2.8636177
CL_8114001,9,8.2568245,1.2926131,0.3783152103424072,2.873469
CL_8114001,10,8.481734,1.307113,0.36334097385406494,2.9123418
CL_8123001,1,3.4862158,0.62180156,0.6826748251914978,1.8671411
CL_8123001,2,5.970217,0.88688976,0.45653969049453735,2.4434028
CL_8123001,3,7.022613,1.0413294,0.3607035279273987,2.6500213
CL_8123001,4,7.652305,1.1130751,0.3033980131149292,2.76628
CL_8123001,5,8.214806,1.1909573,0.2522127032279968,2.8661482
CL_8123001,6,8.5653515,1.2544973,0.22031110525131226,2.9266622
CL_8123001,7,8.8480835,1.2895778,0.19459646940231323,2.974573
CL_8123001,8,8.9425335,1.3099164,0.18601906299591064,2.990407
CL_8123001,9,9.015246,1.3258327,0.17941755056381226,3.0025399
CL_8123001,10,9.161195,1.3314838,0.16615664958953857,3.0267465
CL_8124002,1,1.9386507,0.5035757,0.771971806883812,1.3923544
CL_8124002,2,3.5177572,0.6928738,0.586161881685257,1.8755685
CL_8124002,3,4.045886,0.8217129,0.5247258543968201,2.0114388
CL_8124002,4,4.3081455,0.8703874,0.4947893023490906,2.0756073
CL_8124002,5,4.738105,0.92560905,0.4449319839477539,2.1767187
CL_8124002,6,5.0435724,0.980495,0.4099493622779846,2.24579
CL_8124002,7,5.2852864,1.0095906,0.38242781162261963,2.298975
CL_8124002,8,5.39095,1.0332819,0.3704712986946106,2.321842
CL_8124002,9,5.505859,1.0560333,0.3573671579360962,2.3464568
CL_8124002,10,5.6458364,1.0608194,0.34162765741348267,2.376097
CL_8130002,1,9.535817,0.9067228,0.6094450652599335,3.0880117
CL_8130002,2,13.908504,1.2377514,0.43021780252456665,3.7294106
CL_8130002,3,15.025987,1.4056326,0.3844124674797058,3.8763368
CL_8130002,4,15.402072,1.4795836,0.36896300315856934,3.9245474
CL_8130002,5,15.820814,1.5017214,0.3514779210090637,3.9775386
CL_8130002,6,16.425644,1.5494361,0.3263735771179199,4.0528564
CL_8130002,7,16.92338,1.6094773,0.3058563470840454,4.1138034
CL_8130002,8,16.965458,1.6076593,0.3040226101875305,4.1189146
CL_8130002,9,16.817379,1.6082697,0.31004786491394043,4.1008997
CL_8130002,10,17.16846,1.6336449,0.2956649661064148,4.143484
CL_8132001,1,1.4027144,0.41274974,0.7725285291671753,1.1843624
CL_8132001,2,2.945924,0.5777493,0.5278520882129669,1.7163694
CL_8132001,3,3.435139,0.6943417,0.45410239696502686,1.8534127
CL_8132001,4,3.6510131,0.75340205,0.42158693075180054,1.9107624
CL_8132001,5,4.038158,0.7973492,0.37429094314575195,2.009517
CL_8132001,6,4.2666426,0.8328921,0.3500136137008667,2.0655854
CL_8132001,7,4.461475,0.8673672,0.3245554566383362,2.1122203
CL_8132001,8,4.4797187,0.8968875,0.32528311014175415,2.1165347
CL_8132001,9,4.540128,0.91571677,0.3175426721572876,2.1307576
CL_8132001,10,4.601105,0.91656226,0.3066839575767517,2.1450188
CL_8133001,1,6.1020947,0.9847859,0.7901932299137115,2.4702418
CL_8133001,2,8.999593,1.1610519,0.6905580163002014,2.999932
CL_8133001,3,11.585474,1.3180279,0.6016421914100647,3.4037442
CL_8133001,4,13.721682,1.4506632,0.5281800329685211,3.7042787
CL_8133001,5,15.316867,1.5648688,0.47328197956085205,3.913677
CL_8133001,6,16.214521,1.618899,0.442354679107666,4.026726
CL_8133001,7,17.315186,1.6883175,0.4044579863548279,4.161152
CL_8133001,8,17.812347,1.7230561,0.3873107433319092,4.2204676
CL_8133001,9,18.167181,1.7656503,0.37504255771636963,4.2622976
CL_8133001,10,18.665943,1.809488,0.35781753063201904,4.3204103
CL_8134002,1,9.600814,0.9204922,0.693085789680481,3.098518
CL_8134002,2,14.606958,1.1790959,0.5330436825752258,3.8219051
CL_8134002,3,18.145716,1.30267,0.4193362593650818,4.259779
CL_8134002,4,19.454985,1.3878552,0.37259846925735474,4.4107804
CL_8134002,5,20.732868,1.430411,0.33095383644104004,4.553336
CL_8134002,6,21.305674,1.4750968,0.3123984932899475,4.615807
CL_8134002,7,21.528353,1.4850059,0.29578691720962524,4.6398654
CL_8134002,8,21.504622,1.4763384,0.26553213596343994,4.6373076
CL_8134002,9,20.509146,1.4578652,0.26117414236068726,4.5287023
CL_8134002,10,19.851706,1.4430065,0.24811440706253052,4.4555254
CL_8134003,1,24.442556,0.66623825,0.2437351942062378,4.9439416
CL_8134003,2,28.373198,0.8593336,0.1242569088935852,5.3266497
CL_8134003,3,29.13474,0.95152956,0.08582735061645508,5.3976607
CL_8134003,4,29.62329,0.9871423,0.06296396255493164,5.442728
CL_8134003,5,30.596409,1.034024,0.04932349920272827,5.531402
CL_8134003,6,30.831842,1.0681933,0.04538846015930176,5.552643
CL_8134003,7,30.998983,1.0819385,0.040065228939056396,5.567673
CL_8134003,8,31.016317,1.0941492,0.03955364227294922,5.5692296
CL_8134003,9,31.03806,1.1005253,0.03684777021408081,5.5711813
CL_8134003,10,31.02181,1.0858737,0.03715085983276367,5.5697227
CL_8135002,1,1.6667875,0.3942987,0.7102807760238647,1.2910413
CL_8135002,2,1.8247075,0.53105766,0.6828807592391968,1.3508173
CL_8135002,3,2.4308293,0.6332002,0.5779803097248077,1.5591117
CL_8135002,4,2.4070415,0.7040666,0.5822181403636932,1.5514643
CL_8135002,5,2.716931,0.75416654,0.5284532606601715,1.6483116
CL_8135002,6,3.050257,0.8066236,0.47062915563583374,1.7464985
CL_8135002,7,3.304417,0.8434298,0.42652636766433716,1.8178055
CL_8135002,8,3.3697546,0.86820525,0.41517436504364014,1.8356891
CL_8135002,9,3.5384915,0.9028586,0.38585108518600464,1.8810879
CL_8135002,10,3.6905918,0.91766244,0.35941123962402344,1.9210913
CL_8141001,1,1.0767293,0.41230038,0.8630905598402023,1.0376557
CL_8141001,2,1.7974707,0.5159664,0.7717211097478867,1.3406979
CL_8141001,3,2.2404387,0.5920192,0.7166979610919952,1.4968095
CL_8141001,4,2.5925202,0.6695544,0.6723041534423828,1.6101305
CL_8141001,5,3.065846,0.7461923,0.6137333512306213,1.7509557
CL_8141001,6,3.5198376,0.81705326,0.5613083839416504,1.8761231
CL_8141001,7,3.925407,0.85954005,0.5122344493865967,1.981264
CL_8141001,8,4.025021,0.88965213,0.4972800016403198,2.0062456
CL_8141001,9,4.208482,0.9291588,0.47407519817352295,2.0514584
CL_8141001,10,4.438731,0.95867866,0.4441976547241211,2.1068296
CL_8220001,1,0.1550075,0.18163694,0.841956615447998,0.39370993
CL_8220001,2,0.34739196,0.26807225,0.6452967524528503,0.58939964
CL_8220001,3,0.47865158,0.33710766,0.512403130531311,0.6918465
CL_8220001,4,0.53794724,0.36980462,0.4539753198623657,0.73344886
CL_8220001,5,0.59703785,0.3922166,0.3940826654434204,0.77268225
CL_8220001,6,0.62526727,0.40776113,0.36138075590133667,0.7907384
CL_8220001,7,0.6378498,0.41546452,0.3488059639930725,0.798655
CL_8220001,8,0.64054114,0.4196694,0.35802680253982544,0.80033815
CL_8220001,9,0.6598184,0.43610048,0.3408243656158447,0.8122921
CL_8220001,10,0.6603262,0.42937934,0.3398468494415283,0.81260455
CL_8317002,1,25.22101,1.5123086,0.5056038796901703,5.0220523
CL_8317002,2,30.209478,1.7546747,0.40776878595352173,5.496315
CL_8317002,3,30.22743,1.8911072,0.40731745958328247,5.4979477
CL_8317002,4,30.405634,1.9892895,0.40373772382736206,5.5141306
CL_8317002,5,31.965637,2.1050084,0.373474657535553,5.653816
CL_8317002,6,33.0222,2.1806946,0.3527700901031494,5.746495
CL_8317002,7,33.599792,2.2413626,0.34135401248931885,5.7965326
CL_8317002,8,33.9951,2.2869263,0.33347052335739136,5.8305316
CL_8317002,9,35.26531,2.3545594,0.3083890676498413,5.93846
CL_8317002,10,36.133217,2.3536894,0.2911837697029114,6.011091
CL_8323002,1,4.6471605,0.83434373,0.786465659737587,2.1557274
CL_8323002,2,9.063825,1.1637964,0.5851686596870422,3.0106187
CL_8323002,3,11.219347,1.3878249,0.4883544445037842,3.3495293
CL_8323002,4,12.345009,1.5022225,0.4385937452316284,3.5135465
CL_8323002,5,13.276637,1.5941135,0.39718908071517944,3.643712
CL_8323002,6,13.984538,1.6771162,0.36583632230758667,3.7395906
CL_8323002,7,14.561063,1.7471553,0.3405192494392395,3.815896
CL_8323002,8,14.871165,1.7941192,0.3270902633666992,3.856315
CL_8323002,9,14.821469,1.8273551,0.3295626640319824,3.8498662
CL_8323002,10,15.330236,1.8528312,0.31093156337738037,3.9153845
CL_8332001,1,15.4180975,1.6409954,0.659646213054657,3.9265885
CL_8332001,2,20.12359,1.9482013,0.5559232831001282,4.4859324
CL_8332001,3,21.476568,2.134752,0.5262366235256195,4.6342816
CL_8332001,4,21.768747,2.2303073,0.5198237001895905,4.665699
CL_8332001,5,23.499647,2.322863,0.48165571689605713,4.8476434
CL_8332001,6,25.108866,2.3853726,0.4461536407470703,5.0108747
CL_8332001,7,27.04726,2.4655702,0.403389036655426,5.200698
CL_8332001,8,27.390072,2.5043795,0.39580804109573364,5.2335525
CL_8332001,9,27.308142,2.5277011,0.3975817561149597,5.2257195
CL_8332001,10,27.354155,2.543463,0.39657896757125854,5.2301197
CL_8343001,1,1.0638201,0.44801432,0.8297566622495651,1.0314165
CL_8343001,2,1.4414494,0.55839014,0.7691017687320709,1.2006037
CL_8343001,3,1.573451,0.6087869,0.7477331161499023,1.2543727
CL_8343001,4,1.6558654,0.64551616,0.7342902421951294,1.2868043
CL_8343001,5,1.7837806,0.68360305,0.7133679687976837,1.3355825
CL_8343001,6,1.9428334,0.7340079,0.6874304413795471,1.3938556
CL_8343001,7,2.073085,0.7635064,0.6661656200885773,1.4398212
CL_8343001,8,2.1922083,0.8058871,0.6466958522796631,1.4806107
CL_8343001,9,2.3035412,0.8311875,0.6284685134887695,1.5177422
CL_8343001,10,2.3582084,0.84157,0.6193979978561401,1.535646
CL_8351001,1,12.3184595,1.1709584,0.6626391410827637,3.5097663
CL_8351001,2,20.863218,1.5970905,0.427862286567688,4.5676274
CL_8351001,3,24.987501,1.8744645,0.31560570001602173,4.9987497
CL_8351001,4,26.43263,2.0108025,0.27599096298217773,5.1412673
CL_8351001,5,27.878036,2.1224523,0.2359827756881714,5.2799654
CL_8351001,6,29.111341,2.193333,0.2038964033126831,5.3954926
CL_8351001,7,29.642223,2.2349973,0.18929046392440796,5.444467
CL_8351001,8,29.812616,2.2772098,0.18484723567962646,5.460093
CL_8351001,9,29.917519,2.3100579,0.18182843923568726,5.469691
CL_8351001,10,29.94423,2.3054667,0.18043994903564453,5.472132
CL_8356001,1,0.14492552,0.17857797,0.8929709643125534,0.38069084
CL_8356001,2,0.2398971,0.22638309,0.8227911740541458,0.4897929
CL_8356001,3,0.37313545,0.2847248,0.7243083119392395,0.6108481
CL_8356001,4,0.50369835,0.33536243,0.6277593076229095,0.7097171
CL_8356001,5,0.5748518,0.3638641,0.5751098990440369,0.7581898
CL_8356001,6,0.6328383,0.38655838,0.5321373641490936,0.79551136
CL_8356001,7,0.6691917,0.40149644,0.5044552385807037,0.8180414
CL_8356001,8,0.6907492,0.41110316,0.48784011602401733,0.8311132
CL_8356001,9,0.71174204,0.42449793,0.47145092487335205,0.8436481
CL_8356001,10,0.7370605,0.43119845,0.4515233635902405,0.8585223
CL_8358001,1,0.5749885,0.26472148,0.8535224050283432,0.75828
CL_8358001,2,0.9618002,0.3594848,0.756686732172966,0.98071414
CL_8358001,3,1.3899556,0.4688956,0.6529397964477539,1.1789638
CL_8358001,4,1.6846601,0.5550118,0.5810463726520538,1.2979445
CL_8358001,5,1.9376388,0.61096567,0.5221416354179382,1.3919909
CL_8358001,6,2.181511,0.6600002,0.47050273418426514,1.4769939
CL_8358001,7,2.3777974,0.6959605,0.4267486333847046,1.5420108
CL_8358001,8,2.4787734,0.7274582,0.4035457372665405,1.5744121
CL_8358001,9,2.5891747,0.75788224,0.3765314817428589,1.6090913
CL_8358001,10,2.7190154,0.7775473,0.3439640402793884,1.6489437
CL_8383001,1,0.44513986,0.36108005,0.8606255501508713,0.66718805
CL_8383001,2,0.87044644,0.48182902,0.7283068001270294,0.9329772
CL_8383001,3,1.0831025,0.5356081,0.6627836227416992,1.0407221
CL_8383001,4,1.2313608,0.5336753,0.61750128865242,1.109667
CL_8383001,5,1.4759364,0.6369909,0.5423175692558289,1.2148812
CL_8383001,6,1.6221641,0.65998685,0.49790382385253906,1.2736421
CL_8383001,7,1.7587724,0.65460694,0.45644813776016235,1.3261871
CL_8383001,8,1.8709215,0.7143866,0.4227079749107361,1.3678163
CL_8383001,9,1.9421201,0.7540503,0.40136265754699707,1.3935996
CL_8383001,10,2.010983,0.77897215,0.38089174032211304,1.4180913
CL_8385001,1,1.2230448,0.42427197,0.8122472018003464,1.1059135
CL_8385001,2,1.8736564,0.5379191,0.7125063240528107,1.3688157
CL_8385001,3,2.5283008,0.6379659,0.612304151058197,1.5900631
CL_8385001,4,3.032923,0.7259175,0.5351881980895996,1.7415289
CL_8385001,5,3.4079015,0.78222346,0.47850197553634644,1.8460503
CL_8385001,6,3.7181332,0.8426144,0.43125855922698975,1.9282461
CL_8385001,7,3.9153197,0.86987823,0.40142327547073364,1.9787167
CL_8385001,8,4.1481915,0.8985347,0.36641162633895874,2.036711
CL_8385001,9,4.255998,0.9251745,0.35050272941589355,2.063007
CL_8385001,10,4.4022803,0.9346312,0.3285217881202698,2.0981612
CL_8821003,1,0.28179178,0.25680387,0.8494922369718552,0.53084064
CL_8821003,2,0.41527706,0.2903421,0.7779247015714645,0.64441997
CL_8821003,3,0.5112849,0.31666747,0.7263273596763611,0.7150419
CL_8821003,4,0.60043466,0.33572522,0.6783712804317474,0.7748772
CL_8821003,5,0.65120304,0.3483565,0.6507935225963593,0.80697155
CL_8821003,6,0.68957734,0.3644984,0.6299814283847809,0.8304079
CL_8821003,7,0.7419171,0.3826687,0.6017941832542419,0.86134607
CL_8821003,8,0.77599645,0.39707556,0.583287388086319,0.8809066
CL_8821003,9,0.80787957,0.41392317,0.565497875213623,0.89882123
CL_8821003,10,0.8398272,0.42411703,0.5478650033473969,0.9164209
CL_8822002,1,1.0961857,0.49372607,0.9209433868527412,1.0469888
CL_8822002,2,1.4708174,0.59545547,0.893923319876194,1.2127726
CL_8822002,3,1.8756859,0.69182444,0.8647181391716003,1.3695568
CL_8822002,4,2.2848449,0.7727111,0.8351950943470001,1.5115703
CL_8822002,5,2.5378397,0.832721,0.8169164657592773,1.5930599
CL_8822002,6,2.7638712,0.8763961,0.8005273044109344,1.6624894
CL_8822002,7,3.102769,0.9360354,0.7763972729444504,1.7614678
CL_8822002,8,3.43651,0.99550056,0.7522704005241394,1.8537827
CL_8822002,9,3.5920238,1.0224845,0.74097940325737,1.8952636
CL_8822002,10,3.9687665,1.0739913,0.7137123346328735,1.9921763
CL_8910001,1,0.3205049,0.28921115,0.930447094142437,0.56613153
CL_8910001,2,0.26390323,0.2814884,0.9435402601957321,0.51371515
CL_8910001,3,0.2617791,0.29508308,0.944760836660862,0.5116435
CL_8910001,4,0.31630364,0.32580647,0.9341297522187233,0.5624088
CL_8910001,5,0.3971547,0.3518799,0.9183142557740211,0.6302021
CL_8910001,6,0.4741052,0.38519317,0.9036211967468262,0.688553
CL_8910001,7,0.5379774,0.40389255,0.8918093591928482,0.7334694
CL_8910001,8,0.6430796,0.4383842,0.8720297664403915,0.80192244
CL_8910001,9,0.7107493,0.4651946,0.8599665611982346,0.8430595
CL_8910001,10,0.78081936,0.4796363,0.8475840538740158,0.8836398
CL_9102001,1,0.19705103,0.19621313,0.9296320900321007,0.4439043
CL_9102001,2,0.24863952,0.24077791,0.9108952656388283,0.49863768
CL_9102001,3,0.3592105,0.29672235,0.8697343468666077,0.5993417
CL_9102001,4,0.5207909,0.35332417,0.808531180024147,0.7216584
CL_9102001,5,0.6428505,0.39064533,0.7597498446702957,0.80177957
CL_9102001,6,0.7258106,0.41008815,0.7247217893600464,0.85194516
CL_9102001,7,0.8021643,0.43000156,0.6923385560512543,0.89563626
CL_9102001,8,0.8586813,0.45042205,0.6680843234062195,0.9266506
CL_9102001,9,0.8861057,0.46680444,0.655354917049408,0.94133186
CL_9102001,10,0.9253678,0.47882003,0.6383206844329834,0.9619604
CL_9104001,1,4.9226246,0.71629953,0.6750099360942841,2.2186987
CL_9104001,2,3.9545925,0.7607146,0.7397615909576416,1.9886158
CL_9104001,3,3.6903677,0.84253,0.7576450109481812,1.921033
CL_9104001,4,3.9226818,0.9403615,0.7429535984992981,1.9805762
CL_9104001,5,4.7803874,1.0376211,0.6878068149089813,2.1864097
CL_9104001,6,5.464025,1.1284101,0.6439776122570038,2.3375254
CL_9104001,7,6.059044,1.1948817,0.6058516502380371,2.4615126
CL_9104001,8,6.56085,1.2556391,0.5736706256866455,2.5614157
CL_9104001,9,7.1378627,1.3088772,0.5365287363529205,2.6716778
CL_9104001,10,7.5829782,1.3418311,0.5080050230026245,2.7537208
CL_9104002,1,0.025458701,0.08204719,0.9159191027283669,0.15955783
CL_9104002,2,0.04750956,0.10495569,0.8430323004722595,0.21796687
CL_9104002,3,0.06284748,0.12386539,0.7922627478837967,0.250694
CL_9104002,4,0.07628498,0.14094938,0.7477161288261414,0.27619737
CL_9104002,5,0.085649915,0.15334542,0.7165224552154541,0.29266006
CL_9104002,6,0.09477625,0.16617714,0.6860970556735992,0.3078575
CL_9104002,7,0.101974055,0.17446671,0.6621382534503937,0.31933376
CL_9104002,8,0.1080874,0.18294421,0.6417098641395569,0.32876647
CL_9104002,9,0.111800015,0.19054367,0.6291529536247253,0.3343651
CL_9104002,10,0.11695539,0.19345681,0.612011581659317,0.3419874
CL_9106001,1,7.9482245,0.9890301,0.8340906798839569,2.8192596
CL_9106001,2,11.947759,1.2558261,0.7527169734239578,3.456553
CL_9106001,3,15.456415,1.4344958,0.6833345293998718,3.9314647
CL_9106001,4,19.25238,1.6982957,0.6156129240989685,4.3877535
CL_9106001,5,21.932129,1.8760277,0.5684970021247864,4.683175
CL_9106001,6,24.260702,2.0289218,0.5267449915409088,4.9255157
CL_9106001,7,25.75489,2.153857,0.500318855047226,5.074928
CL_9106001,8,27.434458,2.2635667,0.4696630835533142,5.2377915
CL_9106001,9,28.55421,2.3453317,0.4492437243461609,5.343614
CL_9106001,10,29.56346,2.413565,0.43060827255249023,5.437229
CL_9113001,1,0.51749593,0.29142982,0.8841957896947861,0.7193719
CL_9113001,2,1.0314047,0.39804965,0.7696019560098648,1.015581
CL_9113001,3,1.4531889,0.5046976,0.6806219518184662,1.2054828
CL_9113001,4,2.0435908,0.5989033,0.5801062285900116,1.4295422
CL_9113001,5,2.428553,0.66996884,0.5170387923717499,1.5583816
CL_9113001,6,2.7291954,0.73636895,0.46591949462890625,1.6520276
CL_9113001,7,2.8745093,0.7688243,0.4413231611251831,1.6954378
CL_9113001,8,2.9692163,0.79971623,0.42485886812210083,1.7231414
CL_9113001,9,3.0618396,0.82875025,0.4078769087791443,1.7498113
CL_9113001,10,3.1154878,0.83602,0.3980576992034912,1.7650745
CL_9116001,1,0.7132143,0.36509454,0.8649968355894089,0.84452015
CL_9116001,2,0.5936085,0.37020007,0.8876445516943932,0.77045995
CL_9116001,3,0.8430172,0.45007247,0.8404481410980225,0.91815966
CL_9116001,4,1.2471647,0.555183,0.763972595334053,1.1167653
CL_9116001,5,1.5217675,0.6163555,0.7120176255702972,1.2335994
CL_9116001,6,1.7724211,0.66854316,0.6645955443382263,1.331323
CL_9116001,7,2.004967,0.7088748,0.620602160692215,1.4159685
CL_9116001,8,2.1611261,0.73843795,0.5910673141479492,1.4700769
CL_9116001,9,2.337649,0.78056985,0.5576802790164948,1.5289372
CL_9116001,10,2.5267398,0.8052183,0.5219188928604126,1.5895722
CL_9122002,1,1.5122001,0.6042707,0.7892343103885651,1.2297155
CL_9122002,2,2.6089373,0.8239261,0.6360477209091187,1.6152205
CL_9122002,3,3.012356,0.88833255,0.5780673027038574,1.7356141
CL_9122002,4,3.3096933,0.96133107,0.5359142124652863,1.8192563
CL_9122002,5,3.6563847,1.004596,0.4866265058517456,1.9121675
CL_9122002,6,4.023593,1.0595257,0.4346732497215271,2.0058897
CL_9122002,7,4.4857626,1.1418657,0.3912358283996582,2.117962
CL_9122002,8,4.7381387,1.1698297,0.36977362632751465,2.1767266
CL_9122002,9,4.923491,1.2070957,0.3495040535926819,2.218894
CL_9122002,10,5.1761727,1.2374548,0.32746559381484985,2.2751205
CL_9123001,1,1.3049092,0.55961657,0.8756659030914307,1.1423262
CL_9123001,2,2.577578,0.7835023,0.7543400228023529,1.6054838
CL_9123001,3,3.4737093,0.9457282,0.6687443554401398,1.863789
CL_9123001,4,3.9434874,1.0536579,0.623852401971817,1.9858216
CL_9123001,5,4.2817326,1.1084695,0.5914746224880219,2.0692348
CL_9123001,6,4.593127,1.1675036,0.5616455972194672,2.1431582
CL_9123001,7,4.8070264,1.2355815,0.5411252975463867,2.1924932
CL_9123001,8,4.9063005,1.2720106,0.5315722823143005,2.215017
CL_9123001,9,5.0216174,1.311177,0.5204574465751648,2.2408965
CL_9123001,10,5.094439,1.3279047,0.5133860111236572,2.2570865
CL_9127001,1,1.3747399,0.47739753,0.8972817286849022,1.172493
CL_9127001,2,2.798921,0.6982431,0.7912476360797882,1.6729976
CL_9127001,3,4.101552,0.87961066,0.6947441101074219,2.025229
CL_9127001,4,5.0657063,1.0234045,0.6252131760120392,2.2507124
CL_9127001,5,5.760491,1.114,0.5766270458698273,2.4001024
CL_9127001,6,6.3061886,1.1864825,0.5376728475093842,2.5112126
CL_9127001,7,6.729854,1.2437191,0.507239818572998,2.5941963
CL_9127001,8,7.0422344,1.290519,0.4848175644874573,2.6537209
CL_9127001,9,7.2381268,1.328796,0.4708375930786133,2.6903768
CL_9127001,10,7.467982,1.35641,0.454434871673584,2.732761
CL_9129002,1,1.3811684,0.5228734,0.8599193245172501,1.1752312
CL_9129002,2,1.7776587,0.639127,0.8196937888860703,1.3332887
CL_9129002,3,2.2606552,0.775301,0.7706888616085052,1.5035475
CL_9129002,4,2.6313262,0.8748107,0.7330705225467682,1.6221364
CL_9129002,5,3.1283774,0.9546784,0.6826245188713074,1.7687219
CL_9129002,6,3.5661924,1.0161575,0.638187050819397,1.8884364
CL_9129002,7,3.9174502,1.0543461,0.6025242805480957,1.979255
CL_9129002,8,4.2054462,1.096844,0.5732761025428772,2.0507185
CL_9129002,9,4.4943514,1.1379876,0.5439319610595703,2.1199884
CL_9129002,10,4.745006,1.1757697,0.5184643566608429,2.1783035
CL_9134001,1,4.031429,0.67066777,0.7209502756595612,2.0078418
CL_9134001,2,7.0107136,0.9792225,0.5149374306201935,2.6477752
CL_9134001,3,8.564044,1.1764523,0.4076511859893799,2.9264388
CL_9134001,4,9.3886795,1.302381,0.35074156522750854,3.0640953
CL_9134001,5,9.934913,1.38581,0.3131721615791321,3.1519697
CL_9134001,6,10.404839,1.4449726,0.28101134300231934,3.2256532
CL_9134001,7,10.706277,1.483759,0.26052188873291016,3.2720447
CL_9134001,8,10.866005,1.5130883,0.24973690509796143,3.2963624
CL_9134001,9,10.913039,1.5416213,0.24742919206619263,3.303489
CL_9134001,10,10.988738,1.558863,0.2443099021911621,3.3149266
CL_9135001,1,3.2008963,0.7755762,0.8213074803352356,1.7891048
CL_9135001,2,3.733321,0.9165536,0.7919860631227493,1.9321804
CL_9135001,3,4.6733317,1.0739453,0.739933967590332,2.161789
CL_9135001,4,5.625898,1.2116891,0.6871436536312103,2.3718975
CL_9135001,5,6.413061,1.3241477,0.643548458814621,2.5324023
CL_9135001,6,7.2074447,1.4230286,0.5990990698337555,2.6846685
CL_9135001,7,7.6495214,1.4448471,0.5742715895175934,2.7657769
CL_9135001,8,7.941184,1.5039042,0.557507336139679,2.8180106
CL_9135001,9,8.252403,1.5345483,0.5392338335514069,2.8726997
CL_9135001,10,8.405518,1.570235,0.5293939113616943,2.8992271
CL_9140001,1,1.8227649,0.5892011,0.8487903624773026,1.3500981
CL_9140001,2,1.9170349,0.72785884,0.8410399407148361,1.3845702
CL_9140001,3,2.658318,0.9208136,0.7796642929315567,1.6304349
CL_9140001,4,3.4550853,1.0782477,0.7136793732643127,1.858786
CL_9140001,5,4.189543,1.2180675,0.652763694524765,2.0468373
CL_9140001,6,4.7916527,1.3176552,0.6029500663280487,2.1889844
CL_9140001,7,5.375933,1.3565382,0.5546912252902985,2.318606
CL_9140001,8,5.7088504,1.4238331,0.5272123515605927,2.3893201
CL_9140001,9,6.167553,1.4994721,0.4892662763595581,2.483456
CL_9140001,10,6.6101265,1.5564233,0.45261716842651367,2.5710166
CL_9404001,1,6.257386,0.87467,0.667835921049118,2.5014768
CL_9404001,2,9.425817,1.2113596,0.5001426041126251,3.0701492
CL_9404001,3,10.795286,1.4044304,0.4287235140800476,3.285618
CL_9404001,4,11.335252,1.5068479,0.40222299098968506,3.3667865
CL_9404001,5,11.6223345,1.5786452,0.3887011408805847,3.4091544
CL_9404001,6,11.939655,1.6406661,0.3728092908859253,3.4553807
CL_9404001,7,12.210497,1.6795832,0.3589622974395752,3.494352
CL_9404001,8,12.359886,1.7276133,0.3515695333480835,3.515663
CL_9404001,9,12.581455,1.7930535,0.3401099443435669,3.5470347
CL_9404001,10,12.579364,1.8110843,0.3400230407714844,3.5467398
CL_9412001,1,4.133919,0.9756198,0.8346321433782578,2.033204
CL_9412001,2,7.9451222,1.3047596,0.6816318929195404,2.8187094
CL_9412001,3,10.553709,1.5356324,0.5766614079475403,3.2486472
CL_9412001,4,12.048731,1.7277181,0.5164515972137451,3.4711282
CL_9412001,5,13.533393,1.8801274,0.45684385299682617,3.678776
CL_9412001,6,14.624983,1.9886186,0.41315072774887085,3.8242624
CL_9412001,7,15.249258,2.0959954,0.38827723264694214,3.9050298
CL_9412001,8,15.507483,2.1863327,0.3781079649925232,3.9379542
CL_9412001,9,15.933482,2.2418928,0.36142033338546753,3.9916766
CL_9412001,10,16.411934,2.3073921,0.3426560163497925,4.0511646
CL_9414001,1,2.1485598,0.6626289,0.8955660685896873,1.4657966
CL_9414001,2,4.7776666,0.91521716,0.7669385224580765,2.1857874
CL_9414001,3,6.82678,1.0910223,0.6661805808544159,2.6128106
CL_9414001,4,8.383795,1.2318785,0.5893837511539459,2.8954782
CL_9414001,5,9.56197,1.3199999,0.5318078696727753,3.0922434
CL_9414001,6,10.483404,1.4030579,0.4871600866317749,3.2378085
CL_9414001,7,11.246512,1.4926996,0.4540051221847534,3.3535821
CL_9414001,8,11.908165,1.5548714,0.4297494888305664,3.450821
CL_9414001,9,12.271772,1.6039119,0.4162819981575012,3.503109
CL_9414001,10,12.687105,1.6391462,0.3991032838821411,3.5618963
CL_9416001,1,7.6018796,1.0289912,0.8164713680744171,2.7571507
CL_9416001,2,14.445674,1.4545546,0.6522007286548615,3.8007464
CL_9416001,3,18.782366,1.7347436,0.5487906336784363,4.333863
CL_9416001,4,21.293312,1.9296108,0.48916131258010864,4.6144676
CL_9416001,5,23.599623,2.0714748,0.434711217880249,4.8579445
CL_9416001,6,25.22426,2.1693704,0.3963378071784973,5.022376
CL_9416001,7,26.164597,2.2435982,0.3742663860321045,5.1151342
CL_9416001,8,26.647972,2.3096278,0.3628440499305725,5.1621675
CL_9416001,9,27.43336,2.3600125,0.3443201780319214,5.2376866
CL_9416001,10,27.819935,2.3856325,0.3354877233505249,5.274461
CL_9420001,1,1.6134268,0.64102143,0.8619030117988586,1.2702074
CL_9420001,2,1.1047546,0.6004177,0.9054077714681625,1.0510731
CL_9420001,3,0.9672328,0.59747666,0.9171543270349503,0.98348
CL_9420001,4,1.0810965,0.64246,0.9073699861764908,1.039758
CL_9420001,5,1.2856088,0.6898732,0.8898098170757294,1.1338469
CL_9420001,6,1.4783528,0.7360378,0.8732487857341766,1.2158753
CL_9420001,7,1.7272744,0.7924432,0.8518596738576889,1.3142581
CL_9420001,8,1.9968158,0.8496422,0.8286871463060379,1.4130874
CL_9420001,9,2.2487242,0.89675695,0.8070114105939865,1.4995747
CL_9420001,10,2.6089244,0.96425956,0.776017814874649,1.6152165
CL_9433001,1,1.1434865,0.46047512,0.8893687725067139,1.0693393
CL_9433001,2,1.4562387,0.61346173,0.8586262911558151,1.2067472
CL_9433001,3,2.1706562,0.7547168,0.7882686108350754,1.4733146
CL_9433001,4,2.9651802,0.885683,0.7098700106143951,1.7219698
CL_9433001,5,3.626957,0.9800614,0.642895370721817,1.9044571
CL_9433001,6,3.8865438,1.0013995,0.6138535737991333,1.9714319
CL_9433001,7,4.0893407,1.0132233,0.5904618799686432,2.0222118
CL_9433001,8,4.1723175,1.0465136,0.5800676345825195,2.0426252
CL_9433001,9,4.2498035,1.0641866,0.5704949498176575,2.061505
CL_9433001,10,4.3563485,1.0916271,0.5595312416553497,2.0871868
CL_9434001,1,1.656979,0.52248657,0.856218621134758,1.2872369
CL_9434001,2,1.6593183,0.5943726,0.8553217202425003,1.2881453
CL_9434001,3,1.9467334,0.6429439,0.8293532282114029,1.3952539
CL_9434001,4,2.190314,0.6970913,0.8074910640716553,1.4799709
CL_9434001,5,2.5827463,0.7281537,0.7726779133081436,1.6070925
CL_9434001,6,2.8825743,0.76542354,0.7460264265537262,1.6978146
CL_9434001,7,3.0540009,0.78659517,0.7306499481201172,1.74757
CL_9434001,8,3.0867798,0.80566216,0.727779895067215,1.7569234
CL_9434001,9,3.2168179,0.8294367,0.7158513367176056,1.793549
CL_9434001,10,3.2348263,0.8383146,0.7141099870204926,1.7985623
CL_9436001,1,1.2915417,0.47062644,0.8985097333788872,1.1364602
CL_9436001,2,1.5706351,0.6091352,0.8761351332068443,1.2532498
CL_9436001,3,2.41018,0.7783413,0.8093623667955399,1.5524755
CL_9436001,4,3.5121715,0.93440664,0.7215983867645264,1.8740789
CL_9436001,5,4.376537,1.0276136,0.6525051593780518,2.0920174
CL_9436001,6,5.1147738,1.0926328,0.5933624804019928,2.2615867
CL_9436001,7,5.6660247,1.1371666,0.5488362014293671,2.3803413
CL_9436001,8,6.0416713,1.1819634,0.5181317627429962,2.457981
CL_9436001,9,6.3693304,1.2314076,0.4912748336791992,2.5237532
CL_9436001,10,6.580682,1.2446297,0.4733778238296509,2.565284
CL_9437002,1,3.3890953,0.8545562,0.8308356553316116,1.8409495
CL_9437002,2,2.7995074,0.82831144,0.8601395785808563,1.6731728
CL_9437002,3,3.2744498,0.93953395,0.836266428232193,1.8095441
CL_9437002,4,4.1393504,1.0740342,0.7928367108106613,2.0345395
CL_9437002,5,5.045406,1.1762,0.7472706735134125,2.2461982
CL_9437002,6,5.738304,1.251344,0.7122984528541565,2.3954759
CL_9437002,7,6.4483833,1.3148974,0.6764642298221588,2.5393667
CL_9437002,8,6.9386196,1.3745123,0.6516642272472382,2.634126
CL_9437002,9,7.3614926,1.4219216,0.6303083002567291,2.713207
CL_9437002,10,7.9967194,1.4747804,0.5983323454856873,2.8278472
USA_01013500,1,0.1444587,0.22301751,0.95593236759305,0.3800772
USA_01013500,2,0.228061,0.26130238,0.9304542988538742,0.47755733
USA_01013500,3,0.39346042,0.32847688,0.8800603672862053,0.62726426
USA_01013500,4,0.51999813,0.3790196,0.8415439575910568,0.721109
USA_01013500,5,0.67658335,0.43172577,0.7939016222953796,0.82254684
USA_01013500,6,0.80641586,0.47453502,0.7544377595186234,0.8980066
USA_01013500,7,0.95554173,0.5192176,0.7091259062290192,0.97751814
USA_01013500,8,1.0657531,0.558273,0.6756978929042816,1.0323532
USA_01013500,9,1.2381861,0.6056347,0.6233711242675781,1.1127381
USA_01013500,10,1.3857005,0.63813156,0.5786571800708771,1.1771578
USA_01052500,1,4.704883,0.8131849,0.6296830475330353,2.1690743
USA_01052500,2,7.248806,1.0912646,0.4294498562812805,2.6923606
USA_01052500,3,8.638214,1.261875,0.3200894594192505,2.9390838
USA_01052500,4,9.136214,1.3207486,0.28128546476364136,3.022617
USA_01052500,5,9.71119,1.3571806,0.2368796467781067,3.1162782
USA_01052500,6,9.761273,1.3656361,0.23296618461608887,3.1243036
USA_01052500,7,10.241783,1.4124186,0.19525492191314697,3.2002785
USA_01052500,8,10.326543,1.4365208,0.18862700462341309,3.2134938
USA_01052500,9,10.405208,1.4628423,0.1823713779449463,3.2257104
USA_01052500,10,10.444956,1.4625499,0.17920106649398804,3.2318656
USA_04015330,1,12.764159,0.53274757,0.2697153091430664,3.5726964
USA_04015330,2,14.176634,0.6539204,0.18892639875411987,3.765187
USA_04015330,3,15.014324,0.73782325,0.14102184772491455,3.8748322
USA_04015330,4,15.508536,0.78191006,0.11276483535766602,3.938088
USA_04015330,5,15.985624,0.8368262,0.08547067642211914,3.9982026
USA_04015330,6,16.20473,0.8599421,0.07293623685836792,4.02551
USA_04015330,7,16.422342,0.8922485,0.06049168109893799,4.0524487
USA_04015330,8,16.435349,0.9043131,0.05975455045700073,4.0540533
USA_04015330,9,16.517242,0.92124516,0.05508166551589966,4.0641413
USA_04015330,10,16.62341,0.93068933,0.04902571439743042,4.0771813
USA_04024430,1,2.862309,0.34517786,0.47428303956985474,1.691836
USA_04024430,2,3.5187392,0.43913817,0.3537350296974182,1.8758303
USA_04024430,3,3.9111483,0.5117353,0.2816869020462036,1.9776623
USA_04024430,4,4.190854,0.5568619,0.23034214973449707,2.0471575
USA_04024430,5,4.345853,0.5925775,0.20190280675888062,2.084671
USA_04024430,6,4.4771013,0.61897504,0.17783349752426147,2.1159163
USA_04024430,7,4.6252975,0.6457922,0.15066814422607422,2.1506505
USA_04024430,8,4.7009463,0.6596453,0.13682204484939575,2.1681666
USA_04024430,9,4.7483544,0.66909623,0.12815618515014648,2.179072
USA_04024430,10,4.8137565,0.68030196,0.11617732048034668,2.1940274
USA_04027000,1,0.82296896,0.3038979,0.7799872010946274,0.9071764
USA_04027000,2,1.2830763,0.40159395,0.6569748222827911,1.1327295
USA_04027000,3,1.6579565,0.48641092,0.5567390024662018,1.2876166
USA_04027000,4,1.89155,0.5399898,0.4942627549171448,1.3753363
USA_04027000,5,2.088759,0.585186,0.4415076971054077,1.445254
USA_04027000,6,2.2432542,0.6101221,0.40015649795532227,1.4977497
USA_04027000,7,2.3111544,0.63262975,0.38194936513900757,1.5202482
USA_04027000,8,2.3370612,0.64787114,0.37496620416641235,1.5287449
USA_04027000,9,2.3933246,0.66339886,0.3598598837852478,1.5470374
USA_04027000,10,2.475578,0.6694185,0.33780014514923096,1.573397
USA_04040500,1,0.32893583,0.19640478,0.8697296231985092,0.5735293
USA_04040500,2,0.5032451,0.25731486,0.8006826490163803,0.70939773
USA_04040500,3,0.7117501,0.321248,0.7180795967578888,0.84365284
USA_04040500,4,0.8672369,0.3664305,0.6564657092094421,0.9312556
USA_04040500,5,1.0375487,0.40734026,0.5889687538146973,1.0186013
USA_04040500,6,1.1606971,0.43819985,0.5401473343372345,1.0773566
USA_04040500,7,1.2867116,0.47044617,0.4901808500289917,1.1343331
USA_04040500,8,1.3750939,0.49633908,0.4551162123680115,1.172644
USA_04040500,9,1.4596887,0.51861703,0.4215494394302368,1.2081758
USA_04040500,10,1.563094,0.53266895,0.38052862882614136,1.2502376
USA_04043050,1,2.082179,0.42196923,0.7525951415300369,1.4429758
USA_04043050,2,3.1115253,0.55196786,0.6302685439586639,1.7639517
USA_04043050,3,3.8620317,0.6566381,0.5410609543323517,1.9652053
USA_04043050,4,4.3649383,0.72086036,0.4812679886817932,2.0892434
USA_04043050,5,4.86466,0.78041345,0.4218515157699585,2.2055974
USA_04043050,6,5.1177816,0.81611836,0.39173781871795654,2.2622514
USA_04043050,7,5.386989,0.85100037,0.35970908403396606,2.320989
USA_04043050,8,5.6218,0.8693628,0.33176273107528687,2.3710334
USA_04043050,9,5.8515615,0.88972616,0.3044111132621765,2.4190001
USA_04043050,10,6.1800423,0.901128,0.2653210759162903,2.485969
USA_04057800,1,0.4273438,0.19113828,0.8216648101806641,0.6537154
USA_04057800,2,0.6156425,0.24975449,0.7430897653102875,0.78462887
USA_04057800,3,0.812664,0.30940777,0.6608759462833405,0.90147877
USA_04057800,4,0.9330937,0.34486505,0.6106223464012146,0.9659678
USA_04057800,5,1.0787178,0.38061553,0.5498622059822083,1.0386134
USA_04057800,6,1.1623633,0.40168905,0.5149693787097931,1.0781295
USA_04057800,7,1.2787509,0.43238926,0.4664163589477539,1.1308187
USA_04057800,8,1.3452275,0.44979557,0.43869537115097046,1.1598394
USA_04057800,9,1.4011909,0.4602069,0.41535019874572754,1.183719
USA_04057800,10,1.4736216,0.4720862,0.3851253390312195,1.2139282
USA_04059500,1,0.06514046,0.11808607,0.915141761302948,0.25522628
USA_04059500,2,0.11391484,0.15443334,0.8515909910202026,0.33751273
USA_04059500,3,0.16508402,0.19145481,0.7849073261022568,0.4063053
USA_04059500,4,0.20849136,0.21662915,0.7283252775669098,0.45660853
USA_04059500,5,0.25068855,0.24153689,0.6733108758926392,0.5006881
USA_04059500,6,0.28775933,0.26039344,0.6249693930149078,0.536432
USA_04059500,7,0.32686806,0.28126234,0.5739673376083374,0.57172376
USA_04059500,8,0.35920545,0.29780817,0.5317858159542084,0.5993375
USA_04059500,9,0.39355183,0.31221735,0.4869813919067383,0.6273371
USA_04059500,10,0.42595547,0.32089338,0.44470012187957764,0.6526526
USA_04063700,1,0.041293725,0.08996798,0.9087163805961609,0.20320858
USA_04063700,2,0.06742915,0.11857289,0.850931316614151,0.25967124
USA_04063700,3,0.09877016,0.15056854,0.7816296517848969,0.3142772
USA_04063700,4,0.12597992,0.17253064,0.7214497625827789,0.35493648
USA_04063700,5,0.15334864,0.193423,0.6609060764312744,0.39159754
USA_04063700,6,0.17660017,0.20866384,0.6094613075256348,0.42023823
USA_04063700,7,0.1988855,0.22519302,0.5601519346237183,0.4459658
USA_04063700,8,0.21555118,0.23716758,0.5233127176761627,0.4642749
USA_04063700,9,0.23368682,0.24757144,0.4835307002067566,0.48341164
USA_04063700,10,0.25256252,0.25585693,0.4423202872276306,0.50255597
USA_04074950,1,0.021823145,0.082208596,0.9120750650763512,0.1477266
USA_04074950,2,0.03918579,0.10853673,0.8422131836414337,0.197954
USA_04074950,3,0.056341864,0.13401628,0.7732633799314499,0.23736441
USA_04074950,4,0.072181664,0.1513203,0.7096467912197113,0.26866645
USA_04074950,5,0.08694815,0.1675794,0.650365799665451,0.29486972
USA_04074950,6,0.098259084,0.17881884,0.6049543917179108,0.31346306
USA_04074950,7,0.110550836,0.1919358,0.5555003583431244,0.33249184
USA_04074950,8,0.119939044,0.20204796,0.5176698565483093,0.34632218
USA_04074950,9,0.12907812,0.21176909,0.48112237453460693,0.35927445
USA_04074950,10,0.13798474,0.21987829,0.44614219665527344,0.37146297
USA_05056000,1,0.19115831,0.10643098,0.5766160488128662,0.43721655
USA_05056000,2,0.21858071,0.11795367,0.5158188045024872,0.46752617
USA_05056000,3,0.24220143,0.13197827,0.4634341597557068,0.49213964
USA_05056000,4,0.27263513,0.14563933,0.39594417810440063,0.52214473
USA_05056000,5,0.2864957,0.15585004,0.3651653528213501,0.5352529
USA_05056000,6,0.30696926,0.16293857,0.3197084069252014,0.55404806
USA_05056000,7,0.31947672,0.16907491,0.29188650846481323,0.56522274
USA_05056000,8,0.3363712,0.17620848,0.25432974100112915,0.5799752
USA_05056000,9,0.3512991,0.18468092,0.22112911939620972,0.5927049
USA_05056000,10,0.3641921,0.19054575,0.19242727756500244,0.6034833
USA_05057000,1,0.08123436,0.085416704,0.728195309638977,0.28501642
USA_05057000,2,0.09853079,0.09625764,0.6702446937561035,0.31389615
USA_05057000,3,0.11304575,0.10830898,0.6215745508670807,0.33622277
USA_05057000,4,0.13267352,0.12092478,0.5557624399662018,0.36424375
USA_05057000,5,0.14076352,0.13027607,0.528560072183609,0.37518466
USA_05057000,6,0.15580028,0.13855438,0.478074848651886,0.39471546
USA_05057000,7,0.16373292,0.14503697,0.4513617157936096,0.40463924
USA_05057000,8,0.1778871,0.15436162,0.4037821888923645,0.42176664
USA_05057000,9,0.19019149,0.16289811,0.3623795509338379,0.43610948
USA_05057000,10,0.20150582,0.1700273,0.32427293062210083,0.448894
USA_05057200,1,0.22165328,0.109959826,0.5651299059391022,0.47080067
USA_05057200,2,0.25716603,0.12363631,0.4954560399055481,0.5071154
USA_05057200,3,0.28513244,0.13281439,0.4405876398086548,0.5339779
USA_05057200,4,0.32152358,0.1446402,0.36918699741363525,0.5670305
USA_05057200,5,0.33548757,0.15012945,0.34178680181503296,0.5792129
USA_05057200,6,0.35315326,0.1567724,0.30712366104125977,0.594267
USA_05057200,7,0.366038,0.1615758,0.2818402647972107,0.60501075
USA_05057200,8,0.38076633,0.16550481,0.25293946266174316,0.6170627
USA_05057200,9,0.39265254,0.17001225,0.2296144962310791,0.62661994
USA_05057200,10,0.4009995,0.17203899,0.21322941780090332,0.6332452
USA_05120500,1,0.07321928,0.059470527,0.6137895882129669,0.2705906
USA_05120500,2,0.08276532,0.067782536,0.5634322762489319,0.28768963
USA_05120500,3,0.09071541,0.0737003,0.5214923024177551,0.30119
USA_05120500,4,0.101696506,0.080436915,0.46356314420700073,0.3188989
USA_05120500,5,0.10576219,0.08302648,0.44211721420288086,0.325211
USA_05120500,6,0.11264259,0.086481914,0.40582388639450073,0.3356227
USA_05120500,7,0.11693737,0.08869047,0.38316941261291504,0.34196106
USA_05120500,8,0.12281811,0.09151161,0.3521493077278137,0.35045415
USA_05120500,9,0.12907182,0.096136376,0.319161593914032,0.35926566
USA_05120500,10,0.13375117,0.09712685,0.29447877407073975,0.36572006
USA_05123400,1,0.02603094,0.045621112,0.8090361505746841,0.16134107
USA_05123400,2,0.032463297,0.053908464,0.7618481069803238,0.18017574
USA_05123400,3,0.037836522,0.059396368,0.7224299609661102,0.19451612
USA_05123400,4,0.046044845,0.06750906,0.6622134447097778,0.21458063
USA_05123400,5,0.04933306,0.07228869,0.6380909979343414,0.22211047
USA_05123400,6,0.054548096,0.07711668,0.5998333394527435,0.23355533
USA_05123400,7,0.05848205,0.08104186,0.5709736943244934,0.24183062
USA_05123400,8,0.06296464,0.08465267,0.5380892753601074,0.25092757
USA_05123400,9,0.06791655,0.0900221,0.5017618834972382,0.26060805
USA_05123400,10,0.071689226,0.09330926,0.47408539056777954,0.26774845
USA_05129115,1,0.026504027,0.07795128,0.9499980881810188,0.16280058
USA_05129115,2,0.043762658,0.08974474,0.9174556881189346,0.20919526
USA_05129115,3,0.06737005,0.10691765,0.8729541152715683,0.25955743
USA_05129115,4,0.0875526,0.11936644,0.8349275439977646,0.2958929
USA_05129115,5,0.108896755,0.13405262,0.79472316801548,0.3299951
USA_05129115,6,0.12269263,0.14422394,0.7687590271234512,0.35027507
USA_05129115,7,0.14120118,0.15549493,0.733922690153122,0.37576747
USA_05129115,8,0.15139389,0.16615485,0.7147688865661621,0.38909367
USA_05129115,9,0.16604216,0.17905095,0.6872293949127197,0.4074827
USA_05129115,10,0.18285611,0.19182567,0.6556198596954346,0.42761678
USA_05131500,1,0.27278158,0.15296783,0.788140282034874,0.522285
USA_05131500,2,0.38907048,0.1836447,0.6978214979171753,0.62375516
USA_05131500,3,0.5018841,0.21940532,0.6101993024349213,0.7084378
USA_05131500,4,0.59528434,0.24293691,0.5376534461975098,0.7715467
USA_05131500,5,0.67782897,0.26535398,0.473537802696228,0.8233037
USA_05131500,6,0.7334112,0.28079635,0.4303624629974365,0.8563943
USA_05131500,7,0.79404783,0.29648352,0.38326072692871094,0.8910936
USA_05131500,8,0.82753676,0.31122443,0.35724401473999023,0.9096905
USA_05131500,9,0.8632141,0.326611,0.32952696084976196,0.9290931
USA_05131500,10,0.8991618,0.3369107,0.3016026020050049,0.9482414
USA_05291000,1,0.44298258,0.13475837,0.46331095695495605,0.66556937
USA_05291000,2,0.5324746,0.15690443,0.3548985719680786,0.72970855
USA_05291000,3,0.5874657,0.17244959,0.2882872223854065,0.7664631
USA_05291000,4,0.6369081,0.18620391,0.22840005159378052,0.79806525
USA_05291000,5,0.6664869,0.19636106,0.19258177280426025,0.8163865
USA_05291000,6,0.693193,0.2065316,0.16024494171142578,0.8325821
USA_05291000,7,0.7151925,0.21430315,0.13361090421676636,0.84569055
USA_05291000,8,0.7253991,0.21677057,0.12126374244689941,0.85170364
USA_05291000,9,0.731009,0.2198752,0.11448520421981812,0.85499066
USA_05291000,10,0.74351436,0.22244462,0.09935420751571655,0.8622728
USA_05362000,1,1.027159,0.34460378,0.7214261889457703,1.0134885
USA_05362000,2,1.5153656,0.4520853,0.5889711081981659,1.2310019
USA_05362000,3,1.8951516,0.54242337,0.4858977794647217,1.3766451
USA_05362000,4,2.1690273,0.60603243,0.41153907775878906,1.4727618
USA_05362000,5,2.3870592,0.6533851,0.3523164391517639,1.545011
USA_05362000,6,2.5418677,0.6824983,0.31023967266082764,1.5943236
USA_05362000,7,2.6757398,0.70699763,0.2738521695137024,1.6357689
USA_05362000,8,2.7514207,0.7224555,0.25324463844299316,1.6587408
USA_05362000,9,2.8184226,0.7373769,0.23499786853790283,1.6788158
USA_05362000,10,2.9124713,0.7449895,0.20941364765167236,1.7065964
USA_05393500,1,1.6840446,0.40214235,0.6897892355918884,1.2977074
USA_05393500,2,2.3807838,0.5247106,0.5614004731178284,1.5429789
USA_05393500,3,2.8912225,0.62535304,0.46731317043304443,1.7003595
USA_05393500,4,3.2474096,0.6813947,0.4016370177268982,1.802057
USA_05393500,5,3.561256,0.73019516,0.3437543511390686,1.8871291
USA_05393500,6,3.7573624,0.76040655,0.30755698680877686,1.9383917
USA_05393500,7,3.9372683,0.7948767,0.2743412256240845,1.9842551
USA_05393500,8,4.014863,0.81396043,0.25998425483703613,2.0037124
USA_05393500,9,4.1375046,0.8322831,0.2373206615447998,2.0340858
USA_05393500,10,4.277314,0.84599465,0.21147698163986206,2.068167
USA_06037500,1,0.011190521,0.049451426,0.9426201544702053,0.10578526
USA_06037500,2,0.019343968,0.06858497,0.9008058235049248,0.1390826
USA_06037500,3,0.027103564,0.0813329,0.8610012084245682,0.1646316
USA_06037500,4,0.033591777,0.09082033,0.8277214765548706,0.1832806
USA_06037500,5,0.040652126,0.098211505,0.7914983481168747,0.20162372
USA_06037500,6,0.044839993,0.104347385,0.7699985206127167,0.21175456
USA_06037500,7,0.04903304,0.110996395,0.748481810092926,0.22143406
USA_06037500,8,0.051329684,0.11637873,0.7366959750652313,0.22656055
USA_06037500,9,0.055145726,0.121989265,0.7171057462692261,0.23483127
USA_06037500,10,0.057964344,0.12553757,0.7026376724243164,0.24075785
USA_06043500,1,0.06762201,0.10688944,0.9537439830601215,0.26004234
USA_06043500,2,0.091755,0.13078701,0.9372295886278152,0.3029109
USA_06043500,3,0.120754965,0.1485962,0.9173828661441803,0.34749815
USA_06043500,4,0.13589399,0.16300578,0.9070162773132324,0.368638
USA_06043500,5,0.16186795,0.17783527,0.8892341703176498,0.40232816
USA_06043500,6,0.1757867,0.18633062,0.8796999230980873,0.41926926
USA_06043500,7,0.18553531,0.19128236,0.873018816113472,0.4307381
USA_06043500,8,0.1968081,0.1991643,0.8652950674295425,0.44363058
USA_06043500,9,0.21036991,0.20535508,0.8559973388910294,0.458661
USA_06043500,10,0.21775621,0.2055198,0.8509258329868317,0.46664357
USA_06154410,1,0.52953196,0.11846505,0.3375006914138794,0.72768945
USA_06154410,2,0.57826215,0.1297039,0.2765197157859802,0.7604355
USA_06154410,3,0.609719,0.13547717,0.2371479868888855,0.78084505
USA_06154410,4,0.6459166,0.14471088,0.1918432116508484,0.80368936
USA_06154410,5,0.6668824,0.14848663,0.16559463739395142,0.8166287
USA_06154410,6,0.6828364,0.15378666,0.14561593532562256,0.8263392
USA_06154410,7,0.69313,0.15797065,0.13271892070770264,0.8325443
USA_06154410,8,0.702166,0.1622446,0.12139499187469482,0.83795345
USA_06154410,9,0.7107245,0.1670933,0.1106683611869812,0.84304476
USA_06154410,10,0.71583337,0.17010735,0.10425281524658203,0.84606934
USA_06188000,1,0.82152647,0.28167352,0.8866551965475082,0.90638095
USA_06188000,2,1.1589845,0.37245348,0.8400867730379105,1.0765615
USA_06188000,3,1.5940578,0.44220132,0.7800438553094864,1.26256
USA_06188000,4,1.6831757,0.49124458,0.7677360028028488,1.2973726
USA_06188000,5,1.9893111,0.53697,0.7254801094532013,1.4104294
USA_06188000,6,1.9231023,0.5492898,0.7346051335334778,1.3867596
USA_06188000,7,2.0531206,0.5753433,0.7166484594345093,1.4328715
USA_06188000,8,2.0189123,0.58344185,0.721352607011795,1.4208844
USA_06188000,9,2.062587,0.59465855,0.715307891368866,1.4361709
USA_06188000,10,2.079723,0.60174775,0.7129241824150085,1.4421245
USA_06191500,1,0.12785201,0.14693521,0.9504238590598106,0.357564
USA_06191500,2,0.16207512,0.17684318,0.9371465742588043,0.40258554
USA_06191500,3,0.21461491,0.19520202,0.9167621657252312,0.46326548
USA_06191500,4,0.23832025,0.21875875,0.9075589776039124,0.48818055
USA_06191500,5,0.2773396,0.23043405,0.8924146592617035,0.5266304
USA_06191500,6,0.28620347,0.23487948,0.8889663144946098,0.5349799
USA_06191500,7,0.31457457,0.24103636,0.8779469504952431,0.56086946
USA_06191500,8,0.3134336,0.24358475,0.8783750310540199,0.5598514
USA_06191500,9,0.33693844,0.25815338,0.8692388981580734,0.580464
USA_06191500,10,0.35033506,0.2591264,0.8640249520540237,0.5918911
USA_06221400,1,0.31991148,0.26633456,0.9280417338013649,0.5656072
USA_06221400,2,0.4660442,0.3288127,0.8951562568545341,0.6826743
USA_06221400,3,0.55914754,0.36316392,0.8741936236619949,0.74776167
USA_06221400,4,0.66542625,0.39753923,0.8502616882324219,0.81573665
USA_06221400,5,0.729257,0.4215507,0.8358760327100754,0.85396546
USA_06221400,6,0.7541703,0.4283746,0.8302487730979919,0.8684298
USA_06221400,7,0.84993505,0.4496153,0.8086720556020737,0.9219192
USA_06221400,8,0.7946344,0.44917735,0.8210994154214859,0.8914227
USA_06221400,9,0.79492766,0.4534733,0.8210147768259048,0.89158714
USA_06221400,10,0.8017959,0.4573569,0.8194495290517807,0.89543056
USA_06224000,1,0.6878169,0.2775471,0.8580195307731628,0.8293473
USA_06224000,2,0.8327302,0.3322224,0.8280963599681854,0.9125405
USA_06224000,3,1.0424261,0.3746093,0.7847973853349686,1.0209928
USA_06224000,4,1.0886275,0.3944596,0.7752340286970139,1.0433731
USA_06224000,5,1.293096,0.4238185,0.7329774796962738,1.1371437
USA_06224000,6,1.2704545,0.43695435,0.7376081943511963,1.1271445
USA_06224000,7,1.3972781,0.45477796,0.7113661766052246,1.1820651
USA_06224000,8,1.3169527,0.45048594,0.7279094159603119,1.1475856
USA_06224000,9,1.3177428,0.45434886,0.7276990711688995,1.1479298
USA_06224000,10,1.3222173,0.4518504,0.726728081703186,1.1498771
USA_06278300,1,2.0034313,0.41606784,0.8448955863714218,1.4154263
USA_06278300,2,2.9432704,0.52605915,0.7721282839775085,1.7155962
USA_06278300,3,3.7297938,0.6074933,0.7112276554107666,1.9312674
USA_06278300,4,4.0790234,0.6546024,0.68418088555336,2.0196593
USA_06278300,5,4.585551,0.69633824,0.6449546813964844,2.1413898
USA_06278300,6,4.787582,0.70063573,0.6293042898178101,2.1880543
USA_06278300,7,5.0873227,0.7326994,0.6060871779918671,2.2555094
USA_06278300,8,5.4429674,0.783496,0.5785402953624725,2.3330169
USA_06278300,9,5.617417,0.787589,0.5650189816951752,2.370109
USA_06278300,10,5.7924323,0.7974094,0.5514555275440216,2.4067473
USA_06280300,1,0.8311077,0.3193561,0.8582965284585953,0.9116511
USA_06280300,2,0.9021321,0.36377302,0.8461790084838867,0.94980633
USA_06280300,3,1.0349232,0.4122423,0.8235315531492233,1.0173117
USA_06280300,4,0.96688956,0.42046398,0.835129052400589,0.98330545
USA_06280300,5,1.1221535,0.4479318,0.808649405837059,1.0593175
USA_06280300,6,1.0892187,0.44915545,0.8142615854740143,1.0436565
USA_06280300,7,1.0888295,0.4546215,0.8143283873796463,1.0434699
USA_06280300,8,1.059523,0.44935757,0.8193281292915344,1.0293313
USA_06280300,9,1.0547926,0.44507104,0.8201378881931305,1.027031
USA_06280300,10,1.0855087,0.45329234,0.8149002343416214,1.0418775
USA_06289000,1,0.10261451,0.11493028,0.9288547784090042,0.320335
USA_06289000,2,0.14090279,0.13939947,0.9023039788007736,0.3753702
USA_06289000,3,0.16732712,0.14694856,0.8839778527617455,0.40905637
USA_06289000,4,0.21042821,0.16587818,0.8540869206190109,0.45872456
USA_06289000,5,0.22553618,0.17497344,0.8436058461666107,0.4749065
USA_06289000,6,0.26848352,0.18828642,0.8138187080621719,0.51815397
USA_06289000,7,0.29454058,0.19590645,0.7957434207201004,0.5427159
USA_06289000,8,0.32743335,0.20766214,0.7729256004095078,0.57221794
USA_06289000,9,0.36592355,0.21726796,0.7462253272533417,0.60491616
USA_06289000,10,0.38596877,0.22062604,0.7323158085346222,0.62126386
USA_06291500,1,0.052722882,0.08943099,0.9316159337759018,0.22961465
USA_06291500,2,0.09395068,0.114576176,0.8781318366527557,0.30651376
USA_06291500,3,0.1205548,0.13310453,0.8436105251312256,0.34721002
USA_06291500,4,0.15460157,0.15082961,0.7994283586740494,0.39319408
USA_06291500,5,0.18303762,0.1656447,0.7625201493501663,0.42782897
USA_06291500,6,0.21208861,0.18123588,0.7248087823390961,0.4605308
USA_06291500,7,0.23712644,0.18913482,0.6923010945320129,0.4869563
USA_06291500,8,0.2591702,0.19946854,0.6636728644371033,0.5090876
USA_06291500,9,0.28492254,0.20955949,0.630227655172348,0.53378135
USA_06291500,10,0.3060177,0.21690226,0.6028187274932861,0.5531887
USA_06311000,1,0.30554894,0.1721126,0.8646186292171478,0.55276483
USA_06311000,2,0.4363411,0.21229783,0.8066596537828445,0.6605612
USA_06311000,3,0.5363296,0.23230353,0.7623453140258789,0.7323453
USA_06311000,4,0.6408042,0.2539478,0.7160385847091675,0.8005025
USA_06311000,5,0.70526695,0.27507582,0.6874607801437378,0.8398017
USA_06311000,6,0.7873554,0.29227227,0.6510704457759857,0.88733053
USA_06311000,7,0.855798,0.30634746,0.6207283139228821,0.92509353
USA_06311000,8,0.9074166,0.3178091,0.597833126783371,0.95258415
USA_06311000,9,0.9563546,0.3205366,0.5761270821094513,0.9779338
USA_06311000,10,1.0014012,0.32890213,0.556143045425415,1.0007004
USA_06404000,1,0.10469382,0.05924267,0.5488135814666748,0.32356426
USA_06404000,2,0.122688346,0.06816414,0.4712517261505127,0.35026896
USA_06404000,3,0.13269576,0.07276314,0.42810577154159546,0.3642743
USA_06404000,4,0.14379472,0.07918036,0.3802525997161865,0.37920272
USA_06404000,5,0.14906104,0.08435755,0.35754144191741943,0.38608423
USA_06404000,6,0.15724078,0.08913695,0.3222770094871521,0.39653596
USA_06404000,7,0.16198425,0.09241672,0.30182069540023804,0.40247267
USA_06404000,8,0.16721998,0.09573961,0.2792372703552246,0.40892538
USA_06404000,9,0.17404065,0.099913664,0.24984949827194214,0.4171818
USA_06404000,10,0.17983443,0.10226373,0.22887486219406128,0.4240689
USA_06406000,1,0.02275013,0.028620413,0.538414478302002,0.15083146
USA_06406000,2,0.026816783,0.033944685,0.45588380098342896,0.16375831
USA_06406000,3,0.028866617,0.035474584,0.4142675995826721,0.16990179
USA_06406000,4,0.030841088,0.03830713,0.3741772174835205,0.17561631
USA_06406000,5,0.031899434,0.041084155,0.35267651081085205,0.17860413
USA_06406000,6,0.03341171,0.042245314,0.32196229696273804,0.1827887
USA_06406000,7,0.03446224,0.04311012,0.3006138205528259,0.18564008
USA_06406000,8,0.035290513,0.04430829,0.28377431631088257,0.18785769
USA_06406000,9,0.036691617,0.048069242,0.25530850887298584,0.19155057
USA_06406000,10,0.037775002,0.047589228,0.23350369930267334,0.19435792
USA_06408700,1,0.005042134,0.057408758,0.6481062471866608,0.07100798
USA_06408700,2,0.0066198637,0.06629793,0.5372328460216522,0.081362545
USA_06408700,3,0.0071548754,0.06867118,0.49890023469924927,0.08458649
USA_06408700,4,0.00889855,0.076829635,0.3756226897239685,0.09433212
USA_06408700,5,0.008965318,0.077919744,0.3697775602340698,0.09468536
USA_06408700,6,0.01120701,0.08677588,0.210760235786438,0.10586316
USA_06408700,7,0.011096712,0.08690082,0.2171260118484497,0.105340935
USA_06408700,8,0.012545312,0.09319117,0.11333543062210083,0.11200586
USA_06408700,9,0.014423551,0.10000315,-0.021250486373901367,0.12009809
USA_06408700,10,0.015523726,0.1046133,-0.1011343002319336,0.12459425
USA_06409000,1,0.0020299933,0.02248818,0.8010817468166351,0.04505545
USA_06409000,2,0.0027190999,0.027113289,0.7333421111106873,0.05214499
USA_06409000,3,0.0030752213,0.027849697,0.6981748044490814,0.05545468
USA_06409000,4,0.0033149258,0.029151492,0.6743858158588409,0.057575393
USA_06409000,5,0.0033810087,0.029932676,0.667626142501831,0.058146443
USA_06409000,6,0.003579465,0.03129631,0.6478381454944611,0.05982863
USA_06409000,7,0.003696461,0.031722557,0.6360325217247009,0.06079853
USA_06409000,8,0.0037008703,0.03237199,0.6353089511394501,0.06083478
USA_06409000,9,0.0041951598,0.03424131,0.5862641632556915,0.06477005
USA_06409000,10,0.0042774105,0.034664247,0.5778162479400635,0.06540191
USA_06431500,1,0.050803486,0.06632095,0.557431697845459,0.22539629
USA_06431500,2,0.0605215,0.07725636,0.4727545976638794,0.24601117
USA_06431500,3,0.06694626,0.0817412,0.41676199436187744,0.25873977
USA_06431500,4,0.07262629,0.08733882,0.36725884675979614,0.26949266
USA_06431500,5,0.07504102,0.09051562,0.3462018370628357,0.27393615
USA_06431500,6,0.078610286,0.09862773,0.3150833249092102,0.28037527
USA_06431500,7,0.078108646,0.09837446,0.31942737102508545,0.27947924
USA_06431500,8,0.07935312,0.10284405,0.3085569739341736,0.28169686
USA_06431500,9,0.08179518,0.10946092,0.2872668504714966,0.28599855
USA_06431500,10,0.08372092,0.1134882,0.2704606056213379,0.28934568
USA_06468170,1,0.69058615,0.16264455,0.5276571810245514,0.8310151
USA_06468170,2,0.77979296,0.18002649,0.46664363145828247,0.88305885
USA_06468170,3,0.84919494,0.19070706,0.4191763401031494,0.9215177
USA_06468170,4,0.9394273,0.2062306,0.3574621081352234,0.9692406
USA_06468170,5,0.97646946,0.21368653,0.33212846517562866,0.98816466
USA_06468170,6,1.0377517,0.22237049,0.2902156710624695,1.018701
USA_06468170,7,1.0725421,0.22760195,0.26642245054244995,1.0356361
USA_06468170,8,1.1189247,0.23402242,0.23470085859298706,1.0577924
USA_06468170,9,1.1609776,0.2427097,0.20594078302383423,1.0774868
USA_06468170,10,1.1968633,0.24645706,0.18139886856079102,1.0940125
USA_06468250,1,0.55035764,0.14285043,0.5915781855583191,0.7418609
USA_06468250,2,0.63761395,0.16123734,0.5268250405788422,0.79850733
USA_06468250,3,0.7061281,0.17144263,0.4759805202484131,0.84031427
USA_06468250,4,0.79669136,0.18884471,0.4087733030319214,0.8925757
USA_06468250,5,0.83546835,0.1959643,0.3799968361854553,0.91403955
USA_06468250,6,0.89781046,0.20553672,0.333732545375824,0.9475286
USA_06468250,7,0.93346816,0.21230279,0.30727094411849976,0.96616155
USA_06468250,8,0.98263705,0.21950686,0.2707825303077698,0.9912805
USA_06468250,9,1.0252664,0.22801413,0.23914718627929688,1.0125544
USA_06468250,10,1.0637857,0.23306537,0.21056193113327026,1.0313998
USA_06479215,1,0.16178241,0.08949895,0.6641376316547394,0.40222186
USA_06479215,2,0.20287243,0.10651908,0.5788429975509644,0.4504136
USA_06479215,3,0.23864445,0.12188966,0.5045935809612274,0.4885125
USA_06479215,4,0.27774367,0.13817766,0.4234495759010315,0.5270139
USA_06479215,5,0.29630148,0.14739667,0.3849523663520813,0.54433584
USA_06479215,6,0.32220712,0.15779057,0.33121025562286377,0.5676329
USA_06479215,7,0.33883896,0.16578749,0.29672276973724365,0.5820988
USA_06479215,8,0.35459167,0.17127742,0.26406317949295044,0.595476
USA_06479215,9,0.36757404,0.17642143,0.23715895414352417,0.60627884
USA_06479215,10,0.3853615,0.18062982,0.20028573274612427,0.6207749
USA_06479438,1,0.20679963,0.11244988,0.6548252105712891,0.45475227
USA_06479438,2,0.26801002,0.13469699,0.5526916086673737,0.51769686
USA_06479438,3,0.31422597,0.1531865,0.4755975604057312,0.5605586
USA_06479438,4,0.3561424,0.1699067,0.40568941831588745,0.59677666
USA_06479438,5,0.37518016,0.17985189,0.37396711111068726,0.6125195
USA_06479438,6,0.40062997,0.19078168,0.3315502405166626,0.63295335
USA_06479438,7,0.41745216,0.19784816,0.3035363554954529,0.64610535
USA_06479438,8,0.43269897,0.20416497,0.2781551480293274,0.6577986
USA_06479438,9,0.44570932,0.20937447,0.2565070390701294,0.66761464
USA_06479438,10,0.46336716,0.21390134,0.22711050510406494,0.6807108
USA_06614800,1,2.2086256,0.42128965,0.8812283277511597,1.4861445
USA_06614800,2,2.4411101,0.4764268,0.8687241971492767,1.5624052
USA_06614800,3,3.0682461,0.5432334,0.8349963873624802,1.751641
USA_06614800,4,3.28966,0.5789695,0.8230869770050049,1.8137419
USA_06614800,5,3.8395457,0.62536,0.7935125380754471,1.9594759
USA_06614800,6,4.2865963,0.67233235,0.7694681882858276,2.0704098
USA_06614800,7,4.7904716,0.7141933,0.7423672378063202,2.1887145
USA_06614800,8,5.4084263,0.75374573,0.7091304361820221,2.3256023
USA_06614800,9,5.855851,0.794382,0.6850643157958984,2.4198866
USA_06614800,10,6.2097554,0.8224124,0.6660273373126984,2.491938
USA_06622700,1,1.0534238,0.3508023,0.9343849495053291,1.0263643
USA_06622700,2,1.2271934,0.4027995,0.9235617816448212,1.1077876
USA_06622700,3,1.4963504,0.45082355,0.9067955538630486,1.223254
USA_06622700,4,1.9546632,0.50430405,0.8782490938901901,1.3980926
USA_06622700,5,2.1561494,0.54436934,0.8657005429267883,1.4683833
USA_06622700,6,2.667739,0.597933,0.8338381350040436,1.6333214
USA_06622700,7,3.0039546,0.62820786,0.8128997683525085,1.7331921
USA_06622700,8,3.3304617,0.6616631,0.7925649136304855,1.8249552
USA_06622700,9,4.0212865,0.7073675,0.7495286166667938,2.0053146
USA_06622700,10,4.3687224,0.7211734,0.7278814911842346,2.090149
USA_06623800,1,1.0757641,0.32412434,0.9214342087507248,1.0371904
USA_06623800,2,0.87803775,0.3361086,0.935874454677105,0.9370367
USA_06623800,3,0.9539122,0.3518039,0.9303315430879593,0.9766843
USA_06623800,4,0.94190663,0.3684421,0.931208148598671,0.97051877
USA_06623800,5,1.108026,0.41314384,0.919076107442379,1.0526282
USA_06623800,6,1.2651675,0.44373155,0.9075993970036507,1.1247966
USA_06623800,7,1.4227977,0.47837555,0.8960868716239929,1.1928108
USA_06623800,8,1.6027846,0.5051248,0.8829407021403313,1.2660114
USA_06623800,9,1.785542,0.5267012,0.8695889860391617,1.3362417
USA_06623800,10,1.9805058,0.5430937,0.855345830321312,1.4073044
USA_06632400,1,0.727734,0.27921137,0.9398344717919827,0.8530733
USA_06632400,2,0.9431965,0.32195935,0.9220194295048714,0.971183
USA_06632400,3,1.2021784,0.3578383,0.9006051793694496,1.096439
USA_06632400,4,1.5520558,0.39269727,0.8716759979724884,1.2458153
USA_06632400,5,1.7459632,0.42750588,0.8556424230337143,1.321349
USA_06632400,6,2.2090535,0.48181534,0.8173529207706451,1.4862885
USA_06632400,7,2.4739535,0.5038351,0.7954493016004562,1.5728806
USA_06632400,8,2.7699866,0.53946257,0.770970955491066,1.6643276
USA_06632400,9,3.1434546,0.56933826,0.7400809228420258,1.772979
USA_06632400,10,3.4639895,0.5824787,0.7135679423809052,1.8611796
USA_06746095,1,5.4007463,0.69326746,0.8446799963712692,2.3239505
USA_06746095,2,4.8407784,0.7396115,0.8607712686061859,2.200177
USA_06746095,3,6.1175337,0.829452,0.8240343034267426,2.4733648
USA_06746095,4,6.568228,0.90467024,0.81105537712574,2.5628555
USA_06746095,5,7.870107,0.9707384,0.7735850214958191,2.805371
USA_06746095,6,7.4312506,0.97795033,0.7861916422843933,2.726032
USA_06746095,7,8.412976,1.0308087,0.75792396068573,2.9005132
USA_06746095,8,9.141717,1.0612605,0.7369312345981598,3.0235271
USA_06746095,9,9.338069,1.090336,0.7312564253807068,3.0558255
USA_06746095,10,9.865309,1.1171743,0.7160569131374359,3.140909
USA_06879650,1,0.7461665,0.12376098,0.19804471731185913,0.8638093
USA_06879650,2,0.7888282,0.13212462,0.15219497680664062,0.88816
USA_06879650,3,0.80895764,0.14838399,0.13056224584579468,0.89942074
USA_06879650,4,0.8247838,0.16101441,0.11355429887771606,0.90817606
USA_06879650,5,0.8379743,0.1650469,0.09937906265258789,0.9154094
USA_06879650,6,0.84629434,0.17497493,0.09044241905212402,0.91994256
USA_06879650,7,0.8588098,0.18014547,0.07700037956237793,0.9267199
USA_06879650,8,0.86907953,0.19252905,0.06597232818603516,0.93224436
USA_06879650,9,0.87919295,0.2043948,0.05511659383773804,0.9376529
USA_06879650,10,0.8873783,0.20150533,0.0463336706161499,0.9420076
USA_07083000,1,0.18259671,0.16954389,0.9465094320476055,0.42731336
USA_07083000,2,0.27135488,0.20639816,0.9205025881528854,0.52091736
USA_07083000,3,0.42481264,0.24221598,0.8755353465676308,0.65177655
USA_07083000,4,0.50217617,0.26568216,0.852858379483223,0.7086439
USA_07083000,5,0.59309614,0.29254943,0.8262057900428772,0.77012736
USA_07083000,6,0.63488,0.31232828,0.8139499127864838,0.7967936
USA_07083000,7,0.6432034,0.3220736,0.8114981055259705,0.8019996
USA_07083000,8,0.70971686,0.34338766,0.7919926196336746,0.8424469
USA_07083000,9,0.7219777,0.3548884,0.7883863747119904,0.8496927
USA_07083000,10,0.74879223,0.36571038,0.7805153429508209,0.86532784
USA_07208500,1,0.01607196,0.035425995,0.7650286555290222,0.12677523
USA_07208500,2,0.01991511,0.036776666,0.7088510394096375,0.14112091
USA_07208500,3,0.023003582,0.040321007,0.6637054681777954,0.15166932
USA_07208500,4,0.024771893,0.043817766,0.6378609538078308,0.15739089
USA_07208500,5,0.026773138,0.04584483,0.6086168885231018,0.16362499
USA_07208500,6,0.02907151,0.050116792,0.5750341415405273,0.17050369
USA_07208500,7,0.030230092,0.050653927,0.5581116378307343,0.17386803
USA_07208500,8,0.031808972,0.053397592,0.5350466072559357,0.1783507
USA_07208500,9,0.032710295,0.053854693,0.5218866169452667,0.18085988
USA_07208500,10,0.033502415,0.055618294,0.5103194415569305,0.18303666
USA_07226500,1,0.0046035773,0.011033892,0.10097718238830566,0.067849666
USA_07226500,2,0.004986759,0.011129465,0.026194512844085693,0.07061699
USA_07226500,3,0.0050987415,0.011981645,0.004326581954956055,0.07140547
USA_07226500,4,0.005109548,0.012134441,0.002216160297393799,0.0714811
USA_07226500,5,0.005115481,0.011846173,0.0010576844215393066,0.07152259
USA_07226500,6,0.0050994223,0.0124141155,0.004193782806396484,0.07141024
USA_07226500,7,0.0050987653,0.012359937,0.0043221116065979,0.07140564
USA_07226500,8,0.005115326,0.012288445,0.001087963581085205,0.071521506
USA_07226500,9,0.0050517567,0.01187852,0.012369096279144287,0.07107571
USA_07226500,10,0.0050547374,0.011951689,0.011775374412536621,0.07109667
USA_08267500,1,0.026180636,0.102870464,0.949581615626812,0.16180432
USA_08267500,2,0.029069746,0.1029657,0.9440141022205353,0.17049852
USA_08267500,3,0.035001058,0.108161986,0.932588241994381,0.1870857
USA_08267500,4,0.035009615,0.102469504,0.9325705096125603,0.18710856
USA_08267500,5,0.04155807,0.110234395,0.9199548587203026,0.20385796
USA_08267500,6,0.054400153,0.12431546,0.8952175304293633,0.2332384
USA_08267500,7,0.0567911,0.12074386,0.890609972178936,0.23830883
USA_08267500,8,0.06673366,0.1316252,0.8714561313390732,0.2583286
USA_08267500,9,0.07654384,0.13474156,0.8525565266609192,0.27666557
USA_08267500,10,0.08106135,0.13641918,0.8438513875007629,0.28471276
USA_08269000,1,0.008560917,0.058465492,0.9411730282008648,0.09252523
USA_08269000,2,0.009452137,0.05708389,0.9350517839193344,0.097222105
USA_08269000,3,0.013333383,0.061890714,0.9083836674690247,0.11547027
USA_08269000,4,0.014341545,0.06221904,0.9014619588851929,0.11975619
USA_08269000,5,0.017611174,0.066264816,0.8790059387683868,0.1327071
USA_08269000,6,0.01809906,0.07284034,0.8756627440452576,0.13453275
USA_08269000,7,0.017979978,0.07124777,0.8764895275235176,0.13408944
USA_08269000,8,0.017890751,0.073229626,0.8771110773086548,0.13375631
USA_08269000,9,0.018292097,0.0720335,0.8743618875741959,0.13524827
USA_08269000,10,0.019071152,0.07216912,0.8690175712108612,0.13809834
USA_08271000,1,0.046012785,0.13667735,0.9437234215438366,0.21450591
USA_08271000,2,0.06114052,0.14090031,0.9252271503210068,0.24726608
USA_08271000,3,0.084155105,0.15351461,0.8970831707119942,0.290095
USA_08271000,4,0.096409105,0.1515382,0.8820984065532684,0.31049815
USA_08271000,5,0.111289866,0.15961277,0.8639029711484909,0.33360136
USA_08271000,6,0.13310336,0.17508152,0.8372381776571274,0.36483333
USA_08271000,7,0.14388093,0.17599203,0.8240774720907211,0.3793164
USA_08271000,8,0.15223378,0.18499206,0.8138861805200577,0.39017147
USA_08271000,9,0.17032962,0.19050545,0.7917878329753876,0.4127101
USA_08271000,10,0.18145646,0.19418211,0.7782121300697327,0.42597708
USA_08324000,1,0.0030688338,0.025705831,0.7838913649320602,0.055397056
USA_08324000,2,0.0044194884,0.025967576,0.6887776553630829,0.066479236
USA_08324000,3,0.0053778896,0.027643993,0.6212866306304932,0.0733341
USA_08324000,4,0.0061477437,0.028964845,0.5670731961727142,0.07840755
USA_08324000,5,0.006853172,0.029711055,0.5174068212509155,0.082783885
USA_08324000,6,0.007601878,0.03267857,0.46468377113342285,0.08718875
USA_08324000,7,0.008386643,0.03251187,0.40940892696380615,0.09157862
USA_08324000,8,0.008691414,0.033019282,0.3879467248916626,0.09322775
USA_08324000,9,0.009024398,0.033027694,0.3644978404045105,0.09499683
USA_08324000,10,0.009523017,0.034220982,0.32937055826187134,0.09758595
USA_08377900,1,0.074665256,0.088068,0.8120915442705154,0.27324945
USA_08377900,2,0.106985494,0.09775293,0.7307414710521698,0.32708636
USA_08377900,3,0.12407073,0.1042386,0.6877361834049225,0.35223675
USA_08377900,4,0.14975786,0.117817916,0.6230838894844055,0.3869856
USA_08377900,5,0.16349578,0.1250936,0.5884962379932404,0.4043461
USA_08377900,6,0.1721621,0.13182274,0.5666642189025879,0.4149242
USA_08377900,7,0.18229708,0.13815019,0.5411295294761658,0.4269626
USA_08377900,8,0.1866442,0.14543165,0.5301805734634399,0.43202338
USA_08377900,9,0.18834575,0.14891048,0.5258868038654327,0.43398818
USA_08377900,10,0.19311231,0.15332574,0.5138694643974304,0.43944547
USA_08378500,1,0.03397438,0.068857595,0.8149822056293488,0.1843214
USA_08378500,2,0.045969427,0.07456619,0.7496528923511505,0.21440482
USA_08378500,3,0.05149627,0.07799119,0.7195461690425873,0.22692789
USA_08378500,4,0.060840312,0.0859289,0.6686487793922424,0.2466583
USA_08378500,5,0.06534084,0.08993039,0.6441189348697662,0.25561854
USA_08378500,6,0.06818312,0.09437616,0.6286225318908691,0.26111898
USA_08378500,7,0.072142765,0.09653254,0.6070391535758972,0.26859406
USA_08378500,8,0.07309688,0.10172208,0.6018209755420685,0.27036434
USA_08378500,9,0.07398036,0.10366788,0.5969976782798767,0.2719933
USA_08378500,10,0.07670313,0.10653123,0.5821544229984283,0.2769533
USA_09034900,1,0.9097617,0.30253935,0.9297417178750038,0.9538143
USA_09034900,2,1.1862129,0.3699397,0.9083868116140366,1.089134
USA_09034900,3,1.7547754,0.44524813,0.8644673079252243,1.3246794
USA_09034900,4,1.9955212,0.4827625,0.8458599299192429,1.4126291
USA_09034900,5,2.368236,0.54616433,0.8170569539070129,1.5389074
USA_09034900,6,2.622439,0.58706146,0.7974072396755219,1.6193947
USA_09034900,7,2.7782304,0.6296902,0.7853587716817856,1.6668024
USA_09034900,8,3.2157168,0.6790015,0.7515450417995453,1.793242
USA_09034900,9,3.40333,0.70965296,0.7370344400405884,1.8448117
USA_09034900,10,3.6697505,0.74319834,0.7164331376552582,1.9156593
USA_09035800,1,0.09848062,0.13393301,0.9538321830332279,0.31381622
USA_09035800,2,0.13641955,0.16032156,0.9360456466674805,0.36935017
USA_09035800,3,0.17099719,0.17150137,0.9198337644338608,0.41351807
USA_09035800,4,0.20678341,0.18564202,0.9030542597174644,0.45473444
USA_09035800,5,0.23796096,0.201954,0.8884356915950775,0.48781243
USA_09035800,6,0.24305676,0.21635729,0.8860434144735336,0.49300787
USA_09035800,7,0.2805313,0.2296101,0.8684715628623962,0.52965206
USA_09035800,8,0.3058386,0.24357367,0.8566033691167831,0.5530268
USA_09035800,9,0.3179872,0.2500843,0.8509063869714737,0.56390357
USA_09035800,10,0.34186268,0.26272026,0.8397114872932434,0.5846902
USA_09035900,1,0.1485204,0.16516037,0.9656180813908577,0.38538343
USA_09035900,2,0.2201852,0.19495045,0.94902528449893,0.46923897
USA_09035900,3,0.32882756,0.2215881,0.9238702431321144,0.5734349
USA_09035900,4,0.41243145,0.24373923,0.9045100808143616,0.6422083
USA_09035900,5,0.5013168,0.2713181,0.8839253038167953,0.70803726
USA_09035900,6,0.6102359,0.30432656,0.8586998283863068,0.781176
USA_09035900,7,0.6785083,0.3201844,0.8428843021392822,0.82371616
USA_09035900,8,0.7945518,0.3463791,0.8160049021244049,0.8913763
USA_09035900,9,0.85409397,0.36084816,0.8022089153528214,0.92417204
USA_09035900,10,0.9246008,0.37570867,0.7858725339174271,0.9615616
USA_09047700,1,0.032268837,0.07950777,0.9676160924136639,0.17963529
USA_09047700,2,0.05560507,0.10375221,0.9441936872899532,0.23580727
USA_09047700,3,0.07698737,0.11442197,0.9227297157049179,0.27746597
USA_09047700,4,0.10681499,0.128399,0.8927853107452393,0.32682562
USA_09047700,5,0.12471242,0.13713472,0.8748133331537247,0.35314646
USA_09047700,6,0.1598969,0.15168811,0.8394848108291626,0.3998711
USA_09047700,7,0.18312266,0.16003567,0.8161575049161911,0.42792833
USA_09047700,8,0.21026252,0.1705028,0.7888974696397781,0.45854393
USA_09047700,9,0.22423865,0.17677678,0.7748519033193588,0.47353843
USA_09047700,10,0.24513891,0.18008794,0.7538519948720932,0.49511504
USA_09065500,1,0.87622786,0.34574467,0.933837965130806,0.93607044
USA_09065500,2,1.296041,0.43188435,0.902134470641613,1.138438
USA_09065500,3,1.9081581,0.5112613,0.8559087961912155,1.3813609
USA_09065500,4,2.1784024,0.542243,0.8354973644018173,1.4759412
USA_09065500,5,2.425776,0.5898505,0.8168125152587891,1.5574903
USA_09065500,6,2.5302908,0.6164136,0.8089133054018021,1.5906888
USA_09065500,7,2.6623657,0.63726,0.7989323884248734,1.6316757
USA_09065500,8,2.8977423,0.6648359,0.7811465412378311,1.7022756
USA_09065500,9,3.0652668,0.70084274,0.7684850543737411,1.7507904
USA_09065500,10,3.203277,0.7198159,0.7580514997243881,1.7897701
USA_09066000,1,0.30223948,0.19920114,0.9636021591722965,0.5497631
USA_09066000,2,0.4132787,0.24466375,0.9502291865646839,0.64286757
USA_09066000,3,0.6569933,0.30573893,0.9208779260516167,0.8105512
USA_09066000,4,0.9154656,0.3502272,0.8897488489747047,0.9567997
USA_09066000,5,1.1122736,0.39256382,0.8660457730293274,1.0546439
USA_09066000,6,1.4218781,0.44223732,0.828756719827652,1.1924253
USA_09066000,7,1.7116609,0.4694369,0.7938499003648758,1.3083045
USA_09066000,8,1.9786779,0.5092246,0.7616803646087646,1.4066548
USA_09066000,9,2.1001053,0.5277451,0.7470433712005615,1.449174
USA_09066000,10,2.271815,0.5515822,0.7263498604297638,1.5072541
USA_09066200,1,1.1574438,0.32843712,0.9027314558625221,1.0758456
USA_09066200,2,1.8762414,0.44194183,0.8423238545656204,1.3697597
USA_09066200,3,2.811769,0.5370557,0.7637005746364594,1.676833
USA_09066200,4,3.2858763,0.5914997,0.7238528728485107,1.8126986
USA_09066200,5,3.9193301,0.6448388,0.6706122159957886,1.9797298
USA_09066200,6,3.9440372,0.68571174,0.6685297787189484,1.98596
USA_09066200,7,3.9023876,0.71068525,0.6720193326473236,1.9754462
USA_09066200,8,4.0879955,0.73806876,0.6564043164253235,2.0218792
USA_09066200,9,4.0317154,0.76501536,0.6611176431179047,2.007913
USA_09066200,10,4.12739,0.7755334,0.6530575156211853,2.0315979
USA_09066300,1,0.112585455,0.13209939,0.9675169102847576,0.33553755
USA_09066300,2,0.13550493,0.15175298,0.960903488099575,0.36810994
USA_09066300,3,0.22556679,0.1851405,0.9349172413349152,0.47493872
USA_09066300,4,0.2721444,0.20610859,0.9214767888188362,0.52167463
USA_09066300,5,0.3452073,0.23216867,0.9003939554095268,0.5875434
USA_09066300,6,0.41828528,0.26011777,0.8793065920472145,0.6467498
USA_09066300,7,0.46430454,0.2743987,0.8660244345664978,0.6813989
USA_09066300,8,0.5580936,0.30085623,0.8389558494091034,0.7470566
USA_09066300,9,0.59634024,0.31487542,0.8279132843017578,0.7722307
USA_09066300,10,0.64284176,0.32904127,0.8144886493682861,0.80177414
USA_09081600,1,0.5847958,0.26593646,0.9235789775848389,0.7647194
USA_09081600,2,0.7121788,0.32092124,0.9069297835230827,0.8439069
USA_09081600,3,0.98809177,0.37787494,0.8708711415529251,0.99402803
USA_09081600,4,1.0151298,0.3978071,0.8673329800367355,1.0075365
USA_09081600,5,1.2183989,0.43163642,0.8407630771398544,1.1038111
USA_09081600,6,1.2920524,0.46570572,0.8311333060264587,1.1366848
USA_09081600,7,1.3039194,0.48384073,0.8295802175998688,1.1418929
USA_09081600,8,1.3954782,0.5089015,0.8176073729991913,1.1813036
USA_09081600,9,1.452637,0.5271866,0.8101328164339066,1.2052538
USA_09081600,10,1.4521097,0.5280007,0.8101993799209595,1.2050351
USA_09107000,1,0.035230163,0.09267935,0.9657582119107246,0.187697
USA_09107000,2,0.05855545,0.123343915,0.9430855810642242,0.24198234
USA_09107000,3,0.08888193,0.14568153,0.9136103913187981,0.29813072
USA_09107000,4,0.11128751,0.16439855,0.8918284177780151,0.33359784
USA_09107000,5,0.13295376,0.17965211,0.8707655817270279,0.36462826
USA_09107000,6,0.15339626,0.19525993,0.8508934080600739,0.39165834
USA_09107000,7,0.17281987,0.20700562,0.832015797495842,0.41571608
USA_09107000,8,0.1932171,0.22104873,0.8121842741966248,0.43956468
USA_09107000,9,0.20855778,0.23322587,0.7972713857889175,0.45668128
USA_09107000,10,0.21975005,0.2392666,0.7863943427801132,0.46877506
USA_09210500,1,0.025949802,0.07260275,0.9456417821347713,0.16108942
USA_09210500,2,0.035054497,0.08520583,0.9265655353665352,0.18722846
USA_09210500,3,0.04361172,0.09325044,0.9086338505148888,0.20883419
USA_09210500,4,0.051005084,0.09938862,0.8931384682655334,0.22584306
USA_09210500,5,0.057702683,0.10795202,0.8791008442640305,0.24021383
USA_09210500,6,0.0625335,0.114197604,0.8689753711223602,0.250067
USA_09210500,7,0.06737705,0.116957046,0.8588214665651321,0.2595709
USA_09210500,8,0.07246395,0.11894318,0.8481591641902924,0.2691913
USA_09210500,9,0.08111167,0.12445872,0.8300374895334244,0.2848011
USA_09210500,10,0.08261476,0.1270789,0.8268879055976868,0.28742784
USA_09223000,1,0.14289711,0.14899898,0.9237368777394295,0.37801734
USA_09223000,2,0.15007374,0.1634637,0.9199056476354599,0.3873935
USA_09223000,3,0.16266158,0.17183484,0.913186326622963,0.40331325
USA_09223000,4,0.18067749,0.1767182,0.9035697653889656,0.42506173
USA_09223000,5,0.21697511,0.19256856,0.8841956257820129,0.46580586
USA_09223000,6,0.2238166,0.20581368,0.8805420845746994,0.4730926
USA_09223000,7,0.23982106,0.21488939,0.8719972968101501,0.48971528
USA_09223000,8,0.248577,0.21954446,0.8673210889101028,0.49857497
USA_09223000,9,0.27501863,0.22867438,0.8532046526670456,0.52442217
USA_09223000,10,0.2805465,0.23082614,0.8502509295940399,0.52966636
USA_09306242,1,0.00010316332,0.008004461,0.7860258370637894,0.010156935
USA_09306242,2,9.614173e-05,0.0074549923,0.8005413115024567,0.009805189
USA_09306242,3,9.967999e-05,0.00738937,0.7931507080793381,0.009983987
USA_09306242,4,0.00011654286,0.008052139,0.7580994814634323,0.010795502
USA_09306242,5,0.0001122988,0.0081739,0.766852080821991,0.010597113
USA_09306242,6,0.00013659692,0.00913791,0.7163370847702026,0.011687469
USA_09306242,7,0.00012666569,0.008661435,0.7368968725204468,0.011254585
USA_09306242,8,0.00014137824,0.00882179,0.7062654495239258,0.011890259
USA_09306242,9,0.00015148,0.0088343555,0.6852010190486908,0.012307721
USA_09306242,10,0.000151243,0.008900026,0.6856170892715454,0.012298089
USA_09312600,1,0.0146584045,0.052966073,0.9680652879178524,0.1210719
USA_09312600,2,0.023038816,0.061420497,0.9498061202466488,0.15178543
USA_09312600,3,0.033316657,0.067936316,0.9274115487933159,0.18252851
USA_09312600,4,0.049075786,0.07754841,0.8930729478597641,0.22153056
USA_09312600,5,0.05443163,0.08254039,0.8814017996191978,0.23330587
USA_09312600,6,0.07059681,0.09509015,0.8461790978908539,0.2657006
USA_09312600,7,0.077436075,0.098441675,0.8312765955924988,0.27827337
USA_09312600,8,0.08980797,0.10411196,0.8043189644813538,0.2996798
USA_09312600,9,0.097600125,0.1078425,0.7873407751321793,0.31241018
USA_09312600,10,0.09825336,0.10804336,0.7859192788600922,0.3134539
USA_09352900,1,0.706054,0.3321823,0.8278050720691681,0.84027016
USA_09352900,2,1.2538354,0.48066375,0.694570779800415,1.1197479
USA_09352900,3,1.6004039,0.5598281,0.6103309988975525,1.2650707
USA_09352900,4,1.9893233,0.6380548,0.5157298743724823,1.4104338
USA_09352900,5,2.2266216,0.6890078,0.4580097794532776,1.4921869
USA_09352900,6,2.1711528,0.7073983,0.47149378061294556,1.4734832
USA_09352900,7,2.3915732,0.734662,0.4177613854408264,1.5464712
USA_09352900,8,2.3314018,0.7439655,0.43230074644088745,1.5268929
USA_09352900,9,2.544278,0.7852577,0.3803325295448303,1.5950793
USA_09352900,10,2.5599642,0.78828686,0.3763768672943115,1.5999888
USA_09378170,1,0.0049288613,0.0432275,0.8787029907107353,0.07020585
USA_09378170,2,0.0055133537,0.040338103,0.864318922162056,0.074251965
USA_09378170,3,0.006372755,0.040946394,0.8431694358587265,0.07982954
USA_09378170,4,0.0069590043,0.04235168,0.828742116689682,0.08342065
USA_09378170,5,0.008008874,0.04424459,0.8029053062200546,0.08949231
USA_09378170,6,0.008110087,0.04759176,0.800414502620697,0.090056024
USA_09378170,7,0.008393085,0.04653341,0.7934500724077225,0.09161378
USA_09378170,8,0.008229971,0.04439954,0.7974641919136047,0.090719186
USA_09378170,9,0.008247832,0.042616356,0.797024667263031,0.09081758
USA_09378170,10,0.00848106,0.044156946,0.7912850230932236,0.09209267
USA_09378630,1,0.019546738,0.06921834,0.8661481291055679,0.13980965
USA_09378630,2,0.026979372,0.068108216,0.8152510672807693,0.16425398
USA_09378630,3,0.033809256,0.07025004,0.7684814929962158,0.18387294
USA_09378630,4,0.040248986,0.07776565,0.7243835926055908,0.2006215
USA_09378630,5,0.04571438,0.08065997,0.6869577467441559,0.2138092
USA_09378630,6,0.045240182,0.08571149,0.6902049481868744,0.2126974
USA_09378630,7,0.046868857,0.084238395,0.6790521442890167,0.21649216
USA_09378630,8,0.04933911,0.08381123,0.6621363461017609,0.22212408
USA_09378630,9,0.0496281,0.08068518,0.6601574420928955,0.22277366
USA_09378630,10,0.049918853,0.08302829,0.6581664085388184,0.22342527
USA_09484600,1,0.0022766453,0.012101843,0.05310946702957153,0.047714204
USA_09484600,2,0.0023820861,0.011861852,0.009255051612854004,0.04880662
USA_09484600,3,0.0024192983,0.011955514,-0.0062220096588134766,0.049186364
USA_09484600,4,0.0023341235,0.011850515,0.029203414916992188,0.04831277
USA_09484600,5,0.002462262,0.0121163,-0.024091243743896484,0.049621187
USA_09484600,6,0.002477641,0.013015607,-0.030487775802612305,0.049775906
USA_09484600,7,0.002434367,0.0128871845,-0.01248931884765625,0.049339306
USA_09484600,8,0.00244523,0.012376472,-0.01700747013092041,0.04944927
USA_09484600,9,0.002455482,0.013047921,-0.021271347999572754,0.04955282
USA_09484600,10,0.0024461835,0.012393222,-0.01740396022796631,0.049458906
USA_09492400,1,0.032776043,0.10229724,0.9287356808781624,0.18104155
USA_09492400,2,0.056777943,0.12134206,0.8765407428145409,0.23828122
USA_09492400,3,0.07799511,0.14361738,0.8303945809602737,0.27927604
USA_09492400,4,0.092354566,0.15549076,0.799143373966217,0.30389893
USA_09492400,5,0.103469625,0.16488272,0.7749528735876083,0.32166696
USA_09492400,6,0.113586485,0.17700866,0.7529324442148209,0.33702594
USA_09492400,7,0.11809525,0.18175748,0.7431305348873138,0.3436499
USA_09492400,8,0.121860184,0.18931352,0.734944760799408,0.3490848
USA_09492400,9,0.12920332,0.19811681,0.7189728915691376,0.35944864
USA_09492400,10,0.13204052,0.20050901,0.7128017544746399,0.3633738
USA_10023000,1,0.010857182,0.04149686,0.9171216785907745,0.1041978
USA_10023000,2,0.013973119,0.046118196,0.893337793648243,0.11820795
USA_10023000,3,0.01688968,0.05050045,0.8710784018039703,0.1299603
USA_10023000,4,0.022115879,0.057090305,0.8311910033226013,0.14871408
USA_10023000,5,0.022481449,0.058530994,0.8284057378768921,0.14993815
USA_10023000,6,0.025376452,0.062427927,0.8063147515058517,0.15929988
USA_10023000,7,0.026589269,0.06338126,0.7970610409975052,0.16306216
USA_10023000,8,0.029754423,0.06745587,0.7729102075099945,0.17249471
USA_10023000,9,0.032707855,0.07128885,0.750380665063858,0.18085313
USA_10023000,10,0.032905504,0.07154953,0.7488879859447479,0.18139875
USA_10166430,1,0.0028574786,0.02646449,0.9595426060259342,0.05345539
USA_10166430,2,0.0047230236,0.027766882,0.9331294298171997,0.06872426
USA_10166430,3,0.0064896173,0.02980084,0.9081172421574593,0.08055816
USA_10166430,4,0.009387525,0.033718925,0.8670894801616669,0.09688924
USA_10166430,5,0.010277517,0.034643155,0.8544910103082657,0.10137809
USA_10166430,6,0.011680972,0.037315454,0.8346234560012817,0.10807855
USA_10166430,7,0.01287498,0.038440213,0.8177217543125153,0.11346797
USA_10166430,8,0.014150601,0.039817102,0.7996651083230972,0.1189563
USA_10166430,9,0.015899584,0.04263224,0.7749076187610626,0.12609355
USA_10166430,10,0.015634373,0.04214271,0.7786656767129898,0.12503749
USA_10172700,1,0.0006167494,0.01525013,0.8789458721876144,0.02483444
USA_10172700,2,0.00085410464,0.015861375,0.832405298948288,0.029225068
USA_10172700,3,0.0009990048,0.01608125,0.8040274679660797,0.031607036
USA_10172700,4,0.0012522612,0.017935831,0.7544154077768326,0.035387304
USA_10172700,5,0.0013186766,0.017615266,0.741462767124176,0.036313586
USA_10172700,6,0.001344412,0.018398682,0.736490786075592,0.036666226
USA_10172700,7,0.0013685167,0.018384567,0.7318410277366638,0.03699347
USA_10172700,8,0.0013405712,0.0188446,0.7373902201652527,0.03661381
USA_10172700,9,0.0014018907,0.019414209,0.7254546582698822,0.03744183
USA_10172700,10,0.0013579419,0.019070033,0.734135627746582,0.036850262
USA_10172800,1,0.39917612,0.25112262,0.868963822722435,0.6318039
USA_10172800,2,0.29148802,0.22725277,0.9043075069785118,0.5398963
USA_10172800,3,0.29673052,0.23247051,0.9025803059339523,0.54472977
USA_10172800,4,0.3028351,0.24286105,0.9005699828267097,0.55030453
USA_10172800,5,0.35902333,0.26048478,0.8821152076125145,0.5991856
USA_10172800,6,0.38741717,0.27072838,0.87278613448143,0.6224284
USA_10172800,7,0.46243024,0.28964263,0.8481462448835373,0.68002224
USA_10172800,8,0.47283047,0.29957688,0.8447268158197403,0.6876267
USA_10172800,9,0.5601454,0.3277195,0.8160534054040909,0.7484286
USA_10172800,10,0.5796082,0.33311877,0.8096619844436646,0.76132005
USA_10173450,1,0.056792453,0.08878345,0.9419418536126614,0.23831168
USA_10173450,2,0.07279294,0.102987915,0.9255844429135323,0.26980168
USA_10173450,3,0.0830462,0.10997644,0.9151026159524918,0.28817737
USA_10173450,4,0.10653726,0.122576654,0.8910879269242287,0.32640046
USA_10173450,5,0.11374456,0.1315272,0.8837210237979889,0.33726037
USA_10173450,6,0.13736445,0.14517267,0.8595640510320663,0.3706271
USA_10173450,7,0.15260763,0.15312746,0.8439638912677765,0.39065027
USA_10173450,8,0.17200275,0.16227454,0.8241130411624908,0.41473213
USA_10173450,9,0.19737658,0.17282599,0.7981409430503845,0.44427085
USA_10173450,10,0.19988246,0.17635494,0.7955528944730759,0.44708216
USA_10205030,1,0.0057334374,0.04113359,0.9395100176334381,0.07571947
USA_10205030,2,0.00713004,0.04395105,0.9247777163982391,0.08443956
USA_10205030,3,0.008127766,0.045777876,0.9142568558454514,0.09015412
USA_10205030,4,0.008495984,0.045590077,0.9103778153657913,0.09217366
USA_10205030,5,0.009116082,0.049378883,0.9038410931825638,0.09547818
USA_10205030,6,0.00933339,0.052234907,0.9015548452734947,0.09660947
USA_10205030,7,0.009839131,0.051863983,0.8962267562747002,0.09919239
USA_10205030,8,0.00988775,0.05314361,0.8957176879048347,0.09943717
USA_10205030,9,0.010435121,0.05448537,0.8899497240781784,0.10215244
USA_10205030,10,0.010498612,0.05389696,0.8892851248383522,0.10246274
USA_10234500,1,0.033161312,0.08475243,0.9327075704932213,0.18210247
USA_10234500,2,0.048845895,0.093266144,0.9008765891194344,0.22101107
USA_10234500,3,0.057101842,0.09733209,0.8841190710663795,0.23895992
USA_10234500,4,0.063719794,0.10277892,0.8706847131252289,0.2524278
USA_10234500,5,0.06698557,0.10771669,0.8640538454055786,0.2588157
USA_10234500,6,0.07474661,0.11772776,0.8482993990182877,0.27339825
USA_10234500,7,0.078213274,0.11617753,0.8412611931562424,0.27966636
USA_10234500,8,0.080874406,0.11701483,0.8358576893806458,0.28438425
USA_10234500,9,0.09068731,0.1213723,0.8159385621547699,0.30114335
USA_10234500,10,0.095493004,0.12148493,0.8061817586421967,0.30901942
USA_10242000,1,0.043785155,0.088410474,0.914869524538517,0.20924902
USA_10242000,2,0.06536856,0.10246091,0.8729080110788345,0.25567275
USA_10242000,3,0.086533114,0.11624523,0.8317591100931168,0.2941651
USA_10242000,4,0.10253215,0.124294214,0.8006587475538254,0.3202064
USA_10242000,5,0.11579929,0.13212565,0.7748712748289108,0.34029296
USA_10242000,6,0.12843904,0.13853277,0.750306561589241,0.35838392
USA_10242000,7,0.1416674,0.141527,0.7245992720127106,0.3763873
USA_10242000,8,0.1493222,0.14832406,0.7097301185131073,0.3864223
USA_10242000,9,0.15539326,0.15572946,0.6979425549507141,0.39419952
USA_10242000,10,0.16148013,0.15896864,0.686124861240387,0.4018459
USA_10244950,1,0.016683795,0.06458259,0.9453433565795422,0.12916577
USA_10244950,2,0.0128528625,0.059235103,0.9578944183886051,0.11337046
USA_10244950,3,0.013073801,0.058666784,0.9571718797087669,0.11434072
USA_10244950,4,0.014762273,0.06111841,0.9516425989568233,0.1215001
USA_10244950,5,0.016587308,0.061668083,0.9456664137542248,0.12879172
USA_10244950,6,0.017600417,0.065097615,0.9423501566052437,0.13266656
USA_10244950,7,0.022249812,0.06670819,0.927124060690403,0.14916371
USA_10244950,8,0.023658767,0.06979639,0.9225115105509758,0.15381406
USA_10244950,9,0.031260557,0.07718833,0.8976177871227264,0.17680655
USA_10244950,10,0.030944865,0.07644583,0.8986548036336899,0.17591153
USA_10249300,1,0.012259462,0.05397186,0.9207079485058784,0.11072245
USA_10249300,2,0.015654381,0.053040512,0.8987530991435051,0.12511747
USA_10249300,3,0.022945791,0.056878768,0.8515991419553757,0.15147868
USA_10249300,4,0.029027333,0.062349137,0.8122723996639252,0.1703741
USA_10249300,5,0.035326745,0.0662123,0.7715389430522919,0.1879541
USA_10249300,6,0.03944522,0.0715456,0.7449117302894592,0.1986082
USA_10249300,7,0.041468646,0.07162666,0.7318340837955475,0.20363852
USA_10249300,8,0.043073647,0.07528097,0.7214629948139191,0.20754191
USA_10249300,9,0.044674147,0.0791254,0.7111215889453888,0.2113626
USA_10249300,10,0.045349512,0.08065856,0.706765204668045,0.21295425
USA_10316500,1,1.7554897,0.38004518,0.8282271325588226,1.3249489
USA_10316500,2,1.6749128,0.39645863,0.8361112475395203,1.2941842
USA_10316500,3,1.9684236,0.42041865,0.8073911815881729,1.4030052
USA_10316500,4,1.9862646,0.4374339,0.805645152926445,1.409349
USA_10316500,5,2.382191,0.46732396,0.7669036239385605,1.5434347
USA_10316500,6,2.5884993,0.50282687,0.7467160820960999,1.6088814
USA_10316500,7,2.7373202,0.5159614,0.7321536242961884,1.6544849
USA_10316500,8,2.7493923,0.5332626,0.7309723198413849,1.6581291
USA_10316500,9,3.0208237,0.56244314,0.7044123411178589,1.7380517
USA_10316500,10,3.1220207,0.5692183,0.6945097744464874,1.7669241
USA_10329500,1,0.020668628,0.04828578,0.8226585388183594,0.14376588
USA_10329500,2,0.028749181,0.05213324,0.7533287107944489,0.16955583
USA_10329500,3,0.036388643,0.056574494,0.6877812743186951,0.19075808
USA_10329500,4,0.039634123,0.062312312,0.6599346697330475,0.19908321
USA_10329500,5,0.043233283,0.06556736,0.6290535032749176,0.20792615
USA_10329500,6,0.044339802,0.069088995,0.6195594370365143,0.21057019
USA_10329500,7,0.04566673,0.0713029,0.6081742644309998,0.21369775
USA_10329500,8,0.047751226,0.07441497,0.5902890264987946,0.21852054
USA_10329500,9,0.04874701,0.07605463,0.581745058298111,0.22078726
USA_10329500,10,0.04951803,0.076360635,0.5751295983791351,0.22252648
USA_10336645,1,2.603783,0.4925858,0.8039212226867676,1.6136241
USA_10336645,2,3.2215655,0.5987605,0.7574028521776199,1.794872
USA_10336645,3,4.464158,0.7277313,0.6638364195823669,2.1128554
USA_10336645,4,5.2573414,0.8430914,0.6041139662265778,2.2928894
USA_10336645,5,6.6570244,0.93795425,0.4987238049507141,2.580121
USA_10336645,6,6.339008,0.94303197,0.5226776599884033,2.5177386
USA_10336645,7,6.552363,0.9740985,0.5066195726394653,2.5597584
USA_10336645,8,6.5587316,1.0003814,0.5061459243297577,2.561002
USA_10336645,9,6.8013897,1.0444669,0.4878805875778198,2.6079473
USA_10336645,10,6.9911017,1.0632181,0.473602294921875,2.6440692
USA_10336660,1,11.063778,0.8135905,0.5143353044986725,3.3262258
USA_10336660,2,10.848307,0.9326218,0.5238029956817627,3.2936769
USA_10336660,3,12.321797,1.0053898,0.45913249254226685,3.5102417
USA_10336660,4,12.541409,1.1251856,0.4495018720626831,3.5413852
USA_10336660,5,14.930902,1.2336564,0.3446282744407654,3.8640525
USA_10336660,6,13.399133,1.2416385,0.41187310218811035,3.6604826
USA_10336660,7,13.545496,1.308296,0.4054582118988037,3.6804206
USA_10336660,8,13.012249,1.3392271,0.42887187004089355,3.6072495
USA_10336660,9,12.7495365,1.351291,0.4404109716415405,3.5706494
USA_10336660,10,13.533613,1.4159278,0.40600788593292236,3.678806
USA_10336740,1,0.0036545729,0.034317777,0.94467593729496,0.060453065
USA_10336740,2,0.0050314195,0.036129713,0.9238338842988014,0.0709325
USA_10336740,3,0.007029257,0.040487267,0.8935917392373085,0.08384066
USA_10336740,4,0.008404824,0.043832183,0.8727687448263168,0.09167783
USA_10336740,5,0.009061631,0.044734463,0.8628263026475906,0.0951926
USA_10336740,6,0.009501431,0.046209227,0.8561518788337708,0.09747528
USA_10336740,7,0.010421254,0.0473804,0.8421810567378998,0.10208454
USA_10336740,8,0.010892866,0.049238678,0.8350232243537903,0.104368895
USA_10336740,9,0.010796006,0.052377775,0.8364808708429337,0.10390383
USA_10336740,10,0.010737221,0.051430274,0.8373588770627975,0.10362056
USA_10343500,1,0.20895395,0.16813672,0.9059033021330833,0.45711482
USA_10343500,2,0.27115342,0.19702846,0.8778920695185661,0.52072394
USA_10343500,3,0.3095287,0.21647298,0.8606086224317551,0.55635303
USA_10343500,4,0.3816702,0.24805422,0.8281193524599075,0.61779463
USA_10343500,5,0.45706064,0.2663029,0.7941681742668152,0.6760626
USA_10343500,6,0.43949983,0.27209586,0.8020764738321304,0.66294783
USA_10343500,7,0.4732806,0.28078523,0.7868643254041672,0.68795395
USA_10343500,8,0.4790023,0.2901293,0.7842889279127121,0.6920999
USA_10343500,9,0.47607046,0.30051577,0.7856123894453049,0.6899786
USA_10343500,10,0.5049553,0.31002507,0.7726100534200668,0.71060205
USA_10396000,1,0.14274554,0.152534,0.8314927369356155,0.3778168
USA_10396000,2,0.21290295,0.18134733,0.7486815452575684,0.46141407
USA_10396000,3,0.24930859,0.19739287,0.7057179510593414,0.4993081
USA_10396000,4,0.26970506,0.21183348,0.6816519796848297,0.51933134
USA_10396000,5,0.2961943,0.22194755,0.650393933057785,0.5442373
USA_10396000,6,0.31262273,0.2296976,0.631009966135025,0.55912673
USA_10396000,7,0.3148897,0.23488602,0.6283388733863831,0.5611503
USA_10396000,8,0.3175575,0.24135089,0.625197023153305,0.5635224
USA_10396000,9,0.3223689,0.24177793,0.6195231378078461,0.56777537
USA_10396000,10,0.3347912,0.24585885,0.6048641204833984,0.57861143
USA_11230500,1,3.2193716,0.40961018,0.46299558877944946,1.7942607
USA_11230500,2,2.316683,0.43030575,0.6135846376419067,1.5220654
USA_11230500,3,2.261031,0.47526455,0.6228847503662109,1.5036725
USA_11230500,4,1.9326217,0.49266198,0.6776755154132843,1.3901876
USA_11230500,5,2.1525764,0.51853824,0.6410064995288849,1.4671662
USA_11230500,6,1.9511722,0.5232195,0.6746092140674591,1.3968437
USA_11230500,7,2.0209613,0.5418215,0.6629857420921326,1.4216052
USA_11230500,8,1.8768853,0.5414555,0.6870259642601013,1.3699946
USA_11230500,9,1.6994195,0.5365191,0.716628223657608,1.3036178
USA_11230500,10,1.6714022,0.540058,0.7213087677955627,1.2928272
USA_11237500,1,7.7865067,0.666187,0.4759542942047119,2.7904313
USA_11237500,2,7.2864404,0.7050624,0.5096167325973511,2.6993408
USA_11237500,3,8.624126,0.7802207,0.4195978045463562,2.9366863
USA_11237500,4,9.511676,0.8766752,0.3598752021789551,3.0841005
USA_11237500,5,11.651062,0.94507027,0.21590816974639893,3.4133651
USA_11237500,6,9.143396,0.89194113,0.3846784234046936,3.023805
USA_11237500,7,8.588969,0.91664964,0.4219980835914612,2.9306943
USA_11237500,8,7.82989,0.90749323,0.47308778762817383,2.798194
USA_11237500,9,6.9664364,0.8906997,0.531200647354126,2.6394007
USA_11237500,10,6.9925756,0.9138028,0.529448390007019,2.644348
USA_11264500,1,2.7558498,0.4307073,0.6778185069561005,1.6600753
USA_11264500,2,2.5453546,0.4831147,0.7024352252483368,1.5954168
USA_11264500,3,3.02346,0.5532635,0.6465499401092529,1.73881
USA_11264500,4,3.0418217,0.6121626,0.6444132328033447,1.7440819
USA_11264500,5,3.3646197,0.6553407,0.6066938042640686,1.83429
USA_11264500,6,2.824407,0.646434,0.6698553264141083,1.6805972
USA_11264500,7,3.1101546,0.68638074,0.636471688747406,1.763563
USA_11264500,8,2.7925928,0.6769486,0.6736088693141937,1.6711053
USA_11264500,9,2.6129391,0.6671211,0.6946284770965576,1.6164588
USA_11264500,10,2.6286962,0.67261344,0.6928139328956604,1.6213255
USA_11266500,1,2.1257863,0.4087883,0.7391928434371948,1.4580077
USA_11266500,2,1.9696424,0.4488813,0.758359894156456,1.4034395
USA_11266500,3,2.509576,0.51947737,0.6921286880970001,1.5841641
USA_11266500,4,2.737704,0.5748274,0.6641547381877899,1.6546009
USA_11266500,5,3.0132873,0.6086268,0.6303689181804657,1.7358823
USA_11266500,6,2.4237216,0.6005314,0.7027068436145782,1.5568306
USA_11266500,7,2.7470362,0.6453465,0.6630715429782867,1.6574185
USA_11266500,8,2.4479382,0.64087623,0.6997791230678558,1.5645888
USA_11266500,9,2.2760868,0.6335545,0.7208805680274963,1.5086706
USA_11266500,10,2.23789,0.6361644,0.7255936861038208,1.4959579
USA_12175500,1,3.7409687,1.0784588,0.8312684297561646,1.9341584
USA_12175500,2,5.969582,1.3709295,0.7306230068206787,2.4432728
USA_12175500,3,7.481752,1.603003,0.662211149930954,2.735279
USA_12175500,4,8.336002,1.7219219,0.6234680116176605,2.8872137
USA_12175500,5,8.781628,1.8250048,0.6031747758388519,2.963381
USA_12175500,6,9.579997,1.9190214,0.5669315755367279,3.0951571
USA_12175500,7,9.816328,1.9527296,0.5560908913612366,3.133102
USA_12175500,8,10.317903,2.0014095,0.5332625806331635,3.2121491
USA_12175500,9,10.479147,2.0547104,0.5258475244045258,3.2371511
USA_12175500,10,10.694758,2.0941079,0.5159695148468018,3.2702842
USA_12358500,1,1.6463919,0.5211038,0.8840670883655548,1.283118
USA_12358500,2,1.6708119,0.5789144,0.8823561891913414,1.2925988
USA_12358500,3,1.8915464,0.6304814,0.8668228983879089,1.375335
USA_12358500,4,2.2682142,0.69714546,0.8403127640485764,1.5060592
USA_12358500,5,2.8045452,0.76268226,0.8025641143321991,1.6746776
USA_12358500,6,2.5889282,0.7616368,0.8177513033151627,1.6090146
USA_12358500,7,2.6511514,0.7777032,0.8133788108825684,1.6282357
USA_12358500,8,2.5593681,0.7829115,0.819846048951149,1.5998025
USA_12358500,9,2.6094606,0.7939457,0.816326305270195,1.6153824
USA_12358500,10,2.558608,0.8053678,0.8199112415313721,1.5995649
USA_12374250,1,0.16339989,0.13159129,0.8564199805259705,0.40422752
USA_12374250,2,0.23259722,0.15911104,0.7955860942602158,0.48228332
USA_12374250,3,0.2878347,0.17996274,0.7470217347145081,0.5365023
USA_12374250,4,0.3457746,0.20146054,0.6960913240909576,0.588026
USA_12374250,5,0.37752128,0.21682759,0.6681789755821228,0.6144276
USA_12374250,6,0.41381583,0.23130552,0.6362617015838623,0.64328516
USA_12374250,7,0.43205842,0.24044843,0.6202081441879272,0.6573115
USA_12374250,8,0.45294544,0.2522445,0.6018103361129761,0.6730122
USA_12374250,9,0.47394451,0.26164612,0.5833169221878052,0.68843627
USA_12374250,10,0.48909763,0.26973838,0.5699606537818909,0.6993551
USA_12375900,1,1.9778656,0.5430978,0.8837337270379066,1.4063661
USA_12375900,2,2.7977738,0.64688104,0.8355215191841125,1.6726547
USA_12375900,3,3.7145116,0.7412649,0.7816196829080582,1.9273069
USA_12375900,4,4.2503667,0.8268181,0.7501118034124374,2.0616417
USA_12375900,5,4.5941358,0.868209,0.7298988997936249,2.1433935
USA_12375900,6,4.8254642,0.9049097,0.7162942588329315,2.196694
USA_12375900,7,5.0440364,0.9332822,0.70343878865242,2.2458932
USA_12375900,8,5.260383,0.96423465,0.6907106339931488,2.2935524
USA_12375900,9,5.8364396,1.0056541,0.6568341553211212,2.4158723
USA_12375900,10,6.2809114,1.0441654,0.6306830942630768,2.5061746
USA_12377150,1,3.948517,0.8833859,0.896128699183464,1.9870876
USA_12377150,2,6.2112875,1.0926391,0.8365935534238815,2.4922454
USA_12377150,3,8.392026,1.2348229,0.7792190462350845,2.8968995
USA_12377150,4,10.469063,1.4255459,0.7245731055736542,3.235593
USA_12377150,5,10.977654,1.4757932,0.7111927568912506,3.3132544
USA_12377150,6,11.321675,1.5201374,0.702134758234024,3.3647697
USA_12377150,7,12.226044,1.5933913,0.6783314049243927,3.496576
USA_12377150,8,12.582934,1.6084852,0.6689233779907227,3.547243
USA_12377150,9,13.613018,1.6785085,0.6418057978153229,3.6895823
USA_12377150,10,14.297879,1.7256565,0.6237728297710419,3.7812536
USA_12381400,1,0.1905668,0.18411142,0.9504963792860508,0.43653956
USA_12381400,2,0.22390486,0.2050921,0.9418325684964657,0.47318587
USA_12381400,3,0.2706979,0.21816145,0.9296742975711823,0.5202864
USA_12381400,4,0.3237869,0.24258748,0.9158795699477196,0.5690228
USA_12381400,5,0.40718898,0.26238486,0.8942112401127815,0.6381136
USA_12381400,6,0.48634523,0.28133017,0.8736458420753479,0.69738454
USA_12381400,7,0.50404817,0.28153452,0.8690445423126221,0.7099635
USA_12381400,8,0.5489094,0.29514015,0.8573849946260452,0.74088424
USA_12381400,9,0.6331838,0.3209251,0.835480734705925,0.79572845
USA_12381400,10,0.68855554,0.33157557,0.8210791796445847,0.82979244
USA_12383500,1,0.092943706,0.16199705,0.9444612637162209,0.3048667
USA_12383500,2,0.141535,0.19227943,0.9154184386134148,0.37621137
USA_12383500,3,0.19979031,0.20711906,0.8805952817201614,0.4469791
USA_12383500,4,0.2585914,0.23401394,0.8454423248767853,0.5085188
USA_12383500,5,0.2982528,0.2444719,0.8217232376337051,0.54612523
USA_12383500,6,0.3383066,0.25929543,0.7977658808231354,0.5816413
USA_12383500,7,0.3652508,0.2634295,0.7816423028707504,0.6043598
USA_12383500,8,0.37897786,0.26933464,0.7734152674674988,0.6156118
USA_12383500,9,0.42149588,0.2877125,0.7479735314846039,0.64922714
USA_12383500,10,0.44959491,0.29842493,0.7311480045318604,0.6705184
USA_12388400,1,0.14879906,0.12987566,0.9009424671530724,0.3857448
USA_12388400,2,0.23689687,0.1557942,0.8422971665859222,0.48672053
USA_12388400,3,0.32777128,0.18392797,0.7818063497543335,0.5725131
USA_12388400,4,0.40902176,0.20718259,0.7277243435382843,0.6395481
USA_12388400,5,0.47154695,0.22722967,0.6861106157302856,0.6866928
USA_12388400,6,0.51775885,0.24553464,0.655359297990799,0.7195546
USA_12388400,7,0.555599,0.2526769,0.6301821172237396,0.7453851
USA_12388400,8,0.59108603,0.26457414,0.6065711081027985,0.7688212
USA_12388400,9,0.6294713,0.27181137,0.5810322165489197,0.7933923
USA_12388400,10,0.6573308,0.27905798,0.5625002980232239,0.8107594
USA_12390700,1,0.175932,0.18447514,0.9246555045247078,0.4194425
USA_12390700,2,0.24362275,0.20677513,0.8956620246171951,0.49358156
USA_12390700,3,0.3366356,0.24349499,0.8558208793401718,0.58020306
USA_12390700,4,0.40633133,0.27435234,0.8259634226560593,0.6374412
USA_12390700,5,0.49125826,0.29642066,0.7895804941654205,0.7008982
USA_12390700,6,0.535048,0.3115806,0.7708157300949097,0.73146975
USA_12390700,7,0.5655782,0.32051393,0.7577294558286667,0.7520493
USA_12390700,8,0.5916483,0.333217,0.7465527653694153,0.7691868
USA_12390700,9,0.6159962,0.34196076,0.7361142337322235,0.78485423
USA_12390700,10,0.6246574,0.35012266,0.7323952615261078,0.7903527
USA_12411000,1,1.0781728,0.4081246,0.8936341181397438,1.038351
USA_12411000,2,1.9488975,0.5226963,0.8077067285776138,1.3960292
USA_12411000,3,2.716126,0.62967545,0.7319675981998444,1.6480674
USA_12411000,4,3.27608,0.7116113,0.6766681373119354,1.8099945
USA_12411000,5,3.86222,0.78023547,0.6187785267829895,1.9652532
USA_12411000,6,4.1614065,0.82709837,0.5892229378223419,2.0399525
USA_12411000,7,4.3890796,0.8599965,0.5667302310466766,2.0950131
USA_12411000,8,4.5877795,0.89855444,0.547111988067627,2.1419103
USA_12411000,9,4.7843323,0.9298834,0.5277346670627594,2.1873116
USA_12411000,10,4.8305287,0.93783146,0.5232187509536743,2.1978464
USA_12414500,1,0.74869746,0.35713044,0.91062281280756,0.86527306
USA_12414500,2,1.1229244,0.42362633,0.8659207075834274,1.0596813
USA_12414500,3,1.5707014,0.513677,0.8124146014451981,1.2532762
USA_12414500,4,1.8985367,0.59037393,0.7732144594192505,1.377874
USA_12414500,5,2.2680106,0.6438095,0.729032427072525,1.5059916
USA_12414500,6,2.4433606,0.6721068,0.7080474197864532,1.5631253
USA_12414500,7,2.5800946,0.6980291,0.6916718482971191,1.6062673
USA_12414500,8,2.6729312,0.72163177,0.6805503666400909,1.6349101
USA_12414500,9,2.7486434,0.7447546,0.6715017855167389,1.6579033
USA_12414500,10,2.7734468,0.7658636,0.6685498952865601,1.6653669
USA_12447390,1,0.5400819,0.29757366,0.9336847811937332,0.7349027
USA_12447390,2,0.6855476,0.36057445,0.9158217087388039,0.827978
USA_12447390,3,0.9957565,0.41871434,0.8777291998267174,0.997876
USA_12447390,4,1.2461635,0.47918543,0.8469793647527695,1.1163169
USA_12447390,5,1.5590938,0.52706146,0.8085516095161438,1.2486368
USA_12447390,6,1.4763931,0.52435017,0.8187053501605988,1.2150692
USA_12447390,7,1.5937563,0.55132186,0.8042920529842377,1.2624406
USA_12447390,8,1.6692295,0.575117,0.7950242012739182,1.2919867
USA_12447390,9,1.7111663,0.58476335,0.789876252412796,1.3081155
USA_12447390,10,1.6727949,0.58512634,0.7945902347564697,1.2933657
USA_12451000,1,1.9812932,0.70649326,0.9119392558932304,1.4075842
USA_12451000,2,2.920132,0.8796237,0.8702183067798615,1.7088393
USA_12451000,3,3.1726615,0.9569624,0.8590037226676941,1.7811967
USA_12451000,4,4.802688,1.1556861,0.7865732610225677,2.1915035
USA_12451000,5,5.2647557,1.2303139,0.7660418003797531,2.2945056
USA_12451000,6,5.7033305,1.3138955,0.7465474009513855,2.3881648
USA_12451000,7,6.022664,1.3484076,0.7323468923568726,2.4541116
USA_12451000,8,6.7058926,1.4359418,0.7019765973091125,2.5895739
USA_12451000,9,6.08921,1.4079944,0.729395866394043,2.4676325
USA_12451000,10,6.0430903,1.4257905,0.7314658761024475,2.4582698
USA_12488500,1,0.6261176,0.39118633,0.9311083853244781,0.7912759
USA_12488500,2,0.96043015,0.47248605,0.8943096399307251,0.9800154
USA_12488500,3,1.2857758,0.55351,0.8584917485713959,1.1339206
USA_12488500,4,1.712062,0.64349127,0.8115433156490326,1.3084579
USA_12488500,5,2.0269947,0.70968276,0.7768340855836868,1.4237256
USA_12488500,6,2.2771814,0.75989723,0.7492402493953705,1.5090332
USA_12488500,7,2.473246,0.8025513,0.7275994122028351,1.5726558
USA_12488500,8,2.6716483,0.8524583,0.7057009935379028,1.6345178
USA_12488500,9,2.6672955,0.878767,0.7061353921890259,1.6331856
USA_12488500,10,2.763524,0.9077993,0.6954907774925232,1.6623851
USA_13011500,1,0.4470992,0.23507966,0.9400809556245804,0.6686548
USA_13011500,2,0.6736185,0.29868057,0.9097210168838501,0.82074267
USA_13011500,3,0.95448804,0.35226098,0.8720747083425522,0.976979
USA_13011500,4,1.1135913,0.39689043,0.8507477641105652,1.0552684
USA_13011500,5,1.3579534,0.44253924,0.8179964572191238,1.1653126
USA_13011500,6,1.2955376,0.45428118,0.8263619244098663,1.1382169
USA_13011500,7,1.4283173,0.4813965,0.8085639476776123,1.1951222
USA_13011500,8,1.4185545,0.49665353,0.8098728060722351,1.1910309
USA_13011500,9,1.5207739,0.51488066,0.7961777001619339,1.2331966
USA_13011500,10,1.4912957,0.5161546,0.8001334220170975,1.2211862
USA_13011900,1,0.31737754,0.23194672,0.9506644979119301,0.5633627
USA_13011900,2,0.44132954,0.27635568,0.931390568614006,0.66432637
USA_13011900,3,0.59542245,0.3189372,0.9074264168739319,0.7716362
USA_13011900,4,0.6775242,0.34842554,0.894653283059597,0.82311857
USA_13011900,5,0.8268962,0.38110578,0.8714215159416199,0.90933836
USA_13011900,6,0.82635343,0.39101407,0.8715015947818756,0.90903986
USA_13011900,7,0.90146816,0.41203475,0.8598157614469528,0.94945675
USA_13011900,8,0.88483375,0.42154196,0.8623984605073929,0.940656
USA_13011900,9,0.96680695,0.44633985,0.8496507406234741,0.98326343
USA_13011900,10,0.9722745,0.4441951,0.848800465464592,0.9860398
USA_13018300,1,0.10371643,0.13697448,0.9541863836348057,0.32205036
USA_13018300,2,0.1217162,0.15418963,0.9462320879101753,0.3488785
USA_13018300,3,0.13523531,0.15986644,0.9402559734880924,0.36774355
USA_13018300,4,0.15285105,0.17481801,0.932469330728054,0.3909617
USA_13018300,5,0.17125545,0.17920306,0.9243332296609879,0.41383022
USA_13018300,6,0.20323807,0.19065492,0.9101963266730309,0.45081934
USA_13018300,7,0.22861779,0.19329664,0.8989756852388382,0.47813994
USA_13018300,8,0.23819374,0.19612154,0.894737645983696,0.48805097
USA_13018300,9,0.27396685,0.20769629,0.878921240568161,0.5234184
USA_13018300,10,0.28357118,0.20928255,0.8746687769889832,0.53251404
USA_13023000,1,0.18359336,0.18482484,0.9288541153073311,0.42847797
USA_13023000,2,0.20999296,0.21473554,0.9186188876628876,0.4582499
USA_13023000,3,0.26232603,0.2317391,0.8983316496014595,0.5121777
USA_13023000,4,0.2980196,0.2517892,0.8844909220933914,0.5459117
USA_13023000,5,0.35648173,0.27005592,0.8618269711732864,0.5970609
USA_13023000,6,0.34071434,0.27626616,0.8679390102624893,0.5837074
USA_13023000,7,0.34448102,0.2772472,0.8664767444133759,0.586925
USA_13023000,8,0.32986698,0.27719364,0.8721441030502319,0.57434046
USA_13023000,9,0.347583,0.29179895,0.8652822077274323,0.5895617
USA_13023000,10,0.3434544,0.2893648,0.866889089345932,0.5860498
USA_13083000,1,0.0012808004,0.022236211,0.9179757982492447,0.03578827
USA_13083000,2,0.0017890177,0.025299085,0.8854160159826279,0.042296782
USA_13083000,3,0.0020985024,0.027208852,0.8655789494514465,0.045809414
USA_13083000,4,0.002295664,0.028213074,0.8529392033815384,0.04791309
USA_13083000,5,0.002606702,0.03012972,0.8330140709877014,0.05105587
USA_13083000,6,0.0029557568,0.032055795,0.8106401562690735,0.05436687
USA_13083000,7,0.0030604426,0.032422516,0.8039115071296692,0.05532127
USA_13083000,8,0.00345611,0.03409679,0.7785510867834091,0.058788687
USA_13083000,9,0.003803716,0.035733115,0.7563338130712509,0.061674275
USA_13083000,10,0.004118235,0.03642532,0.7363292276859283,0.064173475
USA_13161500,1,0.010792925,0.047106232,0.9337055012583733,0.103889
USA_13161500,2,0.012540328,0.048622616,0.9229731261730194,0.111983605
USA_13161500,3,0.017215442,0.05416173,0.8942582383751869,0.13120763
USA_13161500,4,0.020412032,0.060475644,0.8746253848075867,0.14287068
USA_13161500,5,0.024595369,0.06550118,0.8489338755607605,0.1568291
USA_13161500,6,0.028147299,0.07117009,0.8271196782588959,0.16777156
USA_13161500,7,0.030161634,0.072955444,0.8147476613521576,0.17367105
USA_13161500,8,0.031775586,0.07488285,0.8048391491174698,0.17825708
USA_13161500,9,0.03390365,0.07756245,0.7917712926864624,0.18412945
USA_13161500,10,0.03627279,0.08074291,0.7772255092859268,0.19045417
USA_13235000,1,0.219265,0.20216493,0.9441400282084942,0.4682574
USA_13235000,2,0.35796443,0.26496992,0.908797137439251,0.5983013
USA_13235000,3,0.52630824,0.3063335,0.8658919036388397,0.725471
USA_13235000,4,0.6611685,0.34966564,0.8315120786428452,0.8131227
USA_13235000,5,0.8264246,0.39026344,0.7893908768892288,0.90907896
USA_13235000,6,0.84220743,0.40576017,0.7853679358959198,0.9177186
USA_13235000,7,0.8977368,0.41564962,0.7712149620056152,0.94748974
USA_13235000,8,0.9045907,0.428709,0.7694628089666367,0.95109975
USA_13235000,9,0.91699225,0.44119537,0.766304686665535,0.95759714
USA_13235000,10,0.87799317,0.43114755,0.7762534320354462,0.9370129
USA_13240000,1,5.8675766,0.71451366,0.7580327540636063,2.4223082
USA_13240000,2,7.661174,0.8618047,0.6840516030788422,2.7678826
USA_13240000,3,9.382393,0.9716238,0.6130449771881104,3.063069
USA_13240000,4,9.965654,1.0786278,0.5889664590358734,3.1568425
USA_13240000,5,11.037308,1.1429805,0.5447435081005096,3.3222444
USA_13240000,6,9.937085,1.1243443,0.5901072919368744,3.1523142
USA_13240000,7,10.291925,1.1467236,0.5754480957984924,3.2081032
USA_13240000,8,9.918816,1.1697679,0.5908214151859283,3.149415
USA_13240000,9,9.478815,1.1613243,0.6089613437652588,3.0787685
USA_13240000,10,8.822702,1.1346207,0.6360202431678772,2.9703035
USA_13313000,1,0.56070644,0.27141815,0.9219052195549011,0.7488033
USA_13313000,2,0.71825546,0.33248946,0.8999610617756844,0.84749955
USA_13313000,3,1.0549285,0.39081317,0.8530645668506622,1.0270971
USA_13313000,4,1.2152005,0.44584152,0.8307368904352188,1.1023613
USA_13313000,5,1.5657897,0.51498026,0.7818998247385025,1.2513152
USA_13313000,6,1.4857852,0.51472956,0.7930423766374588,1.2189279
USA_13313000,7,1.5677403,0.5363816,0.7816216349601746,1.2520944
USA_13313000,8,1.6153363,0.5528974,0.7749889194965363,1.2709588
USA_13313000,9,1.6290325,0.5578957,0.7730801105499268,1.2763356
USA_13313000,10,1.5673872,0.55882835,0.7816675901412964,1.2519534
USA_13331500,1,0.63781315,0.35631278,0.9011294320225716,0.798632
USA_13331500,2,0.90845615,0.45309094,0.8591477125883102,0.95312965
USA_13331500,3,1.2200783,0.5394531,0.8107906579971313,1.1045716
USA_13331500,4,1.4098823,0.5906933,0.7813075929880142,1.1873846
USA_13331500,5,1.6257349,0.62056893,0.7477739751338959,1.2750431
USA_13331500,6,1.7133664,0.6591145,0.7341266572475433,1.3089563
USA_13331500,7,1.808607,0.67581034,0.7192930579185486,1.3448446
USA_13331500,8,1.8542839,0.702925,0.7121548652648926,1.3617209
USA_13331500,9,1.9305602,0.7261492,0.700269877910614,1.389446
USA_13331500,10,1.9285637,0.73782784,0.7005511522293091,1.3887274
USA_13337000,1,0.60887915,0.32343245,0.9382027015089989,0.7803071
USA_13337000,2,0.70119464,0.38181606,0.928833432495594,0.8373737
USA_13337000,3,1.0411694,0.47246826,0.8943269029259682,1.020377
USA_13337000,4,1.2839762,0.5470204,0.8696833252906799,1.1331267
USA_13337000,5,1.6354764,0.608999,0.8340083211660385,1.2788575
USA_13337000,6,1.6986388,0.6399916,0.827602356672287,1.3033184
USA_13337000,7,1.8019398,0.65864533,0.8171231746673584,1.3423635
USA_13337000,8,1.8528829,0.6851469,0.8119573444128036,1.3612064
USA_13337000,9,1.944234,0.7092006,0.8026927262544632,1.3943579
USA_13337000,10,1.9774992,0.7281225,0.7993233501911163,1.4062358
USA_13338500,1,0.061351325,0.110841274,0.9428163841366768,0.247692
USA_13338500,2,0.10574455,0.14106455,0.9014257937669754,0.32518387
USA_13338500,3,0.14491539,0.17178258,0.8648946732282639,0.38067755
USA_13338500,4,0.16814327,0.19159338,0.8432220071554184,0.41005278
USA_13338500,5,0.20202178,0.2106888,0.8116152435541153,0.4494683
USA_13338500,6,0.2262552,0.22159408,0.78900246322155,0.4756629
USA_13338500,7,0.23681214,0.22851753,0.7791426032781601,0.48663348
USA_13338500,8,0.24760853,0.23634869,0.7690593004226685,0.4976028
USA_13338500,9,0.25367585,0.24021704,0.7634018212556839,0.5036624
USA_13338500,10,0.26727894,0.2450001,0.7507288157939911,0.51699024
USA_13340000,1,0.21781254,0.2211448,0.9457020908594131,0.46670392
USA_13340000,2,0.28302193,0.2665154,0.9294303506612778,0.53199804
USA_13340000,3,0.45634854,0.3416562,0.8861887976527214,0.67553574
USA_13340000,4,0.5854313,0.3922027,0.853966012597084,0.7651348
USA_13340000,5,0.7642243,0.4470009,0.8093319237232208,0.8741992
USA_13340000,6,0.8591941,0.4772998,0.785605251789093,0.9269272
USA_13340000,7,0.9246735,0.5029725,0.7692337930202484,0.96159947
USA_13340000,8,0.9759355,0.5229371,0.7564086765050888,0.9878945
USA_13340000,9,1.0394518,0.54805875,0.740536093711853,1.0195351
USA_13340000,10,1.0807207,0.5632039,0.7302347421646118,1.0395771
USA_13340600,1,0.45036018,0.31611186,0.9484121985733509,0.6710888
USA_13340600,2,0.6457605,0.38139352,0.9260321110486984,0.8035922
USA_13340600,3,0.96201915,0.46385807,0.8898068815469742,0.9808257
USA_13340600,4,1.2545862,0.5450997,0.8562902510166168,1.1200831
USA_13340600,5,1.5732658,0.6040763,0.8197867721319199,1.2542989
USA_13340600,6,1.7379487,0.6382896,0.8009259700775146,1.3183128
USA_13340600,7,1.8744138,0.67134225,0.7853024750947952,1.3690923
USA_13340600,8,1.9753059,0.70205957,0.7737540304660797,1.4054557
USA_13340600,9,2.0902426,0.7379166,0.7605965733528137,1.4457672
USA_13340600,10,2.164882,0.7711069,0.7520590871572495,1.4713538
